Discrepancy Report Results

Summary
DISC_SOURCE_QUALS_ASNDISC:strain (all present, all same)
DISC_SOURCE_QUALS_ASNDISC:taxname (all present, all same)
DISC_FEATURE_COUNT:gene: 3295 present
DISC_FEATURE_COUNT:CDS: 3125 present
DISC_FEATURE_COUNT:tRNA: 85 present
DISC_FEATURE_COUNT:rRNA: 20 present
DISC_FEATURE_COUNT:misc_RNA: 64 present
DISC_FEATURE_COUNT:tmRNA: 1 present
DISC_COUNT_NUCLEOTIDES:10 nucleotide Bioseqs are present
OVERLAPPING_GENES:821 genes overlap another gene on the same strand.
OVERLAPPING_CDS:28 coding regions overlap another coding region with a similar or identical name.
RNA_CDS_OVERLAP:13 coding regions overlap RNA features
SUSPECT_PRODUCT_NAMES:15 product_names contain suspect phrase or characters
	May contain database identifier more appropriate in note; remove from product name
		8 features contains three or more numbers together that may be identifiers more appropriate in note
		2 features Contains underscore
	Use short product name instead of descriptive phrase
		2 features Is longer than 100 characters. Remove descriptive phrases or synonyms from product names. Keep valid long product names, eg long enzyme names
	use protein instead of gene as appropriate
		2 features contains 'gene'
		1 features contains 'genes'
DISC_QUALITY_SCORES:Quality scores are missing on all sequences.
FATAL: DISC_SUSPECT_RRNA_PRODUCTS:1 rRNA product names contain suspect phrase
DISC_BAD_BACTERIAL_GENE_NAME:4 bacterial genes do not start with lowercase letters
ONCALLER_COMMENT_PRESENT:10 comment descriptors were found (all same)
SHORT_PROT_SEQUENCES:67 protein sequences are shorter than 50 aa.
MISSING_GENOMEASSEMBLY_COMMENTS:10 bioseqs are missing GenomeAssembly structured comments
TEST_UNUSUAL_MISC_RNA:64 unexpected misc_RNA features found.  misc_RNAs are unusual in a genome, consider using ncRNA, misc_binding, or misc_feature as appropriate.
FIND_OVERLAPPED_GENES:2 genes completely overlapped by other genes
MOLTYPE_NOT_MRNA:10 molecule types are not set as mRNA.
TECHNIQUE_NOT_TSA:10 technique are not set as TSA
MISSING_STRUCTURED_COMMENT:10 sequences do not include structured comments.
MISSING_PROJECT:3135 sequences do not include project.
FATAL: RRNA_NAME_CONFLICTS:1 rRNA product names are not standard. Correct the names to the standard format, eg "16S ribosomal RNA"
DISC_INCONSISTENT_MOLINFO_TECH:Molinfo Technique Report (some missing, all same)


Detailed Report

DiscRep_ALL:DISC_SOURCE_QUALS_ASNDISC::strain (all present, all same)
DiscRep_SUB:DISC_SOURCE_QUALS_ASNDISC::10 sources have 'E745' for strain
DiscRep_ALL:DISC_SOURCE_QUALS_ASNDISC::taxname (all present, all same)
DiscRep_SUB:DISC_SOURCE_QUALS_ASNDISC::10 sources have 'Enterococcus faecium' for taxname
DiscRep_ALL:DISC_FEATURE_COUNT::gene: 3295 present
DiscRep_ALL:DISC_FEATURE_COUNT::CDS: 3125 present
DiscRep_ALL:DISC_FEATURE_COUNT::tRNA: 85 present
DiscRep_ALL:DISC_FEATURE_COUNT::rRNA: 20 present
DiscRep_ALL:DISC_FEATURE_COUNT::misc_RNA: 64 present
DiscRep_ALL:DISC_FEATURE_COUNT::tmRNA: 1 present
DiscRep_ALL:DISC_COUNT_NUCLEOTIDES::10 nucleotide Bioseqs are present
/home/dich3309/rnaseq-tnseq-enterococcus-analysis/analyses/04_annotation/structural/prokka_np/efaecium_e745:Prokka:EFM745_1 (length 2775137)
/home/dich3309/rnaseq-tnseq-enterococcus-analysis/analyses/04_annotation/structural/prokka_np/efaecium_e745:Prokka:EFM745_2 (length 218570)
/home/dich3309/rnaseq-tnseq-enterococcus-analysis/analyses/04_annotation/structural/prokka_np/efaecium_e745:Prokka:EFM745_3 (length 28879)
/home/dich3309/rnaseq-tnseq-enterococcus-analysis/analyses/04_annotation/structural/prokka_np/efaecium_e745:Prokka:EFM745_4 (length 14734)
/home/dich3309/rnaseq-tnseq-enterococcus-analysis/analyses/04_annotation/structural/prokka_np/efaecium_e745:Prokka:EFM745_5 (length 40013)
/home/dich3309/rnaseq-tnseq-enterococcus-analysis/analyses/04_annotation/structural/prokka_np/efaecium_e745:Prokka:EFM745_6 (length 15017)
/home/dich3309/rnaseq-tnseq-enterococcus-analysis/analyses/04_annotation/structural/prokka_np/efaecium_e745:Prokka:EFM745_7 (length 16122)
/home/dich3309/rnaseq-tnseq-enterococcus-analysis/analyses/04_annotation/structural/prokka_np/efaecium_e745:Prokka:EFM745_8 (length 24832)
/home/dich3309/rnaseq-tnseq-enterococcus-analysis/analyses/04_annotation/structural/prokka_np/efaecium_e745:Prokka:EFM745_9 (length 15455)
/home/dich3309/rnaseq-tnseq-enterococcus-analysis/analyses/04_annotation/structural/prokka_np/efaecium_e745:Prokka:EFM745_10 (length 7042)

DiscRep_ALL:OVERLAPPING_GENES::821 genes overlap another gene on the same strand.
/home/dich3309/rnaseq-tnseq-enterococcus-analysis/analyses/04_annotation/structural/prokka_np/efaecium_e745:Gene	sasA_1	EFM745_1:c15011-13506	EFM745_00026
/home/dich3309/rnaseq-tnseq-enterococcus-analysis/analyses/04_annotation/structural/prokka_np/efaecium_e745:Gene	arlR_1	EFM745_1:c15694-15008	EFM745_00027
/home/dich3309/rnaseq-tnseq-enterococcus-analysis/analyses/04_annotation/structural/prokka_np/efaecium_e745:Gene	helD_1	EFM745_1:41433-42386	EFM745_00046
/home/dich3309/rnaseq-tnseq-enterococcus-analysis/analyses/04_annotation/structural/prokka_np/efaecium_e745:Gene	helD_2	EFM745_1:42386-43711	EFM745_00047
/home/dich3309/rnaseq-tnseq-enterococcus-analysis/analyses/04_annotation/structural/prokka_np/efaecium_e745:Gene	EFM745_00054	EFM745_1:c50087-49494	EFM745_00054
/home/dich3309/rnaseq-tnseq-enterococcus-analysis/analyses/04_annotation/structural/prokka_np/efaecium_e745:Gene	nadD	EFM745_1:c50721-50071	EFM745_00055
/home/dich3309/rnaseq-tnseq-enterococcus-analysis/analyses/04_annotation/structural/prokka_np/efaecium_e745:Gene	yqeH	EFM745_1:c52167-51058	EFM745_00057
/home/dich3309/rnaseq-tnseq-enterococcus-analysis/analyses/04_annotation/structural/prokka_np/efaecium_e745:Gene	EFM745_00058	EFM745_1:c52691-52164	EFM745_00058
/home/dich3309/rnaseq-tnseq-enterococcus-analysis/analyses/04_annotation/structural/prokka_np/efaecium_e745:Gene	accA	EFM745_1:c53656-52871	EFM745_00059
/home/dich3309/rnaseq-tnseq-enterococcus-analysis/analyses/04_annotation/structural/prokka_np/efaecium_e745:Gene	accD	EFM745_1:c54518-53649	EFM745_00060
/home/dich3309/rnaseq-tnseq-enterococcus-analysis/analyses/04_annotation/structural/prokka_np/efaecium_e745:Gene	ptsI	EFM745_1:c68342-66615	EFM745_00075
/home/dich3309/rnaseq-tnseq-enterococcus-analysis/analyses/04_annotation/structural/prokka_np/efaecium_e745:Gene	ptsH	EFM745_1:c68608-68342	EFM745_00076
/home/dich3309/rnaseq-tnseq-enterococcus-analysis/analyses/04_annotation/structural/prokka_np/efaecium_e745:Gene	EFM745_00098	EFM745_1:c92032-91679	EFM745_00098
/home/dich3309/rnaseq-tnseq-enterococcus-analysis/analyses/04_annotation/structural/prokka_np/efaecium_e745:Gene	EFM745_00099	EFM745_1:c92216-92022	EFM745_00099
/home/dich3309/rnaseq-tnseq-enterococcus-analysis/analyses/04_annotation/structural/prokka_np/efaecium_e745:Gene	liaS	EFM745_1:c95303-94236	EFM745_00103
/home/dich3309/rnaseq-tnseq-enterococcus-analysis/analyses/04_annotation/structural/prokka_np/efaecium_e745:Gene	EFM745_00104	EFM745_1:c96031-95300	EFM745_00104
/home/dich3309/rnaseq-tnseq-enterococcus-analysis/analyses/04_annotation/structural/prokka_np/efaecium_e745:Gene	EFM745_00110	EFM745_1:c103306-101891	EFM745_00110
/home/dich3309/rnaseq-tnseq-enterococcus-analysis/analyses/04_annotation/structural/prokka_np/efaecium_e745:Gene	pglH_1	EFM745_1:c104451-103303	EFM745_00111
/home/dich3309/rnaseq-tnseq-enterococcus-analysis/analyses/04_annotation/structural/prokka_np/efaecium_e745:Gene	arnC_2	EFM745_1:c108016-107009	EFM745_00114
/home/dich3309/rnaseq-tnseq-enterococcus-analysis/analyses/04_annotation/structural/prokka_np/efaecium_e745:Gene	rfbB	EFM745_1:c109076-108009	EFM745_00115
/home/dich3309/rnaseq-tnseq-enterococcus-analysis/analyses/04_annotation/structural/prokka_np/efaecium_e745:Gene	ispD	EFM745_1:c109785-109084	EFM745_00116
/home/dich3309/rnaseq-tnseq-enterococcus-analysis/analyses/04_annotation/structural/prokka_np/efaecium_e745:Gene	EFM745_00117	EFM745_1:c110171-109782	EFM745_00117
/home/dich3309/rnaseq-tnseq-enterococcus-analysis/analyses/04_annotation/structural/prokka_np/efaecium_e745:Gene	EFM745_00124	EFM745_1:c118044-116458	EFM745_00124
/home/dich3309/rnaseq-tnseq-enterococcus-analysis/analyses/04_annotation/structural/prokka_np/efaecium_e745:Gene	btuD_1	EFM745_1:c119254-118034	EFM745_00125
/home/dich3309/rnaseq-tnseq-enterococcus-analysis/analyses/04_annotation/structural/prokka_np/efaecium_e745:Gene	EFM745_00134	EFM745_1:c128764-127937	EFM745_00134
/home/dich3309/rnaseq-tnseq-enterococcus-analysis/analyses/04_annotation/structural/prokka_np/efaecium_e745:Gene	EFM745_00135	EFM745_1:c129564-128764	EFM745_00135
/home/dich3309/rnaseq-tnseq-enterococcus-analysis/analyses/04_annotation/structural/prokka_np/efaecium_e745:Gene	tagO	EFM745_1:c130696-129557	EFM745_00136
/home/dich3309/rnaseq-tnseq-enterococcus-analysis/analyses/04_annotation/structural/prokka_np/efaecium_e745:Gene	EFM745_00150	EFM745_1:c141660-140635	EFM745_00150
/home/dich3309/rnaseq-tnseq-enterococcus-analysis/analyses/04_annotation/structural/prokka_np/efaecium_e745:Gene	EFM745_00151	EFM745_1:c141881-141657	EFM745_00151
/home/dich3309/rnaseq-tnseq-enterococcus-analysis/analyses/04_annotation/structural/prokka_np/efaecium_e745:Gene	EFM745_00152	EFM745_1:c142171-141878	EFM745_00152
/home/dich3309/rnaseq-tnseq-enterococcus-analysis/analyses/04_annotation/structural/prokka_np/efaecium_e745:Gene	EFM745_00155	EFM745_1:c144861-142795	EFM745_00155
/home/dich3309/rnaseq-tnseq-enterococcus-analysis/analyses/04_annotation/structural/prokka_np/efaecium_e745:Gene	EFM745_00156	EFM745_1:c145643-144861	EFM745_00156
/home/dich3309/rnaseq-tnseq-enterococcus-analysis/analyses/04_annotation/structural/prokka_np/efaecium_e745:Gene	EFM745_00158	EFM745_1:c150223-147392	EFM745_00158
/home/dich3309/rnaseq-tnseq-enterococcus-analysis/analyses/04_annotation/structural/prokka_np/efaecium_e745:Gene	EFM745_00159	EFM745_1:c151008-150220	EFM745_00159
/home/dich3309/rnaseq-tnseq-enterococcus-analysis/analyses/04_annotation/structural/prokka_np/efaecium_e745:Gene	EFM745_00164	EFM745_1:c155826-155434	EFM745_00164
/home/dich3309/rnaseq-tnseq-enterococcus-analysis/analyses/04_annotation/structural/prokka_np/efaecium_e745:Gene	EFM745_00165	EFM745_1:c156194-155823	EFM745_00165
/home/dich3309/rnaseq-tnseq-enterococcus-analysis/analyses/04_annotation/structural/prokka_np/efaecium_e745:Gene	EFM745_00166	EFM745_1:c156517-156191	EFM745_00166
/home/dich3309/rnaseq-tnseq-enterococcus-analysis/analyses/04_annotation/structural/prokka_np/efaecium_e745:Gene	EFM745_00167	EFM745_1:c156852-156514	EFM745_00167
/home/dich3309/rnaseq-tnseq-enterococcus-analysis/analyses/04_annotation/structural/prokka_np/efaecium_e745:Gene	EFM745_00175	EFM745_1:c161246-161016	EFM745_00175
/home/dich3309/rnaseq-tnseq-enterococcus-analysis/analyses/04_annotation/structural/prokka_np/efaecium_e745:Gene	EFM745_00176	EFM745_1:c162834-161200	EFM745_00176
/home/dich3309/rnaseq-tnseq-enterococcus-analysis/analyses/04_annotation/structural/prokka_np/efaecium_e745:Gene	EFM745_00177	EFM745_1:c164146-162845	EFM745_00177
/home/dich3309/rnaseq-tnseq-enterococcus-analysis/analyses/04_annotation/structural/prokka_np/efaecium_e745:Gene	EFM745_00178	EFM745_1:c164591-164136	EFM745_00178
/home/dich3309/rnaseq-tnseq-enterococcus-analysis/analyses/04_annotation/structural/prokka_np/efaecium_e745:Gene	EFM745_00185	EFM745_1:c167735-167439	EFM745_00185
/home/dich3309/rnaseq-tnseq-enterococcus-analysis/analyses/04_annotation/structural/prokka_np/efaecium_e745:Gene	EFM745_00186	EFM745_1:c168289-167732	EFM745_00186
/home/dich3309/rnaseq-tnseq-enterococcus-analysis/analyses/04_annotation/structural/prokka_np/efaecium_e745:Gene	EFM745_00187	EFM745_1:c168681-168286	EFM745_00187
/home/dich3309/rnaseq-tnseq-enterococcus-analysis/analyses/04_annotation/structural/prokka_np/efaecium_e745:Gene	EFM745_00188	EFM745_1:c168851-168678	EFM745_00188
/home/dich3309/rnaseq-tnseq-enterococcus-analysis/analyses/04_annotation/structural/prokka_np/efaecium_e745:Gene	EFM745_00189	EFM745_1:c169159-168848	EFM745_00189
/home/dich3309/rnaseq-tnseq-enterococcus-analysis/analyses/04_annotation/structural/prokka_np/efaecium_e745:Gene	EFM745_00190	EFM745_1:c169449-169159	EFM745_00190
/home/dich3309/rnaseq-tnseq-enterococcus-analysis/analyses/04_annotation/structural/prokka_np/efaecium_e745:Gene	EFM745_00191	EFM745_1:c169754-169443	EFM745_00191
/home/dich3309/rnaseq-tnseq-enterococcus-analysis/analyses/04_annotation/structural/prokka_np/efaecium_e745:Gene	EFM745_00192	EFM745_1:c169912-169751	EFM745_00192
/home/dich3309/rnaseq-tnseq-enterococcus-analysis/analyses/04_annotation/structural/prokka_np/efaecium_e745:Gene	EFM745_00193	EFM745_1:c170211-169909	EFM745_00193
/home/dich3309/rnaseq-tnseq-enterococcus-analysis/analyses/04_annotation/structural/prokka_np/efaecium_e745:Gene	EFM745_00194	EFM745_1:c170368-170204	EFM745_00194
/home/dich3309/rnaseq-tnseq-enterococcus-analysis/analyses/04_annotation/structural/prokka_np/efaecium_e745:Gene	EFM745_00199	EFM745_1:c173506-172835	EFM745_00199
/home/dich3309/rnaseq-tnseq-enterococcus-analysis/analyses/04_annotation/structural/prokka_np/efaecium_e745:Gene	EFM745_00200	EFM745_1:c173840-173499	EFM745_00200
/home/dich3309/rnaseq-tnseq-enterococcus-analysis/analyses/04_annotation/structural/prokka_np/efaecium_e745:Gene	EFM745_00201	EFM745_1:c174023-173877	EFM745_00201
/home/dich3309/rnaseq-tnseq-enterococcus-analysis/analyses/04_annotation/structural/prokka_np/efaecium_e745:Gene	EFM745_00202	EFM745_1:c174165-173992	EFM745_00202
/home/dich3309/rnaseq-tnseq-enterococcus-analysis/analyses/04_annotation/structural/prokka_np/efaecium_e745:Gene	EFM745_00203	EFM745_1:c174350-174162	EFM745_00203
/home/dich3309/rnaseq-tnseq-enterococcus-analysis/analyses/04_annotation/structural/prokka_np/efaecium_e745:Gene	EFM745_00223	EFM745_1:c187784-186468	EFM745_00223
/home/dich3309/rnaseq-tnseq-enterococcus-analysis/analyses/04_annotation/structural/prokka_np/efaecium_e745:Gene	walK_1	EFM745_1:c189616-187781	EFM745_00224
/home/dich3309/rnaseq-tnseq-enterococcus-analysis/analyses/04_annotation/structural/prokka_np/efaecium_e745:Gene	EFM745_00226	EFM745_1:c191375-190515	EFM745_00226
/home/dich3309/rnaseq-tnseq-enterococcus-analysis/analyses/04_annotation/structural/prokka_np/efaecium_e745:Gene	EFM745_00227	EFM745_1:c191931-191362	EFM745_00227
/home/dich3309/rnaseq-tnseq-enterococcus-analysis/analyses/04_annotation/structural/prokka_np/efaecium_e745:Gene	EFM745_00232	EFM745_1:c194101-193763	EFM745_00232
/home/dich3309/rnaseq-tnseq-enterococcus-analysis/analyses/04_annotation/structural/prokka_np/efaecium_e745:Gene	pisA	EFM745_1:c194273-194076	EFM745_00233
/home/dich3309/rnaseq-tnseq-enterococcus-analysis/analyses/04_annotation/structural/prokka_np/efaecium_e745:Gene	EFM745_00234	EFM745_1:c196394-194667	EFM745_00234
/home/dich3309/rnaseq-tnseq-enterococcus-analysis/analyses/04_annotation/structural/prokka_np/efaecium_e745:Gene	opuAA	EFM745_1:c197580-196387	EFM745_00235
/home/dich3309/rnaseq-tnseq-enterococcus-analysis/analyses/04_annotation/structural/prokka_np/efaecium_e745:Gene	feoB	EFM745_1:c200773-198641	EFM745_00238
/home/dich3309/rnaseq-tnseq-enterococcus-analysis/analyses/04_annotation/structural/prokka_np/efaecium_e745:Gene	EFM745_00239	EFM745_1:c201243-200770	EFM745_00239
/home/dich3309/rnaseq-tnseq-enterococcus-analysis/analyses/04_annotation/structural/prokka_np/efaecium_e745:Gene	EFM745_00266	EFM745_1:c225372-224200	EFM745_00266
/home/dich3309/rnaseq-tnseq-enterococcus-analysis/analyses/04_annotation/structural/prokka_np/efaecium_e745:Gene	EFM745_00267	EFM745_1:c226504-225359	EFM745_00267
/home/dich3309/rnaseq-tnseq-enterococcus-analysis/analyses/04_annotation/structural/prokka_np/efaecium_e745:Gene	EFM745_00269	EFM745_1:227567-228646	EFM745_00269
/home/dich3309/rnaseq-tnseq-enterococcus-analysis/analyses/04_annotation/structural/prokka_np/efaecium_e745:Gene	lnrK	EFM745_1:228643-229272	EFM745_00270
/home/dich3309/rnaseq-tnseq-enterococcus-analysis/analyses/04_annotation/structural/prokka_np/efaecium_e745:Gene	ppnKA	EFM745_1:c238507-237710	EFM745_00280
/home/dich3309/rnaseq-tnseq-enterococcus-analysis/analyses/04_annotation/structural/prokka_np/efaecium_e745:Gene	yjbM	EFM745_1:c239189-238485	EFM745_00281
/home/dich3309/rnaseq-tnseq-enterococcus-analysis/analyses/04_annotation/structural/prokka_np/efaecium_e745:Gene	yfiC	EFM745_1:256897-257631	EFM745_00295
/home/dich3309/rnaseq-tnseq-enterococcus-analysis/analyses/04_annotation/structural/prokka_np/efaecium_e745:Gene	EFM745_00296	EFM745_1:257621-257905	EFM745_00296
/home/dich3309/rnaseq-tnseq-enterococcus-analysis/analyses/04_annotation/structural/prokka_np/efaecium_e745:Gene	EFM745_00307	EFM745_1:c272165-271677	EFM745_00307
/home/dich3309/rnaseq-tnseq-enterococcus-analysis/analyses/04_annotation/structural/prokka_np/efaecium_e745:Gene	EFM745_00308	EFM745_1:c272802-272131	EFM745_00308
/home/dich3309/rnaseq-tnseq-enterococcus-analysis/analyses/04_annotation/structural/prokka_np/efaecium_e745:Gene	EFM745_00317	EFM745_1:c281117-280758	EFM745_00317
/home/dich3309/rnaseq-tnseq-enterococcus-analysis/analyses/04_annotation/structural/prokka_np/efaecium_e745:Gene	EFM745_00318	EFM745_1:c281514-281089	EFM745_00318
/home/dich3309/rnaseq-tnseq-enterococcus-analysis/analyses/04_annotation/structural/prokka_np/efaecium_e745:Gene	EFM745_00319	EFM745_1:c281779-281477	EFM745_00319
/home/dich3309/rnaseq-tnseq-enterococcus-analysis/analyses/04_annotation/structural/prokka_np/efaecium_e745:Gene	EFM745_00320	EFM745_1:c282290-281796	EFM745_00320
/home/dich3309/rnaseq-tnseq-enterococcus-analysis/analyses/04_annotation/structural/prokka_np/efaecium_e745:Gene	EFM745_00321	EFM745_1:c282519-282241	EFM745_00321
/home/dich3309/rnaseq-tnseq-enterococcus-analysis/analyses/04_annotation/structural/prokka_np/efaecium_e745:Gene	EFM745_00322	EFM745_1:c283565-282516	EFM745_00322
/home/dich3309/rnaseq-tnseq-enterococcus-analysis/analyses/04_annotation/structural/prokka_np/efaecium_e745:Gene	comGA	EFM745_1:c284451-283522	EFM745_00323
/home/dich3309/rnaseq-tnseq-enterococcus-analysis/analyses/04_annotation/structural/prokka_np/efaecium_e745:Gene	EFM745_00327	EFM745_1:c289364-288153	EFM745_00327
/home/dich3309/rnaseq-tnseq-enterococcus-analysis/analyses/04_annotation/structural/prokka_np/efaecium_e745:Gene	ecsA	EFM745_1:c290094-289357	EFM745_00328
/home/dich3309/rnaseq-tnseq-enterococcus-analysis/analyses/04_annotation/structural/prokka_np/efaecium_e745:Gene	hit	EFM745_1:290232-290666	EFM745_00329
/home/dich3309/rnaseq-tnseq-enterococcus-analysis/analyses/04_annotation/structural/prokka_np/efaecium_e745:Gene	EFM745_00330	EFM745_1:290659-291003	EFM745_00330
/home/dich3309/rnaseq-tnseq-enterococcus-analysis/analyses/04_annotation/structural/prokka_np/efaecium_e745:Gene	yhaM	EFM745_1:c293205-292261	EFM745_00332
/home/dich3309/rnaseq-tnseq-enterococcus-analysis/analyses/04_annotation/structural/prokka_np/efaecium_e745:Gene	EFM745_00333	EFM745_1:c295909-293189	EFM745_00333
/home/dich3309/rnaseq-tnseq-enterococcus-analysis/analyses/04_annotation/structural/prokka_np/efaecium_e745:Gene	EFM745_00334	EFM745_1:c297126-295906	EFM745_00334
/home/dich3309/rnaseq-tnseq-enterococcus-analysis/analyses/04_annotation/structural/prokka_np/efaecium_e745:Gene	EFM745_00342	EFM745_1:c309096-308686	EFM745_00342
/home/dich3309/rnaseq-tnseq-enterococcus-analysis/analyses/04_annotation/structural/prokka_np/efaecium_e745:Gene	pemA	EFM745_1:c310016-309093	EFM745_00343
/home/dich3309/rnaseq-tnseq-enterococcus-analysis/analyses/04_annotation/structural/prokka_np/efaecium_e745:Gene	EFM745_00344	EFM745_1:c310921-310013	EFM745_00344
/home/dich3309/rnaseq-tnseq-enterococcus-analysis/analyses/04_annotation/structural/prokka_np/efaecium_e745:Gene	EFM745_00345	EFM745_1:c312215-310878	EFM745_00345
/home/dich3309/rnaseq-tnseq-enterococcus-analysis/analyses/04_annotation/structural/prokka_np/efaecium_e745:Gene	lipO	EFM745_1:c314903-313395	EFM745_00347
/home/dich3309/rnaseq-tnseq-enterococcus-analysis/analyses/04_annotation/structural/prokka_np/efaecium_e745:Gene	EFM745_00348	EFM745_1:c315561-314869	EFM745_00348
/home/dich3309/rnaseq-tnseq-enterococcus-analysis/analyses/04_annotation/structural/prokka_np/efaecium_e745:Gene	EFM745_00350	EFM745_1:316859-317233	EFM745_00350
/home/dich3309/rnaseq-tnseq-enterococcus-analysis/analyses/04_annotation/structural/prokka_np/efaecium_e745:Gene	araQ_1	EFM745_1:317230-317730	EFM745_00351
/home/dich3309/rnaseq-tnseq-enterococcus-analysis/analyses/04_annotation/structural/prokka_np/efaecium_e745:Gene	uxaB	EFM745_1:321670-323091	EFM745_00354
/home/dich3309/rnaseq-tnseq-enterococcus-analysis/analyses/04_annotation/structural/prokka_np/efaecium_e745:Gene	uxaA	EFM745_1:323084-324583	EFM745_00355
/home/dich3309/rnaseq-tnseq-enterococcus-analysis/analyses/04_annotation/structural/prokka_np/efaecium_e745:Gene	gmuE_1	EFM745_1:c334313-333456	EFM745_00363
/home/dich3309/rnaseq-tnseq-enterococcus-analysis/analyses/04_annotation/structural/prokka_np/efaecium_e745:Gene	mngB	EFM745_1:c337000-334298	EFM745_00364
/home/dich3309/rnaseq-tnseq-enterococcus-analysis/analyses/04_annotation/structural/prokka_np/efaecium_e745:Gene	EFM745_00369	EFM745_1:c345298-343574	EFM745_00369
/home/dich3309/rnaseq-tnseq-enterococcus-analysis/analyses/04_annotation/structural/prokka_np/efaecium_e745:Gene	EFM745_00370	EFM745_1:c345905-345291	EFM745_00370
/home/dich3309/rnaseq-tnseq-enterococcus-analysis/analyses/04_annotation/structural/prokka_np/efaecium_e745:Gene	licC_2	EFM745_1:c356322-354970	EFM745_00378
/home/dich3309/rnaseq-tnseq-enterococcus-analysis/analyses/04_annotation/structural/prokka_np/efaecium_e745:Gene	EFM745_00379	EFM745_1:c356840-356322	EFM745_00379
/home/dich3309/rnaseq-tnseq-enterococcus-analysis/analyses/04_annotation/structural/prokka_np/efaecium_e745:Gene	EFM745_00395	EFM745_1:380271-380927	EFM745_00395
/home/dich3309/rnaseq-tnseq-enterococcus-analysis/analyses/04_annotation/structural/prokka_np/efaecium_e745:Gene	EFM745_00396	EFM745_1:380927-381883	EFM745_00396
/home/dich3309/rnaseq-tnseq-enterococcus-analysis/analyses/04_annotation/structural/prokka_np/efaecium_e745:Gene	EFM745_00397	EFM745_1:381883-382449	EFM745_00397
/home/dich3309/rnaseq-tnseq-enterococcus-analysis/analyses/04_annotation/structural/prokka_np/efaecium_e745:Gene	metK	EFM745_1:c392176-390983	EFM745_00404
/home/dich3309/rnaseq-tnseq-enterococcus-analysis/analyses/04_annotation/structural/prokka_np/efaecium_e745:Gene	EFM745_00405	EFM745_1:c392253-392174	EFM745_00405
/home/dich3309/rnaseq-tnseq-enterococcus-analysis/analyses/04_annotation/structural/prokka_np/efaecium_e745:Gene	hpt	EFM745_1:c408471-407926	EFM745_00440
/home/dich3309/rnaseq-tnseq-enterococcus-analysis/analyses/04_annotation/structural/prokka_np/efaecium_e745:Gene	tilS	EFM745_1:c409925-408471	EFM745_00441
/home/dich3309/rnaseq-tnseq-enterococcus-analysis/analyses/04_annotation/structural/prokka_np/efaecium_e745:Gene	prkC	EFM745_1:c431090-429021	EFM745_00459
/home/dich3309/rnaseq-tnseq-enterococcus-analysis/analyses/04_annotation/structural/prokka_np/efaecium_e745:Gene	stp	EFM745_1:c431827-431087	EFM745_00460
/home/dich3309/rnaseq-tnseq-enterococcus-analysis/analyses/04_annotation/structural/prokka_np/efaecium_e745:Gene	rsmB	EFM745_1:c433198-431840	EFM745_00461
/home/dich3309/rnaseq-tnseq-enterococcus-analysis/analyses/04_annotation/structural/prokka_np/efaecium_e745:Gene	fmt	EFM745_1:c434136-433198	EFM745_00462
/home/dich3309/rnaseq-tnseq-enterococcus-analysis/analyses/04_annotation/structural/prokka_np/efaecium_e745:Gene	def_1	EFM745_1:c434620-434129	EFM745_00463
/home/dich3309/rnaseq-tnseq-enterococcus-analysis/analyses/04_annotation/structural/prokka_np/efaecium_e745:Gene	EFM745_00469	EFM745_1:c440137-439919	EFM745_00469
/home/dich3309/rnaseq-tnseq-enterococcus-analysis/analyses/04_annotation/structural/prokka_np/efaecium_e745:Gene	EFM745_00470	EFM745_1:c441807-440107	EFM745_00470
/home/dich3309/rnaseq-tnseq-enterococcus-analysis/analyses/04_annotation/structural/prokka_np/efaecium_e745:Gene	znuB	EFM745_1:c448420-447596	EFM745_00477
/home/dich3309/rnaseq-tnseq-enterococcus-analysis/analyses/04_annotation/structural/prokka_np/efaecium_e745:Gene	znuC	EFM745_1:c449073-448393	EFM745_00478
/home/dich3309/rnaseq-tnseq-enterococcus-analysis/analyses/04_annotation/structural/prokka_np/efaecium_e745:Gene	EFM745_00488	EFM745_1:c463224-461938	EFM745_00488
/home/dich3309/rnaseq-tnseq-enterococcus-analysis/analyses/04_annotation/structural/prokka_np/efaecium_e745:Gene	EFM745_00489	EFM745_1:c464485-463217	EFM745_00489
/home/dich3309/rnaseq-tnseq-enterococcus-analysis/analyses/04_annotation/structural/prokka_np/efaecium_e745:Gene	EFM745_00495	EFM745_1:c468205-467345	EFM745_00495
/home/dich3309/rnaseq-tnseq-enterococcus-analysis/analyses/04_annotation/structural/prokka_np/efaecium_e745:Gene	mrnC	EFM745_1:c468593-468198	EFM745_00496
/home/dich3309/rnaseq-tnseq-enterococcus-analysis/analyses/04_annotation/structural/prokka_np/efaecium_e745:Gene	cysS	EFM745_1:c470002-468590	EFM745_00497
/home/dich3309/rnaseq-tnseq-enterococcus-analysis/analyses/04_annotation/structural/prokka_np/efaecium_e745:Gene	cysE	EFM745_1:c470535-469999	EFM745_00498
/home/dich3309/rnaseq-tnseq-enterococcus-analysis/analyses/04_annotation/structural/prokka_np/efaecium_e745:Gene	EFM745_00499	EFM745_1:c470860-470621	EFM745_00499
/home/dich3309/rnaseq-tnseq-enterococcus-analysis/analyses/04_annotation/structural/prokka_np/efaecium_e745:Gene	gltX	EFM745_1:c472317-470857	EFM745_00500
/home/dich3309/rnaseq-tnseq-enterococcus-analysis/analyses/04_annotation/structural/prokka_np/efaecium_e745:Gene	proB	EFM745_1:475868-476674	EFM745_00504
/home/dich3309/rnaseq-tnseq-enterococcus-analysis/analyses/04_annotation/structural/prokka_np/efaecium_e745:Gene	proA	EFM745_1:476671-477918	EFM745_00505
/home/dich3309/rnaseq-tnseq-enterococcus-analysis/analyses/04_annotation/structural/prokka_np/efaecium_e745:Gene	yfmO_1	EFM745_1:c480086-479154	EFM745_00508
/home/dich3309/rnaseq-tnseq-enterococcus-analysis/analyses/04_annotation/structural/prokka_np/efaecium_e745:Gene	yfmO_2	EFM745_1:c480355-480086	EFM745_00509
/home/dich3309/rnaseq-tnseq-enterococcus-analysis/analyses/04_annotation/structural/prokka_np/efaecium_e745:Gene	yodC_1	EFM745_1:c483750-483511	EFM745_00513
/home/dich3309/rnaseq-tnseq-enterococcus-analysis/analyses/04_annotation/structural/prokka_np/efaecium_e745:Gene	yodC_2	EFM745_1:c484139-483747	EFM745_00514
/home/dich3309/rnaseq-tnseq-enterococcus-analysis/analyses/04_annotation/structural/prokka_np/efaecium_e745:Gene	EFM745_00515	EFM745_1:c484587-484123	EFM745_00515
/home/dich3309/rnaseq-tnseq-enterococcus-analysis/analyses/04_annotation/structural/prokka_np/efaecium_e745:Gene	sacY	EFM745_1:489287-490159	EFM745_00520
/home/dich3309/rnaseq-tnseq-enterococcus-analysis/analyses/04_annotation/structural/prokka_np/efaecium_e745:Gene	ptsG_2	EFM745_1:490156-492114	EFM745_00521
/home/dich3309/rnaseq-tnseq-enterococcus-analysis/analyses/04_annotation/structural/prokka_np/efaecium_e745:Gene	EFM745_00522	EFM745_1:c492365-492267	EFM745_00522
/home/dich3309/rnaseq-tnseq-enterococcus-analysis/analyses/04_annotation/structural/prokka_np/efaecium_e745:Gene	qorB	EFM745_1:c493216-492365	EFM745_00523
/home/dich3309/rnaseq-tnseq-enterococcus-analysis/analyses/04_annotation/structural/prokka_np/efaecium_e745:Gene	ygaZ_1	EFM745_1:497558-498265	EFM745_00529
/home/dich3309/rnaseq-tnseq-enterococcus-analysis/analyses/04_annotation/structural/prokka_np/efaecium_e745:Gene	EFM745_00530	EFM745_1:498252-498575	EFM745_00530
/home/dich3309/rnaseq-tnseq-enterococcus-analysis/analyses/04_annotation/structural/prokka_np/efaecium_e745:Gene	yadH	EFM745_1:c502317-501547	EFM745_00533
/home/dich3309/rnaseq-tnseq-enterococcus-analysis/analyses/04_annotation/structural/prokka_np/efaecium_e745:Gene	yadG	EFM745_1:c503245-502310	EFM745_00534
/home/dich3309/rnaseq-tnseq-enterococcus-analysis/analyses/04_annotation/structural/prokka_np/efaecium_e745:Gene	phoR_1	EFM745_1:c506579-505683	EFM745_00537
/home/dich3309/rnaseq-tnseq-enterococcus-analysis/analyses/04_annotation/structural/prokka_np/efaecium_e745:Gene	arlR_2	EFM745_1:c507231-506572	EFM745_00538
/home/dich3309/rnaseq-tnseq-enterococcus-analysis/analyses/04_annotation/structural/prokka_np/efaecium_e745:Gene	EFM745_00539	EFM745_1:c508035-507253	EFM745_00539
/home/dich3309/rnaseq-tnseq-enterococcus-analysis/analyses/04_annotation/structural/prokka_np/efaecium_e745:Gene	bcrA_1	EFM745_1:c508945-508028	EFM745_00540
/home/dich3309/rnaseq-tnseq-enterococcus-analysis/analyses/04_annotation/structural/prokka_np/efaecium_e745:Gene	EFM745_00549	EFM745_1:518245-518329	EFM745_00549
/home/dich3309/rnaseq-tnseq-enterococcus-analysis/analyses/04_annotation/structural/prokka_np/efaecium_e745:Gene	EFM745_00550	EFM745_1:518302-518541	EFM745_00550
/home/dich3309/rnaseq-tnseq-enterococcus-analysis/analyses/04_annotation/structural/prokka_np/efaecium_e745:Gene	EFM745_00551	EFM745_1:518619-519293	EFM745_00551
/home/dich3309/rnaseq-tnseq-enterococcus-analysis/analyses/04_annotation/structural/prokka_np/efaecium_e745:Gene	EFM745_00552	EFM745_1:519286-519450	EFM745_00552
/home/dich3309/rnaseq-tnseq-enterococcus-analysis/analyses/04_annotation/structural/prokka_np/efaecium_e745:Gene	EFM745_00554	EFM745_1:519961-520668	EFM745_00554
/home/dich3309/rnaseq-tnseq-enterococcus-analysis/analyses/04_annotation/structural/prokka_np/efaecium_e745:Gene	EFM745_00555	EFM745_1:520658-520948	EFM745_00555
/home/dich3309/rnaseq-tnseq-enterococcus-analysis/analyses/04_annotation/structural/prokka_np/efaecium_e745:Gene	EFM745_00556	EFM745_1:521207-522391	EFM745_00556
/home/dich3309/rnaseq-tnseq-enterococcus-analysis/analyses/04_annotation/structural/prokka_np/efaecium_e745:Gene	EFM745_00557	EFM745_1:522388-522525	EFM745_00557
/home/dich3309/rnaseq-tnseq-enterococcus-analysis/analyses/04_annotation/structural/prokka_np/efaecium_e745:Gene	EFM745_00562	EFM745_1:526085-526474	EFM745_00562
/home/dich3309/rnaseq-tnseq-enterococcus-analysis/analyses/04_annotation/structural/prokka_np/efaecium_e745:Gene	EFM745_00563	EFM745_1:526461-528908	EFM745_00563
/home/dich3309/rnaseq-tnseq-enterococcus-analysis/analyses/04_annotation/structural/prokka_np/efaecium_e745:Gene	EFM745_00564	EFM745_1:528913-531036	EFM745_00564
/home/dich3309/rnaseq-tnseq-enterococcus-analysis/analyses/04_annotation/structural/prokka_np/efaecium_e745:Gene	EFM745_00565	EFM745_1:531033-532037	EFM745_00565
/home/dich3309/rnaseq-tnseq-enterococcus-analysis/analyses/04_annotation/structural/prokka_np/efaecium_e745:Gene	ndvA	EFM745_1:c562442-560700	EFM745_00589
/home/dich3309/rnaseq-tnseq-enterococcus-analysis/analyses/04_annotation/structural/prokka_np/efaecium_e745:Gene	btuD_2	EFM745_1:c564180-562426	EFM745_00590
/home/dich3309/rnaseq-tnseq-enterococcus-analysis/analyses/04_annotation/structural/prokka_np/efaecium_e745:Gene	ssaB_1	EFM745_1:c569213-568263	EFM745_00598
/home/dich3309/rnaseq-tnseq-enterococcus-analysis/analyses/04_annotation/structural/prokka_np/efaecium_e745:Gene	mntD	EFM745_1:c569617-569210	EFM745_00599
/home/dich3309/rnaseq-tnseq-enterococcus-analysis/analyses/04_annotation/structural/prokka_np/efaecium_e745:Gene	yvdM_1	EFM745_1:c580374-579697	EFM745_00611
/home/dich3309/rnaseq-tnseq-enterococcus-analysis/analyses/04_annotation/structural/prokka_np/efaecium_e745:Gene	glxK	EFM745_1:c581501-580371	EFM745_00612
/home/dich3309/rnaseq-tnseq-enterococcus-analysis/analyses/04_annotation/structural/prokka_np/efaecium_e745:Gene	ycjT	EFM745_1:c583684-581501	EFM745_00613
/home/dich3309/rnaseq-tnseq-enterococcus-analysis/analyses/04_annotation/structural/prokka_np/efaecium_e745:Gene	rifL	EFM745_1:c584706-583681	EFM745_00614
/home/dich3309/rnaseq-tnseq-enterococcus-analysis/analyses/04_annotation/structural/prokka_np/efaecium_e745:Gene	EFM745_00615	EFM745_1:c585578-584751	EFM745_00615
/home/dich3309/rnaseq-tnseq-enterococcus-analysis/analyses/04_annotation/structural/prokka_np/efaecium_e745:Gene	tdh	EFM745_1:c586642-585575	EFM745_00616
/home/dich3309/rnaseq-tnseq-enterococcus-analysis/analyses/04_annotation/structural/prokka_np/efaecium_e745:Gene	ycjP	EFM745_1:c587504-586668	EFM745_00617
/home/dich3309/rnaseq-tnseq-enterococcus-analysis/analyses/04_annotation/structural/prokka_np/efaecium_e745:Gene	ycjO	EFM745_1:c588370-587501	EFM745_00618
/home/dich3309/rnaseq-tnseq-enterococcus-analysis/analyses/04_annotation/structural/prokka_np/efaecium_e745:Gene	EFM745_00627	EFM745_1:602380-603285	EFM745_00627
/home/dich3309/rnaseq-tnseq-enterococcus-analysis/analyses/04_annotation/structural/prokka_np/efaecium_e745:Gene	yxdL_1	EFM745_1:603282-604088	EFM745_00628
/home/dich3309/rnaseq-tnseq-enterococcus-analysis/analyses/04_annotation/structural/prokka_np/efaecium_e745:Gene	srrA_1	EFM745_1:630796-631485	EFM745_00656
/home/dich3309/rnaseq-tnseq-enterococcus-analysis/analyses/04_annotation/structural/prokka_np/efaecium_e745:Gene	rcsC	EFM745_1:631472-632680	EFM745_00657
/home/dich3309/rnaseq-tnseq-enterococcus-analysis/analyses/04_annotation/structural/prokka_np/efaecium_e745:Gene	spo0J	EFM745_1:c639779-638889	EFM745_00663
/home/dich3309/rnaseq-tnseq-enterococcus-analysis/analyses/04_annotation/structural/prokka_np/efaecium_e745:Gene	soj_1	EFM745_1:c640533-639766	EFM745_00664
/home/dich3309/rnaseq-tnseq-enterococcus-analysis/analyses/04_annotation/structural/prokka_np/efaecium_e745:Gene	misCA	EFM745_1:c647249-646431	EFM745_00670
/home/dich3309/rnaseq-tnseq-enterococcus-analysis/analyses/04_annotation/structural/prokka_np/efaecium_e745:Gene	rnpA	EFM745_1:c647602-647246	EFM745_00671
/home/dich3309/rnaseq-tnseq-enterococcus-analysis/analyses/04_annotation/structural/prokka_np/efaecium_e745:Gene	EFM745_00675	EFM745_1:651202-651510	EFM745_00675
/home/dich3309/rnaseq-tnseq-enterococcus-analysis/analyses/04_annotation/structural/prokka_np/efaecium_e745:Gene	recF	EFM745_1:651497-652621	EFM745_00676
/home/dich3309/rnaseq-tnseq-enterococcus-analysis/analyses/04_annotation/structural/prokka_np/efaecium_e745:Gene	gyrB	EFM745_1:652618-654564	EFM745_00677
/home/dich3309/rnaseq-tnseq-enterococcus-analysis/analyses/04_annotation/structural/prokka_np/efaecium_e745:Gene	EFM745_00708	EFM745_1:c687473-687332	EFM745_00708
/home/dich3309/rnaseq-tnseq-enterococcus-analysis/analyses/04_annotation/structural/prokka_np/efaecium_e745:Gene	guaA_1	EFM745_1:c689024-687459	EFM745_00709
/home/dich3309/rnaseq-tnseq-enterococcus-analysis/analyses/04_annotation/structural/prokka_np/efaecium_e745:Gene	mglA	EFM745_1:696060-697622	EFM745_00717
/home/dich3309/rnaseq-tnseq-enterococcus-analysis/analyses/04_annotation/structural/prokka_np/efaecium_e745:Gene	EFM745_00718	EFM745_1:697615-698748	EFM745_00718
/home/dich3309/rnaseq-tnseq-enterococcus-analysis/analyses/04_annotation/structural/prokka_np/efaecium_e745:Gene	EFM745_00719	EFM745_1:698748-699704	EFM745_00719
/home/dich3309/rnaseq-tnseq-enterococcus-analysis/analyses/04_annotation/structural/prokka_np/efaecium_e745:Gene	rplD	EFM745_1:711316-711939	EFM745_00732
/home/dich3309/rnaseq-tnseq-enterococcus-analysis/analyses/04_annotation/structural/prokka_np/efaecium_e745:Gene	rplW	EFM745_1:711939-712229	EFM745_00733
/home/dich3309/rnaseq-tnseq-enterococcus-analysis/analyses/04_annotation/structural/prokka_np/efaecium_e745:Gene	rplP	EFM745_1:714465-714899	EFM745_00738
/home/dich3309/rnaseq-tnseq-enterococcus-analysis/analyses/04_annotation/structural/prokka_np/efaecium_e745:Gene	rpmC	EFM745_1:714889-715077	EFM745_00739
/home/dich3309/rnaseq-tnseq-enterococcus-analysis/analyses/04_annotation/structural/prokka_np/efaecium_e745:Gene	rplO	EFM745_1:719188-719628	EFM745_00750
/home/dich3309/rnaseq-tnseq-enterococcus-analysis/analyses/04_annotation/structural/prokka_np/efaecium_e745:Gene	secY	EFM745_1:719628-720923	EFM745_00751
/home/dich3309/rnaseq-tnseq-enterococcus-analysis/analyses/04_annotation/structural/prokka_np/efaecium_e745:Gene	ecfA1	EFM745_1:724688-725527	EFM745_00760
/home/dich3309/rnaseq-tnseq-enterococcus-analysis/analyses/04_annotation/structural/prokka_np/efaecium_e745:Gene	ecfA2_1	EFM745_1:725503-726372	EFM745_00761
/home/dich3309/rnaseq-tnseq-enterococcus-analysis/analyses/04_annotation/structural/prokka_np/efaecium_e745:Gene	ecfT	EFM745_1:726362-727159	EFM745_00762
/home/dich3309/rnaseq-tnseq-enterococcus-analysis/analyses/04_annotation/structural/prokka_np/efaecium_e745:Gene	EFM745_00768	EFM745_1:c733800-733462	EFM745_00768
/home/dich3309/rnaseq-tnseq-enterococcus-analysis/analyses/04_annotation/structural/prokka_np/efaecium_e745:Gene	EFM745_00769	EFM745_1:c734345-733797	EFM745_00769
/home/dich3309/rnaseq-tnseq-enterococcus-analysis/analyses/04_annotation/structural/prokka_np/efaecium_e745:Gene	oppF_1	EFM745_1:748128-749072	EFM745_00781
/home/dich3309/rnaseq-tnseq-enterococcus-analysis/analyses/04_annotation/structural/prokka_np/efaecium_e745:Gene	gsiC	EFM745_1:749072-750034	EFM745_00782
/home/dich3309/rnaseq-tnseq-enterococcus-analysis/analyses/04_annotation/structural/prokka_np/efaecium_e745:Gene	yclN	EFM745_1:762388-763338	EFM745_00791
/home/dich3309/rnaseq-tnseq-enterococcus-analysis/analyses/04_annotation/structural/prokka_np/efaecium_e745:Gene	yclO	EFM745_1:763331-764290	EFM745_00792
/home/dich3309/rnaseq-tnseq-enterococcus-analysis/analyses/04_annotation/structural/prokka_np/efaecium_e745:Gene	yclP	EFM745_1:764287-765042	EFM745_00793
/home/dich3309/rnaseq-tnseq-enterococcus-analysis/analyses/04_annotation/structural/prokka_np/efaecium_e745:Gene	cidA	EFM745_1:777134-777544	EFM745_00806
/home/dich3309/rnaseq-tnseq-enterococcus-analysis/analyses/04_annotation/structural/prokka_np/efaecium_e745:Gene	yohK	EFM745_1:777537-778238	EFM745_00807
/home/dich3309/rnaseq-tnseq-enterococcus-analysis/analyses/04_annotation/structural/prokka_np/efaecium_e745:Gene	EFM745_00808	EFM745_1:778238-779821	EFM745_00808
/home/dich3309/rnaseq-tnseq-enterococcus-analysis/analyses/04_annotation/structural/prokka_np/efaecium_e745:Gene	EFM745_00809	EFM745_1:779840-780061	EFM745_00809
/home/dich3309/rnaseq-tnseq-enterococcus-analysis/analyses/04_annotation/structural/prokka_np/efaecium_e745:Gene	EFM745_00810	EFM745_1:780058-780819	EFM745_00810
/home/dich3309/rnaseq-tnseq-enterococcus-analysis/analyses/04_annotation/structural/prokka_np/efaecium_e745:Gene	EFM745_00818	EFM745_1:786864-787238	EFM745_00818
/home/dich3309/rnaseq-tnseq-enterococcus-analysis/analyses/04_annotation/structural/prokka_np/efaecium_e745:Gene	mutS_2	EFM745_1:787222-789867	EFM745_00819
/home/dich3309/rnaseq-tnseq-enterococcus-analysis/analyses/04_annotation/structural/prokka_np/efaecium_e745:Gene	EFM745_00836	EFM745_1:c807514-807323	EFM745_00836
/home/dich3309/rnaseq-tnseq-enterococcus-analysis/analyses/04_annotation/structural/prokka_np/efaecium_e745:Gene	EFM745_00837	EFM745_1:c807596-807422	EFM745_00837
/home/dich3309/rnaseq-tnseq-enterococcus-analysis/analyses/04_annotation/structural/prokka_np/efaecium_e745:Gene	cobB	EFM745_1:808324-809049	EFM745_00839
/home/dich3309/rnaseq-tnseq-enterococcus-analysis/analyses/04_annotation/structural/prokka_np/efaecium_e745:Gene	dapH_1	EFM745_1:809042-809884	EFM745_00840
/home/dich3309/rnaseq-tnseq-enterococcus-analysis/analyses/04_annotation/structural/prokka_np/efaecium_e745:Gene	EFM745_00855	EFM745_1:824534-825070	EFM745_00855
/home/dich3309/rnaseq-tnseq-enterococcus-analysis/analyses/04_annotation/structural/prokka_np/efaecium_e745:Gene	EFM745_00856	EFM745_1:825067-825579	EFM745_00856
/home/dich3309/rnaseq-tnseq-enterococcus-analysis/analyses/04_annotation/structural/prokka_np/efaecium_e745:Gene	EFM745_00860	EFM745_1:827376-828749	EFM745_00860
/home/dich3309/rnaseq-tnseq-enterococcus-analysis/analyses/04_annotation/structural/prokka_np/efaecium_e745:Gene	EFM745_00861	EFM745_1:828733-829200	EFM745_00861
/home/dich3309/rnaseq-tnseq-enterococcus-analysis/analyses/04_annotation/structural/prokka_np/efaecium_e745:Gene	EFM745_00874	EFM745_1:845606-845869	EFM745_00874
/home/dich3309/rnaseq-tnseq-enterococcus-analysis/analyses/04_annotation/structural/prokka_np/efaecium_e745:Gene	EFM745_00875	EFM745_1:845869-846135	EFM745_00875
/home/dich3309/rnaseq-tnseq-enterococcus-analysis/analyses/04_annotation/structural/prokka_np/efaecium_e745:Gene	opuCD	EFM745_1:c848037-847366	EFM745_00878
/home/dich3309/rnaseq-tnseq-enterococcus-analysis/analyses/04_annotation/structural/prokka_np/efaecium_e745:Gene	opuCC	EFM745_1:c848951-848034	EFM745_00879
/home/dich3309/rnaseq-tnseq-enterococcus-analysis/analyses/04_annotation/structural/prokka_np/efaecium_e745:Gene	opuCB	EFM745_1:c849589-848948	EFM745_00880
/home/dich3309/rnaseq-tnseq-enterococcus-analysis/analyses/04_annotation/structural/prokka_np/efaecium_e745:Gene	rhaB	EFM745_1:864112-865572	EFM745_00892
/home/dich3309/rnaseq-tnseq-enterococcus-analysis/analyses/04_annotation/structural/prokka_np/efaecium_e745:Gene	rhaA	EFM745_1:865569-866825	EFM745_00893
/home/dich3309/rnaseq-tnseq-enterococcus-analysis/analyses/04_annotation/structural/prokka_np/efaecium_e745:Gene	EFM745_00901	EFM745_1:872748-872882	EFM745_00901
/home/dich3309/rnaseq-tnseq-enterococcus-analysis/analyses/04_annotation/structural/prokka_np/efaecium_e745:Gene	kduD	EFM745_1:872879-873553	EFM745_00902
/home/dich3309/rnaseq-tnseq-enterococcus-analysis/analyses/04_annotation/structural/prokka_np/efaecium_e745:Gene	fni	EFM745_1:c874866-873802	EFM745_00903
/home/dich3309/rnaseq-tnseq-enterococcus-analysis/analyses/04_annotation/structural/prokka_np/efaecium_e745:Gene	EFM745_00904	EFM745_1:c875948-874863	EFM745_00904
/home/dich3309/rnaseq-tnseq-enterococcus-analysis/analyses/04_annotation/structural/prokka_np/efaecium_e745:Gene	EFM745_00905	EFM745_1:c876938-875961	EFM745_00905
/home/dich3309/rnaseq-tnseq-enterococcus-analysis/analyses/04_annotation/structural/prokka_np/efaecium_e745:Gene	galK_1	EFM745_1:c877875-876931	EFM745_00906
/home/dich3309/rnaseq-tnseq-enterococcus-analysis/analyses/04_annotation/structural/prokka_np/efaecium_e745:Gene	EFM745_00915	EFM745_1:883639-885768	EFM745_00915
/home/dich3309/rnaseq-tnseq-enterococcus-analysis/analyses/04_annotation/structural/prokka_np/efaecium_e745:Gene	EFM745_00916	EFM745_1:885743-886432	EFM745_00916
/home/dich3309/rnaseq-tnseq-enterococcus-analysis/analyses/04_annotation/structural/prokka_np/efaecium_e745:Gene	EFM745_00940	EFM745_1:908902-909261	EFM745_00940
/home/dich3309/rnaseq-tnseq-enterococcus-analysis/analyses/04_annotation/structural/prokka_np/efaecium_e745:Gene	EFM745_00941	EFM745_1:909240-910079	EFM745_00941
/home/dich3309/rnaseq-tnseq-enterococcus-analysis/analyses/04_annotation/structural/prokka_np/efaecium_e745:Gene	EFM745_00946	EFM745_1:913457-913750	EFM745_00946
/home/dich3309/rnaseq-tnseq-enterococcus-analysis/analyses/04_annotation/structural/prokka_np/efaecium_e745:Gene	EFM745_00947	EFM745_1:913743-914039	EFM745_00947
/home/dich3309/rnaseq-tnseq-enterococcus-analysis/analyses/04_annotation/structural/prokka_np/efaecium_e745:Gene	manR_1	EFM745_1:938761-940395	EFM745_00972
/home/dich3309/rnaseq-tnseq-enterococcus-analysis/analyses/04_annotation/structural/prokka_np/efaecium_e745:Gene	EFM745_00973	EFM745_1:940392-940823	EFM745_00973
/home/dich3309/rnaseq-tnseq-enterococcus-analysis/analyses/04_annotation/structural/prokka_np/efaecium_e745:Gene	npr_1	EFM745_1:952771-954066	EFM745_00987
/home/dich3309/rnaseq-tnseq-enterococcus-analysis/analyses/04_annotation/structural/prokka_np/efaecium_e745:Gene	EFM745_00988	EFM745_1:954056-955516	EFM745_00988
/home/dich3309/rnaseq-tnseq-enterococcus-analysis/analyses/04_annotation/structural/prokka_np/efaecium_e745:Gene	helD_3	EFM745_1:966036-967886	EFM745_00998
/home/dich3309/rnaseq-tnseq-enterococcus-analysis/analyses/04_annotation/structural/prokka_np/efaecium_e745:Gene	EFM745_00999	EFM745_1:967883-968170	EFM745_00999
/home/dich3309/rnaseq-tnseq-enterococcus-analysis/analyses/04_annotation/structural/prokka_np/efaecium_e745:Gene	dhaM-2	EFM745_1:971705-972100	EFM745_01004
/home/dich3309/rnaseq-tnseq-enterococcus-analysis/analyses/04_annotation/structural/prokka_np/efaecium_e745:Gene	dhaK	EFM745_1:972075-973085	EFM745_01005
/home/dich3309/rnaseq-tnseq-enterococcus-analysis/analyses/04_annotation/structural/prokka_np/efaecium_e745:Gene	mro_1	EFM745_1:c990815-989808	EFM745_01022
/home/dich3309/rnaseq-tnseq-enterococcus-analysis/analyses/04_annotation/structural/prokka_np/efaecium_e745:Gene	pgmB	EFM745_1:c991473-990808	EFM745_01023
/home/dich3309/rnaseq-tnseq-enterococcus-analysis/analyses/04_annotation/structural/prokka_np/efaecium_e745:Gene	malP	EFM745_1:c993760-991466	EFM745_01024
/home/dich3309/rnaseq-tnseq-enterococcus-analysis/analyses/04_annotation/structural/prokka_np/efaecium_e745:Gene	emrB	EFM745_1:1005492-1006964	EFM745_01034
/home/dich3309/rnaseq-tnseq-enterococcus-analysis/analyses/04_annotation/structural/prokka_np/efaecium_e745:Gene	EFM745_01035	EFM745_1:1006961-1007626	EFM745_01035
/home/dich3309/rnaseq-tnseq-enterococcus-analysis/analyses/04_annotation/structural/prokka_np/efaecium_e745:Gene	EFM745_01046	EFM745_1:1018075-1018392	EFM745_01046
/home/dich3309/rnaseq-tnseq-enterococcus-analysis/analyses/04_annotation/structural/prokka_np/efaecium_e745:Gene	EFM745_01047	EFM745_1:1018385-1018993	EFM745_01047
/home/dich3309/rnaseq-tnseq-enterococcus-analysis/analyses/04_annotation/structural/prokka_np/efaecium_e745:Gene	bglF_1	EFM745_1:c1029746-1028373	EFM745_01056
/home/dich3309/rnaseq-tnseq-enterococcus-analysis/analyses/04_annotation/structural/prokka_np/efaecium_e745:Gene	rbsD	EFM745_1:c1030141-1029746	EFM745_01057
/home/dich3309/rnaseq-tnseq-enterococcus-analysis/analyses/04_annotation/structural/prokka_np/efaecium_e745:Gene	EFM745_01068	EFM745_1:c1043846-1043736	EFM745_01068
/home/dich3309/rnaseq-tnseq-enterococcus-analysis/analyses/04_annotation/structural/prokka_np/efaecium_e745:Gene	agrB	EFM745_1:c1044429-1043827	EFM745_01069
/home/dich3309/rnaseq-tnseq-enterococcus-analysis/analyses/04_annotation/structural/prokka_np/efaecium_e745:Gene	lysA	EFM745_1:1060769-1062028	EFM745_01084
/home/dich3309/rnaseq-tnseq-enterococcus-analysis/analyses/04_annotation/structural/prokka_np/efaecium_e745:Gene	dapF	EFM745_1:1062015-1062815	EFM745_01085
/home/dich3309/rnaseq-tnseq-enterococcus-analysis/analyses/04_annotation/structural/prokka_np/efaecium_e745:Gene	dapA	EFM745_1:1062818-1063699	EFM745_01086
/home/dich3309/rnaseq-tnseq-enterococcus-analysis/analyses/04_annotation/structural/prokka_np/efaecium_e745:Gene	dapB	EFM745_1:1063696-1064412	EFM745_01087
/home/dich3309/rnaseq-tnseq-enterococcus-analysis/analyses/04_annotation/structural/prokka_np/efaecium_e745:Gene	asd	EFM745_1:1065129-1066130	EFM745_01089
/home/dich3309/rnaseq-tnseq-enterococcus-analysis/analyses/04_annotation/structural/prokka_np/efaecium_e745:Gene	yclM	EFM745_1:1066127-1067488	EFM745_01090
/home/dich3309/rnaseq-tnseq-enterococcus-analysis/analyses/04_annotation/structural/prokka_np/efaecium_e745:Gene	scmP	EFM745_1:1067448-1068599	EFM745_01091
/home/dich3309/rnaseq-tnseq-enterococcus-analysis/analyses/04_annotation/structural/prokka_np/efaecium_e745:Gene	dapX	EFM745_1:1068574-1069743	EFM745_01092
/home/dich3309/rnaseq-tnseq-enterococcus-analysis/analyses/04_annotation/structural/prokka_np/efaecium_e745:Gene	EFM745_01094	EFM745_1:1071525-1071677	EFM745_01094
/home/dich3309/rnaseq-tnseq-enterococcus-analysis/analyses/04_annotation/structural/prokka_np/efaecium_e745:Gene	EFM745_01095	EFM745_1:1071674-1072375	EFM745_01095
/home/dich3309/rnaseq-tnseq-enterococcus-analysis/analyses/04_annotation/structural/prokka_np/efaecium_e745:Gene	kefG	EFM745_1:1080192-1080869	EFM745_01103
/home/dich3309/rnaseq-tnseq-enterococcus-analysis/analyses/04_annotation/structural/prokka_np/efaecium_e745:Gene	EFM745_01104	EFM745_1:1080866-1081036	EFM745_01104
/home/dich3309/rnaseq-tnseq-enterococcus-analysis/analyses/04_annotation/structural/prokka_np/efaecium_e745:Gene	scaC_2	EFM745_1:1083709-1084455	EFM745_01107
/home/dich3309/rnaseq-tnseq-enterococcus-analysis/analyses/04_annotation/structural/prokka_np/efaecium_e745:Gene	mntB	EFM745_1:1084452-1085291	EFM745_01108
/home/dich3309/rnaseq-tnseq-enterococcus-analysis/analyses/04_annotation/structural/prokka_np/efaecium_e745:Gene	EFM745_01124	EFM745_1:1101063-1101410	EFM745_01124
/home/dich3309/rnaseq-tnseq-enterococcus-analysis/analyses/04_annotation/structural/prokka_np/efaecium_e745:Gene	EFM745_01125	EFM745_1:1101410-1101625	EFM745_01125
/home/dich3309/rnaseq-tnseq-enterococcus-analysis/analyses/04_annotation/structural/prokka_np/efaecium_e745:Gene	EFM745_01127	EFM745_1:1102455-1102685	EFM745_01127
/home/dich3309/rnaseq-tnseq-enterococcus-analysis/analyses/04_annotation/structural/prokka_np/efaecium_e745:Gene	mazF	EFM745_1:1102685-1103026	EFM745_01128
/home/dich3309/rnaseq-tnseq-enterococcus-analysis/analyses/04_annotation/structural/prokka_np/efaecium_e745:Gene	lacF_2	EFM745_1:1107857-1108768	EFM745_01133
/home/dich3309/rnaseq-tnseq-enterococcus-analysis/analyses/04_annotation/structural/prokka_np/efaecium_e745:Gene	araQ_3	EFM745_1:1108765-1109619	EFM745_01134
/home/dich3309/rnaseq-tnseq-enterococcus-analysis/analyses/04_annotation/structural/prokka_np/efaecium_e745:Gene	EFM745_01135	EFM745_1:1109616-1110233	EFM745_01135
/home/dich3309/rnaseq-tnseq-enterococcus-analysis/analyses/04_annotation/structural/prokka_np/efaecium_e745:Gene	EFM745_01138	EFM745_1:1111522-1115559	EFM745_01138
/home/dich3309/rnaseq-tnseq-enterococcus-analysis/analyses/04_annotation/structural/prokka_np/efaecium_e745:Gene	EFM745_01139	EFM745_1:1115559-1116335	EFM745_01139
/home/dich3309/rnaseq-tnseq-enterococcus-analysis/analyses/04_annotation/structural/prokka_np/efaecium_e745:Gene	EFM745_01140	EFM745_1:1116338-1116871	EFM745_01140
/home/dich3309/rnaseq-tnseq-enterococcus-analysis/analyses/04_annotation/structural/prokka_np/efaecium_e745:Gene	EFM745_01141	EFM745_1:1116864-1118561	EFM745_01141
/home/dich3309/rnaseq-tnseq-enterococcus-analysis/analyses/04_annotation/structural/prokka_np/efaecium_e745:Gene	metN2	EFM745_1:1157149-1158192	EFM745_01177
/home/dich3309/rnaseq-tnseq-enterococcus-analysis/analyses/04_annotation/structural/prokka_np/efaecium_e745:Gene	metP_1	EFM745_1:1158185-1158871	EFM745_01178
/home/dich3309/rnaseq-tnseq-enterococcus-analysis/analyses/04_annotation/structural/prokka_np/efaecium_e745:Gene	EFM745_01181	EFM745_1:1160726-1162012	EFM745_01181
/home/dich3309/rnaseq-tnseq-enterococcus-analysis/analyses/04_annotation/structural/prokka_np/efaecium_e745:Gene	sufS	EFM745_1:1162009-1163244	EFM745_01182
/home/dich3309/rnaseq-tnseq-enterococcus-analysis/analyses/04_annotation/structural/prokka_np/efaecium_e745:Gene	iscU	EFM745_1:1163231-1163701	EFM745_01183
/home/dich3309/rnaseq-tnseq-enterococcus-analysis/analyses/04_annotation/structural/prokka_np/efaecium_e745:Gene	xerC_3	EFM745_1:c1166373-1165192	EFM745_01185
/home/dich3309/rnaseq-tnseq-enterococcus-analysis/analyses/04_annotation/structural/prokka_np/efaecium_e745:Gene	EFM745_01186	EFM745_1:c1167107-1166373	EFM745_01186
/home/dich3309/rnaseq-tnseq-enterococcus-analysis/analyses/04_annotation/structural/prokka_np/efaecium_e745:Gene	EFM745_01194	EFM745_1:1172618-1174210	EFM745_01194
/home/dich3309/rnaseq-tnseq-enterococcus-analysis/analyses/04_annotation/structural/prokka_np/efaecium_e745:Gene	EFM745_01195	EFM745_1:1174203-1175447	EFM745_01195
/home/dich3309/rnaseq-tnseq-enterococcus-analysis/analyses/04_annotation/structural/prokka_np/efaecium_e745:Gene	EFM745_01207	EFM745_1:1193013-1193468	EFM745_01207
/home/dich3309/rnaseq-tnseq-enterococcus-analysis/analyses/04_annotation/structural/prokka_np/efaecium_e745:Gene	EFM745_01208	EFM745_1:1193465-1194223	EFM745_01208
/home/dich3309/rnaseq-tnseq-enterococcus-analysis/analyses/04_annotation/structural/prokka_np/efaecium_e745:Gene	EFM745_01215	EFM745_1:1199317-1199466	EFM745_01215
/home/dich3309/rnaseq-tnseq-enterococcus-analysis/analyses/04_annotation/structural/prokka_np/efaecium_e745:Gene	bglF_2	EFM745_1:1199424-1201289	EFM745_01216
/home/dich3309/rnaseq-tnseq-enterococcus-analysis/analyses/04_annotation/structural/prokka_np/efaecium_e745:Gene	yvdD	EFM745_1:1205039-1205614	EFM745_01221
/home/dich3309/rnaseq-tnseq-enterococcus-analysis/analyses/04_annotation/structural/prokka_np/efaecium_e745:Gene	EFM745_01222	EFM745_1:1205614-1206054	EFM745_01222
/home/dich3309/rnaseq-tnseq-enterococcus-analysis/analyses/04_annotation/structural/prokka_np/efaecium_e745:Gene	EFM745_01255	EFM745_1:c1241623-1240850	EFM745_01255
/home/dich3309/rnaseq-tnseq-enterococcus-analysis/analyses/04_annotation/structural/prokka_np/efaecium_e745:Gene	bcrA_2	EFM745_1:c1242525-1241620	EFM745_01256
/home/dich3309/rnaseq-tnseq-enterococcus-analysis/analyses/04_annotation/structural/prokka_np/efaecium_e745:Gene	tsaE	EFM745_1:1253945-1254418	EFM745_01271
/home/dich3309/rnaseq-tnseq-enterococcus-analysis/analyses/04_annotation/structural/prokka_np/efaecium_e745:Gene	EFM745_01272	EFM745_1:1254411-1254935	EFM745_01272
/home/dich3309/rnaseq-tnseq-enterococcus-analysis/analyses/04_annotation/structural/prokka_np/efaecium_e745:Gene	coaBC_1	EFM745_1:c1270335-1269784	EFM745_01285
/home/dich3309/rnaseq-tnseq-enterococcus-analysis/analyses/04_annotation/structural/prokka_np/efaecium_e745:Gene	coaBC_2	EFM745_1:c1271069-1270332	EFM745_01286
/home/dich3309/rnaseq-tnseq-enterococcus-analysis/analyses/04_annotation/structural/prokka_np/efaecium_e745:Gene	acuI	EFM745_1:c1272055-1271066	EFM745_01287
/home/dich3309/rnaseq-tnseq-enterococcus-analysis/analyses/04_annotation/structural/prokka_np/efaecium_e745:Gene	ydcV	EFM745_1:1274776-1275603	EFM745_01291
/home/dich3309/rnaseq-tnseq-enterococcus-analysis/analyses/04_annotation/structural/prokka_np/efaecium_e745:Gene	potD	EFM745_1:1275600-1276673	EFM745_01292
/home/dich3309/rnaseq-tnseq-enterococcus-analysis/analyses/04_annotation/structural/prokka_np/efaecium_e745:Gene	EFM745_01296	EFM745_1:1280889-1281698	EFM745_01296
/home/dich3309/rnaseq-tnseq-enterococcus-analysis/analyses/04_annotation/structural/prokka_np/efaecium_e745:Gene	manZ_2	EFM745_1:1281695-1282516	EFM745_01297
/home/dich3309/rnaseq-tnseq-enterococcus-analysis/analyses/04_annotation/structural/prokka_np/efaecium_e745:Gene	EFM745_01298	EFM745_1:1282567-1284666	EFM745_01298
/home/dich3309/rnaseq-tnseq-enterococcus-analysis/analyses/04_annotation/structural/prokka_np/efaecium_e745:Gene	EFM745_01299	EFM745_1:1284663-1285781	EFM745_01299
/home/dich3309/rnaseq-tnseq-enterococcus-analysis/analyses/04_annotation/structural/prokka_np/efaecium_e745:Gene	murA1_1	EFM745_1:1300922-1302193	EFM745_01314
/home/dich3309/rnaseq-tnseq-enterococcus-analysis/analyses/04_annotation/structural/prokka_np/efaecium_e745:Gene	rho	EFM745_1:1302190-1303485	EFM745_01315
/home/dich3309/rnaseq-tnseq-enterococcus-analysis/analyses/04_annotation/structural/prokka_np/efaecium_e745:Gene	fruA_3	EFM745_1:1304798-1306216	EFM745_01318
/home/dich3309/rnaseq-tnseq-enterococcus-analysis/analyses/04_annotation/structural/prokka_np/efaecium_e745:Gene	kbaY	EFM745_1:1306216-1307076	EFM745_01319
/home/dich3309/rnaseq-tnseq-enterococcus-analysis/analyses/04_annotation/structural/prokka_np/efaecium_e745:Gene	EFM745_01325	EFM745_1:c1312276-1311479	EFM745_01325
/home/dich3309/rnaseq-tnseq-enterococcus-analysis/analyses/04_annotation/structural/prokka_np/efaecium_e745:Gene	EFM745_01326	EFM745_1:c1313457-1312273	EFM745_01326
/home/dich3309/rnaseq-tnseq-enterococcus-analysis/analyses/04_annotation/structural/prokka_np/efaecium_e745:Gene	EFM745_01334	EFM745_1:1319683-1320507	EFM745_01334
/home/dich3309/rnaseq-tnseq-enterococcus-analysis/analyses/04_annotation/structural/prokka_np/efaecium_e745:Gene	yabA	EFM745_1:1320500-1320847	EFM745_01335
/home/dich3309/rnaseq-tnseq-enterococcus-analysis/analyses/04_annotation/structural/prokka_np/efaecium_e745:Gene	bceA_2	EFM745_1:1326504-1327271	EFM745_01340
/home/dich3309/rnaseq-tnseq-enterococcus-analysis/analyses/04_annotation/structural/prokka_np/efaecium_e745:Gene	bceB_2	EFM745_1:1327261-1329303	EFM745_01341
/home/dich3309/rnaseq-tnseq-enterococcus-analysis/analyses/04_annotation/structural/prokka_np/efaecium_e745:Gene	ysdC	EFM745_1:1334145-1335227	EFM745_01348
/home/dich3309/rnaseq-tnseq-enterococcus-analysis/analyses/04_annotation/structural/prokka_np/efaecium_e745:Gene	EFM745_01349	EFM745_1:1335227-1336030	EFM745_01349
/home/dich3309/rnaseq-tnseq-enterococcus-analysis/analyses/04_annotation/structural/prokka_np/efaecium_e745:Gene	EFM745_01371	EFM745_1:1355018-1355443	EFM745_01371
/home/dich3309/rnaseq-tnseq-enterococcus-analysis/analyses/04_annotation/structural/prokka_np/efaecium_e745:Gene	nusB	EFM745_1:1355436-1355885	EFM745_01372
/home/dich3309/rnaseq-tnseq-enterococcus-analysis/analyses/04_annotation/structural/prokka_np/efaecium_e745:Gene	iolU_1	EFM745_1:1385653-1386666	EFM745_01402
/home/dich3309/rnaseq-tnseq-enterococcus-analysis/analyses/04_annotation/structural/prokka_np/efaecium_e745:Gene	yfmL	EFM745_1:1386666-1387943	EFM745_01403
/home/dich3309/rnaseq-tnseq-enterococcus-analysis/analyses/04_annotation/structural/prokka_np/efaecium_e745:Gene	EFM745_01409	EFM745_1:1393415-1393597	EFM745_01409
/home/dich3309/rnaseq-tnseq-enterococcus-analysis/analyses/04_annotation/structural/prokka_np/efaecium_e745:Gene	EFM745_01410	EFM745_1:1393597-1394010	EFM745_01410
/home/dich3309/rnaseq-tnseq-enterococcus-analysis/analyses/04_annotation/structural/prokka_np/efaecium_e745:Gene	EFM745_01423	EFM745_1:1401369-1401707	EFM745_01423
/home/dich3309/rnaseq-tnseq-enterococcus-analysis/analyses/04_annotation/structural/prokka_np/efaecium_e745:Gene	EFM745_01424	EFM745_1:1401694-1401873	EFM745_01424
/home/dich3309/rnaseq-tnseq-enterococcus-analysis/analyses/04_annotation/structural/prokka_np/efaecium_e745:Gene	EFM745_01427	EFM745_1:1403349-1403690	EFM745_01427
/home/dich3309/rnaseq-tnseq-enterococcus-analysis/analyses/04_annotation/structural/prokka_np/efaecium_e745:Gene	EFM745_01428	EFM745_1:1403683-1404354	EFM745_01428
/home/dich3309/rnaseq-tnseq-enterococcus-analysis/analyses/04_annotation/structural/prokka_np/efaecium_e745:Gene	EFM745_01432	EFM745_1:1406084-1406248	EFM745_01432
/home/dich3309/rnaseq-tnseq-enterococcus-analysis/analyses/04_annotation/structural/prokka_np/efaecium_e745:Gene	EFM745_01433	EFM745_1:1406241-1406543	EFM745_01433
/home/dich3309/rnaseq-tnseq-enterococcus-analysis/analyses/04_annotation/structural/prokka_np/efaecium_e745:Gene	EFM745_01434	EFM745_1:1406540-1406701	EFM745_01434
/home/dich3309/rnaseq-tnseq-enterococcus-analysis/analyses/04_annotation/structural/prokka_np/efaecium_e745:Gene	EFM745_01435	EFM745_1:1406704-1407003	EFM745_01435
/home/dich3309/rnaseq-tnseq-enterococcus-analysis/analyses/04_annotation/structural/prokka_np/efaecium_e745:Gene	EFM745_01436	EFM745_1:1407003-1407359	EFM745_01436
/home/dich3309/rnaseq-tnseq-enterococcus-analysis/analyses/04_annotation/structural/prokka_np/efaecium_e745:Gene	EFM745_01437	EFM745_1:1407319-1407564	EFM745_01437
/home/dich3309/rnaseq-tnseq-enterococcus-analysis/analyses/04_annotation/structural/prokka_np/efaecium_e745:Gene	EFM745_01438	EFM745_1:1407561-1407980	EFM745_01438
/home/dich3309/rnaseq-tnseq-enterococcus-analysis/analyses/04_annotation/structural/prokka_np/efaecium_e745:Gene	EFM745_01439	EFM745_1:1407977-1408534	EFM745_01439
/home/dich3309/rnaseq-tnseq-enterococcus-analysis/analyses/04_annotation/structural/prokka_np/efaecium_e745:Gene	EFM745_01440	EFM745_1:1408531-1408827	EFM745_01440
/home/dich3309/rnaseq-tnseq-enterococcus-analysis/analyses/04_annotation/structural/prokka_np/efaecium_e745:Gene	EFM745_01447	EFM745_1:1411832-1412146	EFM745_01447
/home/dich3309/rnaseq-tnseq-enterococcus-analysis/analyses/04_annotation/structural/prokka_np/efaecium_e745:Gene	EFM745_01448	EFM745_1:1412124-1413818	EFM745_01448
/home/dich3309/rnaseq-tnseq-enterococcus-analysis/analyses/04_annotation/structural/prokka_np/efaecium_e745:Gene	EFM745_01449	EFM745_1:1413838-1415016	EFM745_01449
/home/dich3309/rnaseq-tnseq-enterococcus-analysis/analyses/04_annotation/structural/prokka_np/efaecium_e745:Gene	clpP_1	EFM745_1:1414979-1415665	EFM745_01450
/home/dich3309/rnaseq-tnseq-enterococcus-analysis/analyses/04_annotation/structural/prokka_np/efaecium_e745:Gene	EFM745_01451	EFM745_1:1415665-1416825	EFM745_01451
/home/dich3309/rnaseq-tnseq-enterococcus-analysis/analyses/04_annotation/structural/prokka_np/efaecium_e745:Gene	EFM745_01452	EFM745_1:1416835-1417710	EFM745_01452
/home/dich3309/rnaseq-tnseq-enterococcus-analysis/analyses/04_annotation/structural/prokka_np/efaecium_e745:Gene	EFM745_01453	EFM745_1:1417707-1418018	EFM745_01453
/home/dich3309/rnaseq-tnseq-enterococcus-analysis/analyses/04_annotation/structural/prokka_np/efaecium_e745:Gene	EFM745_01454	EFM745_1:1418008-1418361	EFM745_01454
/home/dich3309/rnaseq-tnseq-enterococcus-analysis/analyses/04_annotation/structural/prokka_np/efaecium_e745:Gene	EFM745_01455	EFM745_1:1418351-1418752	EFM745_01455
/home/dich3309/rnaseq-tnseq-enterococcus-analysis/analyses/04_annotation/structural/prokka_np/efaecium_e745:Gene	EFM745_01456	EFM745_1:1418736-1419149	EFM745_01456
/home/dich3309/rnaseq-tnseq-enterococcus-analysis/analyses/04_annotation/structural/prokka_np/efaecium_e745:Gene	EFM745_01466	EFM745_1:1431331-1431624	EFM745_01466
/home/dich3309/rnaseq-tnseq-enterococcus-analysis/analyses/04_annotation/structural/prokka_np/efaecium_e745:Gene	EFM745_01467	EFM745_1:1431621-1431845	EFM745_01467
/home/dich3309/rnaseq-tnseq-enterococcus-analysis/analyses/04_annotation/structural/prokka_np/efaecium_e745:Gene	EFM745_01468	EFM745_1:1431842-1432420	EFM745_01468
/home/dich3309/rnaseq-tnseq-enterococcus-analysis/analyses/04_annotation/structural/prokka_np/efaecium_e745:Gene	EFM745_01469	EFM745_1:1432384-1432866	EFM745_01469
/home/dich3309/rnaseq-tnseq-enterococcus-analysis/analyses/04_annotation/structural/prokka_np/efaecium_e745:Gene	abfA_1	EFM745_1:1446601-1448118	EFM745_01487
/home/dich3309/rnaseq-tnseq-enterococcus-analysis/analyses/04_annotation/structural/prokka_np/efaecium_e745:Gene	ugpB	EFM745_1:1448108-1449379	EFM745_01488
/home/dich3309/rnaseq-tnseq-enterococcus-analysis/analyses/04_annotation/structural/prokka_np/efaecium_e745:Gene	xylB_3	EFM745_1:1457435-1459096	EFM745_01496
/home/dich3309/rnaseq-tnseq-enterococcus-analysis/analyses/04_annotation/structural/prokka_np/efaecium_e745:Gene	sgbE	EFM745_1:1459053-1459751	EFM745_01497
/home/dich3309/rnaseq-tnseq-enterococcus-analysis/analyses/04_annotation/structural/prokka_np/efaecium_e745:Gene	EFM745_01510	EFM745_1:1470369-1472096	EFM745_01510
/home/dich3309/rnaseq-tnseq-enterococcus-analysis/analyses/04_annotation/structural/prokka_np/efaecium_e745:Gene	EFM745_01511	EFM745_1:1472093-1472347	EFM745_01511
/home/dich3309/rnaseq-tnseq-enterococcus-analysis/analyses/04_annotation/structural/prokka_np/efaecium_e745:Gene	EFM745_01512	EFM745_1:1472347-1473984	EFM745_01512
/home/dich3309/rnaseq-tnseq-enterococcus-analysis/analyses/04_annotation/structural/prokka_np/efaecium_e745:Gene	mtlA	EFM745_1:1477916-1478266	EFM745_01516
/home/dich3309/rnaseq-tnseq-enterococcus-analysis/analyses/04_annotation/structural/prokka_np/efaecium_e745:Gene	EFM745_01517	EFM745_1:1478263-1479582	EFM745_01517
/home/dich3309/rnaseq-tnseq-enterococcus-analysis/analyses/04_annotation/structural/prokka_np/efaecium_e745:Gene	gatD	EFM745_1:c1488481-1487783	EFM745_01525
/home/dich3309/rnaseq-tnseq-enterococcus-analysis/analyses/04_annotation/structural/prokka_np/efaecium_e745:Gene	murT	EFM745_1:c1489826-1488474	EFM745_01526
/home/dich3309/rnaseq-tnseq-enterococcus-analysis/analyses/04_annotation/structural/prokka_np/efaecium_e745:Gene	EFM745_01529	EFM745_1:1492472-1492951	EFM745_01529
/home/dich3309/rnaseq-tnseq-enterococcus-analysis/analyses/04_annotation/structural/prokka_np/efaecium_e745:Gene	EFM745_01530	EFM745_1:1492948-1493715	EFM745_01530
/home/dich3309/rnaseq-tnseq-enterococcus-analysis/analyses/04_annotation/structural/prokka_np/efaecium_e745:Gene	EFM745_01531	EFM745_1:1493945-1494157	EFM745_01531
/home/dich3309/rnaseq-tnseq-enterococcus-analysis/analyses/04_annotation/structural/prokka_np/efaecium_e745:Gene	spsB	EFM745_1:1494154-1494513	EFM745_01532
/home/dich3309/rnaseq-tnseq-enterococcus-analysis/analyses/04_annotation/structural/prokka_np/efaecium_e745:Gene	EFM745_01534	EFM745_1:1495325-1495555	EFM745_01534
/home/dich3309/rnaseq-tnseq-enterococcus-analysis/analyses/04_annotation/structural/prokka_np/efaecium_e745:Gene	EFM745_01535	EFM745_1:1495546-1495794	EFM745_01535
/home/dich3309/rnaseq-tnseq-enterococcus-analysis/analyses/04_annotation/structural/prokka_np/efaecium_e745:Gene	prfA	EFM745_1:1496487-1497560	EFM745_01537
/home/dich3309/rnaseq-tnseq-enterococcus-analysis/analyses/04_annotation/structural/prokka_np/efaecium_e745:Gene	prmC	EFM745_1:1497553-1498392	EFM745_01538
/home/dich3309/rnaseq-tnseq-enterococcus-analysis/analyses/04_annotation/structural/prokka_np/efaecium_e745:Gene	ywlC	EFM745_1:1498586-1499611	EFM745_01539
/home/dich3309/rnaseq-tnseq-enterococcus-analysis/analyses/04_annotation/structural/prokka_np/efaecium_e745:Gene	EFM745_01540	EFM745_1:1499608-1499769	EFM745_01540
/home/dich3309/rnaseq-tnseq-enterococcus-analysis/analyses/04_annotation/structural/prokka_np/efaecium_e745:Gene	oppD_2	EFM745_1:1524438-1525508	EFM745_01564
/home/dich3309/rnaseq-tnseq-enterococcus-analysis/analyses/04_annotation/structural/prokka_np/efaecium_e745:Gene	oppF_2	EFM745_1:1525498-1526451	EFM745_01565
/home/dich3309/rnaseq-tnseq-enterococcus-analysis/analyses/04_annotation/structural/prokka_np/efaecium_e745:Gene	rnmV	EFM745_1:1534726-1535286	EFM745_01573
/home/dich3309/rnaseq-tnseq-enterococcus-analysis/analyses/04_annotation/structural/prokka_np/efaecium_e745:Gene	rsmA	EFM745_1:1535279-1536163	EFM745_01574
/home/dich3309/rnaseq-tnseq-enterococcus-analysis/analyses/04_annotation/structural/prokka_np/efaecium_e745:Gene	sorA_2	EFM745_1:1548457-1549236	EFM745_01586
/home/dich3309/rnaseq-tnseq-enterococcus-analysis/analyses/04_annotation/structural/prokka_np/efaecium_e745:Gene	manZ_4	EFM745_1:1549223-1550044	EFM745_01587
/home/dich3309/rnaseq-tnseq-enterococcus-analysis/analyses/04_annotation/structural/prokka_np/efaecium_e745:Gene	EFM745_01613	EFM745_1:1577973-1578057	EFM745_01613
/home/dich3309/rnaseq-tnseq-enterococcus-analysis/analyses/04_annotation/structural/prokka_np/efaecium_e745:Gene	EFM745_01614	EFM745_1:1578044-1578298	EFM745_01614
/home/dich3309/rnaseq-tnseq-enterococcus-analysis/analyses/04_annotation/structural/prokka_np/efaecium_e745:Gene	EFM745_01615	EFM745_1:1578267-1579652	EFM745_01615
/home/dich3309/rnaseq-tnseq-enterococcus-analysis/analyses/04_annotation/structural/prokka_np/efaecium_e745:Gene	fpgS	EFM745_1:1611919-1613232	EFM745_01650
/home/dich3309/rnaseq-tnseq-enterococcus-analysis/analyses/04_annotation/structural/prokka_np/efaecium_e745:Gene	EFM745_01651	EFM745_1:1613222-1613875	EFM745_01651
/home/dich3309/rnaseq-tnseq-enterococcus-analysis/analyses/04_annotation/structural/prokka_np/efaecium_e745:Gene	EFM745_01656	EFM745_1:1617512-1619242	EFM745_01656
/home/dich3309/rnaseq-tnseq-enterococcus-analysis/analyses/04_annotation/structural/prokka_np/efaecium_e745:Gene	EFM745_01657	EFM745_1:1619239-1620999	EFM745_01657
/home/dich3309/rnaseq-tnseq-enterococcus-analysis/analyses/04_annotation/structural/prokka_np/efaecium_e745:Gene	EFM745_01666	EFM745_1:c1628357-1627950	EFM745_01666
/home/dich3309/rnaseq-tnseq-enterococcus-analysis/analyses/04_annotation/structural/prokka_np/efaecium_e745:Gene	cdr_2	EFM745_1:c1629562-1628339	EFM745_01667
/home/dich3309/rnaseq-tnseq-enterococcus-analysis/analyses/04_annotation/structural/prokka_np/efaecium_e745:Gene	lacF_3	EFM745_1:1632145-1633062	EFM745_01670
/home/dich3309/rnaseq-tnseq-enterococcus-analysis/analyses/04_annotation/structural/prokka_np/efaecium_e745:Gene	lacG_2	EFM745_1:1633055-1633888	EFM745_01671
/home/dich3309/rnaseq-tnseq-enterococcus-analysis/analyses/04_annotation/structural/prokka_np/efaecium_e745:Gene	EFM745_01673	EFM745_1:1635109-1636980	EFM745_01673
/home/dich3309/rnaseq-tnseq-enterococcus-analysis/analyses/04_annotation/structural/prokka_np/efaecium_e745:Gene	ugl_2	EFM745_1:1636974-1638197	EFM745_01674
/home/dich3309/rnaseq-tnseq-enterococcus-analysis/analyses/04_annotation/structural/prokka_np/efaecium_e745:Gene	natA_2	EFM745_1:1644694-1645437	EFM745_01681
/home/dich3309/rnaseq-tnseq-enterococcus-analysis/analyses/04_annotation/structural/prokka_np/efaecium_e745:Gene	EFM745_01682	EFM745_1:1645430-1647010	EFM745_01682
/home/dich3309/rnaseq-tnseq-enterococcus-analysis/analyses/04_annotation/structural/prokka_np/efaecium_e745:Gene	EFM745_01687	EFM745_1:1650036-1650302	EFM745_01687
/home/dich3309/rnaseq-tnseq-enterococcus-analysis/analyses/04_annotation/structural/prokka_np/efaecium_e745:Gene	yrrK	EFM745_1:1650299-1650730	EFM745_01688
/home/dich3309/rnaseq-tnseq-enterococcus-analysis/analyses/04_annotation/structural/prokka_np/efaecium_e745:Gene	EFM745_01693	EFM745_1:1653525-1653836	EFM745_01693
/home/dich3309/rnaseq-tnseq-enterococcus-analysis/analyses/04_annotation/structural/prokka_np/efaecium_e745:Gene	EFM745_01694	EFM745_1:1653833-1654072	EFM745_01694
/home/dich3309/rnaseq-tnseq-enterococcus-analysis/analyses/04_annotation/structural/prokka_np/efaecium_e745:Gene	EFM745_01695	EFM745_1:1654053-1654457	EFM745_01695
/home/dich3309/rnaseq-tnseq-enterococcus-analysis/analyses/04_annotation/structural/prokka_np/efaecium_e745:Gene	EFM745_01698	EFM745_1:1655156-1656004	EFM745_01698
/home/dich3309/rnaseq-tnseq-enterococcus-analysis/analyses/04_annotation/structural/prokka_np/efaecium_e745:Gene	EFM745_01699	EFM745_1:1655994-1657469	EFM745_01699
/home/dich3309/rnaseq-tnseq-enterococcus-analysis/analyses/04_annotation/structural/prokka_np/efaecium_e745:Gene	EFM745_01702	EFM745_1:1659102-1659575	EFM745_01702
/home/dich3309/rnaseq-tnseq-enterococcus-analysis/analyses/04_annotation/structural/prokka_np/efaecium_e745:Gene	EFM745_01703	EFM745_1:1659572-1661266	EFM745_01703
/home/dich3309/rnaseq-tnseq-enterococcus-analysis/analyses/04_annotation/structural/prokka_np/efaecium_e745:Gene	EFM745_01704	EFM745_1:1661232-1661417	EFM745_01704
/home/dich3309/rnaseq-tnseq-enterococcus-analysis/analyses/04_annotation/structural/prokka_np/efaecium_e745:Gene	EFM745_01705	EFM745_1:1661421-1662596	EFM745_01705
/home/dich3309/rnaseq-tnseq-enterococcus-analysis/analyses/04_annotation/structural/prokka_np/efaecium_e745:Gene	EFM745_01706	EFM745_1:1662589-1663980	EFM745_01706
/home/dich3309/rnaseq-tnseq-enterococcus-analysis/analyses/04_annotation/structural/prokka_np/efaecium_e745:Gene	EFM745_01707	EFM745_1:1664167-1664451	EFM745_01707
/home/dich3309/rnaseq-tnseq-enterococcus-analysis/analyses/04_annotation/structural/prokka_np/efaecium_e745:Gene	EFM745_01708	EFM745_1:1664438-1664773	EFM745_01708
/home/dich3309/rnaseq-tnseq-enterococcus-analysis/analyses/04_annotation/structural/prokka_np/efaecium_e745:Gene	EFM745_01710	EFM745_1:1666436-1666882	EFM745_01710
/home/dich3309/rnaseq-tnseq-enterococcus-analysis/analyses/04_annotation/structural/prokka_np/efaecium_e745:Gene	EFM745_01711	EFM745_1:1666840-1667271	EFM745_01711
/home/dich3309/rnaseq-tnseq-enterococcus-analysis/analyses/04_annotation/structural/prokka_np/efaecium_e745:Gene	EFM745_01719	EFM745_1:1675588-1675923	EFM745_01719
/home/dich3309/rnaseq-tnseq-enterococcus-analysis/analyses/04_annotation/structural/prokka_np/efaecium_e745:Gene	EFM745_01720	EFM745_1:1675907-1678387	EFM745_01720
/home/dich3309/rnaseq-tnseq-enterococcus-analysis/analyses/04_annotation/structural/prokka_np/efaecium_e745:Gene	EFM745_01738	EFM745_1:1698175-1698498	EFM745_01738
/home/dich3309/rnaseq-tnseq-enterococcus-analysis/analyses/04_annotation/structural/prokka_np/efaecium_e745:Gene	EFM745_01739	EFM745_1:1698485-1700488	EFM745_01739
/home/dich3309/rnaseq-tnseq-enterococcus-analysis/analyses/04_annotation/structural/prokka_np/efaecium_e745:Gene	ntpC	EFM745_1:1701597-1702583	EFM745_01742
/home/dich3309/rnaseq-tnseq-enterococcus-analysis/analyses/04_annotation/structural/prokka_np/efaecium_e745:Gene	ntpG	EFM745_1:1702573-1702884	EFM745_01743
/home/dich3309/rnaseq-tnseq-enterococcus-analysis/analyses/04_annotation/structural/prokka_np/efaecium_e745:Gene	ntpA	EFM745_1:1702906-1704687	EFM745_01744
/home/dich3309/rnaseq-tnseq-enterococcus-analysis/analyses/04_annotation/structural/prokka_np/efaecium_e745:Gene	ntpB	EFM745_1:1704680-1706056	EFM745_01745
/home/dich3309/rnaseq-tnseq-enterococcus-analysis/analyses/04_annotation/structural/prokka_np/efaecium_e745:Gene	lhpI	EFM745_1:1709761-1710732	EFM745_01749
/home/dich3309/rnaseq-tnseq-enterococcus-analysis/analyses/04_annotation/structural/prokka_np/efaecium_e745:Gene	yddE	EFM745_1:1710729-1711511	EFM745_01750
/home/dich3309/rnaseq-tnseq-enterococcus-analysis/analyses/04_annotation/structural/prokka_np/efaecium_e745:Gene	EFM745_01754	EFM745_1:c1714866-1713499	EFM745_01754
/home/dich3309/rnaseq-tnseq-enterococcus-analysis/analyses/04_annotation/structural/prokka_np/efaecium_e745:Gene	lipL	EFM745_1:c1715680-1714850	EFM745_01755
/home/dich3309/rnaseq-tnseq-enterococcus-analysis/analyses/04_annotation/structural/prokka_np/efaecium_e745:Gene	EFM745_01768	EFM745_1:1727607-1728143	EFM745_01768
/home/dich3309/rnaseq-tnseq-enterococcus-analysis/analyses/04_annotation/structural/prokka_np/efaecium_e745:Gene	EFM745_01769	EFM745_1:1728140-1728946	EFM745_01769
/home/dich3309/rnaseq-tnseq-enterococcus-analysis/analyses/04_annotation/structural/prokka_np/efaecium_e745:Gene	atpF	EFM745_1:1740251-1740775	EFM745_01783
/home/dich3309/rnaseq-tnseq-enterococcus-analysis/analyses/04_annotation/structural/prokka_np/efaecium_e745:Gene	atpH	EFM745_1:1740762-1741304	EFM745_01784
/home/dich3309/rnaseq-tnseq-enterococcus-analysis/analyses/04_annotation/structural/prokka_np/efaecium_e745:Gene	comFA	EFM745_1:1753446-1754759	EFM745_01803
/home/dich3309/rnaseq-tnseq-enterococcus-analysis/analyses/04_annotation/structural/prokka_np/efaecium_e745:Gene	EFM745_01804	EFM745_1:1754756-1755475	EFM745_01804
/home/dich3309/rnaseq-tnseq-enterococcus-analysis/analyses/04_annotation/structural/prokka_np/efaecium_e745:Gene	ftsE	EFM745_1:1760242-1760928	EFM745_01808
/home/dich3309/rnaseq-tnseq-enterococcus-analysis/analyses/04_annotation/structural/prokka_np/efaecium_e745:Gene	ftsX	EFM745_1:1760912-1761805	EFM745_01809
/home/dich3309/rnaseq-tnseq-enterococcus-analysis/analyses/04_annotation/structural/prokka_np/efaecium_e745:Gene	EFM745_01812	EFM745_1:1764714-1765634	EFM745_01812
/home/dich3309/rnaseq-tnseq-enterococcus-analysis/analyses/04_annotation/structural/prokka_np/efaecium_e745:Gene	EFM745_01813	EFM745_1:1765634-1766518	EFM745_01813
/home/dich3309/rnaseq-tnseq-enterococcus-analysis/analyses/04_annotation/structural/prokka_np/efaecium_e745:Gene	EFM745_01817	EFM745_1:1769041-1770072	EFM745_01817
/home/dich3309/rnaseq-tnseq-enterococcus-analysis/analyses/04_annotation/structural/prokka_np/efaecium_e745:Gene	EFM745_01818	EFM745_1:1770069-1770836	EFM745_01818
/home/dich3309/rnaseq-tnseq-enterococcus-analysis/analyses/04_annotation/structural/prokka_np/efaecium_e745:Gene	EFM745_01820	EFM745_1:1772801-1773121	EFM745_01820
/home/dich3309/rnaseq-tnseq-enterococcus-analysis/analyses/04_annotation/structural/prokka_np/efaecium_e745:Gene	EFM745_01821	EFM745_1:1773121-1773471	EFM745_01821
/home/dich3309/rnaseq-tnseq-enterococcus-analysis/analyses/04_annotation/structural/prokka_np/efaecium_e745:Gene	yheI	EFM745_1:1792251-1794002	EFM745_01837
/home/dich3309/rnaseq-tnseq-enterococcus-analysis/analyses/04_annotation/structural/prokka_np/efaecium_e745:Gene	yheH	EFM745_1:1794002-1795786	EFM745_01838
/home/dich3309/rnaseq-tnseq-enterococcus-analysis/analyses/04_annotation/structural/prokka_np/efaecium_e745:Gene	licH	EFM745_1:1800118-1801521	EFM745_01842
/home/dich3309/rnaseq-tnseq-enterococcus-analysis/analyses/04_annotation/structural/prokka_np/efaecium_e745:Gene	bglH_2	EFM745_1:1801521-1802954	EFM745_01843
/home/dich3309/rnaseq-tnseq-enterococcus-analysis/analyses/04_annotation/structural/prokka_np/efaecium_e745:Gene	ybeY	EFM745_1:1814072-1814533	EFM745_01854
/home/dich3309/rnaseq-tnseq-enterococcus-analysis/analyses/04_annotation/structural/prokka_np/efaecium_e745:Gene	dgkA	EFM745_1:1814517-1814912	EFM745_01855
/home/dich3309/rnaseq-tnseq-enterococcus-analysis/analyses/04_annotation/structural/prokka_np/efaecium_e745:Gene	EFM745_01866	EFM745_1:1826458-1827423	EFM745_01866
/home/dich3309/rnaseq-tnseq-enterococcus-analysis/analyses/04_annotation/structural/prokka_np/efaecium_e745:Gene	gph_1	EFM745_1:1827416-1828111	EFM745_01867
/home/dich3309/rnaseq-tnseq-enterococcus-analysis/analyses/04_annotation/structural/prokka_np/efaecium_e745:Gene	epsN	EFM745_1:1828108-1829226	EFM745_01868
/home/dich3309/rnaseq-tnseq-enterococcus-analysis/analyses/04_annotation/structural/prokka_np/efaecium_e745:Gene	epsL	EFM745_1:1829216-1829836	EFM745_01869
/home/dich3309/rnaseq-tnseq-enterococcus-analysis/analyses/04_annotation/structural/prokka_np/efaecium_e745:Gene	pfkB	EFM745_1:1843093-1844043	EFM745_01882
/home/dich3309/rnaseq-tnseq-enterococcus-analysis/analyses/04_annotation/structural/prokka_np/efaecium_e745:Gene	fruA_4	EFM745_1:1844025-1845488	EFM745_01883
/home/dich3309/rnaseq-tnseq-enterococcus-analysis/analyses/04_annotation/structural/prokka_np/efaecium_e745:Gene	mngA	EFM745_1:1845485-1845943	EFM745_01884
/home/dich3309/rnaseq-tnseq-enterococcus-analysis/analyses/04_annotation/structural/prokka_np/efaecium_e745:Gene	lacD2	EFM745_1:1845940-1846914	EFM745_01885
/home/dich3309/rnaseq-tnseq-enterococcus-analysis/analyses/04_annotation/structural/prokka_np/efaecium_e745:Gene	EFM745_01899	EFM745_1:1858250-1858637	EFM745_01899
/home/dich3309/rnaseq-tnseq-enterococcus-analysis/analyses/04_annotation/structural/prokka_np/efaecium_e745:Gene	cspLA_2	EFM745_1:1858383-1858583	EFM745_01900
/home/dich3309/rnaseq-tnseq-enterococcus-analysis/analyses/04_annotation/structural/prokka_np/efaecium_e745:Gene	axe2	EFM745_1:1865818-1866492	EFM745_01905
/home/dich3309/rnaseq-tnseq-enterococcus-analysis/analyses/04_annotation/structural/prokka_np/efaecium_e745:Gene	EFM745_01906	EFM745_1:1866489-1866830	EFM745_01906
/home/dich3309/rnaseq-tnseq-enterococcus-analysis/analyses/04_annotation/structural/prokka_np/efaecium_e745:Gene	copZ	EFM745_1:1874665-1874874	EFM745_01913
/home/dich3309/rnaseq-tnseq-enterococcus-analysis/analyses/04_annotation/structural/prokka_np/efaecium_e745:Gene	copA	EFM745_1:1874874-1877060	EFM745_01914
/home/dich3309/rnaseq-tnseq-enterococcus-analysis/analyses/04_annotation/structural/prokka_np/efaecium_e745:Gene	EFM745_01917	EFM745_1:c1881534-1880236	EFM745_01917
/home/dich3309/rnaseq-tnseq-enterococcus-analysis/analyses/04_annotation/structural/prokka_np/efaecium_e745:Gene	EFM745_01918	EFM745_1:c1882276-1881524	EFM745_01918
/home/dich3309/rnaseq-tnseq-enterococcus-analysis/analyses/04_annotation/structural/prokka_np/efaecium_e745:Gene	EFM745_01919	EFM745_1:c1882596-1882273	EFM745_01919
/home/dich3309/rnaseq-tnseq-enterococcus-analysis/analyses/04_annotation/structural/prokka_np/efaecium_e745:Gene	EFM745_01925	EFM745_1:c1887718-1887149	EFM745_01925
/home/dich3309/rnaseq-tnseq-enterococcus-analysis/analyses/04_annotation/structural/prokka_np/efaecium_e745:Gene	EFM745_01926	EFM745_1:c1888251-1887715	EFM745_01926
/home/dich3309/rnaseq-tnseq-enterococcus-analysis/analyses/04_annotation/structural/prokka_np/efaecium_e745:Gene	EFM745_01928	EFM745_1:1889709-1890245	EFM745_01928
/home/dich3309/rnaseq-tnseq-enterococcus-analysis/analyses/04_annotation/structural/prokka_np/efaecium_e745:Gene	EFM745_01929	EFM745_1:1890242-1891048	EFM745_01929
/home/dich3309/rnaseq-tnseq-enterococcus-analysis/analyses/04_annotation/structural/prokka_np/efaecium_e745:Gene	phoR_2	EFM745_1:c1909073-1907337	EFM745_01943
/home/dich3309/rnaseq-tnseq-enterococcus-analysis/analyses/04_annotation/structural/prokka_np/efaecium_e745:Gene	phoP	EFM745_1:c1909774-1909070	EFM745_01944
/home/dich3309/rnaseq-tnseq-enterococcus-analysis/analyses/04_annotation/structural/prokka_np/efaecium_e745:Gene	rimM	EFM745_1:1915869-1916390	EFM745_01954
/home/dich3309/rnaseq-tnseq-enterococcus-analysis/analyses/04_annotation/structural/prokka_np/efaecium_e745:Gene	trmD	EFM745_1:1916380-1917141	EFM745_01955
/home/dich3309/rnaseq-tnseq-enterococcus-analysis/analyses/04_annotation/structural/prokka_np/efaecium_e745:Gene	EFM745_01966	EFM745_1:1926961-1927045	EFM745_01966
/home/dich3309/rnaseq-tnseq-enterococcus-analysis/analyses/04_annotation/structural/prokka_np/efaecium_e745:Gene	EFM745_01967	EFM745_1:1927018-1927269	EFM745_01967
/home/dich3309/rnaseq-tnseq-enterococcus-analysis/analyses/04_annotation/structural/prokka_np/efaecium_e745:Gene	EFM745_01970	EFM745_1:1929006-1930190	EFM745_01970
/home/dich3309/rnaseq-tnseq-enterococcus-analysis/analyses/04_annotation/structural/prokka_np/efaecium_e745:Gene	EFM745_01971	EFM745_1:1930187-1930324	EFM745_01971
/home/dich3309/rnaseq-tnseq-enterococcus-analysis/analyses/04_annotation/structural/prokka_np/efaecium_e745:Gene	EFM745_01978	EFM745_1:1936714-1937103	EFM745_01978
/home/dich3309/rnaseq-tnseq-enterococcus-analysis/analyses/04_annotation/structural/prokka_np/efaecium_e745:Gene	EFM745_01979	EFM745_1:1937090-1939435	EFM745_01979
/home/dich3309/rnaseq-tnseq-enterococcus-analysis/analyses/04_annotation/structural/prokka_np/efaecium_e745:Gene	EFM745_01981	EFM745_1:1941016-1943145	EFM745_01981
/home/dich3309/rnaseq-tnseq-enterococcus-analysis/analyses/04_annotation/structural/prokka_np/efaecium_e745:Gene	EFM745_01982	EFM745_1:1943142-1944149	EFM745_01982
/home/dich3309/rnaseq-tnseq-enterococcus-analysis/analyses/04_annotation/structural/prokka_np/efaecium_e745:Gene	EFM745_01984	EFM745_1:c1945933-1945205	EFM745_01984
/home/dich3309/rnaseq-tnseq-enterococcus-analysis/analyses/04_annotation/structural/prokka_np/efaecium_e745:Gene	EFM745_01985	EFM745_1:c1947348-1945930	EFM745_01985
/home/dich3309/rnaseq-tnseq-enterococcus-analysis/analyses/04_annotation/structural/prokka_np/efaecium_e745:Gene	agaC_2	EFM745_1:1961068-1961721	EFM745_01998
/home/dich3309/rnaseq-tnseq-enterococcus-analysis/analyses/04_annotation/structural/prokka_np/efaecium_e745:Gene	manZ_5	EFM745_1:1961714-1962505	EFM745_01999
/home/dich3309/rnaseq-tnseq-enterococcus-analysis/analyses/04_annotation/structural/prokka_np/efaecium_e745:Gene	EFM745_02004	EFM745_1:1965724-1965918	EFM745_02004
/home/dich3309/rnaseq-tnseq-enterococcus-analysis/analyses/04_annotation/structural/prokka_np/efaecium_e745:Gene	EFM745_02005	EFM745_1:1965908-1966261	EFM745_02005
/home/dich3309/rnaseq-tnseq-enterococcus-analysis/analyses/04_annotation/structural/prokka_np/efaecium_e745:Gene	EFM745_02007	EFM745_1:1968062-1968490	EFM745_02007
/home/dich3309/rnaseq-tnseq-enterococcus-analysis/analyses/04_annotation/structural/prokka_np/efaecium_e745:Gene	EFM745_02008	EFM745_1:1968468-1968719	EFM745_02008
/home/dich3309/rnaseq-tnseq-enterococcus-analysis/analyses/04_annotation/structural/prokka_np/efaecium_e745:Gene	EFM745_02014	EFM745_1:1972482-1974803	EFM745_02014
/home/dich3309/rnaseq-tnseq-enterococcus-analysis/analyses/04_annotation/structural/prokka_np/efaecium_e745:Gene	EFM745_02015	EFM745_1:1974800-1975258	EFM745_02015
/home/dich3309/rnaseq-tnseq-enterococcus-analysis/analyses/04_annotation/structural/prokka_np/efaecium_e745:Gene	EFM745_02016	EFM745_1:1975289-1976302	EFM745_02016
/home/dich3309/rnaseq-tnseq-enterococcus-analysis/analyses/04_annotation/structural/prokka_np/efaecium_e745:Gene	EFM745_02017	EFM745_1:1976299-1976745	EFM745_02017
/home/dich3309/rnaseq-tnseq-enterococcus-analysis/analyses/04_annotation/structural/prokka_np/efaecium_e745:Gene	EFM745_02019	EFM745_1:1977916-1979088	EFM745_02019
/home/dich3309/rnaseq-tnseq-enterococcus-analysis/analyses/04_annotation/structural/prokka_np/efaecium_e745:Gene	EFM745_02020	EFM745_1:1979085-1979282	EFM745_02020
/home/dich3309/rnaseq-tnseq-enterococcus-analysis/analyses/04_annotation/structural/prokka_np/efaecium_e745:Gene	EFM745_02042	EFM745_1:1998904-1999254	EFM745_02042
/home/dich3309/rnaseq-tnseq-enterococcus-analysis/analyses/04_annotation/structural/prokka_np/efaecium_e745:Gene	EFM745_02043	EFM745_1:1999235-1999357	EFM745_02043
/home/dich3309/rnaseq-tnseq-enterococcus-analysis/analyses/04_annotation/structural/prokka_np/efaecium_e745:Gene	srrA_2	EFM745_1:1999378-1999950	EFM745_02044
/home/dich3309/rnaseq-tnseq-enterococcus-analysis/analyses/04_annotation/structural/prokka_np/efaecium_e745:Gene	EFM745_02045	EFM745_1:1999950-2000840	EFM745_02045
/home/dich3309/rnaseq-tnseq-enterococcus-analysis/analyses/04_annotation/structural/prokka_np/efaecium_e745:Gene	phoR_3	EFM745_1:2000840-2001397	EFM745_02046
/home/dich3309/rnaseq-tnseq-enterococcus-analysis/analyses/04_annotation/structural/prokka_np/efaecium_e745:Gene	EFM745_02047	EFM745_1:c2001977-2001468	EFM745_02047
/home/dich3309/rnaseq-tnseq-enterococcus-analysis/analyses/04_annotation/structural/prokka_np/efaecium_e745:Gene	EFM745_02048	EFM745_1:c2002692-2001967	EFM745_02048
/home/dich3309/rnaseq-tnseq-enterococcus-analysis/analyses/04_annotation/structural/prokka_np/efaecium_e745:Gene	EFM745_02069	EFM745_1:c2024368-2024018	EFM745_02069
/home/dich3309/rnaseq-tnseq-enterococcus-analysis/analyses/04_annotation/structural/prokka_np/efaecium_e745:Gene	EFM745_02070	EFM745_1:c2025665-2024334	EFM745_02070
/home/dich3309/rnaseq-tnseq-enterococcus-analysis/analyses/04_annotation/structural/prokka_np/efaecium_e745:Gene	EFM745_02084	EFM745_1:2032844-2033185	EFM745_02084
/home/dich3309/rnaseq-tnseq-enterococcus-analysis/analyses/04_annotation/structural/prokka_np/efaecium_e745:Gene	EFM745_02085	EFM745_1:2033178-2033849	EFM745_02085
/home/dich3309/rnaseq-tnseq-enterococcus-analysis/analyses/04_annotation/structural/prokka_np/efaecium_e745:Gene	EFM745_02089	EFM745_1:2035579-2035743	EFM745_02089
/home/dich3309/rnaseq-tnseq-enterococcus-analysis/analyses/04_annotation/structural/prokka_np/efaecium_e745:Gene	EFM745_02090	EFM745_1:2035736-2036041	EFM745_02090
/home/dich3309/rnaseq-tnseq-enterococcus-analysis/analyses/04_annotation/structural/prokka_np/efaecium_e745:Gene	EFM745_02091	EFM745_1:2036035-2036325	EFM745_02091
/home/dich3309/rnaseq-tnseq-enterococcus-analysis/analyses/04_annotation/structural/prokka_np/efaecium_e745:Gene	EFM745_02092	EFM745_1:2036325-2036681	EFM745_02092
/home/dich3309/rnaseq-tnseq-enterococcus-analysis/analyses/04_annotation/structural/prokka_np/efaecium_e745:Gene	EFM745_02093	EFM745_1:2036641-2036886	EFM745_02093
/home/dich3309/rnaseq-tnseq-enterococcus-analysis/analyses/04_annotation/structural/prokka_np/efaecium_e745:Gene	EFM745_02094	EFM745_1:2036883-2037302	EFM745_02094
/home/dich3309/rnaseq-tnseq-enterococcus-analysis/analyses/04_annotation/structural/prokka_np/efaecium_e745:Gene	EFM745_02095	EFM745_1:2037299-2037865	EFM745_02095
/home/dich3309/rnaseq-tnseq-enterococcus-analysis/analyses/04_annotation/structural/prokka_np/efaecium_e745:Gene	EFM745_02096	EFM745_1:2037862-2037996	EFM745_02096
/home/dich3309/rnaseq-tnseq-enterococcus-analysis/analyses/04_annotation/structural/prokka_np/efaecium_e745:Gene	EFM745_02100	EFM745_1:2040063-2040449	EFM745_02100
/home/dich3309/rnaseq-tnseq-enterococcus-analysis/analyses/04_annotation/structural/prokka_np/efaecium_e745:Gene	EFM745_02101	EFM745_1:2040430-2040816	EFM745_02101
/home/dich3309/rnaseq-tnseq-enterococcus-analysis/analyses/04_annotation/structural/prokka_np/efaecium_e745:Gene	EFM745_02102	EFM745_1:2040813-2041193	EFM745_02102
/home/dich3309/rnaseq-tnseq-enterococcus-analysis/analyses/04_annotation/structural/prokka_np/efaecium_e745:Gene	EFM745_02103	EFM745_1:2041305-2041757	EFM745_02103
/home/dich3309/rnaseq-tnseq-enterococcus-analysis/analyses/04_annotation/structural/prokka_np/efaecium_e745:Gene	EFM745_02104	EFM745_1:2041754-2043481	EFM745_02104
/home/dich3309/rnaseq-tnseq-enterococcus-analysis/analyses/04_annotation/structural/prokka_np/efaecium_e745:Gene	EFM745_02105	EFM745_1:2043503-2044732	EFM745_02105
/home/dich3309/rnaseq-tnseq-enterococcus-analysis/analyses/04_annotation/structural/prokka_np/efaecium_e745:Gene	EFM745_02106	EFM745_1:2044704-2045273	EFM745_02106
/home/dich3309/rnaseq-tnseq-enterococcus-analysis/analyses/04_annotation/structural/prokka_np/efaecium_e745:Gene	EFM745_02108	EFM745_1:2046649-2046927	EFM745_02108
/home/dich3309/rnaseq-tnseq-enterococcus-analysis/analyses/04_annotation/structural/prokka_np/efaecium_e745:Gene	EFM745_02109	EFM745_1:2046908-2047234	EFM745_02109
/home/dich3309/rnaseq-tnseq-enterococcus-analysis/analyses/04_annotation/structural/prokka_np/efaecium_e745:Gene	EFM745_02110	EFM745_1:2047224-2047562	EFM745_02110
/home/dich3309/rnaseq-tnseq-enterococcus-analysis/analyses/04_annotation/structural/prokka_np/efaecium_e745:Gene	EFM745_02111	EFM745_1:2047552-2047917	EFM745_02111
/home/dich3309/rnaseq-tnseq-enterococcus-analysis/analyses/04_annotation/structural/prokka_np/efaecium_e745:Gene	EFM745_02112	EFM745_1:2047924-2048550	EFM745_02112
/home/dich3309/rnaseq-tnseq-enterococcus-analysis/analyses/04_annotation/structural/prokka_np/efaecium_e745:Gene	EFM745_02113	EFM745_1:2048550-2049014	EFM745_02113
/home/dich3309/rnaseq-tnseq-enterococcus-analysis/analyses/04_annotation/structural/prokka_np/efaecium_e745:Gene	EFM745_02114	EFM745_1:2049209-2051518	EFM745_02114
/home/dich3309/rnaseq-tnseq-enterococcus-analysis/analyses/04_annotation/structural/prokka_np/efaecium_e745:Gene	EFM745_02115	EFM745_1:2051515-2052234	EFM745_02115
/home/dich3309/rnaseq-tnseq-enterococcus-analysis/analyses/04_annotation/structural/prokka_np/efaecium_e745:Gene	EFM745_02116	EFM745_1:2052231-2054936	EFM745_02116
/home/dich3309/rnaseq-tnseq-enterococcus-analysis/analyses/04_annotation/structural/prokka_np/efaecium_e745:Gene	EFM745_02118	EFM745_1:2056685-2057467	EFM745_02118
/home/dich3309/rnaseq-tnseq-enterococcus-analysis/analyses/04_annotation/structural/prokka_np/efaecium_e745:Gene	EFM745_02119	EFM745_1:2057467-2059533	EFM745_02119
/home/dich3309/rnaseq-tnseq-enterococcus-analysis/analyses/04_annotation/structural/prokka_np/efaecium_e745:Gene	EFM745_02125	EFM745_1:c2062545-2061739	EFM745_02125
/home/dich3309/rnaseq-tnseq-enterococcus-analysis/analyses/04_annotation/structural/prokka_np/efaecium_e745:Gene	EFM745_02126	EFM745_1:c2063078-2062542	EFM745_02126
/home/dich3309/rnaseq-tnseq-enterococcus-analysis/analyses/04_annotation/structural/prokka_np/efaecium_e745:Gene	fepC	EFM745_1:2072836-2073642	EFM745_02136
/home/dich3309/rnaseq-tnseq-enterococcus-analysis/analyses/04_annotation/structural/prokka_np/efaecium_e745:Gene	feuB	EFM745_1:2073639-2074628	EFM745_02137
/home/dich3309/rnaseq-tnseq-enterococcus-analysis/analyses/04_annotation/structural/prokka_np/efaecium_e745:Gene	feuC	EFM745_1:2074625-2075629	EFM745_02138
/home/dich3309/rnaseq-tnseq-enterococcus-analysis/analyses/04_annotation/structural/prokka_np/efaecium_e745:Gene	yqgQ	EFM745_1:2077042-2077254	EFM745_02141
/home/dich3309/rnaseq-tnseq-enterococcus-analysis/analyses/04_annotation/structural/prokka_np/efaecium_e745:Gene	glcK	EFM745_1:2077254-2078216	EFM745_02142
/home/dich3309/rnaseq-tnseq-enterococcus-analysis/analyses/04_annotation/structural/prokka_np/efaecium_e745:Gene	EFM745_02144	EFM745_1:2078792-2079157	EFM745_02144
/home/dich3309/rnaseq-tnseq-enterococcus-analysis/analyses/04_annotation/structural/prokka_np/efaecium_e745:Gene	EFM745_02145	EFM745_1:2079154-2080965	EFM745_02145
/home/dich3309/rnaseq-tnseq-enterococcus-analysis/analyses/04_annotation/structural/prokka_np/efaecium_e745:Gene	tsaB	EFM745_1:2085020-2085844	EFM745_02150
/home/dich3309/rnaseq-tnseq-enterococcus-analysis/analyses/04_annotation/structural/prokka_np/efaecium_e745:Gene	EFM745_02151	EFM745_1:2085828-2086370	EFM745_02151
/home/dich3309/rnaseq-tnseq-enterococcus-analysis/analyses/04_annotation/structural/prokka_np/efaecium_e745:Gene	rimI	EFM745_1:2086377-2086841	EFM745_02152
/home/dich3309/rnaseq-tnseq-enterococcus-analysis/analyses/04_annotation/structural/prokka_np/efaecium_e745:Gene	tsaD	EFM745_1:2086838-2087854	EFM745_02153
/home/dich3309/rnaseq-tnseq-enterococcus-analysis/analyses/04_annotation/structural/prokka_np/efaecium_e745:Gene	phnX_2	EFM745_1:c2096268-2096140	EFM745_02160
/home/dich3309/rnaseq-tnseq-enterococcus-analysis/analyses/04_annotation/structural/prokka_np/efaecium_e745:Gene	phnW	EFM745_1:c2097352-2096261	EFM745_02161
/home/dich3309/rnaseq-tnseq-enterococcus-analysis/analyses/04_annotation/structural/prokka_np/efaecium_e745:Gene	uppS	EFM745_1:2101782-2102594	EFM745_02167
/home/dich3309/rnaseq-tnseq-enterococcus-analysis/analyses/04_annotation/structural/prokka_np/efaecium_e745:Gene	EFM745_02168	EFM745_1:2102591-2103391	EFM745_02168
/home/dich3309/rnaseq-tnseq-enterococcus-analysis/analyses/04_annotation/structural/prokka_np/efaecium_e745:Gene	EFM745_02174	EFM745_1:2113005-2113298	EFM745_02174
/home/dich3309/rnaseq-tnseq-enterococcus-analysis/analyses/04_annotation/structural/prokka_np/efaecium_e745:Gene	rplGA	EFM745_1:2113295-2113606	EFM745_02175
/home/dich3309/rnaseq-tnseq-enterococcus-analysis/analyses/04_annotation/structural/prokka_np/efaecium_e745:Gene	xpkA_1	EFM745_1:2117571-2118560	EFM745_02179
/home/dich3309/rnaseq-tnseq-enterococcus-analysis/analyses/04_annotation/structural/prokka_np/efaecium_e745:Gene	xpkA_2	EFM745_1:2118554-2119438	EFM745_02180
/home/dich3309/rnaseq-tnseq-enterococcus-analysis/analyses/04_annotation/structural/prokka_np/efaecium_e745:Gene	yvcJ	EFM745_1:2146054-2146938	EFM745_02204
/home/dich3309/rnaseq-tnseq-enterococcus-analysis/analyses/04_annotation/structural/prokka_np/efaecium_e745:Gene	EFM745_02205	EFM745_1:2146935-2147933	EFM745_02205
/home/dich3309/rnaseq-tnseq-enterococcus-analysis/analyses/04_annotation/structural/prokka_np/efaecium_e745:Gene	cdaA	EFM745_1:2160562-2161449	EFM745_02217
/home/dich3309/rnaseq-tnseq-enterococcus-analysis/analyses/04_annotation/structural/prokka_np/efaecium_e745:Gene	EFM745_02218	EFM745_1:2161446-2162615	EFM745_02218
/home/dich3309/rnaseq-tnseq-enterococcus-analysis/analyses/04_annotation/structural/prokka_np/efaecium_e745:Gene	glcR	EFM745_1:2175040-2175792	EFM745_02233
/home/dich3309/rnaseq-tnseq-enterococcus-analysis/analyses/04_annotation/structural/prokka_np/efaecium_e745:Gene	lacC_1	EFM745_1:2175789-2176703	EFM745_02234
/home/dich3309/rnaseq-tnseq-enterococcus-analysis/analyses/04_annotation/structural/prokka_np/efaecium_e745:Gene	gatC_1	EFM745_1:2184870-2185175	EFM745_02239
/home/dich3309/rnaseq-tnseq-enterococcus-analysis/analyses/04_annotation/structural/prokka_np/efaecium_e745:Gene	gatA_1	EFM745_1:2185175-2186647	EFM745_02240
/home/dich3309/rnaseq-tnseq-enterococcus-analysis/analyses/04_annotation/structural/prokka_np/efaecium_e745:Gene	gatB	EFM745_1:2186644-2188074	EFM745_02241
/home/dich3309/rnaseq-tnseq-enterococcus-analysis/analyses/04_annotation/structural/prokka_np/efaecium_e745:Gene	lacL	EFM745_1:2195932-2197815	EFM745_02248
/home/dich3309/rnaseq-tnseq-enterococcus-analysis/analyses/04_annotation/structural/prokka_np/efaecium_e745:Gene	lacM	EFM745_1:2197796-2198770	EFM745_02249
/home/dich3309/rnaseq-tnseq-enterococcus-analysis/analyses/04_annotation/structural/prokka_np/efaecium_e745:Gene	aroA	EFM745_1:2203837-2205132	EFM745_02255
/home/dich3309/rnaseq-tnseq-enterococcus-analysis/analyses/04_annotation/structural/prokka_np/efaecium_e745:Gene	aroK	EFM745_1:2205125-2205634	EFM745_02256
/home/dich3309/rnaseq-tnseq-enterococcus-analysis/analyses/04_annotation/structural/prokka_np/efaecium_e745:Gene	pheA	EFM745_1:2205631-2206467	EFM745_02257
/home/dich3309/rnaseq-tnseq-enterococcus-analysis/analyses/04_annotation/structural/prokka_np/efaecium_e745:Gene	rhaR_5	EFM745_1:c2209193-2208318	EFM745_02259
/home/dich3309/rnaseq-tnseq-enterococcus-analysis/analyses/04_annotation/structural/prokka_np/efaecium_e745:Gene	cheB	EFM745_1:c2209771-2209193	EFM745_02260
/home/dich3309/rnaseq-tnseq-enterococcus-analysis/analyses/04_annotation/structural/prokka_np/efaecium_e745:Gene	lacF_4	EFM745_1:2211467-2212336	EFM745_02262
/home/dich3309/rnaseq-tnseq-enterococcus-analysis/analyses/04_annotation/structural/prokka_np/efaecium_e745:Gene	lacG_3	EFM745_1:2212333-2213202	EFM745_02263
/home/dich3309/rnaseq-tnseq-enterococcus-analysis/analyses/04_annotation/structural/prokka_np/efaecium_e745:Gene	umpB_2	EFM745_1:2214065-2214838	EFM745_02265
/home/dich3309/rnaseq-tnseq-enterococcus-analysis/analyses/04_annotation/structural/prokka_np/efaecium_e745:Gene	EFM745_02266	EFM745_1:2214835-2215233	EFM745_02266
/home/dich3309/rnaseq-tnseq-enterococcus-analysis/analyses/04_annotation/structural/prokka_np/efaecium_e745:Gene	EFM745_02273	EFM745_1:2220612-2220980	EFM745_02273
/home/dich3309/rnaseq-tnseq-enterococcus-analysis/analyses/04_annotation/structural/prokka_np/efaecium_e745:Gene	EFM745_02274	EFM745_1:2220925-2221056	EFM745_02274
/home/dich3309/rnaseq-tnseq-enterococcus-analysis/analyses/04_annotation/structural/prokka_np/efaecium_e745:Gene	EFM745_02281	EFM745_1:2228276-2228761	EFM745_02281
/home/dich3309/rnaseq-tnseq-enterococcus-analysis/analyses/04_annotation/structural/prokka_np/efaecium_e745:Gene	ybhL	EFM745_1:2228754-2229437	EFM745_02282
/home/dich3309/rnaseq-tnseq-enterococcus-analysis/analyses/04_annotation/structural/prokka_np/efaecium_e745:Gene	mutM	EFM745_1:2232253-2233089	EFM745_02284
/home/dich3309/rnaseq-tnseq-enterococcus-analysis/analyses/04_annotation/structural/prokka_np/efaecium_e745:Gene	coaE	EFM745_1:2233053-2233682	EFM745_02285
/home/dich3309/rnaseq-tnseq-enterococcus-analysis/analyses/04_annotation/structural/prokka_np/efaecium_e745:Gene	dnaB	EFM745_1:2234892-2236265	EFM745_02288
/home/dich3309/rnaseq-tnseq-enterococcus-analysis/analyses/04_annotation/structural/prokka_np/efaecium_e745:Gene	dnaI_1	EFM745_1:2236265-2236486	EFM745_02289
/home/dich3309/rnaseq-tnseq-enterococcus-analysis/analyses/04_annotation/structural/prokka_np/efaecium_e745:Gene	dnaI_2	EFM745_1:2236483-2237190	EFM745_02290
/home/dich3309/rnaseq-tnseq-enterococcus-analysis/analyses/04_annotation/structural/prokka_np/efaecium_e745:Gene	trmK	EFM745_1:2239425-2240126	EFM745_02293
/home/dich3309/rnaseq-tnseq-enterococcus-analysis/analyses/04_annotation/structural/prokka_np/efaecium_e745:Gene	EFM745_02294	EFM745_1:2240123-2240395	EFM745_02294
/home/dich3309/rnaseq-tnseq-enterococcus-analysis/analyses/04_annotation/structural/prokka_np/efaecium_e745:Gene	EFM745_02295	EFM745_1:2240377-2241243	EFM745_02295
/home/dich3309/rnaseq-tnseq-enterococcus-analysis/analyses/04_annotation/structural/prokka_np/efaecium_e745:Gene	EFM745_02301	EFM745_1:c2248576-2247905	EFM745_02301
/home/dich3309/rnaseq-tnseq-enterococcus-analysis/analyses/04_annotation/structural/prokka_np/efaecium_e745:Gene	EFM745_02302	EFM745_1:c2249063-2248569	EFM745_02302
/home/dich3309/rnaseq-tnseq-enterococcus-analysis/analyses/04_annotation/structural/prokka_np/efaecium_e745:Gene	licR_2	EFM745_1:2259652-2261520	EFM745_02312
/home/dich3309/rnaseq-tnseq-enterococcus-analysis/analyses/04_annotation/structural/prokka_np/efaecium_e745:Gene	EFM745_02313	EFM745_1:2261513-2262004	EFM745_02313
/home/dich3309/rnaseq-tnseq-enterococcus-analysis/analyses/04_annotation/structural/prokka_np/efaecium_e745:Gene	srlA	EFM745_1:2261992-2262546	EFM745_02314
/home/dich3309/rnaseq-tnseq-enterococcus-analysis/analyses/04_annotation/structural/prokka_np/efaecium_e745:Gene	srlB	EFM745_1:2265360-2265758	EFM745_02317
/home/dich3309/rnaseq-tnseq-enterococcus-analysis/analyses/04_annotation/structural/prokka_np/efaecium_e745:Gene	fsaA	EFM745_1:2265727-2266437	EFM745_02318
/home/dich3309/rnaseq-tnseq-enterococcus-analysis/analyses/04_annotation/structural/prokka_np/efaecium_e745:Gene	uxuA_1	EFM745_1:2284876-2285961	EFM745_02341
/home/dich3309/rnaseq-tnseq-enterococcus-analysis/analyses/04_annotation/structural/prokka_np/efaecium_e745:Gene	ppaX	EFM745_1:2285954-2286667	EFM745_02342
/home/dich3309/rnaseq-tnseq-enterococcus-analysis/analyses/04_annotation/structural/prokka_np/efaecium_e745:Gene	EFM745_02344	EFM745_1:2287260-2287665	EFM745_02344
/home/dich3309/rnaseq-tnseq-enterococcus-analysis/analyses/04_annotation/structural/prokka_np/efaecium_e745:Gene	cspL	EFM745_1:2287419-2287619	EFM745_02345
/home/dich3309/rnaseq-tnseq-enterococcus-analysis/analyses/04_annotation/structural/prokka_np/efaecium_e745:Gene	gspA_1	EFM745_1:2292632-2293489	EFM745_02354
/home/dich3309/rnaseq-tnseq-enterococcus-analysis/analyses/04_annotation/structural/prokka_np/efaecium_e745:Gene	gspA_2	EFM745_1:2293482-2294384	EFM745_02355
/home/dich3309/rnaseq-tnseq-enterococcus-analysis/analyses/04_annotation/structural/prokka_np/efaecium_e745:Gene	napA_1	EFM745_1:c2320306-2319698	EFM745_02384
/home/dich3309/rnaseq-tnseq-enterococcus-analysis/analyses/04_annotation/structural/prokka_np/efaecium_e745:Gene	napA_2	EFM745_1:c2320848-2320303	EFM745_02385
/home/dich3309/rnaseq-tnseq-enterococcus-analysis/analyses/04_annotation/structural/prokka_np/efaecium_e745:Gene	ahpF_1	EFM745_1:c2323169-2322138	EFM745_02388
/home/dich3309/rnaseq-tnseq-enterococcus-analysis/analyses/04_annotation/structural/prokka_np/efaecium_e745:Gene	ahpF_2	EFM745_1:c2323668-2323129	EFM745_02389
/home/dich3309/rnaseq-tnseq-enterococcus-analysis/analyses/04_annotation/structural/prokka_np/efaecium_e745:Gene	uxuA_2	EFM745_1:2325231-2327216	EFM745_02392
/home/dich3309/rnaseq-tnseq-enterococcus-analysis/analyses/04_annotation/structural/prokka_np/efaecium_e745:Gene	uxuA_3	EFM745_1:2327206-2327979	EFM745_02393
/home/dich3309/rnaseq-tnseq-enterococcus-analysis/analyses/04_annotation/structural/prokka_np/efaecium_e745:Gene	yckB	EFM745_1:2346307-2347143	EFM745_02411
/home/dich3309/rnaseq-tnseq-enterococcus-analysis/analyses/04_annotation/structural/prokka_np/efaecium_e745:Gene	yecS_2	EFM745_1:2347143-2347802	EFM745_02412
/home/dich3309/rnaseq-tnseq-enterococcus-analysis/analyses/04_annotation/structural/prokka_np/efaecium_e745:Gene	EFM745_02420	EFM745_1:2354506-2355423	EFM745_02420
/home/dich3309/rnaseq-tnseq-enterococcus-analysis/analyses/04_annotation/structural/prokka_np/efaecium_e745:Gene	EFM745_02421	EFM745_1:2355416-2356489	EFM745_02421
/home/dich3309/rnaseq-tnseq-enterococcus-analysis/analyses/04_annotation/structural/prokka_np/efaecium_e745:Gene	EFM745_02422	EFM745_1:2356637-2357155	EFM745_02422
/home/dich3309/rnaseq-tnseq-enterococcus-analysis/analyses/04_annotation/structural/prokka_np/efaecium_e745:Gene	EFM745_02423	EFM745_1:2357136-2357528	EFM745_02423
/home/dich3309/rnaseq-tnseq-enterococcus-analysis/analyses/04_annotation/structural/prokka_np/efaecium_e745:Gene	ygaZ_2	EFM745_1:2358672-2359451	EFM745_02425
/home/dich3309/rnaseq-tnseq-enterococcus-analysis/analyses/04_annotation/structural/prokka_np/efaecium_e745:Gene	EFM745_02426	EFM745_1:2359444-2359761	EFM745_02426
/home/dich3309/rnaseq-tnseq-enterococcus-analysis/analyses/04_annotation/structural/prokka_np/efaecium_e745:Gene	EFM745_02447	EFM745_1:2383735-2385156	EFM745_02447
/home/dich3309/rnaseq-tnseq-enterococcus-analysis/analyses/04_annotation/structural/prokka_np/efaecium_e745:Gene	EFM745_02448	EFM745_1:2385153-2387030	EFM745_02448
/home/dich3309/rnaseq-tnseq-enterococcus-analysis/analyses/04_annotation/structural/prokka_np/efaecium_e745:Gene	EFM745_02461	EFM745_1:c2401306-2400908	EFM745_02461
/home/dich3309/rnaseq-tnseq-enterococcus-analysis/analyses/04_annotation/structural/prokka_np/efaecium_e745:Gene	EFM745_02462	EFM745_1:c2401539-2401303	EFM745_02462
/home/dich3309/rnaseq-tnseq-enterococcus-analysis/analyses/04_annotation/structural/prokka_np/efaecium_e745:Gene	EFM745_02469	EFM745_1:c2409211-2408330	EFM745_02469
/home/dich3309/rnaseq-tnseq-enterococcus-analysis/analyses/04_annotation/structural/prokka_np/efaecium_e745:Gene	EFM745_02470	EFM745_1:c2410257-2409208	EFM745_02470
/home/dich3309/rnaseq-tnseq-enterococcus-analysis/analyses/04_annotation/structural/prokka_np/efaecium_e745:Gene	hdfR_3	EFM745_1:c2415353-2414451	EFM745_02474
/home/dich3309/rnaseq-tnseq-enterococcus-analysis/analyses/04_annotation/structural/prokka_np/efaecium_e745:Gene	cah	EFM745_1:c2416054-2415350	EFM745_02475
/home/dich3309/rnaseq-tnseq-enterococcus-analysis/analyses/04_annotation/structural/prokka_np/efaecium_e745:Gene	pyrF	EFM745_1:c2418418-2417702	EFM745_02478
/home/dich3309/rnaseq-tnseq-enterococcus-analysis/analyses/04_annotation/structural/prokka_np/efaecium_e745:Gene	pyrDB	EFM745_1:c2419347-2418415	EFM745_02479
/home/dich3309/rnaseq-tnseq-enterococcus-analysis/analyses/04_annotation/structural/prokka_np/efaecium_e745:Gene	pyrK_1	EFM745_1:c2419697-2419344	EFM745_02480
/home/dich3309/rnaseq-tnseq-enterococcus-analysis/analyses/04_annotation/structural/prokka_np/efaecium_e745:Gene	pyrK_2	EFM745_1:c2420118-2419672	EFM745_02481
/home/dich3309/rnaseq-tnseq-enterococcus-analysis/analyses/04_annotation/structural/prokka_np/efaecium_e745:Gene	rluD_2	EFM745_1:c2429663-2428752	EFM745_02489
/home/dich3309/rnaseq-tnseq-enterococcus-analysis/analyses/04_annotation/structural/prokka_np/efaecium_e745:Gene	lspA	EFM745_1:c2430124-2429660	EFM745_02490
/home/dich3309/rnaseq-tnseq-enterococcus-analysis/analyses/04_annotation/structural/prokka_np/efaecium_e745:Gene	EFM745_02491	EFM745_1:c2430827-2430129	EFM745_02491
/home/dich3309/rnaseq-tnseq-enterococcus-analysis/analyses/04_annotation/structural/prokka_np/efaecium_e745:Gene	EFM745_02492	EFM745_1:c2431200-2430814	EFM745_02492
/home/dich3309/rnaseq-tnseq-enterococcus-analysis/analyses/04_annotation/structural/prokka_np/efaecium_e745:Gene	EFM745_02507	EFM745_1:c2447593-2447369	EFM745_02507
/home/dich3309/rnaseq-tnseq-enterococcus-analysis/analyses/04_annotation/structural/prokka_np/efaecium_e745:Gene	yedJ	EFM745_1:c2448273-2447590	EFM745_02508
/home/dich3309/rnaseq-tnseq-enterococcus-analysis/analyses/04_annotation/structural/prokka_np/efaecium_e745:Gene	recU	EFM745_1:2452772-2453419	EFM745_02514
/home/dich3309/rnaseq-tnseq-enterococcus-analysis/analyses/04_annotation/structural/prokka_np/efaecium_e745:Gene	ponA_2	EFM745_1:2453409-2455790	EFM745_02515
/home/dich3309/rnaseq-tnseq-enterococcus-analysis/analyses/04_annotation/structural/prokka_np/efaecium_e745:Gene	hcaB	EFM745_1:c2475812-2475024	EFM745_02535
/home/dich3309/rnaseq-tnseq-enterococcus-analysis/analyses/04_annotation/structural/prokka_np/efaecium_e745:Gene	rnz	EFM745_1:c2476750-2475809	EFM745_02536
/home/dich3309/rnaseq-tnseq-enterococcus-analysis/analyses/04_annotation/structural/prokka_np/efaecium_e745:Gene	addA	EFM745_1:c2504367-2500645	EFM745_02560
/home/dich3309/rnaseq-tnseq-enterococcus-analysis/analyses/04_annotation/structural/prokka_np/efaecium_e745:Gene	addB	EFM745_1:c2507891-2504364	EFM745_02561
/home/dich3309/rnaseq-tnseq-enterococcus-analysis/analyses/04_annotation/structural/prokka_np/efaecium_e745:Gene	dtpT_1	EFM745_1:c2510422-2509592	EFM745_02563
/home/dich3309/rnaseq-tnseq-enterococcus-analysis/analyses/04_annotation/structural/prokka_np/efaecium_e745:Gene	dtpT_2	EFM745_1:c2510850-2510419	EFM745_02564
/home/dich3309/rnaseq-tnseq-enterococcus-analysis/analyses/04_annotation/structural/prokka_np/efaecium_e745:Gene	comEC	EFM745_1:c2534969-2532696	EFM745_02594
/home/dich3309/rnaseq-tnseq-enterococcus-analysis/analyses/04_annotation/structural/prokka_np/efaecium_e745:Gene	tadA_2	EFM745_1:c2535501-2534962	EFM745_02595
/home/dich3309/rnaseq-tnseq-enterococcus-analysis/analyses/04_annotation/structural/prokka_np/efaecium_e745:Gene	EFM745_02596	EFM745_1:c2535855-2535637	EFM745_02596
/home/dich3309/rnaseq-tnseq-enterococcus-analysis/analyses/04_annotation/structural/prokka_np/efaecium_e745:Gene	EFM745_02597	EFM745_1:c2536097-2535852	EFM745_02597
/home/dich3309/rnaseq-tnseq-enterococcus-analysis/analyses/04_annotation/structural/prokka_np/efaecium_e745:Gene	ylbL	EFM745_1:c2538143-2537100	EFM745_02599
/home/dich3309/rnaseq-tnseq-enterococcus-analysis/analyses/04_annotation/structural/prokka_np/efaecium_e745:Gene	coaD	EFM745_1:c2538624-2538133	EFM745_02600
/home/dich3309/rnaseq-tnseq-enterococcus-analysis/analyses/04_annotation/structural/prokka_np/efaecium_e745:Gene	rsmD	EFM745_1:c2539181-2538621	EFM745_02601
/home/dich3309/rnaseq-tnseq-enterococcus-analysis/analyses/04_annotation/structural/prokka_np/efaecium_e745:Gene	EFM745_02602	EFM745_1:c2539638-2539300	EFM745_02602
/home/dich3309/rnaseq-tnseq-enterococcus-analysis/analyses/04_annotation/structural/prokka_np/efaecium_e745:Gene	EFM745_02603	EFM745_1:c2540068-2539622	EFM745_02603
/home/dich3309/rnaseq-tnseq-enterococcus-analysis/analyses/04_annotation/structural/prokka_np/efaecium_e745:Gene	EFM745_02604	EFM745_1:c2541173-2540049	EFM745_02604
/home/dich3309/rnaseq-tnseq-enterococcus-analysis/analyses/04_annotation/structural/prokka_np/efaecium_e745:Gene	EFM745_02622	EFM745_1:2565149-2566600	EFM745_02622
/home/dich3309/rnaseq-tnseq-enterococcus-analysis/analyses/04_annotation/structural/prokka_np/efaecium_e745:Gene	rhaR_6	EFM745_1:2566593-2568158	EFM745_02623
/home/dich3309/rnaseq-tnseq-enterococcus-analysis/analyses/04_annotation/structural/prokka_np/efaecium_e745:Gene	purH	EFM745_1:c2572152-2570617	EFM745_02626
/home/dich3309/rnaseq-tnseq-enterococcus-analysis/analyses/04_annotation/structural/prokka_np/efaecium_e745:Gene	purN	EFM745_1:c2572727-2572149	EFM745_02627
/home/dich3309/rnaseq-tnseq-enterococcus-analysis/analyses/04_annotation/structural/prokka_np/efaecium_e745:Gene	purM	EFM745_1:c2573776-2572724	EFM745_02628
/home/dich3309/rnaseq-tnseq-enterococcus-analysis/analyses/04_annotation/structural/prokka_np/efaecium_e745:Gene	purF	EFM745_1:c2575238-2573799	EFM745_02629
/home/dich3309/rnaseq-tnseq-enterococcus-analysis/analyses/04_annotation/structural/prokka_np/efaecium_e745:Gene	purL	EFM745_1:c2577445-2575223	EFM745_02630
/home/dich3309/rnaseq-tnseq-enterococcus-analysis/analyses/04_annotation/structural/prokka_np/efaecium_e745:Gene	purS	EFM745_1:c2578373-2578119	EFM745_02632
/home/dich3309/rnaseq-tnseq-enterococcus-analysis/analyses/04_annotation/structural/prokka_np/efaecium_e745:Gene	purC	EFM745_1:c2579101-2578373	EFM745_02633
/home/dich3309/rnaseq-tnseq-enterococcus-analysis/analyses/04_annotation/structural/prokka_np/efaecium_e745:Gene	purK	EFM745_1:c2582346-2581222	EFM745_02636
/home/dich3309/rnaseq-tnseq-enterococcus-analysis/analyses/04_annotation/structural/prokka_np/efaecium_e745:Gene	purE	EFM745_1:c2582827-2582339	EFM745_02637
/home/dich3309/rnaseq-tnseq-enterococcus-analysis/analyses/04_annotation/structural/prokka_np/efaecium_e745:Gene	yteT	EFM745_1:c2586998-2585706	EFM745_02641
/home/dich3309/rnaseq-tnseq-enterococcus-analysis/analyses/04_annotation/structural/prokka_np/efaecium_e745:Gene	EFM745_02642	EFM745_1:c2587618-2586995	EFM745_02642
/home/dich3309/rnaseq-tnseq-enterococcus-analysis/analyses/04_annotation/structural/prokka_np/efaecium_e745:Gene	EFM745_02648	EFM745_1:c2593495-2592671	EFM745_02648
/home/dich3309/rnaseq-tnseq-enterococcus-analysis/analyses/04_annotation/structural/prokka_np/efaecium_e745:Gene	EFM745_02649	EFM745_1:c2594048-2593488	EFM745_02649
/home/dich3309/rnaseq-tnseq-enterococcus-analysis/analyses/04_annotation/structural/prokka_np/efaecium_e745:Gene	dcuS_1	EFM745_1:2599438-2600310	EFM745_02655
/home/dich3309/rnaseq-tnseq-enterococcus-analysis/analyses/04_annotation/structural/prokka_np/efaecium_e745:Gene	dcuS_2	EFM745_1:2600301-2601086	EFM745_02656
/home/dich3309/rnaseq-tnseq-enterococcus-analysis/analyses/04_annotation/structural/prokka_np/efaecium_e745:Gene	dcuR	EFM745_1:2601055-2601771	EFM745_02657
/home/dich3309/rnaseq-tnseq-enterococcus-analysis/analyses/04_annotation/structural/prokka_np/efaecium_e745:Gene	ycfH	EFM745_1:c2614800-2614078	EFM745_02673
/home/dich3309/rnaseq-tnseq-enterococcus-analysis/analyses/04_annotation/structural/prokka_np/efaecium_e745:Gene	ssuB	EFM745_1:c2615527-2614790	EFM745_02674
/home/dich3309/rnaseq-tnseq-enterococcus-analysis/analyses/04_annotation/structural/prokka_np/efaecium_e745:Gene	garB	EFM745_1:c2618852-2617530	EFM745_02678
/home/dich3309/rnaseq-tnseq-enterococcus-analysis/analyses/04_annotation/structural/prokka_np/efaecium_e745:Gene	EFM745_02679	EFM745_1:c2619147-2618839	EFM745_02679
/home/dich3309/rnaseq-tnseq-enterococcus-analysis/analyses/04_annotation/structural/prokka_np/efaecium_e745:Gene	opuCA_2	EFM745_1:c2619805-2619113	EFM745_02680
/home/dich3309/rnaseq-tnseq-enterococcus-analysis/analyses/04_annotation/structural/prokka_np/efaecium_e745:Gene	EFM745_02681	EFM745_1:c2621340-2619802	EFM745_02681
/home/dich3309/rnaseq-tnseq-enterococcus-analysis/analyses/04_annotation/structural/prokka_np/efaecium_e745:Gene	rnhB	EFM745_1:c2649785-2649018	EFM745_02706
/home/dich3309/rnaseq-tnseq-enterococcus-analysis/analyses/04_annotation/structural/prokka_np/efaecium_e745:Gene	rbgA	EFM745_1:c2650638-2649778	EFM745_02707
/home/dich3309/rnaseq-tnseq-enterococcus-analysis/analyses/04_annotation/structural/prokka_np/efaecium_e745:Gene	EFM745_02711	EFM745_1:c2653088-2652861	EFM745_02711
/home/dich3309/rnaseq-tnseq-enterococcus-analysis/analyses/04_annotation/structural/prokka_np/efaecium_e745:Gene	msrA_2	EFM745_1:c2653603-2653085	EFM745_02712
/home/dich3309/rnaseq-tnseq-enterococcus-analysis/analyses/04_annotation/structural/prokka_np/efaecium_e745:Gene	recQ_2	EFM745_1:c2676065-2674662	EFM745_02734
/home/dich3309/rnaseq-tnseq-enterococcus-analysis/analyses/04_annotation/structural/prokka_np/efaecium_e745:Gene	EFM745_02735	EFM745_1:c2677083-2676052	EFM745_02735
/home/dich3309/rnaseq-tnseq-enterococcus-analysis/analyses/04_annotation/structural/prokka_np/efaecium_e745:Gene	scpB	EFM745_1:c2684100-2683531	EFM745_02743
/home/dich3309/rnaseq-tnseq-enterococcus-analysis/analyses/04_annotation/structural/prokka_np/efaecium_e745:Gene	scpA	EFM745_1:c2684881-2684084	EFM745_02744
/home/dich3309/rnaseq-tnseq-enterococcus-analysis/analyses/04_annotation/structural/prokka_np/efaecium_e745:Gene	ribT	EFM745_1:c2685222-2684851	EFM745_02745
/home/dich3309/rnaseq-tnseq-enterococcus-analysis/analyses/04_annotation/structural/prokka_np/efaecium_e745:Gene	xerD	EFM745_1:c2686128-2685241	EFM745_02746
/home/dich3309/rnaseq-tnseq-enterococcus-analysis/analyses/04_annotation/structural/prokka_np/efaecium_e745:Gene	EFM745_02747	EFM745_1:c2686255-2686085	EFM745_02747
/home/dich3309/rnaseq-tnseq-enterococcus-analysis/analyses/04_annotation/structural/prokka_np/efaecium_e745:Gene	fur	EFM745_1:c2686691-2686224	EFM745_02748
/home/dich3309/rnaseq-tnseq-enterococcus-analysis/analyses/04_annotation/structural/prokka_np/efaecium_e745:Gene	mvaA	EFM745_1:c2709529-2708267	EFM745_02765
/home/dich3309/rnaseq-tnseq-enterococcus-analysis/analyses/04_annotation/structural/prokka_np/efaecium_e745:Gene	thlA	EFM745_1:c2710709-2709489	EFM745_02766
/home/dich3309/rnaseq-tnseq-enterococcus-analysis/analyses/04_annotation/structural/prokka_np/efaecium_e745:Gene	lacR_2	EFM745_1:2731311-2732102	EFM745_02787
/home/dich3309/rnaseq-tnseq-enterococcus-analysis/analyses/04_annotation/structural/prokka_np/efaecium_e745:Gene	lacC_2	EFM745_1:2732068-2733021	EFM745_02788
/home/dich3309/rnaseq-tnseq-enterococcus-analysis/analyses/04_annotation/structural/prokka_np/efaecium_e745:Gene	dgaE	EFM745_1:c2743263-2742172	EFM745_02797
/home/dich3309/rnaseq-tnseq-enterococcus-analysis/analyses/04_annotation/structural/prokka_np/efaecium_e745:Gene	EFM745_02798	EFM745_1:c2744359-2743253	EFM745_02798
/home/dich3309/rnaseq-tnseq-enterococcus-analysis/analyses/04_annotation/structural/prokka_np/efaecium_e745:Gene	EFM745_02804	EFM745_1:c2748731-2748399	EFM745_02804
/home/dich3309/rnaseq-tnseq-enterococcus-analysis/analyses/04_annotation/structural/prokka_np/efaecium_e745:Gene	EFM745_02805	EFM745_1:c2750593-2748731	EFM745_02805
/home/dich3309/rnaseq-tnseq-enterococcus-analysis/analyses/04_annotation/structural/prokka_np/efaecium_e745:Gene	araD	EFM745_1:c2754273-2753563	EFM745_02810
/home/dich3309/rnaseq-tnseq-enterococcus-analysis/analyses/04_annotation/structural/prokka_np/efaecium_e745:Gene	ulaE	EFM745_1:c2755123-2754263	EFM745_02811
/home/dich3309/rnaseq-tnseq-enterococcus-analysis/analyses/04_annotation/structural/prokka_np/efaecium_e745:Gene	EFM745_02857	EFM745_2:13831-14091	EFM745_02857
/home/dich3309/rnaseq-tnseq-enterococcus-analysis/analyses/04_annotation/structural/prokka_np/efaecium_e745:Gene	EFM745_02858	EFM745_2:14088-16178	EFM745_02858
/home/dich3309/rnaseq-tnseq-enterococcus-analysis/analyses/04_annotation/structural/prokka_np/efaecium_e745:Gene	EFM745_02859	EFM745_2:16235-16669	EFM745_02859
/home/dich3309/rnaseq-tnseq-enterococcus-analysis/analyses/04_annotation/structural/prokka_np/efaecium_e745:Gene	EFM745_02860	EFM745_2:16666-16908	EFM745_02860
/home/dich3309/rnaseq-tnseq-enterococcus-analysis/analyses/04_annotation/structural/prokka_np/efaecium_e745:Gene	EFM745_02862	EFM745_2:17298-19361	EFM745_02862
/home/dich3309/rnaseq-tnseq-enterococcus-analysis/analyses/04_annotation/structural/prokka_np/efaecium_e745:Gene	EFM745_02863	EFM745_2:19361-21190	EFM745_02863
/home/dich3309/rnaseq-tnseq-enterococcus-analysis/analyses/04_annotation/structural/prokka_np/efaecium_e745:Gene	EFM745_02867	EFM745_2:23927-24718	EFM745_02867
/home/dich3309/rnaseq-tnseq-enterococcus-analysis/analyses/04_annotation/structural/prokka_np/efaecium_e745:Gene	EFM745_02868	EFM745_2:24715-27087	EFM745_02868
/home/dich3309/rnaseq-tnseq-enterococcus-analysis/analyses/04_annotation/structural/prokka_np/efaecium_e745:Gene	EFM745_02871	EFM745_2:28082-28234	EFM745_02871
/home/dich3309/rnaseq-tnseq-enterococcus-analysis/analyses/04_annotation/structural/prokka_np/efaecium_e745:Gene	EFM745_02872	EFM745_2:28228-30252	EFM745_02872
/home/dich3309/rnaseq-tnseq-enterococcus-analysis/analyses/04_annotation/structural/prokka_np/efaecium_e745:Gene	EFM745_02873	EFM745_2:30252-31457	EFM745_02873
/home/dich3309/rnaseq-tnseq-enterococcus-analysis/analyses/04_annotation/structural/prokka_np/efaecium_e745:Gene	EFM745_02896	EFM745_2:49329-49535	EFM745_02896
/home/dich3309/rnaseq-tnseq-enterococcus-analysis/analyses/04_annotation/structural/prokka_np/efaecium_e745:Gene	EFM745_02897	EFM745_2:49535-49786	EFM745_02897
/home/dich3309/rnaseq-tnseq-enterococcus-analysis/analyses/04_annotation/structural/prokka_np/efaecium_e745:Gene	EFM745_02904	EFM745_2:53320-53583	EFM745_02904
/home/dich3309/rnaseq-tnseq-enterococcus-analysis/analyses/04_annotation/structural/prokka_np/efaecium_e745:Gene	EFM745_02905	EFM745_2:53567-53857	EFM745_02905
/home/dich3309/rnaseq-tnseq-enterococcus-analysis/analyses/04_annotation/structural/prokka_np/efaecium_e745:Gene	EFM745_02915	EFM745_2:c63489-63310	EFM745_02915
/home/dich3309/rnaseq-tnseq-enterococcus-analysis/analyses/04_annotation/structural/prokka_np/efaecium_e745:Gene	EFM745_02916	EFM745_2:c63661-63479	EFM745_02916
/home/dich3309/rnaseq-tnseq-enterococcus-analysis/analyses/04_annotation/structural/prokka_np/efaecium_e745:Gene	EFM745_02919	EFM745_2:c66326-65907	EFM745_02919
/home/dich3309/rnaseq-tnseq-enterococcus-analysis/analyses/04_annotation/structural/prokka_np/efaecium_e745:Gene	EFM745_02920	EFM745_2:c66558-66274	EFM745_02920
/home/dich3309/rnaseq-tnseq-enterococcus-analysis/analyses/04_annotation/structural/prokka_np/efaecium_e745:Gene	EFM745_02958	EFM745_2:111360-111896	EFM745_02958
/home/dich3309/rnaseq-tnseq-enterococcus-analysis/analyses/04_annotation/structural/prokka_np/efaecium_e745:Gene	EFM745_02959	EFM745_2:111893-112462	EFM745_02959
/home/dich3309/rnaseq-tnseq-enterococcus-analysis/analyses/04_annotation/structural/prokka_np/efaecium_e745:Gene	EFM745_02967	EFM745_2:c121071-119752	EFM745_02967
/home/dich3309/rnaseq-tnseq-enterococcus-analysis/analyses/04_annotation/structural/prokka_np/efaecium_e745:Gene	qseB	EFM745_2:c121721-121068	EFM745_02968
/home/dich3309/rnaseq-tnseq-enterococcus-analysis/analyses/04_annotation/structural/prokka_np/efaecium_e745:Gene	guaA_2	EFM745_2:123290-124903	EFM745_02970
/home/dich3309/rnaseq-tnseq-enterococcus-analysis/analyses/04_annotation/structural/prokka_np/efaecium_e745:Gene	EFM745_02971	EFM745_2:124889-125021	EFM745_02971
/home/dich3309/rnaseq-tnseq-enterococcus-analysis/analyses/04_annotation/structural/prokka_np/efaecium_e745:Gene	EFM745_02973	EFM745_2:c127896-126235	EFM745_02973
/home/dich3309/rnaseq-tnseq-enterococcus-analysis/analyses/04_annotation/structural/prokka_np/efaecium_e745:Gene	ebgA	EFM745_2:c130874-127893	EFM745_02974
/home/dich3309/rnaseq-tnseq-enterococcus-analysis/analyses/04_annotation/structural/prokka_np/efaecium_e745:Gene	EFM745_02980	EFM745_2:137194-138768	EFM745_02980
/home/dich3309/rnaseq-tnseq-enterococcus-analysis/analyses/04_annotation/structural/prokka_np/efaecium_e745:Gene	EFM745_02981	EFM745_2:138746-139474	EFM745_02981
/home/dich3309/rnaseq-tnseq-enterococcus-analysis/analyses/04_annotation/structural/prokka_np/efaecium_e745:Gene	EFM745_02984	EFM745_2:c143222-142392	EFM745_02984
/home/dich3309/rnaseq-tnseq-enterococcus-analysis/analyses/04_annotation/structural/prokka_np/efaecium_e745:Gene	EFM745_02985	EFM745_2:c144034-143219	EFM745_02985
/home/dich3309/rnaseq-tnseq-enterococcus-analysis/analyses/04_annotation/structural/prokka_np/efaecium_e745:Gene	EFM745_02986	EFM745_2:c144855-144031	EFM745_02986
/home/dich3309/rnaseq-tnseq-enterococcus-analysis/analyses/04_annotation/structural/prokka_np/efaecium_e745:Gene	EFM745_02987	EFM745_2:c145945-144845	EFM745_02987
/home/dich3309/rnaseq-tnseq-enterococcus-analysis/analyses/04_annotation/structural/prokka_np/efaecium_e745:Gene	EFM745_02998	EFM745_2:c156595-155219	EFM745_02998
/home/dich3309/rnaseq-tnseq-enterococcus-analysis/analyses/04_annotation/structural/prokka_np/efaecium_e745:Gene	EFM745_02999	EFM745_2:c157251-156595	EFM745_02999
/home/dich3309/rnaseq-tnseq-enterococcus-analysis/analyses/04_annotation/structural/prokka_np/efaecium_e745:Gene	resA	EFM745_2:c160644-160057	EFM745_03003
/home/dich3309/rnaseq-tnseq-enterococcus-analysis/analyses/04_annotation/structural/prokka_np/efaecium_e745:Gene	EFM745_03004	EFM745_2:c161128-160595	EFM745_03004
/home/dich3309/rnaseq-tnseq-enterococcus-analysis/analyses/04_annotation/structural/prokka_np/efaecium_e745:Gene	EFM745_03026	EFM745_2:c181106-180810	EFM745_03026
/home/dich3309/rnaseq-tnseq-enterococcus-analysis/analyses/04_annotation/structural/prokka_np/efaecium_e745:Gene	EFM745_03027	EFM745_2:c181945-181067	EFM745_03027
/home/dich3309/rnaseq-tnseq-enterococcus-analysis/analyses/04_annotation/structural/prokka_np/efaecium_e745:Gene	EFM745_03028	EFM745_2:c182901-181942	EFM745_03028
/home/dich3309/rnaseq-tnseq-enterococcus-analysis/analyses/04_annotation/structural/prokka_np/efaecium_e745:Gene	manZ_7	EFM745_2:c193674-192865	EFM745_03036
/home/dich3309/rnaseq-tnseq-enterococcus-analysis/analyses/04_annotation/structural/prokka_np/efaecium_e745:Gene	sorA_3	EFM745_2:c194420-193674	EFM745_03037
/home/dich3309/rnaseq-tnseq-enterococcus-analysis/analyses/04_annotation/structural/prokka_np/efaecium_e745:Gene	EFM745_03038	EFM745_2:c194904-194371	EFM745_03038
/home/dich3309/rnaseq-tnseq-enterococcus-analysis/analyses/04_annotation/structural/prokka_np/efaecium_e745:Gene	EFM745_03041	EFM745_2:196552-196833	EFM745_03041
/home/dich3309/rnaseq-tnseq-enterococcus-analysis/analyses/04_annotation/structural/prokka_np/efaecium_e745:Gene	fadR	EFM745_2:196788-197966	EFM745_03042
/home/dich3309/rnaseq-tnseq-enterococcus-analysis/analyses/04_annotation/structural/prokka_np/efaecium_e745:Gene	EFM745_03045	EFM745_2:c199900-199391	EFM745_03045
/home/dich3309/rnaseq-tnseq-enterococcus-analysis/analyses/04_annotation/structural/prokka_np/efaecium_e745:Gene	EFM745_03046	EFM745_2:c200214-199894	EFM745_03046
/home/dich3309/rnaseq-tnseq-enterococcus-analysis/analyses/04_annotation/structural/prokka_np/efaecium_e745:Gene	EFM745_03051	EFM745_2:c205904-205596	EFM745_03051
/home/dich3309/rnaseq-tnseq-enterococcus-analysis/analyses/04_annotation/structural/prokka_np/efaecium_e745:Gene	manZ_8	EFM745_2:c206394-205870	EFM745_03052
/home/dich3309/rnaseq-tnseq-enterococcus-analysis/analyses/04_annotation/structural/prokka_np/efaecium_e745:Gene	manX_6	EFM745_2:c207665-207195	EFM745_03054
/home/dich3309/rnaseq-tnseq-enterococcus-analysis/analyses/04_annotation/structural/prokka_np/efaecium_e745:Gene	EFM745_03055	EFM745_2:c208078-207662	EFM745_03055
/home/dich3309/rnaseq-tnseq-enterococcus-analysis/analyses/04_annotation/structural/prokka_np/efaecium_e745:Gene	EFM745_03060	EFM745_2:211531-212955	EFM745_03060
/home/dich3309/rnaseq-tnseq-enterococcus-analysis/analyses/04_annotation/structural/prokka_np/efaecium_e745:Gene	EFM745_03061	EFM745_2:212955-213560	EFM745_03061
/home/dich3309/rnaseq-tnseq-enterococcus-analysis/analyses/04_annotation/structural/prokka_np/efaecium_e745:Gene	EFM745_03062	EFM745_2:c213903-213583	EFM745_03062
/home/dich3309/rnaseq-tnseq-enterococcus-analysis/analyses/04_annotation/structural/prokka_np/efaecium_e745:Gene	EFM745_03063	EFM745_2:c214262-213903	EFM745_03063
/home/dich3309/rnaseq-tnseq-enterococcus-analysis/analyses/04_annotation/structural/prokka_np/efaecium_e745:Gene	EFM745_03069	EFM745_3:c2116-1463	EFM745_03069
/home/dich3309/rnaseq-tnseq-enterococcus-analysis/analyses/04_annotation/structural/prokka_np/efaecium_e745:Gene	EFM745_03070	EFM745_3:c2868-2113	EFM745_03070
/home/dich3309/rnaseq-tnseq-enterococcus-analysis/analyses/04_annotation/structural/prokka_np/efaecium_e745:Gene	EFM745_03075	EFM745_3:c6668-6327	EFM745_03075
/home/dich3309/rnaseq-tnseq-enterococcus-analysis/analyses/04_annotation/structural/prokka_np/efaecium_e745:Gene	EFM745_03076	EFM745_3:c6963-6655	EFM745_03076
/home/dich3309/rnaseq-tnseq-enterococcus-analysis/analyses/04_annotation/structural/prokka_np/efaecium_e745:Gene	EFM745_03084	EFM745_3:c12699-12595	EFM745_03084
/home/dich3309/rnaseq-tnseq-enterococcus-analysis/analyses/04_annotation/structural/prokka_np/efaecium_e745:Gene	EFM745_03085	EFM745_3:c13046-12696	EFM745_03085
/home/dich3309/rnaseq-tnseq-enterococcus-analysis/analyses/04_annotation/structural/prokka_np/efaecium_e745:Gene	umuC_2	EFM745_3:c14364-13039	EFM745_03086
/home/dich3309/rnaseq-tnseq-enterococcus-analysis/analyses/04_annotation/structural/prokka_np/efaecium_e745:Gene	pemK	EFM745_3:c15802-15452	EFM745_03088
/home/dich3309/rnaseq-tnseq-enterococcus-analysis/analyses/04_annotation/structural/prokka_np/efaecium_e745:Gene	EFM745_03089	EFM745_3:c16059-15796	EFM745_03089
/home/dich3309/rnaseq-tnseq-enterococcus-analysis/analyses/04_annotation/structural/prokka_np/efaecium_e745:Gene	EFM745_03093	EFM745_3:c17666-16959	EFM745_03093
/home/dich3309/rnaseq-tnseq-enterococcus-analysis/analyses/04_annotation/structural/prokka_np/efaecium_e745:Gene	EFM745_03094	EFM745_3:c18096-17659	EFM745_03094
/home/dich3309/rnaseq-tnseq-enterococcus-analysis/analyses/04_annotation/structural/prokka_np/efaecium_e745:Gene	EFM745_03095	EFM745_3:c18362-18111	EFM745_03095
/home/dich3309/rnaseq-tnseq-enterococcus-analysis/analyses/04_annotation/structural/prokka_np/efaecium_e745:Gene	EFM745_03096	EFM745_3:c18568-18362	EFM745_03096
/home/dich3309/rnaseq-tnseq-enterococcus-analysis/analyses/04_annotation/structural/prokka_np/efaecium_e745:Gene	EFM745_03108	EFM745_4:c825-424	EFM745_03108
/home/dich3309/rnaseq-tnseq-enterococcus-analysis/analyses/04_annotation/structural/prokka_np/efaecium_e745:Gene	EFM745_03109	EFM745_4:c1559-822	EFM745_03109
/home/dich3309/rnaseq-tnseq-enterococcus-analysis/analyses/04_annotation/structural/prokka_np/efaecium_e745:Gene	EFM745_03113	EFM745_4:c5162-4833	EFM745_03113
/home/dich3309/rnaseq-tnseq-enterococcus-analysis/analyses/04_annotation/structural/prokka_np/efaecium_e745:Gene	EFM745_03114	EFM745_4:c5623-5144	EFM745_03114
/home/dich3309/rnaseq-tnseq-enterococcus-analysis/analyses/04_annotation/structural/prokka_np/efaecium_e745:Gene	EFM745_03119	EFM745_4:c7503-7141	EFM745_03119
/home/dich3309/rnaseq-tnseq-enterococcus-analysis/analyses/04_annotation/structural/prokka_np/efaecium_e745:Gene	EFM745_03120	EFM745_4:c7946-7482	EFM745_03120
/home/dich3309/rnaseq-tnseq-enterococcus-analysis/analyses/04_annotation/structural/prokka_np/efaecium_e745:Gene	EFM745_03122	EFM745_4:c9141-8617	EFM745_03122
/home/dich3309/rnaseq-tnseq-enterococcus-analysis/analyses/04_annotation/structural/prokka_np/efaecium_e745:Gene	EFM745_03123	EFM745_4:c9244-9110	EFM745_03123
/home/dich3309/rnaseq-tnseq-enterococcus-analysis/analyses/04_annotation/structural/prokka_np/efaecium_e745:Gene	EFM745_03124	EFM745_4:c9789-9241	EFM745_03124
/home/dich3309/rnaseq-tnseq-enterococcus-analysis/analyses/04_annotation/structural/prokka_np/efaecium_e745:Gene	EFM745_03125	EFM745_4:c10143-9823	EFM745_03125
/home/dich3309/rnaseq-tnseq-enterococcus-analysis/analyses/04_annotation/structural/prokka_np/efaecium_e745:Gene	EFM745_03126	EFM745_4:c10342-10136	EFM745_03126
/home/dich3309/rnaseq-tnseq-enterococcus-analysis/analyses/04_annotation/structural/prokka_np/efaecium_e745:Gene	EFM745_03128	EFM745_4:c11116-10997	EFM745_03128
/home/dich3309/rnaseq-tnseq-enterococcus-analysis/analyses/04_annotation/structural/prokka_np/efaecium_e745:Gene	EFM745_03129	EFM745_4:c11592-11101	EFM745_03129
/home/dich3309/rnaseq-tnseq-enterococcus-analysis/analyses/04_annotation/structural/prokka_np/efaecium_e745:Gene	EFM745_03133	EFM745_4:c13907-13683	EFM745_03133
/home/dich3309/rnaseq-tnseq-enterococcus-analysis/analyses/04_annotation/structural/prokka_np/efaecium_e745:Gene	EFM745_03134	EFM745_4:c14130-13864	EFM745_03134
/home/dich3309/rnaseq-tnseq-enterococcus-analysis/analyses/04_annotation/structural/prokka_np/efaecium_e745:Gene	vanH_1	EFM745_5:4974-5942	EFM745_03143
/home/dich3309/rnaseq-tnseq-enterococcus-analysis/analyses/04_annotation/structural/prokka_np/efaecium_e745:Gene	vanA_1	EFM745_5:5935-6966	EFM745_03144
/home/dich3309/rnaseq-tnseq-enterococcus-analysis/analyses/04_annotation/structural/prokka_np/efaecium_e745:Gene	bin3_2	EFM745_5:12544-13161	EFM745_03152
/home/dich3309/rnaseq-tnseq-enterococcus-analysis/analyses/04_annotation/structural/prokka_np/efaecium_e745:Gene	EFM745_03153	EFM745_5:13161-13253	EFM745_03153
/home/dich3309/rnaseq-tnseq-enterococcus-analysis/analyses/04_annotation/structural/prokka_np/efaecium_e745:Gene	EFM745_03173	EFM745_5:c29046-28627	EFM745_03173
/home/dich3309/rnaseq-tnseq-enterococcus-analysis/analyses/04_annotation/structural/prokka_np/efaecium_e745:Gene	repN	EFM745_5:c29534-29043	EFM745_03174
/home/dich3309/rnaseq-tnseq-enterococcus-analysis/analyses/04_annotation/structural/prokka_np/efaecium_e745:Gene	EFM745_03177	EFM745_5:c31062-30787	EFM745_03177
/home/dich3309/rnaseq-tnseq-enterococcus-analysis/analyses/04_annotation/structural/prokka_np/efaecium_e745:Gene	soj_2	EFM745_5:c31987-31034	EFM745_03178
/home/dich3309/rnaseq-tnseq-enterococcus-analysis/analyses/04_annotation/structural/prokka_np/efaecium_e745:Gene	vanH_2	EFM745_5:37396-38364	EFM745_03184
/home/dich3309/rnaseq-tnseq-enterococcus-analysis/analyses/04_annotation/structural/prokka_np/efaecium_e745:Gene	vanA_2	EFM745_5:38357-39388	EFM745_03185
/home/dich3309/rnaseq-tnseq-enterococcus-analysis/analyses/04_annotation/structural/prokka_np/efaecium_e745:Gene	EFM745_03187	EFM745_6:c669-271	EFM745_03187
/home/dich3309/rnaseq-tnseq-enterococcus-analysis/analyses/04_annotation/structural/prokka_np/efaecium_e745:Gene	EFM745_03188	EFM745_6:c1183-647	EFM745_03188
/home/dich3309/rnaseq-tnseq-enterococcus-analysis/analyses/04_annotation/structural/prokka_np/efaecium_e745:Gene	EFM745_03189	EFM745_6:c1475-1215	EFM745_03189
/home/dich3309/rnaseq-tnseq-enterococcus-analysis/analyses/04_annotation/structural/prokka_np/efaecium_e745:Gene	EFM745_03190	EFM745_6:c3499-1475	EFM745_03190
/home/dich3309/rnaseq-tnseq-enterococcus-analysis/analyses/04_annotation/structural/prokka_np/efaecium_e745:Gene	EFM745_03191	EFM745_6:c3645-3493	EFM745_03191
/home/dich3309/rnaseq-tnseq-enterococcus-analysis/analyses/04_annotation/structural/prokka_np/efaecium_e745:Gene	EFM745_03194	EFM745_6:c7012-4640	EFM745_03194
/home/dich3309/rnaseq-tnseq-enterococcus-analysis/analyses/04_annotation/structural/prokka_np/efaecium_e745:Gene	EFM745_03195	EFM745_6:c7800-7009	EFM745_03195
/home/dich3309/rnaseq-tnseq-enterococcus-analysis/analyses/04_annotation/structural/prokka_np/efaecium_e745:Gene	EFM745_03199	EFM745_6:c11751-10537	EFM745_03199
/home/dich3309/rnaseq-tnseq-enterococcus-analysis/analyses/04_annotation/structural/prokka_np/efaecium_e745:Gene	EFM745_03200	EFM745_6:c12104-11745	EFM745_03200
/home/dich3309/rnaseq-tnseq-enterococcus-analysis/analyses/04_annotation/structural/prokka_np/efaecium_e745:Gene	EFM745_03201	EFM745_6:c12367-12125	EFM745_03201
/home/dich3309/rnaseq-tnseq-enterococcus-analysis/analyses/04_annotation/structural/prokka_np/efaecium_e745:Gene	EFM745_03202	EFM745_6:c14238-12367	EFM745_03202
/home/dich3309/rnaseq-tnseq-enterococcus-analysis/analyses/04_annotation/structural/prokka_np/efaecium_e745:Gene	EFM745_03205	EFM745_7:c1538-1122	EFM745_03205
/home/dich3309/rnaseq-tnseq-enterococcus-analysis/analyses/04_annotation/structural/prokka_np/efaecium_e745:Gene	EFM745_03206	EFM745_7:c1801-1508	EFM745_03206
/home/dich3309/rnaseq-tnseq-enterococcus-analysis/analyses/04_annotation/structural/prokka_np/efaecium_e745:Gene	EFM745_03210	EFM745_7:3249-3518	EFM745_03210
/home/dich3309/rnaseq-tnseq-enterococcus-analysis/analyses/04_annotation/structural/prokka_np/efaecium_e745:Gene	yoeB_1	EFM745_7:3511-3768	EFM745_03211
/home/dich3309/rnaseq-tnseq-enterococcus-analysis/analyses/04_annotation/structural/prokka_np/efaecium_e745:Gene	umuC_3	EFM745_7:6457-7782	EFM745_03216
/home/dich3309/rnaseq-tnseq-enterococcus-analysis/analyses/04_annotation/structural/prokka_np/efaecium_e745:Gene	EFM745_03217	EFM745_7:7775-8125	EFM745_03217
/home/dich3309/rnaseq-tnseq-enterococcus-analysis/analyses/04_annotation/structural/prokka_np/efaecium_e745:Gene	EFM745_03218	EFM745_7:8122-8301	EFM745_03218
/home/dich3309/rnaseq-tnseq-enterococcus-analysis/analyses/04_annotation/structural/prokka_np/efaecium_e745:Gene	soj_3	EFM745_7:9094-9882	EFM745_03220
/home/dich3309/rnaseq-tnseq-enterococcus-analysis/analyses/04_annotation/structural/prokka_np/efaecium_e745:Gene	EFM745_03221	EFM745_7:9869-10195	EFM745_03221
/home/dich3309/rnaseq-tnseq-enterococcus-analysis/analyses/04_annotation/structural/prokka_np/efaecium_e745:Gene	EFM745_03233	EFM745_8:910-1545	EFM745_03233
/home/dich3309/rnaseq-tnseq-enterococcus-analysis/analyses/04_annotation/structural/prokka_np/efaecium_e745:Gene	EFM745_03234	EFM745_8:1542-1694	EFM745_03234
/home/dich3309/rnaseq-tnseq-enterococcus-analysis/analyses/04_annotation/structural/prokka_np/efaecium_e745:Gene	EFM745_03253	EFM745_8:17872-18207	EFM745_03253
/home/dich3309/rnaseq-tnseq-enterococcus-analysis/analyses/04_annotation/structural/prokka_np/efaecium_e745:Gene	EFM745_03254	EFM745_8:18204-18320	EFM745_03254
/home/dich3309/rnaseq-tnseq-enterococcus-analysis/analyses/04_annotation/structural/prokka_np/efaecium_e745:Gene	EFM745_03255	EFM745_8:18317-18820	EFM745_03255
/home/dich3309/rnaseq-tnseq-enterococcus-analysis/analyses/04_annotation/structural/prokka_np/efaecium_e745:Gene	EFM745_03271	EFM745_9:c5326-4412	EFM745_03271
/home/dich3309/rnaseq-tnseq-enterococcus-analysis/analyses/04_annotation/structural/prokka_np/efaecium_e745:Gene	EFM745_03272	EFM745_9:c5688-5308	EFM745_03272
/home/dich3309/rnaseq-tnseq-enterococcus-analysis/analyses/04_annotation/structural/prokka_np/efaecium_e745:Gene	yxdL_2	EFM745_9:c7001-6381	EFM745_03274
/home/dich3309/rnaseq-tnseq-enterococcus-analysis/analyses/04_annotation/structural/prokka_np/efaecium_e745:Gene	EFM745_03275	EFM745_9:c9124-6998	EFM745_03275
/home/dich3309/rnaseq-tnseq-enterococcus-analysis/analyses/04_annotation/structural/prokka_np/efaecium_e745:Gene	EFM745_03283	EFM745_9:c14643-14425	EFM745_03283
/home/dich3309/rnaseq-tnseq-enterococcus-analysis/analyses/04_annotation/structural/prokka_np/efaecium_e745:Gene	EFM745_03284	EFM745_9:c15008-14625	EFM745_03284
/home/dich3309/rnaseq-tnseq-enterococcus-analysis/analyses/04_annotation/structural/prokka_np/efaecium_e745:Gene	EFM745_03285	EFM745_10:c236-51	EFM745_03285
/home/dich3309/rnaseq-tnseq-enterococcus-analysis/analyses/04_annotation/structural/prokka_np/efaecium_e745:Gene	EFM745_03286	EFM745_10:c525-181	EFM745_03286
/home/dich3309/rnaseq-tnseq-enterococcus-analysis/analyses/04_annotation/structural/prokka_np/efaecium_e745:Gene	EFM745_03292	EFM745_10:c5646-4732	EFM745_03292
/home/dich3309/rnaseq-tnseq-enterococcus-analysis/analyses/04_annotation/structural/prokka_np/efaecium_e745:Gene	EFM745_03293	EFM745_10:c6008-5628	EFM745_03293

DiscRep_ALL:OVERLAPPING_CDS::28 coding regions overlap another coding region with a similar or identical name.
DiscRep_SUB:OVERLAPPING_CDS::28 coding regions overlap another coding region with a similar or identical name that do not have the appropriate note text
/home/dich3309/rnaseq-tnseq-enterococcus-analysis/analyses/04_annotation/structural/prokka_np/efaecium_e745:CDS	DNA helicase IV	EFM745_1:41433-42386	EFM745_00046
/home/dich3309/rnaseq-tnseq-enterococcus-analysis/analyses/04_annotation/structural/prokka_np/efaecium_e745:CDS	DNA helicase IV	EFM745_1:42386-43711	EFM745_00047
/home/dich3309/rnaseq-tnseq-enterococcus-analysis/analyses/04_annotation/structural/prokka_np/efaecium_e745:CDS	Multidrug efflux protein YfmO	EFM745_1:c480086-479154	EFM745_00508
/home/dich3309/rnaseq-tnseq-enterococcus-analysis/analyses/04_annotation/structural/prokka_np/efaecium_e745:CDS	Multidrug efflux protein YfmO	EFM745_1:c480355-480086	EFM745_00509
/home/dich3309/rnaseq-tnseq-enterococcus-analysis/analyses/04_annotation/structural/prokka_np/efaecium_e745:CDS	Putative NAD(P)H nitroreductase YodC	EFM745_1:c483750-483511	EFM745_00513
/home/dich3309/rnaseq-tnseq-enterococcus-analysis/analyses/04_annotation/structural/prokka_np/efaecium_e745:CDS	Putative NAD(P)H nitroreductase YodC	EFM745_1:c484139-483747	EFM745_00514
/home/dich3309/rnaseq-tnseq-enterococcus-analysis/analyses/04_annotation/structural/prokka_np/efaecium_e745:CDS	Coenzyme A biosynthesis bifunctional protein CoaBC	EFM745_1:c1270335-1269784	EFM745_01285
/home/dich3309/rnaseq-tnseq-enterococcus-analysis/analyses/04_annotation/structural/prokka_np/efaecium_e745:CDS	Coenzyme A biosynthesis bifunctional protein CoaBC	EFM745_1:c1271069-1270332	EFM745_01286
/home/dich3309/rnaseq-tnseq-enterococcus-analysis/analyses/04_annotation/structural/prokka_np/efaecium_e745:CDS	Xylulose-5-phosphate phosphoketolase	EFM745_1:2117571-2118560	EFM745_02179
/home/dich3309/rnaseq-tnseq-enterococcus-analysis/analyses/04_annotation/structural/prokka_np/efaecium_e745:CDS	Xylulose-5-phosphate phosphoketolase	EFM745_1:2118554-2119438	EFM745_02180
/home/dich3309/rnaseq-tnseq-enterococcus-analysis/analyses/04_annotation/structural/prokka_np/efaecium_e745:CDS	Primosomal protein DnaI	EFM745_1:2236265-2236486	EFM745_02289
/home/dich3309/rnaseq-tnseq-enterococcus-analysis/analyses/04_annotation/structural/prokka_np/efaecium_e745:CDS	Primosomal protein DnaI	EFM745_1:2236483-2237190	EFM745_02290
/home/dich3309/rnaseq-tnseq-enterococcus-analysis/analyses/04_annotation/structural/prokka_np/efaecium_e745:CDS	GTP cyclohydrolase 1 type 2	EFM745_1:2240123-2240395	EFM745_02294
/home/dich3309/rnaseq-tnseq-enterococcus-analysis/analyses/04_annotation/structural/prokka_np/efaecium_e745:CDS	GTP cyclohydrolase 1 type 2	EFM745_1:2240377-2241243	EFM745_02295
/home/dich3309/rnaseq-tnseq-enterococcus-analysis/analyses/04_annotation/structural/prokka_np/efaecium_e745:CDS	General stress protein A	EFM745_1:2292632-2293489	EFM745_02354
/home/dich3309/rnaseq-tnseq-enterococcus-analysis/analyses/04_annotation/structural/prokka_np/efaecium_e745:CDS	General stress protein A	EFM745_1:2293482-2294384	EFM745_02355
/home/dich3309/rnaseq-tnseq-enterococcus-analysis/analyses/04_annotation/structural/prokka_np/efaecium_e745:CDS	Na(+)/H(+) antiporter	EFM745_1:c2320306-2319698	EFM745_02384
/home/dich3309/rnaseq-tnseq-enterococcus-analysis/analyses/04_annotation/structural/prokka_np/efaecium_e745:CDS	Na(+)/H(+) antiporter	EFM745_1:c2320848-2320303	EFM745_02385
/home/dich3309/rnaseq-tnseq-enterococcus-analysis/analyses/04_annotation/structural/prokka_np/efaecium_e745:CDS	NADH dehydrogenase	EFM745_1:c2323169-2322138	EFM745_02388
/home/dich3309/rnaseq-tnseq-enterococcus-analysis/analyses/04_annotation/structural/prokka_np/efaecium_e745:CDS	NADH dehydrogenase	EFM745_1:c2323668-2323129	EFM745_02389
/home/dich3309/rnaseq-tnseq-enterococcus-analysis/analyses/04_annotation/structural/prokka_np/efaecium_e745:CDS	Mannonate dehydratase	EFM745_1:2325231-2327216	EFM745_02392
/home/dich3309/rnaseq-tnseq-enterococcus-analysis/analyses/04_annotation/structural/prokka_np/efaecium_e745:CDS	Mannonate dehydratase	EFM745_1:2327206-2327979	EFM745_02393
/home/dich3309/rnaseq-tnseq-enterococcus-analysis/analyses/04_annotation/structural/prokka_np/efaecium_e745:CDS	Dihydroorotate dehydrogenase B (NAD(+)), electron transfer subunit	EFM745_1:c2419697-2419344	EFM745_02480
/home/dich3309/rnaseq-tnseq-enterococcus-analysis/analyses/04_annotation/structural/prokka_np/efaecium_e745:CDS	Dihydroorotate dehydrogenase B (NAD(+)), electron transfer subunit	EFM745_1:c2420118-2419672	EFM745_02481
/home/dich3309/rnaseq-tnseq-enterococcus-analysis/analyses/04_annotation/structural/prokka_np/efaecium_e745:CDS	Di-/tripeptide transporter	EFM745_1:c2510422-2509592	EFM745_02563
/home/dich3309/rnaseq-tnseq-enterococcus-analysis/analyses/04_annotation/structural/prokka_np/efaecium_e745:CDS	Di-/tripeptide transporter	EFM745_1:c2510850-2510419	EFM745_02564
/home/dich3309/rnaseq-tnseq-enterococcus-analysis/analyses/04_annotation/structural/prokka_np/efaecium_e745:CDS	Sensor histidine kinase DcuS	EFM745_1:2599438-2600310	EFM745_02655
/home/dich3309/rnaseq-tnseq-enterococcus-analysis/analyses/04_annotation/structural/prokka_np/efaecium_e745:CDS	Sensor histidine kinase DcuS	EFM745_1:2600301-2601086	EFM745_02656

DiscRep_ALL:RNA_CDS_OVERLAP::13 coding regions overlap RNA features
FATAL: DiscRep_SUB:RNA_CDS_OVERLAP::2 coding regions are completely contained in RNAs
/home/dich3309/rnaseq-tnseq-enterococcus-analysis/analyses/04_annotation/structural/prokka_np/efaecium_e745:CDS	Cold shock-like protein CspLA	EFM745_1:1858383-1858583	EFM745_01900
/home/dich3309/rnaseq-tnseq-enterococcus-analysis/analyses/04_annotation/structural/prokka_np/efaecium_e745:RNA	cspA	EFM745_1:1858250-1858637	EFM745_01899
/home/dich3309/rnaseq-tnseq-enterococcus-analysis/analyses/04_annotation/structural/prokka_np/efaecium_e745:CDS	Cold shock protein 2	EFM745_1:2287419-2287619	EFM745_02345
/home/dich3309/rnaseq-tnseq-enterococcus-analysis/analyses/04_annotation/structural/prokka_np/efaecium_e745:RNA	cspA	EFM745_1:2287260-2287665	EFM745_02344

FATAL: DiscRep_SUB:RNA_CDS_OVERLAP::1 coding regions completely contain RNAs
/home/dich3309/rnaseq-tnseq-enterococcus-analysis/analyses/04_annotation/structural/prokka_np/efaecium_e745:CDS	hypothetical protein	EFM745_1:c1220238-1219639	EFM745_01235
/home/dich3309/rnaseq-tnseq-enterococcus-analysis/analyses/04_annotation/structural/prokka_np/efaecium_e745:RNA	T-box	EFM745_1:1219739-1219972	EFM745_01236

DiscRep_SUB:RNA_CDS_OVERLAP::10 coding regions overlap RNAs (no containment)
DiscRep_SUB:RNA_CDS_OVERLAP::8 coding regions overlap RNAs on the same strand (no containment)
/home/dich3309/rnaseq-tnseq-enterococcus-analysis/analyses/04_annotation/structural/prokka_np/efaecium_e745:CDS	S-adenosylmethionine synthase	EFM745_1:c392176-390983	EFM745_00404
/home/dich3309/rnaseq-tnseq-enterococcus-analysis/analyses/04_annotation/structural/prokka_np/efaecium_e745:RNA	SMK_box_riboswitch	EFM745_1:c392253-392174	EFM745_00405
/home/dich3309/rnaseq-tnseq-enterococcus-analysis/analyses/04_annotation/structural/prokka_np/efaecium_e745:CDS	Glutamate--tRNA ligase	EFM745_1:c472317-470857	EFM745_00500
/home/dich3309/rnaseq-tnseq-enterococcus-analysis/analyses/04_annotation/structural/prokka_np/efaecium_e745:RNA	T-box	EFM745_1:c470860-470621	EFM745_00499
/home/dich3309/rnaseq-tnseq-enterococcus-analysis/analyses/04_annotation/structural/prokka_np/efaecium_e745:CDS	hypothetical protein	EFM745_1:518302-518541	EFM745_00550
/home/dich3309/rnaseq-tnseq-enterococcus-analysis/analyses/04_annotation/structural/prokka_np/efaecium_e745:RNA	Intron_gpII	EFM745_1:518245-518329	EFM745_00549
/home/dich3309/rnaseq-tnseq-enterococcus-analysis/analyses/04_annotation/structural/prokka_np/efaecium_e745:CDS	GMP synthase [glutamine-hydrolyzing]	EFM745_1:c689024-687459	EFM745_00709
/home/dich3309/rnaseq-tnseq-enterococcus-analysis/analyses/04_annotation/structural/prokka_np/efaecium_e745:RNA	rli38	EFM745_1:c687473-687332	EFM745_00708
/home/dich3309/rnaseq-tnseq-enterococcus-analysis/analyses/04_annotation/structural/prokka_np/efaecium_e745:CDS	hypothetical protein	EFM745_1:c807514-807323	EFM745_00836
/home/dich3309/rnaseq-tnseq-enterococcus-analysis/analyses/04_annotation/structural/prokka_np/efaecium_e745:RNA	Lysine	EFM745_1:c807596-807422	EFM745_00837
/home/dich3309/rnaseq-tnseq-enterococcus-analysis/analyses/04_annotation/structural/prokka_np/efaecium_e745:CDS	hypothetical protein	EFM745_1:1578044-1578298	EFM745_01614
/home/dich3309/rnaseq-tnseq-enterococcus-analysis/analyses/04_annotation/structural/prokka_np/efaecium_e745:RNA	Bacteria_small_SRP	EFM745_1:1577973-1578057	EFM745_01613
/home/dich3309/rnaseq-tnseq-enterococcus-analysis/analyses/04_annotation/structural/prokka_np/efaecium_e745:CDS	hypothetical protein	EFM745_1:1927018-1927269	EFM745_01967
/home/dich3309/rnaseq-tnseq-enterococcus-analysis/analyses/04_annotation/structural/prokka_np/efaecium_e745:RNA	Intron_gpII	EFM745_1:1926961-1927045	EFM745_01966
/home/dich3309/rnaseq-tnseq-enterococcus-analysis/analyses/04_annotation/structural/prokka_np/efaecium_e745:CDS	GMP synthase [glutamine-hydrolyzing]	EFM745_2:123290-124903	EFM745_02970
/home/dich3309/rnaseq-tnseq-enterococcus-analysis/analyses/04_annotation/structural/prokka_np/efaecium_e745:RNA	rli38	EFM745_2:124889-125021	EFM745_02971

DiscRep_SUB:RNA_CDS_OVERLAP::2 coding regions overlap RNAs on the opposite strand (no containment)
/home/dich3309/rnaseq-tnseq-enterococcus-analysis/analyses/04_annotation/structural/prokka_np/efaecium_e745:CDS	Polyribonucleotide nucleotidyltransferase	EFM745_1:811922-814048	EFM745_00845
/home/dich3309/rnaseq-tnseq-enterococcus-analysis/analyses/04_annotation/structural/prokka_np/efaecium_e745:RNA	rliD	EFM745_1:c812099-811848	EFM745_00844
/home/dich3309/rnaseq-tnseq-enterococcus-analysis/analyses/04_annotation/structural/prokka_np/efaecium_e745:CDS	hypothetical protein	EFM745_1:c1220238-1219639	EFM745_01235
/home/dich3309/rnaseq-tnseq-enterococcus-analysis/analyses/04_annotation/structural/prokka_np/efaecium_e745:RNA	T-box	EFM745_1:1220015-1220253	EFM745_01237

DiscRep_ALL:SUSPECT_PRODUCT_NAMES::15 product_names contain suspect phrase or characters
DiscRep_SUB:SUSPECT_PRODUCT_NAMES::May contain database identifier more appropriate in note; remove from product name
DiscRep_SUB:SUSPECT_PRODUCT_NAMES::8 features contains three or more numbers together that may be identifiers more appropriate in note
/home/dich3309/rnaseq-tnseq-enterococcus-analysis/analyses/04_annotation/structural/prokka_np/efaecium_e745:CDS	Bacteriocin piscicolin-126	EFM745_1:c194273-194076	EFM745_00233
/home/dich3309/rnaseq-tnseq-enterococcus-analysis/analyses/04_annotation/structural/prokka_np/efaecium_e745:CDS	Putative two-component membrane permease complex subunit SMU_747c	EFM745_1:1641718-1642647	EFM745_01678
/home/dich3309/rnaseq-tnseq-enterococcus-analysis/analyses/04_annotation/structural/prokka_np/efaecium_e745:CDS	Putative two-component membrane permease complex subunit SMU_746c	EFM745_1:1642658-1643494	EFM745_01679
/home/dich3309/rnaseq-tnseq-enterococcus-analysis/analyses/04_annotation/structural/prokka_np/efaecium_e745:CDS	Putative transposon Tn552 DNA-invertase bin3	EFM745_3:14814-15428	EFM745_03087
/home/dich3309/rnaseq-tnseq-enterococcus-analysis/analyses/04_annotation/structural/prokka_np/efaecium_e745:CDS	Putative transposon Tn552 DNA-invertase bin3	EFM745_5:12544-13161	EFM745_03152
/home/dich3309/rnaseq-tnseq-enterococcus-analysis/analyses/04_annotation/structural/prokka_np/efaecium_e745:CDS	Putative transposon Tn552 DNA-invertase bin3	EFM745_5:18525-19142	EFM745_03159
/home/dich3309/rnaseq-tnseq-enterococcus-analysis/analyses/04_annotation/structural/prokka_np/efaecium_e745:CDS	Putative transposon Tn552 DNA-invertase bin3	EFM745_5:c20333-19728	EFM745_03162
/home/dich3309/rnaseq-tnseq-enterococcus-analysis/analyses/04_annotation/structural/prokka_np/efaecium_e745:CDS	Putative transposon Tn552 DNA-invertase bin3	EFM745_7:c6008-5394	EFM745_03215

DiscRep_SUB:SUSPECT_PRODUCT_NAMES::2 features Contains underscore
/home/dich3309/rnaseq-tnseq-enterococcus-analysis/analyses/04_annotation/structural/prokka_np/efaecium_e745:CDS	Putative two-component membrane permease complex subunit SMU_747c	EFM745_1:1641718-1642647	EFM745_01678
/home/dich3309/rnaseq-tnseq-enterococcus-analysis/analyses/04_annotation/structural/prokka_np/efaecium_e745:CDS	Putative two-component membrane permease complex subunit SMU_746c	EFM745_1:1642658-1643494	EFM745_01679

DiscRep_SUB:SUSPECT_PRODUCT_NAMES::Use short product name instead of descriptive phrase
DiscRep_SUB:SUSPECT_PRODUCT_NAMES::2 features Is longer than 100 characters. Remove descriptive phrases or synonyms from product names. Keep valid long product names, eg long enzyme names
/home/dich3309/rnaseq-tnseq-enterococcus-analysis/analyses/04_annotation/structural/prokka_np/efaecium_e745:CDS	GalNAc-alpha-(1->4)-GalNAc-alpha-(1->3)-diNAcBac-PP-undecaprenol alpha-1,4-N-acetyl-D-galactosaminyltransferase	EFM745_1:c104451-103303	EFM745_00111
/home/dich3309/rnaseq-tnseq-enterococcus-analysis/analyses/04_annotation/structural/prokka_np/efaecium_e745:CDS	GalNAc-alpha-(1->4)-GalNAc-alpha-(1->3)-diNAcBac-PP-undecaprenol alpha-1,4-N-acetyl-D-galactosaminyltransferase	EFM745_1:1833598-1834677	EFM745_01874

DiscRep_SUB:SUSPECT_PRODUCT_NAMES::use protein instead of gene as appropriate
DiscRep_SUB:SUSPECT_PRODUCT_NAMES::2 features contains 'gene'
/home/dich3309/rnaseq-tnseq-enterococcus-analysis/analyses/04_annotation/structural/prokka_np/efaecium_e745:CDS	Accessory gene regulator protein A	EFM745_1:c1042393-1041665	EFM745_01066
/home/dich3309/rnaseq-tnseq-enterococcus-analysis/analyses/04_annotation/structural/prokka_np/efaecium_e745:CDS	Accessory gene regulator protein B	EFM745_1:c1044429-1043827	EFM745_01069

DiscRep_SUB:SUSPECT_PRODUCT_NAMES::1 features contains 'genes'
/home/dich3309/rnaseq-tnseq-enterococcus-analysis/analyses/04_annotation/structural/prokka_np/efaecium_e745:CDS	Central glycolytic genes regulator	EFM745_1:1721418-1722455	EFM745_01763

DiscRep_ALL:DISC_QUALITY_SCORES::Quality scores are missing on all sequences.

FATAL: DiscRep_ALL:DISC_SUSPECT_RRNA_PRODUCTS::1 rRNA prames contain susain suspect phrase
FATAL: DiscRep_SUB:DISC_SUSPECT_RRNA_PRODUCTS::1 rRNA product names contains 'partial'
/home/dich3309/rnaseq-tnseq-enterococcus-analysis/analyses/04_annotation/structural/prokka_np/efaecium_e745:rRNA	23S ribosomal RNA (partial)	EFM745_1:c2775136-2772832	EFM745_02843

DiscRep_ALL:DISC_BAD_BACTERIAL_GENE_NAME::4 bacterial genes do not start with lowercase letters
/home/dich3309/rnaseq-tnseq-enterococcus-analysis/analyses/04_annotation/structural/prokka_np/efaecium_e745:Gene	COQ5_1	EFM745_1:c49110-48370	EFM745_00052
/home/dich3309/rnaseq-tnseq-enterococcus-analysis/analyses/04_annotation/structural/prokka_np/efaecium_e745:Gene	MroQ	EFM745_1:181803-182465	EFM745_00218
/home/dich3309/rnaseq-tnseq-enterococcus-analysis/analyses/04_annotation/structural/prokka_np/efaecium_e745:Gene	COQ5_2	EFM745_1:c1495219-1494617	EFM745_01533
/home/dich3309/rnaseq-tnseq-enterococcus-analysis/analyses/04_annotation/structural/prokka_np/efaecium_e745:Gene	IMPDH	EFM745_1:1568568-1569899	EFM745_01603

DiscRep_ALL:ONCALLER_COMMENT_PRESENT::10 comment descriptors were found (all same)
/home/dich3309/rnaseq-tnseq-enterococcus-analysis/analyses/04_annotation/structural/prokka_np/efaecium_e745:Prokka:EFM745_1:Annotated using prokka 1.14.5 from https://github.com/tseemann/prokka
/home/dich3309/rnaseq-tnseq-enterococcus-analysis/analyses/04_annotation/structural/prokka_np/efaecium_e745:Prokka:EFM745_2:Annotated using prokka 1.14.5 from https://github.com/tseemann/prokka
/home/dich3309/rnaseq-tnseq-enterococcus-analysis/analyses/04_annotation/structural/prokka_np/efaecium_e745:Prokka:EFM745_3:Annotated using prokka 1.14.5 from https://github.com/tseemann/prokka
/home/dich3309/rnaseq-tnseq-enterococcus-analysis/analyses/04_annotation/structural/prokka_np/efaecium_e745:Prokka:EFM745_4:Annotated using prokka 1.14.5 from https://github.com/tseemann/prokka
/home/dich3309/rnaseq-tnseq-enterococcus-analysis/analyses/04_annotation/structural/prokka_np/efaecium_e745:Prokka:EFM745_5:Annotated using prokka 1.14.5 from https://github.com/tseemann/prokka
/home/dich3309/rnaseq-tnseq-enterococcus-analysis/analyses/04_annotation/structural/prokka_np/efaecium_e745:Prokka:EFM745_6:Annotated using prokka 1.14.5 from https://github.com/tseemann/prokka
/home/dich3309/rnaseq-tnseq-enterococcus-analysis/analyses/04_annotation/structural/prokka_np/efaecium_e745:Prokka:EFM745_7:Annotated using prokka 1.14.5 from https://github.com/tseemann/prokka
/home/dich3309/rnaseq-tnseq-enterococcus-analysis/analyses/04_annotation/structural/prokka_np/efaecium_e745:Prokka:EFM745_8:Annotated using prokka 1.14.5 from https://github.com/tseemann/prokka
/home/dich3309/rnaseq-tnseq-enterococcus-analysis/analyses/04_annotation/structural/prokka_np/efaecium_e745:Prokka:EFM745_9:Annotated using prokka 1.14.5 from https://github.com/tseemann/prokka
/home/dich3309/rnaseq-tnseq-enterococcus-analysis/analyses/04_annotation/structural/prokka_np/efaecium_e745:Prokka:EFM745_10:Annotated using prokka 1.14.5 from https://github.com/tseemann/prokka

DiscRep_ALL:SHORT_PROT_SEQUENCES::67 protein sequences are shorter than 50 aa.
/home/dich3309/rnaseq-tnseq-enterococcus-analysis/analyses/04_annotation/structural/prokka_np/efaecium_e745:Prokka:EFM745_00153 (length 45)
/home/dich3309/rnaseq-tnseq-enterococcus-analysis/analyses/04_annotation/structural/prokka_np/efaecium_e745:Prokka:EFM745_00201 (length 48)
/home/dich3309/rnaseq-tnseq-enterococcus-analysis/analyses/04_annotation/structural/prokka_np/efaecium_e745:Prokka:EFM745_00231 (length 48)
/home/dich3309/rnaseq-tnseq-enterococcus-analysis/analyses/04_annotation/structural/prokka_np/efaecium_e745:Prokka:EFM745_00237 (length 44)
/home/dich3309/rnaseq-tnseq-enterococcus-analysis/analyses/04_annotation/structural/prokka_np/efaecium_e745:Prokka:EFM745_00313 (length 42)
/home/dich3309/rnaseq-tnseq-enterococcus-analysis/analyses/04_annotation/structural/prokka_np/efaecium_e745:Prokka:EFM745_00522 (length 32)
/home/dich3309/rnaseq-tnseq-enterococcus-analysis/analyses/04_annotation/structural/prokka_np/efaecium_e745:Prokka:EFM745_00535 (length 35)
/home/dich3309/rnaseq-tnseq-enterococcus-analysis/analyses/04_annotation/structural/prokka_np/efaecium_e745:Prokka:EFM745_00557 (length 45)
/home/dich3309/rnaseq-tnseq-enterococcus-analysis/analyses/04_annotation/structural/prokka_np/efaecium_e745:Prokka:EFM745_00585 (length 49)
/home/dich3309/rnaseq-tnseq-enterococcus-analysis/analyses/04_annotation/structural/prokka_np/efaecium_e745:Prokka:EFM745_00596 (length 30)
/home/dich3309/rnaseq-tnseq-enterococcus-analysis/analyses/04_annotation/structural/prokka_np/efaecium_e745:Prokka:EFM745_00672 (length 44)
/home/dich3309/rnaseq-tnseq-enterococcus-analysis/analyses/04_annotation/structural/prokka_np/efaecium_e745:Prokka:EFM745_00682 (length 34)
/home/dich3309/rnaseq-tnseq-enterococcus-analysis/analyses/04_annotation/structural/prokka_np/efaecium_e745:Prokka:EFM745_00694 (length 45)
/home/dich3309/rnaseq-tnseq-enterococcus-analysis/analyses/04_annotation/structural/prokka_np/efaecium_e745:Prokka:EFM745_00754 (length 38)
/home/dich3309/rnaseq-tnseq-enterococcus-analysis/analyses/04_annotation/structural/prokka_np/efaecium_e745:Prokka:EFM745_00795 (length 35)
/home/dich3309/rnaseq-tnseq-enterococcus-analysis/analyses/04_annotation/structural/prokka_np/efaecium_e745:Prokka:EFM745_00863 (length 41)
/home/dich3309/rnaseq-tnseq-enterococcus-analysis/analyses/04_annotation/structural/prokka_np/efaecium_e745:Prokka:EFM745_00877 (length 32)
/home/dich3309/rnaseq-tnseq-enterococcus-analysis/analyses/04_annotation/structural/prokka_np/efaecium_e745:Prokka:EFM745_00901 (length 44)
/home/dich3309/rnaseq-tnseq-enterococcus-analysis/analyses/04_annotation/structural/prokka_np/efaecium_e745:Prokka:EFM745_01068 (length 36)
/home/dich3309/rnaseq-tnseq-enterococcus-analysis/analyses/04_annotation/structural/prokka_np/efaecium_e745:Prokka:EFM745_01215 (length 49)
/home/dich3309/rnaseq-tnseq-enterococcus-analysis/analyses/04_annotation/structural/prokka_np/efaecium_e745:Prokka:EFM745_01220 (length 36)
/home/dich3309/rnaseq-tnseq-enterococcus-analysis/analyses/04_annotation/structural/prokka_np/efaecium_e745:Prokka:EFM745_01302 (length 35)
/home/dich3309/rnaseq-tnseq-enterococcus-analysis/analyses/04_annotation/structural/prokka_np/efaecium_e745:Prokka:EFM745_01342 (length 49)
/home/dich3309/rnaseq-tnseq-enterococcus-analysis/analyses/04_annotation/structural/prokka_np/efaecium_e745:Prokka:EFM745_01380 (length 38)
/home/dich3309/rnaseq-tnseq-enterococcus-analysis/analyses/04_annotation/structural/prokka_np/efaecium_e745:Prokka:EFM745_01415 (length 44)
/home/dich3309/rnaseq-tnseq-enterococcus-analysis/analyses/04_annotation/structural/prokka_np/efaecium_e745:Prokka:EFM745_01465 (length 45)
/home/dich3309/rnaseq-tnseq-enterococcus-analysis/analyses/04_annotation/structural/prokka_np/efaecium_e745:Prokka:EFM745_01895 (length 40)
/home/dich3309/rnaseq-tnseq-enterococcus-analysis/analyses/04_annotation/structural/prokka_np/efaecium_e745:Prokka:EFM745_01971 (length 45)
/home/dich3309/rnaseq-tnseq-enterococcus-analysis/analyses/04_annotation/structural/prokka_np/efaecium_e745:Prokka:EFM745_01997 (length 35)
/home/dich3309/rnaseq-tnseq-enterococcus-analysis/analyses/04_annotation/structural/prokka_np/efaecium_e745:Prokka:EFM745_02043 (length 40)
/home/dich3309/rnaseq-tnseq-enterococcus-analysis/analyses/04_annotation/structural/prokka_np/efaecium_e745:Prokka:EFM745_02061 (length 49)
/home/dich3309/rnaseq-tnseq-enterococcus-analysis/analyses/04_annotation/structural/prokka_np/efaecium_e745:Prokka:EFM745_02063 (length 36)
/home/dich3309/rnaseq-tnseq-enterococcus-analysis/analyses/04_annotation/structural/prokka_np/efaecium_e745:Prokka:EFM745_02096 (length 44)
/home/dich3309/rnaseq-tnseq-enterococcus-analysis/analyses/04_annotation/structural/prokka_np/efaecium_e745:Prokka:EFM745_02121 (length 45)
/home/dich3309/rnaseq-tnseq-enterococcus-analysis/analyses/04_annotation/structural/prokka_np/efaecium_e745:Prokka:EFM745_02133 (length 49)
/home/dich3309/rnaseq-tnseq-enterococcus-analysis/analyses/04_annotation/structural/prokka_np/efaecium_e745:Prokka:EFM745_02160 (length 42)
/home/dich3309/rnaseq-tnseq-enterococcus-analysis/analyses/04_annotation/structural/prokka_np/efaecium_e745:Prokka:EFM745_02244 (length 42)
/home/dich3309/rnaseq-tnseq-enterococcus-analysis/analyses/04_annotation/structural/prokka_np/efaecium_e745:Prokka:EFM745_02274 (length 43)
/home/dich3309/rnaseq-tnseq-enterococcus-analysis/analyses/04_annotation/structural/prokka_np/efaecium_e745:Prokka:EFM745_02343 (length 49)
/home/dich3309/rnaseq-tnseq-enterococcus-analysis/analyses/04_annotation/structural/prokka_np/efaecium_e745:Prokka:EFM745_02346 (length 32)
/home/dich3309/rnaseq-tnseq-enterococcus-analysis/analyses/04_annotation/structural/prokka_np/efaecium_e745:Prokka:EFM745_02849 (length 40)
/home/dich3309/rnaseq-tnseq-enterococcus-analysis/analyses/04_annotation/structural/prokka_np/efaecium_e745:Prokka:EFM745_02876 (length 44)
/home/dich3309/rnaseq-tnseq-enterococcus-analysis/analyses/04_annotation/structural/prokka_np/efaecium_e745:Prokka:EFM745_02888 (length 49)
/home/dich3309/rnaseq-tnseq-enterococcus-analysis/analyses/04_annotation/structural/prokka_np/efaecium_e745:Prokka:EFM745_02891 (length 43)
/home/dich3309/rnaseq-tnseq-enterococcus-analysis/analyses/04_annotation/structural/prokka_np/efaecium_e745:Prokka:EFM745_02997 (length 33)
/home/dich3309/rnaseq-tnseq-enterococcus-analysis/analyses/04_annotation/structural/prokka_np/efaecium_e745:Prokka:EFM745_03079 (length 33)
/home/dich3309/rnaseq-tnseq-enterococcus-analysis/analyses/04_annotation/structural/prokka_np/efaecium_e745:Prokka:EFM745_03082 (length 38)
/home/dich3309/rnaseq-tnseq-enterococcus-analysis/analyses/04_annotation/structural/prokka_np/efaecium_e745:Prokka:EFM745_03084 (length 34)
/home/dich3309/rnaseq-tnseq-enterococcus-analysis/analyses/04_annotation/structural/prokka_np/efaecium_e745:Prokka:EFM745_03090 (length 49)
/home/dich3309/rnaseq-tnseq-enterococcus-analysis/analyses/04_annotation/structural/prokka_np/efaecium_e745:Prokka:EFM745_03102 (length 49)
/home/dich3309/rnaseq-tnseq-enterococcus-analysis/analyses/04_annotation/structural/prokka_np/efaecium_e745:Prokka:EFM745_03106 (length 45)
/home/dich3309/rnaseq-tnseq-enterococcus-analysis/analyses/04_annotation/structural/prokka_np/efaecium_e745:Prokka:EFM745_03123 (length 44)
/home/dich3309/rnaseq-tnseq-enterococcus-analysis/analyses/04_annotation/structural/prokka_np/efaecium_e745:Prokka:EFM745_03128 (length 39)
/home/dich3309/rnaseq-tnseq-enterococcus-analysis/analyses/04_annotation/structural/prokka_np/efaecium_e745:Prokka:EFM745_03130 (length 46)
/home/dich3309/rnaseq-tnseq-enterococcus-analysis/analyses/04_annotation/structural/prokka_np/efaecium_e745:Prokka:EFM745_03153 (length 30)
/home/dich3309/rnaseq-tnseq-enterococcus-analysis/analyses/04_annotation/structural/prokka_np/efaecium_e745:Prokka:EFM745_03186 (length 37)
/home/dich3309/rnaseq-tnseq-enterococcus-analysis/analyses/04_annotation/structural/prokka_np/efaecium_e745:Prokka:EFM745_03203 (length 47)
/home/dich3309/rnaseq-tnseq-enterococcus-analysis/analyses/04_annotation/structural/prokka_np/efaecium_e745:Prokka:EFM745_03212 (length 34)
/home/dich3309/rnaseq-tnseq-enterococcus-analysis/analyses/04_annotation/structural/prokka_np/efaecium_e745:Prokka:EFM745_03228 (length 45)
/home/dich3309/rnaseq-tnseq-enterococcus-analysis/analyses/04_annotation/structural/prokka_np/efaecium_e745:Prokka:EFM745_03242 (length 48)
/home/dich3309/rnaseq-tnseq-enterococcus-analysis/analyses/04_annotation/structural/prokka_np/efaecium_e745:Prokka:EFM745_03244 (length 36)
/home/dich3309/rnaseq-tnseq-enterococcus-analysis/analyses/04_annotation/structural/prokka_np/efaecium_e745:Prokka:EFM745_03254 (length 38)
/home/dich3309/rnaseq-tnseq-enterococcus-analysis/analyses/04_annotation/structural/prokka_np/efaecium_e745:Prokka:EFM745_03260 (length 32)
/home/dich3309/rnaseq-tnseq-enterococcus-analysis/analyses/04_annotation/structural/prokka_np/efaecium_e745:Prokka:EFM745_03264 (length 46)
/home/dich3309/rnaseq-tnseq-enterococcus-analysis/analyses/04_annotation/structural/prokka_np/efaecium_e745:Prokka:EFM745_03265 (length 44)
/home/dich3309/rnaseq-tnseq-enterococcus-analysis/analyses/04_annotation/structural/prokka_np/efaecium_e745:Prokka:EFM745_03273 (length 45)
/home/dich3309/rnaseq-tnseq-enterococcus-analysis/analyses/04_annotation/structural/prokka_np/efaecium_e745:Prokka:EFM745_03294 (length 45)

DiscRep_ALL:MISSING_GENOMEASSEMBLY_COMMENTS::10 bioseqs are missing GenomeAssembly structured comments
/home/dich3309/rnaseq-tnseq-enterococcus-analysis/analyses/04_annotation/structural/prokka_np/efaecium_e745:Prokka:EFM745_1 (length 2775137)
/home/dich3309/rnaseq-tnseq-enterococcus-analysis/analyses/04_annotation/structural/prokka_np/efaecium_e745:Prokka:EFM745_2 (length 218570)
/home/dich3309/rnaseq-tnseq-enterococcus-analysis/analyses/04_annotation/structural/prokka_np/efaecium_e745:Prokka:EFM745_3 (length 28879)
/home/dich3309/rnaseq-tnseq-enterococcus-analysis/analyses/04_annotation/structural/prokka_np/efaecium_e745:Prokka:EFM745_4 (length 14734)
/home/dich3309/rnaseq-tnseq-enterococcus-analysis/analyses/04_annotation/structural/prokka_np/efaecium_e745:Prokka:EFM745_5 (length 40013)
/home/dich3309/rnaseq-tnseq-enterococcus-analysis/analyses/04_annotation/structural/prokka_np/efaecium_e745:Prokka:EFM745_6 (length 15017)
/home/dich3309/rnaseq-tnseq-enterococcus-analysis/analyses/04_annotation/structural/prokka_np/efaecium_e745:Prokka:EFM745_7 (length 16122)
/home/dich3309/rnaseq-tnseq-enterococcus-analysis/analyses/04_annotation/structural/prokka_np/efaecium_e745:Prokka:EFM745_8 (length 24832)
/home/dich3309/rnaseq-tnseq-enterococcus-analysis/analyses/04_annotation/structural/prokka_np/efaecium_e745:Prokka:EFM745_9 (length 15455)
/home/dich3309/rnaseq-tnseq-enterococcus-analysis/analyses/04_annotation/structural/prokka_np/efaecium_e745:Prokka:EFM745_10 (length 7042)

DiscRep_ALL:TEST_UNUSUAL_MISC_RNA::64 unexpected misc_RNA features found.  misc_RNAs are unusual in a genome, consider using ncRNA, misc_binding, or misc_feature as appropriate.
/home/dich3309/rnaseq-tnseq-enterococcus-analysis/analyses/04_annotation/structural/prokka_np/efaecium_e745:RNA	L10_leader	EFM745_1:c214745-214618	EFM745_00252
/home/dich3309/rnaseq-tnseq-enterococcus-analysis/analyses/04_annotation/structural/prokka_np/efaecium_e745:RNA	PreQ1	EFM745_1:c222598-222552	EFM745_00264
/home/dich3309/rnaseq-tnseq-enterococcus-analysis/analyses/04_annotation/structural/prokka_np/efaecium_e745:RNA	23S-methyl	EFM745_1:c233698-233594	EFM745_00275
/home/dich3309/rnaseq-tnseq-enterococcus-analysis/analyses/04_annotation/structural/prokka_np/efaecium_e745:RNA	6S	EFM745_1:274298-274492	EFM745_00310
/home/dich3309/rnaseq-tnseq-enterococcus-analysis/analyses/04_annotation/structural/prokka_np/efaecium_e745:RNA	T-box	EFM745_1:c377813-377607	EFM745_00393
/home/dich3309/rnaseq-tnseq-enterococcus-analysis/analyses/04_annotation/structural/prokka_np/efaecium_e745:RNA	SMK_box_riboswitch	EFM745_1:c392253-392174	EFM745_00405
/home/dich3309/rnaseq-tnseq-enterococcus-analysis/analyses/04_annotation/structural/prokka_np/efaecium_e745:RNA	TPP	EFM745_1:c443664-443562	EFM745_00473
/home/dich3309/rnaseq-tnseq-enterococcus-analysis/analyses/04_annotation/structural/prokka_np/efaecium_e745:RNA	T-box	EFM745_1:c470860-470621	EFM745_00499
/home/dich3309/rnaseq-tnseq-enterococcus-analysis/analyses/04_annotation/structural/prokka_np/efaecium_e745:RNA	group-II-D1D4-5	EFM745_1:515684-515886	EFM745_00547
/home/dich3309/rnaseq-tnseq-enterococcus-analysis/analyses/04_annotation/structural/prokka_np/efaecium_e745:RNA	Intron_gpII	EFM745_1:518245-518329	EFM745_00549
/home/dich3309/rnaseq-tnseq-enterococcus-analysis/analyses/04_annotation/structural/prokka_np/efaecium_e745:RNA	group-II-D1D4-5	EFM745_1:522617-522825	EFM745_00558
/home/dich3309/rnaseq-tnseq-enterococcus-analysis/analyses/04_annotation/structural/prokka_np/efaecium_e745:RNA	Intron_gpII	EFM745_1:525219-525309	EFM745_00560
/home/dich3309/rnaseq-tnseq-enterococcus-analysis/analyses/04_annotation/structural/prokka_np/efaecium_e745:RNA	pemK	EFM745_1:572955-573010	EFM745_00603
/home/dich3309/rnaseq-tnseq-enterococcus-analysis/analyses/04_annotation/structural/prokka_np/efaecium_e745:RNA	Lacto-rpoB	EFM745_1:c600892-600834	EFM745_00624
/home/dich3309/rnaseq-tnseq-enterococcus-analysis/analyses/04_annotation/structural/prokka_np/efaecium_e745:RNA	sRNA_2410	EFM745_1:601138-601332	EFM745_00625
/home/dich3309/rnaseq-tnseq-enterococcus-analysis/analyses/04_annotation/structural/prokka_np/efaecium_e745:RNA	rli38	EFM745_1:c687473-687332	EFM745_00708
/home/dich3309/rnaseq-tnseq-enterococcus-analysis/analyses/04_annotation/structural/prokka_np/efaecium_e745:RNA	L17DE	EFM745_1:724455-724528	EFM745_00759
/home/dich3309/rnaseq-tnseq-enterococcus-analysis/analyses/04_annotation/structural/prokka_np/efaecium_e745:RNA	Lysine	EFM745_1:c807596-807422	EFM745_00837
/home/dich3309/rnaseq-tnseq-enterococcus-analysis/analyses/04_annotation/structural/prokka_np/efaecium_e745:RNA	rliD	EFM745_1:c812099-811848	EFM745_00844
/home/dich3309/rnaseq-tnseq-enterococcus-analysis/analyses/04_annotation/structural/prokka_np/efaecium_e745:RNA	L20_leader	EFM745_1:880625-880750	EFM745_00910
/home/dich3309/rnaseq-tnseq-enterococcus-analysis/analyses/04_annotation/structural/prokka_np/efaecium_e745:RNA	T-box	EFM745_1:981605-981810	EFM745_01015
/home/dich3309/rnaseq-tnseq-enterococcus-analysis/analyses/04_annotation/structural/prokka_np/efaecium_e745:RNA	T-box	EFM745_1:1156839-1157095	EFM745_01176
/home/dich3309/rnaseq-tnseq-enterococcus-analysis/analyses/04_annotation/structural/prokka_np/efaecium_e745:RNA	ykoK	EFM745_1:1215740-1215914	EFM745_01232
/home/dich3309/rnaseq-tnseq-enterococcus-analysis/analyses/04_annotation/structural/prokka_np/efaecium_e745:RNA	T-box	EFM745_1:1219739-1219972	EFM745_01236
/home/dich3309/rnaseq-tnseq-enterococcus-analysis/analyses/04_annotation/structural/prokka_np/efaecium_e745:RNA	T-box	EFM745_1:1220015-1220253	EFM745_01237
/home/dich3309/rnaseq-tnseq-enterococcus-analysis/analyses/04_annotation/structural/prokka_np/efaecium_e745:RNA	T-box	EFM745_1:1292241-1292468	EFM745_01306
/home/dich3309/rnaseq-tnseq-enterococcus-analysis/analyses/04_annotation/structural/prokka_np/efaecium_e745:RNA	L21_leader	EFM745_1:1344828-1344904	EFM745_01359
/home/dich3309/rnaseq-tnseq-enterococcus-analysis/analyses/04_annotation/structural/prokka_np/efaecium_e745:RNA	Ref84	EFM745_1:1465283-1465364	EFM745_01502
/home/dich3309/rnaseq-tnseq-enterococcus-analysis/analyses/04_annotation/structural/prokka_np/efaecium_e745:RNA	T-box	EFM745_1:1509136-1509481	EFM745_01551
/home/dich3309/rnaseq-tnseq-enterococcus-analysis/analyses/04_annotation/structural/prokka_np/efaecium_e745:RNA	THF	EFM745_1:1539294-1539392	EFM745_01578
/home/dich3309/rnaseq-tnseq-enterococcus-analysis/analyses/04_annotation/structural/prokka_np/efaecium_e745:RNA	Bacteria_small_SRP	EFM745_1:1577973-1578057	EFM745_01613
/home/dich3309/rnaseq-tnseq-enterococcus-analysis/analyses/04_annotation/structural/prokka_np/efaecium_e745:RNA	T-box	EFM745_1:1608700-1608916	EFM745_01648
/home/dich3309/rnaseq-tnseq-enterococcus-analysis/analyses/04_annotation/structural/prokka_np/efaecium_e745:RNA	DUF1646	EFM745_1:1698019-1698066	EFM745_01737
/home/dich3309/rnaseq-tnseq-enterococcus-analysis/analyses/04_annotation/structural/prokka_np/efaecium_e745:RNA	PreQ1	EFM745_1:c1733239-1733195	EFM745_01774
/home/dich3309/rnaseq-tnseq-enterococcus-analysis/analyses/04_annotation/structural/prokka_np/efaecium_e745:RNA	Fluoride	EFM745_1:1851474-1851540	EFM745_01891
/home/dich3309/rnaseq-tnseq-enterococcus-analysis/analyses/04_annotation/structural/prokka_np/efaecium_e745:RNA	cspA	EFM745_1:1858250-1858637	EFM745_01899
/home/dich3309/rnaseq-tnseq-enterococcus-analysis/analyses/04_annotation/structural/prokka_np/efaecium_e745:RNA	L19_leader	EFM745_1:1917219-1917257	EFM745_01956
/home/dich3309/rnaseq-tnseq-enterococcus-analysis/analyses/04_annotation/structural/prokka_np/efaecium_e745:RNA	group-II-D1D4-5	EFM745_1:1924400-1924602	EFM745_01964
/home/dich3309/rnaseq-tnseq-enterococcus-analysis/analyses/04_annotation/structural/prokka_np/efaecium_e745:RNA	Intron_gpII	EFM745_1:1926961-1927045	EFM745_01966
/home/dich3309/rnaseq-tnseq-enterococcus-analysis/analyses/04_annotation/structural/prokka_np/efaecium_e745:RNA	group-II-D1D4-5	EFM745_1:1930416-1930624	EFM745_01972
/home/dich3309/rnaseq-tnseq-enterococcus-analysis/analyses/04_annotation/structural/prokka_np/efaecium_e745:RNA	Intron_gpII	EFM745_1:1933018-1933108	EFM745_01974
/home/dich3309/rnaseq-tnseq-enterococcus-analysis/analyses/04_annotation/structural/prokka_np/efaecium_e745:RNA	pemK	EFM745_1:1968922-1968983	EFM745_02009
/home/dich3309/rnaseq-tnseq-enterococcus-analysis/analyses/04_annotation/structural/prokka_np/efaecium_e745:RNA	glmS	EFM745_1:c2166062-2165915	EFM745_02221
/home/dich3309/rnaseq-tnseq-enterococcus-analysis/analyses/04_annotation/structural/prokka_np/efaecium_e745:RNA	sRNA_2410	EFM745_1:2199069-2199243	EFM745_02250
/home/dich3309/rnaseq-tnseq-enterococcus-analysis/analyses/04_annotation/structural/prokka_np/efaecium_e745:RNA	BsrC	EFM745_1:2266552-2266640	EFM745_02319
/home/dich3309/rnaseq-tnseq-enterococcus-analysis/analyses/04_annotation/structural/prokka_np/efaecium_e745:RNA	cspA	EFM745_1:2287260-2287665	EFM745_02344
/home/dich3309/rnaseq-tnseq-enterococcus-analysis/analyses/04_annotation/structural/prokka_np/efaecium_e745:RNA	ykoK	EFM745_1:2315191-2315357	EFM745_02380
/home/dich3309/rnaseq-tnseq-enterococcus-analysis/analyses/04_annotation/structural/prokka_np/efaecium_e745:RNA	PyrR	EFM745_1:c2428703-2428541	EFM745_02488
/home/dich3309/rnaseq-tnseq-enterococcus-analysis/analyses/04_annotation/structural/prokka_np/efaecium_e745:RNA	RNaseP_bact_b	EFM745_1:c2451638-2451271	EFM745_02511
/home/dich3309/rnaseq-tnseq-enterococcus-analysis/analyses/04_annotation/structural/prokka_np/efaecium_e745:RNA	Purine	EFM745_1:c2585347-2585250	EFM745_02640
/home/dich3309/rnaseq-tnseq-enterococcus-analysis/analyses/04_annotation/structural/prokka_np/efaecium_e745:RNA	TPP	EFM745_1:c2617467-2617363	EFM745_02677
/home/dich3309/rnaseq-tnseq-enterococcus-analysis/analyses/04_annotation/structural/prokka_np/efaecium_e745:RNA	FMN	EFM745_1:c2682727-2682602	EFM745_02741
/home/dich3309/rnaseq-tnseq-enterococcus-analysis/analyses/04_annotation/structural/prokka_np/efaecium_e745:RNA	group-II-D1D4-5	EFM745_2:21223-21434	EFM745_02864
/home/dich3309/rnaseq-tnseq-enterococcus-analysis/analyses/04_annotation/structural/prokka_np/efaecium_e745:RNA	Intron_gpII	EFM745_2:23834-23918	EFM745_02866
/home/dich3309/rnaseq-tnseq-enterococcus-analysis/analyses/04_annotation/structural/prokka_np/efaecium_e745:RNA	RatA	EFM745_2:48233-48321	EFM745_02894
/home/dich3309/rnaseq-tnseq-enterococcus-analysis/analyses/04_annotation/structural/prokka_np/efaecium_e745:RNA	rli28	EFM745_2:c48566-48384	EFM745_02895
/home/dich3309/rnaseq-tnseq-enterococcus-analysis/analyses/04_annotation/structural/prokka_np/efaecium_e745:RNA	SpF66_sRNA	EFM745_2:88857-89072	EFM745_02939
/home/dich3309/rnaseq-tnseq-enterococcus-analysis/analyses/04_annotation/structural/prokka_np/efaecium_e745:RNA	rli38	EFM745_2:124889-125021	EFM745_02971
/home/dich3309/rnaseq-tnseq-enterococcus-analysis/analyses/04_annotation/structural/prokka_np/efaecium_e745:RNA	SpF66_sRNA	EFM745_3:19348-19565	EFM745_03098
/home/dich3309/rnaseq-tnseq-enterococcus-analysis/analyses/04_annotation/structural/prokka_np/efaecium_e745:RNA	Bacillus-plasmid	EFM745_5:c26288-26229	EFM745_03169
/home/dich3309/rnaseq-tnseq-enterococcus-analysis/analyses/04_annotation/structural/prokka_np/efaecium_e745:RNA	Intron_gpII	EFM745_6:c7893-7809	EFM745_03196
/home/dich3309/rnaseq-tnseq-enterococcus-analysis/analyses/04_annotation/structural/prokka_np/efaecium_e745:RNA	group-II-D1D4-5	EFM745_6:c10504-10293	EFM745_03198
/home/dich3309/rnaseq-tnseq-enterococcus-analysis/analyses/04_annotation/structural/prokka_np/efaecium_e745:RNA	group-II-D1D4-5	EFM745_8:11405-11616	EFM745_03248
/home/dich3309/rnaseq-tnseq-enterococcus-analysis/analyses/04_annotation/structural/prokka_np/efaecium_e745:RNA	Intron_gpII	EFM745_8:14016-14100	EFM745_03250

DiscRep_ALL:FIND_OVERLAPPED_GENES::2 genes completely overlapped by other genes
/home/dich3309/rnaseq-tnseq-enterococcus-analysis/analyses/04_annotation/structural/prokka_np/efaecium_e745:Gene	cspLA_2	EFM745_1:1858383-1858583	EFM745_01900
/home/dich3309/rnaseq-tnseq-enterococcus-analysis/analyses/04_annotation/structural/prokka_np/efaecium_e745:Gene	cspL	EFM745_1:2287419-2287619	EFM745_02345

DiscRep_ALL:MOLTYPE_NOT_MRNA::10 molecule types are not set as mRNA.
/home/dich3309/rnaseq-tnseq-enterococcus-analysis/analyses/04_annotation/structural/prokka_np/efaecium_e745:Prokka:EFM745_1 (length 2775137)
/home/dich3309/rnaseq-tnseq-enterococcus-analysis/analyses/04_annotation/structural/prokka_np/efaecium_e745:Prokka:EFM745_2 (length 218570)
/home/dich3309/rnaseq-tnseq-enterococcus-analysis/analyses/04_annotation/structural/prokka_np/efaecium_e745:Prokka:EFM745_3 (length 28879)
/home/dich3309/rnaseq-tnseq-enterococcus-analysis/analyses/04_annotation/structural/prokka_np/efaecium_e745:Prokka:EFM745_4 (length 14734)
/home/dich3309/rnaseq-tnseq-enterococcus-analysis/analyses/04_annotation/structural/prokka_np/efaecium_e745:Prokka:EFM745_5 (length 40013)
/home/dich3309/rnaseq-tnseq-enterococcus-analysis/analyses/04_annotation/structural/prokka_np/efaecium_e745:Prokka:EFM745_6 (length 15017)
/home/dich3309/rnaseq-tnseq-enterococcus-analysis/analyses/04_annotation/structural/prokka_np/efaecium_e745:Prokka:EFM745_7 (length 16122)
/home/dich3309/rnaseq-tnseq-enterococcus-analysis/analyses/04_annotation/structural/prokka_np/efaecium_e745:Prokka:EFM745_8 (length 24832)
/home/dich3309/rnaseq-tnseq-enterococcus-analysis/analyses/04_annotation/structural/prokka_np/efaecium_e745:Prokka:EFM745_9 (length 15455)
/home/dich3309/rnaseq-tnseq-enterococcus-analysis/analyses/04_annotation/structural/prokka_np/efaecium_e745:Prokka:EFM745_10 (length 7042)

DiscRep_ALL:TECHNIQUE_NOT_TSA::10 technique are not set as TSA
/home/dich3309/rnaseq-tnseq-enterococcus-analysis/analyses/04_annotation/structural/prokka_np/efaecium_e745:Prokka:EFM745_1 (length 2775137)
/home/dich3309/rnaseq-tnseq-enterococcus-analysis/analyses/04_annotation/structural/prokka_np/efaecium_e745:Prokka:EFM745_2 (length 218570)
/home/dich3309/rnaseq-tnseq-enterococcus-analysis/analyses/04_annotation/structural/prokka_np/efaecium_e745:Prokka:EFM745_3 (length 28879)
/home/dich3309/rnaseq-tnseq-enterococcus-analysis/analyses/04_annotation/structural/prokka_np/efaecium_e745:Prokka:EFM745_4 (length 14734)
/home/dich3309/rnaseq-tnseq-enterococcus-analysis/analyses/04_annotation/structural/prokka_np/efaecium_e745:Prokka:EFM745_5 (length 40013)
/home/dich3309/rnaseq-tnseq-enterococcus-analysis/analyses/04_annotation/structural/prokka_np/efaecium_e745:Prokka:EFM745_6 (length 15017)
/home/dich3309/rnaseq-tnseq-enterococcus-analysis/analyses/04_annotation/structural/prokka_np/efaecium_e745:Prokka:EFM745_7 (length 16122)
/home/dich3309/rnaseq-tnseq-enterococcus-analysis/analyses/04_annotation/structural/prokka_np/efaecium_e745:Prokka:EFM745_8 (length 24832)
/home/dich3309/rnaseq-tnseq-enterococcus-analysis/analyses/04_annotation/structural/prokka_np/efaecium_e745:Prokka:EFM745_9 (length 15455)
/home/dich3309/rnaseq-tnseq-enterococcus-analysis/analyses/04_annotation/structural/prokka_np/efaecium_e745:Prokka:EFM745_10 (length 7042)

DiscRep_ALL:MISSING_STRUCTURED_COMMENT::10 sequences do not include structured comments.
/home/dich3309/rnaseq-tnseq-enterococcus-analysis/analyses/04_annotation/structural/prokka_np/efaecium_e745:Prokka:EFM745_1 (length 2775137)
/home/dich3309/rnaseq-tnseq-enterococcus-analysis/analyses/04_annotation/structural/prokka_np/efaecium_e745:Prokka:EFM745_2 (length 218570)
/home/dich3309/rnaseq-tnseq-enterococcus-analysis/analyses/04_annotation/structural/prokka_np/efaecium_e745:Prokka:EFM745_3 (length 28879)
/home/dich3309/rnaseq-tnseq-enterococcus-analysis/analyses/04_annotation/structural/prokka_np/efaecium_e745:Prokka:EFM745_4 (length 14734)
/home/dich3309/rnaseq-tnseq-enterococcus-analysis/analyses/04_annotation/structural/prokka_np/efaecium_e745:Prokka:EFM745_5 (length 40013)
/home/dich3309/rnaseq-tnseq-enterococcus-analysis/analyses/04_annotation/structural/prokka_np/efaecium_e745:Prokka:EFM745_6 (length 15017)
/home/dich3309/rnaseq-tnseq-enterococcus-analysis/analyses/04_annotation/structural/prokka_np/efaecium_e745:Prokka:EFM745_7 (length 16122)
/home/dich3309/rnaseq-tnseq-enterococcus-analysis/analyses/04_annotation/structural/prokka_np/efaecium_e745:Prokka:EFM745_8 (length 24832)
/home/dich3309/rnaseq-tnseq-enterococcus-analysis/analyses/04_annotation/structural/prokka_np/efaecium_e745:Prokka:EFM745_9 (length 15455)
/home/dich3309/rnaseq-tnseq-enterococcus-analysis/analyses/04_annotation/structural/prokka_np/efaecium_e745:Prokka:EFM745_10 (length 7042)

DiscRep_ALL:MISSING_PROJECT::3135 sequences do not include project.
/home/dich3309/rnaseq-tnseq-enterococcus-analysis/analyses/04_annotation/structural/prokka_np/efaecium_e745:Prokka:EFM745_1 (length 2775137)
/home/dich3309/rnaseq-tnseq-enterococcus-analysis/analyses/04_annotation/structural/prokka_np/efaecium_e745:Prokka:EFM745_00001 (length 200)
/home/dich3309/rnaseq-tnseq-enterococcus-analysis/analyses/04_annotation/structural/prokka_np/efaecium_e745:Prokka:EFM745_00002 (length 152)
/home/dich3309/rnaseq-tnseq-enterococcus-analysis/analyses/04_annotation/structural/prokka_np/efaecium_e745:Prokka:EFM745_00003 (length 442)
/home/dich3309/rnaseq-tnseq-enterococcus-analysis/analyses/04_annotation/structural/prokka_np/efaecium_e745:Prokka:EFM745_00004 (length 470)
/home/dich3309/rnaseq-tnseq-enterococcus-analysis/analyses/04_annotation/structural/prokka_np/efaecium_e745:Prokka:EFM745_00005 (length 254)
/home/dich3309/rnaseq-tnseq-enterococcus-analysis/analyses/04_annotation/structural/prokka_np/efaecium_e745:Prokka:EFM745_00006 (length 291)
/home/dich3309/rnaseq-tnseq-enterococcus-analysis/analyses/04_annotation/structural/prokka_np/efaecium_e745:Prokka:EFM745_00026 (length 501)
/home/dich3309/rnaseq-tnseq-enterococcus-analysis/analyses/04_annotation/structural/prokka_np/efaecium_e745:Prokka:EFM745_00027 (length 228)
/home/dich3309/rnaseq-tnseq-enterococcus-analysis/analyses/04_annotation/structural/prokka_np/efaecium_e745:Prokka:EFM745_00028 (length 473)
/home/dich3309/rnaseq-tnseq-enterococcus-analysis/analyses/04_annotation/structural/prokka_np/efaecium_e745:Prokka:EFM745_00029 (length 59)
/home/dich3309/rnaseq-tnseq-enterococcus-analysis/analyses/04_annotation/structural/prokka_np/efaecium_e745:Prokka:EFM745_00030 (length 189)
/home/dich3309/rnaseq-tnseq-enterococcus-analysis/analyses/04_annotation/structural/prokka_np/efaecium_e745:Prokka:EFM745_00031 (length 300)
/home/dich3309/rnaseq-tnseq-enterococcus-analysis/analyses/04_annotation/structural/prokka_np/efaecium_e745:Prokka:EFM745_00032 (length 594)
/home/dich3309/rnaseq-tnseq-enterococcus-analysis/analyses/04_annotation/structural/prokka_np/efaecium_e745:Prokka:EFM745_00033 (length 320)
/home/dich3309/rnaseq-tnseq-enterococcus-analysis/analyses/04_annotation/structural/prokka_np/efaecium_e745:Prokka:EFM745_00034 (length 1104)
/home/dich3309/rnaseq-tnseq-enterococcus-analysis/analyses/04_annotation/structural/prokka_np/efaecium_e745:Prokka:EFM745_00035 (length 61)
/home/dich3309/rnaseq-tnseq-enterococcus-analysis/analyses/04_annotation/structural/prokka_np/efaecium_e745:Prokka:EFM745_00036 (length 398)
/home/dich3309/rnaseq-tnseq-enterococcus-analysis/analyses/04_annotation/structural/prokka_np/efaecium_e745:Prokka:EFM745_00037 (length 431)
/home/dich3309/rnaseq-tnseq-enterococcus-analysis/analyses/04_annotation/structural/prokka_np/efaecium_e745:Prokka:EFM745_00038 (length 514)
/home/dich3309/rnaseq-tnseq-enterococcus-analysis/analyses/04_annotation/structural/prokka_np/efaecium_e745:Prokka:EFM745_00039 (length 269)
/home/dich3309/rnaseq-tnseq-enterococcus-analysis/analyses/04_annotation/structural/prokka_np/efaecium_e745:Prokka:EFM745_00040 (length 431)
/home/dich3309/rnaseq-tnseq-enterococcus-analysis/analyses/04_annotation/structural/prokka_np/efaecium_e745:Prokka:EFM745_00041 (length 717)
/home/dich3309/rnaseq-tnseq-enterococcus-analysis/analyses/04_annotation/structural/prokka_np/efaecium_e745:Prokka:EFM745_00042 (length 282)
/home/dich3309/rnaseq-tnseq-enterococcus-analysis/analyses/04_annotation/structural/prokka_np/efaecium_e745:Prokka:EFM745_00043 (length 646)
/home/dich3309/rnaseq-tnseq-enterococcus-analysis/analyses/04_annotation/structural/prokka_np/efaecium_e745:Prokka:EFM745_00044 (length 59)
/home/dich3309/rnaseq-tnseq-enterococcus-analysis/analyses/04_annotation/structural/prokka_np/efaecium_e745:Prokka:EFM745_00045 (length 607)
/home/dich3309/rnaseq-tnseq-enterococcus-analysis/analyses/04_annotation/structural/prokka_np/efaecium_e745:Prokka:EFM745_00046 (length 317)
/home/dich3309/rnaseq-tnseq-enterococcus-analysis/analyses/04_annotation/structural/prokka_np/efaecium_e745:Prokka:EFM745_00047 (length 441)
/home/dich3309/rnaseq-tnseq-enterococcus-analysis/analyses/04_annotation/structural/prokka_np/efaecium_e745:Prokka:EFM745_00048 (length 215)
/home/dich3309/rnaseq-tnseq-enterococcus-analysis/analyses/04_annotation/structural/prokka_np/efaecium_e745:Prokka:EFM745_00049 (length 431)
/home/dich3309/rnaseq-tnseq-enterococcus-analysis/analyses/04_annotation/structural/prokka_np/efaecium_e745:Prokka:EFM745_00050 (length 239)
/home/dich3309/rnaseq-tnseq-enterococcus-analysis/analyses/04_annotation/structural/prokka_np/efaecium_e745:Prokka:EFM745_00051 (length 383)
/home/dich3309/rnaseq-tnseq-enterococcus-analysis/analyses/04_annotation/structural/prokka_np/efaecium_e745:Prokka:EFM745_00052 (length 246)
/home/dich3309/rnaseq-tnseq-enterococcus-analysis/analyses/04_annotation/structural/prokka_np/efaecium_e745:Prokka:EFM745_00053 (length 86)
/home/dich3309/rnaseq-tnseq-enterococcus-analysis/analyses/04_annotation/structural/prokka_np/efaecium_e745:Prokka:EFM745_00054 (length 197)
/home/dich3309/rnaseq-tnseq-enterococcus-analysis/analyses/04_annotation/structural/prokka_np/efaecium_e745:Prokka:EFM745_00055 (length 216)
/home/dich3309/rnaseq-tnseq-enterococcus-analysis/analyses/04_annotation/structural/prokka_np/efaecium_e745:Prokka:EFM745_00056 (length 103)
/home/dich3309/rnaseq-tnseq-enterococcus-analysis/analyses/04_annotation/structural/prokka_np/efaecium_e745:Prokka:EFM745_00057 (length 369)
/home/dich3309/rnaseq-tnseq-enterococcus-analysis/analyses/04_annotation/structural/prokka_np/efaecium_e745:Prokka:EFM745_00058 (length 175)
/home/dich3309/rnaseq-tnseq-enterococcus-analysis/analyses/04_annotation/structural/prokka_np/efaecium_e745:Prokka:EFM745_00059 (length 261)
/home/dich3309/rnaseq-tnseq-enterococcus-analysis/analyses/04_annotation/structural/prokka_np/efaecium_e745:Prokka:EFM745_00060 (length 289)
/home/dich3309/rnaseq-tnseq-enterococcus-analysis/analyses/04_annotation/structural/prokka_np/efaecium_e745:Prokka:EFM745_00061 (length 459)
/home/dich3309/rnaseq-tnseq-enterococcus-analysis/analyses/04_annotation/structural/prokka_np/efaecium_e745:Prokka:EFM745_00062 (length 139)
/home/dich3309/rnaseq-tnseq-enterococcus-analysis/analyses/04_annotation/structural/prokka_np/efaecium_e745:Prokka:EFM745_00063 (length 158)
/home/dich3309/rnaseq-tnseq-enterococcus-analysis/analyses/04_annotation/structural/prokka_np/efaecium_e745:Prokka:EFM745_00064 (length 411)
/home/dich3309/rnaseq-tnseq-enterococcus-analysis/analyses/04_annotation/structural/prokka_np/efaecium_e745:Prokka:EFM745_00065 (length 245)
/home/dich3309/rnaseq-tnseq-enterococcus-analysis/analyses/04_annotation/structural/prokka_np/efaecium_e745:Prokka:EFM745_00066 (length 305)
/home/dich3309/rnaseq-tnseq-enterococcus-analysis/analyses/04_annotation/structural/prokka_np/efaecium_e745:Prokka:EFM745_00067 (length 74)
/home/dich3309/rnaseq-tnseq-enterococcus-analysis/analyses/04_annotation/structural/prokka_np/efaecium_e745:Prokka:EFM745_00068 (length 320)
/home/dich3309/rnaseq-tnseq-enterococcus-analysis/analyses/04_annotation/structural/prokka_np/efaecium_e745:Prokka:EFM745_00069 (length 146)
/home/dich3309/rnaseq-tnseq-enterococcus-analysis/analyses/04_annotation/structural/prokka_np/efaecium_e745:Prokka:EFM745_00070 (length 321)
/home/dich3309/rnaseq-tnseq-enterococcus-analysis/analyses/04_annotation/structural/prokka_np/efaecium_e745:Prokka:EFM745_00071 (length 76)
/home/dich3309/rnaseq-tnseq-enterococcus-analysis/analyses/04_annotation/structural/prokka_np/efaecium_e745:Prokka:EFM745_00072 (length 295)
/home/dich3309/rnaseq-tnseq-enterococcus-analysis/analyses/04_annotation/structural/prokka_np/efaecium_e745:Prokka:EFM745_00073 (length 407)
/home/dich3309/rnaseq-tnseq-enterococcus-analysis/analyses/04_annotation/structural/prokka_np/efaecium_e745:Prokka:EFM745_00074 (length 348)
/home/dich3309/rnaseq-tnseq-enterococcus-analysis/analyses/04_annotation/structural/prokka_np/efaecium_e745:Prokka:EFM745_00075 (length 575)
/home/dich3309/rnaseq-tnseq-enterococcus-analysis/analyses/04_annotation/structural/prokka_np/efaecium_e745:Prokka:EFM745_00076 (length 88)
/home/dich3309/rnaseq-tnseq-enterococcus-analysis/analyses/04_annotation/structural/prokka_np/efaecium_e745:Prokka:EFM745_00077 (length 744)
/home/dich3309/rnaseq-tnseq-enterococcus-analysis/analyses/04_annotation/structural/prokka_np/efaecium_e745:Prokka:EFM745_00078 (length 106)
/home/dich3309/rnaseq-tnseq-enterococcus-analysis/analyses/04_annotation/structural/prokka_np/efaecium_e745:Prokka:EFM745_00079 (length 74)
/home/dich3309/rnaseq-tnseq-enterococcus-analysis/analyses/04_annotation/structural/prokka_np/efaecium_e745:Prokka:EFM745_00080 (length 526)
/home/dich3309/rnaseq-tnseq-enterococcus-analysis/analyses/04_annotation/structural/prokka_np/efaecium_e745:Prokka:EFM745_00081 (length 458)
/home/dich3309/rnaseq-tnseq-enterococcus-analysis/analyses/04_annotation/structural/prokka_np/efaecium_e745:Prokka:EFM745_00082 (length 372)
/home/dich3309/rnaseq-tnseq-enterococcus-analysis/analyses/04_annotation/structural/prokka_np/efaecium_e745:Prokka:EFM745_00083 (length 144)
/home/dich3309/rnaseq-tnseq-enterococcus-analysis/analyses/04_annotation/structural/prokka_np/efaecium_e745:Prokka:EFM745_00084 (length 177)
/home/dich3309/rnaseq-tnseq-enterococcus-analysis/analyses/04_annotation/structural/prokka_np/efaecium_e745:Prokka:EFM745_00085 (length 392)
/home/dich3309/rnaseq-tnseq-enterococcus-analysis/analyses/04_annotation/structural/prokka_np/efaecium_e745:Prokka:EFM745_00086 (length 236)
/home/dich3309/rnaseq-tnseq-enterococcus-analysis/analyses/04_annotation/structural/prokka_np/efaecium_e745:Prokka:EFM745_00087 (length 460)
/home/dich3309/rnaseq-tnseq-enterococcus-analysis/analyses/04_annotation/structural/prokka_np/efaecium_e745:Prokka:EFM745_00088 (length 192)
/home/dich3309/rnaseq-tnseq-enterococcus-analysis/analyses/04_annotation/structural/prokka_np/efaecium_e745:Prokka:EFM745_00089 (length 156)
/home/dich3309/rnaseq-tnseq-enterococcus-analysis/analyses/04_annotation/structural/prokka_np/efaecium_e745:Prokka:EFM745_00090 (length 408)
/home/dich3309/rnaseq-tnseq-enterococcus-analysis/analyses/04_annotation/structural/prokka_np/efaecium_e745:Prokka:EFM745_00091 (length 66)
/home/dich3309/rnaseq-tnseq-enterococcus-analysis/analyses/04_annotation/structural/prokka_np/efaecium_e745:Prokka:EFM745_00092 (length 202)
/home/dich3309/rnaseq-tnseq-enterococcus-analysis/analyses/04_annotation/structural/prokka_np/efaecium_e745:Prokka:EFM745_00093 (length 156)
/home/dich3309/rnaseq-tnseq-enterococcus-analysis/analyses/04_annotation/structural/prokka_np/efaecium_e745:Prokka:EFM745_00094 (length 299)
/home/dich3309/rnaseq-tnseq-enterococcus-analysis/analyses/04_annotation/structural/prokka_np/efaecium_e745:Prokka:EFM745_00095 (length 267)
/home/dich3309/rnaseq-tnseq-enterococcus-analysis/analyses/04_annotation/structural/prokka_np/efaecium_e745:Prokka:EFM745_00096 (length 315)
/home/dich3309/rnaseq-tnseq-enterococcus-analysis/analyses/04_annotation/structural/prokka_np/efaecium_e745:Prokka:EFM745_00097 (length 515)
/home/dich3309/rnaseq-tnseq-enterococcus-analysis/analyses/04_annotation/structural/prokka_np/efaecium_e745:Prokka:EFM745_00098 (length 117)
/home/dich3309/rnaseq-tnseq-enterococcus-analysis/analyses/04_annotation/structural/prokka_np/efaecium_e745:Prokka:EFM745_00099 (length 64)
/home/dich3309/rnaseq-tnseq-enterococcus-analysis/analyses/04_annotation/structural/prokka_np/efaecium_e745:Prokka:EFM745_00100 (length 97)
/home/dich3309/rnaseq-tnseq-enterococcus-analysis/analyses/04_annotation/structural/prokka_np/efaecium_e745:Prokka:EFM745_00101 (length 180)
/home/dich3309/rnaseq-tnseq-enterococcus-analysis/analyses/04_annotation/structural/prokka_np/efaecium_e745:Prokka:EFM745_00102 (length 210)
/home/dich3309/rnaseq-tnseq-enterococcus-analysis/analyses/04_annotation/structural/prokka_np/efaecium_e745:Prokka:EFM745_00103 (length 355)
/home/dich3309/rnaseq-tnseq-enterococcus-analysis/analyses/04_annotation/structural/prokka_np/efaecium_e745:Prokka:EFM745_00104 (length 243)
/home/dich3309/rnaseq-tnseq-enterococcus-analysis/analyses/04_annotation/structural/prokka_np/efaecium_e745:Prokka:EFM745_00105 (length 159)
/home/dich3309/rnaseq-tnseq-enterococcus-analysis/analyses/04_annotation/structural/prokka_np/efaecium_e745:Prokka:EFM745_00106 (length 391)
/home/dich3309/rnaseq-tnseq-enterococcus-analysis/analyses/04_annotation/structural/prokka_np/efaecium_e745:Prokka:EFM745_00107 (length 386)
/home/dich3309/rnaseq-tnseq-enterococcus-analysis/analyses/04_annotation/structural/prokka_np/efaecium_e745:Prokka:EFM745_00108 (length 481)
/home/dich3309/rnaseq-tnseq-enterococcus-analysis/analyses/04_annotation/structural/prokka_np/efaecium_e745:Prokka:EFM745_00109 (length 315)
/home/dich3309/rnaseq-tnseq-enterococcus-analysis/analyses/04_annotation/structural/prokka_np/efaecium_e745:Prokka:EFM745_00110 (length 471)
/home/dich3309/rnaseq-tnseq-enterococcus-analysis/analyses/04_annotation/structural/prokka_np/efaecium_e745:Prokka:EFM745_00111 (length 382)
/home/dich3309/rnaseq-tnseq-enterococcus-analysis/analyses/04_annotation/structural/prokka_np/efaecium_e745:Prokka:EFM745_00112 (length 511)
/home/dich3309/rnaseq-tnseq-enterococcus-analysis/analyses/04_annotation/structural/prokka_np/efaecium_e745:Prokka:EFM745_00113 (length 324)
/home/dich3309/rnaseq-tnseq-enterococcus-analysis/analyses/04_annotation/structural/prokka_np/efaecium_e745:Prokka:EFM745_00114 (length 335)
/home/dich3309/rnaseq-tnseq-enterococcus-analysis/analyses/04_annotation/structural/prokka_np/efaecium_e745:Prokka:EFM745_00115 (length 355)
/home/dich3309/rnaseq-tnseq-enterococcus-analysis/analyses/04_annotation/structural/prokka_np/efaecium_e745:Prokka:EFM745_00116 (length 233)
/home/dich3309/rnaseq-tnseq-enterococcus-analysis/analyses/04_annotation/structural/prokka_np/efaecium_e745:Prokka:EFM745_00117 (length 129)
/home/dich3309/rnaseq-tnseq-enterococcus-analysis/analyses/04_annotation/structural/prokka_np/efaecium_e745:Prokka:EFM745_00118 (length 113)
/home/dich3309/rnaseq-tnseq-enterococcus-analysis/analyses/04_annotation/structural/prokka_np/efaecium_e745:Prokka:EFM745_00119 (length 180)
/home/dich3309/rnaseq-tnseq-enterococcus-analysis/analyses/04_annotation/structural/prokka_np/efaecium_e745:Prokka:EFM745_00120 (length 79)
/home/dich3309/rnaseq-tnseq-enterococcus-analysis/analyses/04_annotation/structural/prokka_np/efaecium_e745:Prokka:EFM745_00121 (length 463)
/home/dich3309/rnaseq-tnseq-enterococcus-analysis/analyses/04_annotation/structural/prokka_np/efaecium_e745:Prokka:EFM745_00122 (length 319)
/home/dich3309/rnaseq-tnseq-enterococcus-analysis/analyses/04_annotation/structural/prokka_np/efaecium_e745:Prokka:EFM745_00123 (length 712)
/home/dich3309/rnaseq-tnseq-enterococcus-analysis/analyses/04_annotation/structural/prokka_np/efaecium_e745:Prokka:EFM745_00124 (length 528)
/home/dich3309/rnaseq-tnseq-enterococcus-analysis/analyses/04_annotation/structural/prokka_np/efaecium_e745:Prokka:EFM745_00125 (length 406)
/home/dich3309/rnaseq-tnseq-enterococcus-analysis/analyses/04_annotation/structural/prokka_np/efaecium_e745:Prokka:EFM745_00126 (length 268)
/home/dich3309/rnaseq-tnseq-enterococcus-analysis/analyses/04_annotation/structural/prokka_np/efaecium_e745:Prokka:EFM745_00127 (length 426)
/home/dich3309/rnaseq-tnseq-enterococcus-analysis/analyses/04_annotation/structural/prokka_np/efaecium_e745:Prokka:EFM745_00128 (length 677)
/home/dich3309/rnaseq-tnseq-enterococcus-analysis/analyses/04_annotation/structural/prokka_np/efaecium_e745:Prokka:EFM745_00129 (length 283)
/home/dich3309/rnaseq-tnseq-enterococcus-analysis/analyses/04_annotation/structural/prokka_np/efaecium_e745:Prokka:EFM745_00130 (length 342)
/home/dich3309/rnaseq-tnseq-enterococcus-analysis/analyses/04_annotation/structural/prokka_np/efaecium_e745:Prokka:EFM745_00131 (length 190)
/home/dich3309/rnaseq-tnseq-enterococcus-analysis/analyses/04_annotation/structural/prokka_np/efaecium_e745:Prokka:EFM745_00132 (length 288)
/home/dich3309/rnaseq-tnseq-enterococcus-analysis/analyses/04_annotation/structural/prokka_np/efaecium_e745:Prokka:EFM745_00133 (length 235)
/home/dich3309/rnaseq-tnseq-enterococcus-analysis/analyses/04_annotation/structural/prokka_np/efaecium_e745:Prokka:EFM745_00134 (length 275)
/home/dich3309/rnaseq-tnseq-enterococcus-analysis/analyses/04_annotation/structural/prokka_np/efaecium_e745:Prokka:EFM745_00135 (length 266)
/home/dich3309/rnaseq-tnseq-enterococcus-analysis/analyses/04_annotation/structural/prokka_np/efaecium_e745:Prokka:EFM745_00136 (length 379)
/home/dich3309/rnaseq-tnseq-enterococcus-analysis/analyses/04_annotation/structural/prokka_np/efaecium_e745:Prokka:EFM745_00137 (length 307)
/home/dich3309/rnaseq-tnseq-enterococcus-analysis/analyses/04_annotation/structural/prokka_np/efaecium_e745:Prokka:EFM745_00138 (length 254)
/home/dich3309/rnaseq-tnseq-enterococcus-analysis/analyses/04_annotation/structural/prokka_np/efaecium_e745:Prokka:EFM745_00139 (length 146)
/home/dich3309/rnaseq-tnseq-enterococcus-analysis/analyses/04_annotation/structural/prokka_np/efaecium_e745:Prokka:EFM745_00140 (length 189)
/home/dich3309/rnaseq-tnseq-enterococcus-analysis/analyses/04_annotation/structural/prokka_np/efaecium_e745:Prokka:EFM745_00141 (length 410)
/home/dich3309/rnaseq-tnseq-enterococcus-analysis/analyses/04_annotation/structural/prokka_np/efaecium_e745:Prokka:EFM745_00142 (length 59)
/home/dich3309/rnaseq-tnseq-enterococcus-analysis/analyses/04_annotation/structural/prokka_np/efaecium_e745:Prokka:EFM745_00143 (length 123)
/home/dich3309/rnaseq-tnseq-enterococcus-analysis/analyses/04_annotation/structural/prokka_np/efaecium_e745:Prokka:EFM745_00144 (length 133)
/home/dich3309/rnaseq-tnseq-enterococcus-analysis/analyses/04_annotation/structural/prokka_np/efaecium_e745:Prokka:EFM745_00145 (length 135)
/home/dich3309/rnaseq-tnseq-enterococcus-analysis/analyses/04_annotation/structural/prokka_np/efaecium_e745:Prokka:EFM745_00146 (length 164)
/home/dich3309/rnaseq-tnseq-enterococcus-analysis/analyses/04_annotation/structural/prokka_np/efaecium_e745:Prokka:EFM745_00147 (length 278)
/home/dich3309/rnaseq-tnseq-enterococcus-analysis/analyses/04_annotation/structural/prokka_np/efaecium_e745:Prokka:EFM745_00148 (length 96)
/home/dich3309/rnaseq-tnseq-enterococcus-analysis/analyses/04_annotation/structural/prokka_np/efaecium_e745:Prokka:EFM745_00150 (length 341)
/home/dich3309/rnaseq-tnseq-enterococcus-analysis/analyses/04_annotation/structural/prokka_np/efaecium_e745:Prokka:EFM745_00151 (length 74)
/home/dich3309/rnaseq-tnseq-enterococcus-analysis/analyses/04_annotation/structural/prokka_np/efaecium_e745:Prokka:EFM745_00152 (length 97)
/home/dich3309/rnaseq-tnseq-enterococcus-analysis/analyses/04_annotation/structural/prokka_np/efaecium_e745:Prokka:EFM745_00153 (length 45)
/home/dich3309/rnaseq-tnseq-enterococcus-analysis/analyses/04_annotation/structural/prokka_np/efaecium_e745:Prokka:EFM745_00154 (length 148)
/home/dich3309/rnaseq-tnseq-enterococcus-analysis/analyses/04_annotation/structural/prokka_np/efaecium_e745:Prokka:EFM745_00155 (length 688)
/home/dich3309/rnaseq-tnseq-enterococcus-analysis/analyses/04_annotation/structural/prokka_np/efaecium_e745:Prokka:EFM745_00156 (length 260)
/home/dich3309/rnaseq-tnseq-enterococcus-analysis/analyses/04_annotation/structural/prokka_np/efaecium_e745:Prokka:EFM745_00157 (length 572)
/home/dich3309/rnaseq-tnseq-enterococcus-analysis/analyses/04_annotation/structural/prokka_np/efaecium_e745:Prokka:EFM745_00158 (length 943)
/home/dich3309/rnaseq-tnseq-enterococcus-analysis/analyses/04_annotation/structural/prokka_np/efaecium_e745:Prokka:EFM745_00159 (length 262)
/home/dich3309/rnaseq-tnseq-enterococcus-analysis/analyses/04_annotation/structural/prokka_np/efaecium_e745:Prokka:EFM745_00160 (length 1039)
/home/dich3309/rnaseq-tnseq-enterococcus-analysis/analyses/04_annotation/structural/prokka_np/efaecium_e745:Prokka:EFM745_00161 (length 95)
/home/dich3309/rnaseq-tnseq-enterococcus-analysis/analyses/04_annotation/structural/prokka_np/efaecium_e745:Prokka:EFM745_00162 (length 122)
/home/dich3309/rnaseq-tnseq-enterococcus-analysis/analyses/04_annotation/structural/prokka_np/efaecium_e745:Prokka:EFM745_00163 (length 170)
/home/dich3309/rnaseq-tnseq-enterococcus-analysis/analyses/04_annotation/structural/prokka_np/efaecium_e745:Prokka:EFM745_00164 (length 130)
/home/dich3309/rnaseq-tnseq-enterococcus-analysis/analyses/04_annotation/structural/prokka_np/efaecium_e745:Prokka:EFM745_00165 (length 123)
/home/dich3309/rnaseq-tnseq-enterococcus-analysis/analyses/04_annotation/structural/prokka_np/efaecium_e745:Prokka:EFM745_00166 (length 108)
/home/dich3309/rnaseq-tnseq-enterococcus-analysis/analyses/04_annotation/structural/prokka_np/efaecium_e745:Prokka:EFM745_00167 (length 112)
/home/dich3309/rnaseq-tnseq-enterococcus-analysis/analyses/04_annotation/structural/prokka_np/efaecium_e745:Prokka:EFM745_00168 (length 68)
/home/dich3309/rnaseq-tnseq-enterococcus-analysis/analyses/04_annotation/structural/prokka_np/efaecium_e745:Prokka:EFM745_00169 (length 335)
/home/dich3309/rnaseq-tnseq-enterococcus-analysis/analyses/04_annotation/structural/prokka_np/efaecium_e745:Prokka:EFM745_00170 (length 117)
/home/dich3309/rnaseq-tnseq-enterococcus-analysis/analyses/04_annotation/structural/prokka_np/efaecium_e745:Prokka:EFM745_00171 (length 213)
/home/dich3309/rnaseq-tnseq-enterococcus-analysis/analyses/04_annotation/structural/prokka_np/efaecium_e745:Prokka:EFM745_00172 (length 57)
/home/dich3309/rnaseq-tnseq-enterococcus-analysis/analyses/04_annotation/structural/prokka_np/efaecium_e745:Prokka:EFM745_00173 (length 317)
/home/dich3309/rnaseq-tnseq-enterococcus-analysis/analyses/04_annotation/structural/prokka_np/efaecium_e745:Prokka:EFM745_00174 (length 87)
/home/dich3309/rnaseq-tnseq-enterococcus-analysis/analyses/04_annotation/structural/prokka_np/efaecium_e745:Prokka:EFM745_00175 (length 76)
/home/dich3309/rnaseq-tnseq-enterococcus-analysis/analyses/04_annotation/structural/prokka_np/efaecium_e745:Prokka:EFM745_00176 (length 544)
/home/dich3309/rnaseq-tnseq-enterococcus-analysis/analyses/04_annotation/structural/prokka_np/efaecium_e745:Prokka:EFM745_00177 (length 433)
/home/dich3309/rnaseq-tnseq-enterococcus-analysis/analyses/04_annotation/structural/prokka_np/efaecium_e745:Prokka:EFM745_00178 (length 151)
/home/dich3309/rnaseq-tnseq-enterococcus-analysis/analyses/04_annotation/structural/prokka_np/efaecium_e745:Prokka:EFM745_00179 (length 74)
/home/dich3309/rnaseq-tnseq-enterococcus-analysis/analyses/04_annotation/structural/prokka_np/efaecium_e745:Prokka:EFM745_00180 (length 59)
/home/dich3309/rnaseq-tnseq-enterococcus-analysis/analyses/04_annotation/structural/prokka_np/efaecium_e745:Prokka:EFM745_00181 (length 137)
/home/dich3309/rnaseq-tnseq-enterococcus-analysis/analyses/04_annotation/structural/prokka_np/efaecium_e745:Prokka:EFM745_00182 (length 91)
/home/dich3309/rnaseq-tnseq-enterococcus-analysis/analyses/04_annotation/structural/prokka_np/efaecium_e745:Prokka:EFM745_00183 (length 50)
/home/dich3309/rnaseq-tnseq-enterococcus-analysis/analyses/04_annotation/structural/prokka_np/efaecium_e745:Prokka:EFM745_00184 (length 137)
/home/dich3309/rnaseq-tnseq-enterococcus-analysis/analyses/04_annotation/structural/prokka_np/efaecium_e745:Prokka:EFM745_00185 (length 98)
/home/dich3309/rnaseq-tnseq-enterococcus-analysis/analyses/04_annotation/structural/prokka_np/efaecium_e745:Prokka:EFM745_00186 (length 185)
/home/dich3309/rnaseq-tnseq-enterococcus-analysis/analyses/04_annotation/structural/prokka_np/efaecium_e745:Prokka:EFM745_00187 (length 131)
/home/dich3309/rnaseq-tnseq-enterococcus-analysis/analyses/04_annotation/structural/prokka_np/efaecium_e745:Prokka:EFM745_00188 (length 57)
/home/dich3309/rnaseq-tnseq-enterococcus-analysis/analyses/04_annotation/structural/prokka_np/efaecium_e745:Prokka:EFM745_00189 (length 103)
/home/dich3309/rnaseq-tnseq-enterococcus-analysis/analyses/04_annotation/structural/prokka_np/efaecium_e745:Prokka:EFM745_00190 (length 96)
/home/dich3309/rnaseq-tnseq-enterococcus-analysis/analyses/04_annotation/structural/prokka_np/efaecium_e745:Prokka:EFM745_00191 (length 103)
/home/dich3309/rnaseq-tnseq-enterococcus-analysis/analyses/04_annotation/structural/prokka_np/efaecium_e745:Prokka:EFM745_00192 (length 53)
/home/dich3309/rnaseq-tnseq-enterococcus-analysis/analyses/04_annotation/structural/prokka_np/efaecium_e745:Prokka:EFM745_00193 (length 100)
/home/dich3309/rnaseq-tnseq-enterococcus-analysis/analyses/04_annotation/structural/prokka_np/efaecium_e745:Prokka:EFM745_00194 (length 54)
/home/dich3309/rnaseq-tnseq-enterococcus-analysis/analyses/04_annotation/structural/prokka_np/efaecium_e745:Prokka:EFM745_00195 (length 89)
/home/dich3309/rnaseq-tnseq-enterococcus-analysis/analyses/04_annotation/structural/prokka_np/efaecium_e745:Prokka:EFM745_00196 (length 283)
/home/dich3309/rnaseq-tnseq-enterococcus-analysis/analyses/04_annotation/structural/prokka_np/efaecium_e745:Prokka:EFM745_00197 (length 171)
/home/dich3309/rnaseq-tnseq-enterococcus-analysis/analyses/04_annotation/structural/prokka_np/efaecium_e745:Prokka:EFM745_00198 (length 230)
/home/dich3309/rnaseq-tnseq-enterococcus-analysis/analyses/04_annotation/structural/prokka_np/efaecium_e745:Prokka:EFM745_00199 (length 223)
/home/dich3309/rnaseq-tnseq-enterococcus-analysis/analyses/04_annotation/structural/prokka_np/efaecium_e745:Prokka:EFM745_00200 (length 113)
/home/dich3309/rnaseq-tnseq-enterococcus-analysis/analyses/04_annotation/structural/prokka_np/efaecium_e745:Prokka:EFM745_00201 (length 48)
/home/dich3309/rnaseq-tnseq-enterococcus-analysis/analyses/04_annotation/structural/prokka_np/efaecium_e745:Prokka:EFM745_00202 (length 57)
/home/dich3309/rnaseq-tnseq-enterococcus-analysis/analyses/04_annotation/structural/prokka_np/efaecium_e745:Prokka:EFM745_00203 (length 62)
/home/dich3309/rnaseq-tnseq-enterococcus-analysis/analyses/04_annotation/structural/prokka_np/efaecium_e745:Prokka:EFM745_00204 (length 94)
/home/dich3309/rnaseq-tnseq-enterococcus-analysis/analyses/04_annotation/structural/prokka_np/efaecium_e745:Prokka:EFM745_00205 (length 99)
/home/dich3309/rnaseq-tnseq-enterococcus-analysis/analyses/04_annotation/structural/prokka_np/efaecium_e745:Prokka:EFM745_00206 (length 67)
/home/dich3309/rnaseq-tnseq-enterococcus-analysis/analyses/04_annotation/structural/prokka_np/efaecium_e745:Prokka:EFM745_00207 (length 248)
/home/dich3309/rnaseq-tnseq-enterococcus-analysis/analyses/04_annotation/structural/prokka_np/efaecium_e745:Prokka:EFM745_00208 (length 83)
/home/dich3309/rnaseq-tnseq-enterococcus-analysis/analyses/04_annotation/structural/prokka_np/efaecium_e745:Prokka:EFM745_00209 (length 51)
/home/dich3309/rnaseq-tnseq-enterococcus-analysis/analyses/04_annotation/structural/prokka_np/efaecium_e745:Prokka:EFM745_00210 (length 62)
/home/dich3309/rnaseq-tnseq-enterococcus-analysis/analyses/04_annotation/structural/prokka_np/efaecium_e745:Prokka:EFM745_00211 (length 52)
/home/dich3309/rnaseq-tnseq-enterococcus-analysis/analyses/04_annotation/structural/prokka_np/efaecium_e745:Prokka:EFM745_00212 (length 106)
/home/dich3309/rnaseq-tnseq-enterococcus-analysis/analyses/04_annotation/structural/prokka_np/efaecium_e745:Prokka:EFM745_00213 (length 140)
/home/dich3309/rnaseq-tnseq-enterococcus-analysis/analyses/04_annotation/structural/prokka_np/efaecium_e745:Prokka:EFM745_00214 (length 101)
/home/dich3309/rnaseq-tnseq-enterococcus-analysis/analyses/04_annotation/structural/prokka_np/efaecium_e745:Prokka:EFM745_00215 (length 379)
/home/dich3309/rnaseq-tnseq-enterococcus-analysis/analyses/04_annotation/structural/prokka_np/efaecium_e745:Prokka:EFM745_00216 (length 541)
/home/dich3309/rnaseq-tnseq-enterococcus-analysis/analyses/04_annotation/structural/prokka_np/efaecium_e745:Prokka:EFM745_00217 (length 94)
/home/dich3309/rnaseq-tnseq-enterococcus-analysis/analyses/04_annotation/structural/prokka_np/efaecium_e745:Prokka:EFM745_00218 (length 220)
/home/dich3309/rnaseq-tnseq-enterococcus-analysis/analyses/04_annotation/structural/prokka_np/efaecium_e745:Prokka:EFM745_00219 (length 430)
/home/dich3309/rnaseq-tnseq-enterococcus-analysis/analyses/04_annotation/structural/prokka_np/efaecium_e745:Prokka:EFM745_00220 (length 209)
/home/dich3309/rnaseq-tnseq-enterococcus-analysis/analyses/04_annotation/structural/prokka_np/efaecium_e745:Prokka:EFM745_00221 (length 269)
/home/dich3309/rnaseq-tnseq-enterococcus-analysis/analyses/04_annotation/structural/prokka_np/efaecium_e745:Prokka:EFM745_00222 (length 289)
/home/dich3309/rnaseq-tnseq-enterococcus-analysis/analyses/04_annotation/structural/prokka_np/efaecium_e745:Prokka:EFM745_00223 (length 438)
/home/dich3309/rnaseq-tnseq-enterococcus-analysis/analyses/04_annotation/structural/prokka_np/efaecium_e745:Prokka:EFM745_00224 (length 611)
/home/dich3309/rnaseq-tnseq-enterococcus-analysis/analyses/04_annotation/structural/prokka_np/efaecium_e745:Prokka:EFM745_00225 (length 234)
/home/dich3309/rnaseq-tnseq-enterococcus-analysis/analyses/04_annotation/structural/prokka_np/efaecium_e745:Prokka:EFM745_00226 (length 286)
/home/dich3309/rnaseq-tnseq-enterococcus-analysis/analyses/04_annotation/structural/prokka_np/efaecium_e745:Prokka:EFM745_00227 (length 189)
/home/dich3309/rnaseq-tnseq-enterococcus-analysis/analyses/04_annotation/structural/prokka_np/efaecium_e745:Prokka:EFM745_00229 (length 105)
/home/dich3309/rnaseq-tnseq-enterococcus-analysis/analyses/04_annotation/structural/prokka_np/efaecium_e745:Prokka:EFM745_00230 (length 194)
/home/dich3309/rnaseq-tnseq-enterococcus-analysis/analyses/04_annotation/structural/prokka_np/efaecium_e745:Prokka:EFM745_00231 (length 48)
/home/dich3309/rnaseq-tnseq-enterococcus-analysis/analyses/04_annotation/structural/prokka_np/efaecium_e745:Prokka:EFM745_00232 (length 112)
/home/dich3309/rnaseq-tnseq-enterococcus-analysis/analyses/04_annotation/structural/prokka_np/efaecium_e745:Prokka:EFM745_00233 (length 65)
/home/dich3309/rnaseq-tnseq-enterococcus-analysis/analyses/04_annotation/structural/prokka_np/efaecium_e745:Prokka:EFM745_00234 (length 575)
/home/dich3309/rnaseq-tnseq-enterococcus-analysis/analyses/04_annotation/structural/prokka_np/efaecium_e745:Prokka:EFM745_00235 (length 397)
/home/dich3309/rnaseq-tnseq-enterococcus-analysis/analyses/04_annotation/structural/prokka_np/efaecium_e745:Prokka:EFM745_00236 (length 214)
/home/dich3309/rnaseq-tnseq-enterococcus-analysis/analyses/04_annotation/structural/prokka_np/efaecium_e745:Prokka:EFM745_00237 (length 44)
/home/dich3309/rnaseq-tnseq-enterococcus-analysis/analyses/04_annotation/structural/prokka_np/efaecium_e745:Prokka:EFM745_00238 (length 710)
/home/dich3309/rnaseq-tnseq-enterococcus-analysis/analyses/04_annotation/structural/prokka_np/efaecium_e745:Prokka:EFM745_00239 (length 157)
/home/dich3309/rnaseq-tnseq-enterococcus-analysis/analyses/04_annotation/structural/prokka_np/efaecium_e745:Prokka:EFM745_00240 (length 74)
/home/dich3309/rnaseq-tnseq-enterococcus-analysis/analyses/04_annotation/structural/prokka_np/efaecium_e745:Prokka:EFM745_00241 (length 719)
/home/dich3309/rnaseq-tnseq-enterococcus-analysis/analyses/04_annotation/structural/prokka_np/efaecium_e745:Prokka:EFM745_00242 (length 321)
/home/dich3309/rnaseq-tnseq-enterococcus-analysis/analyses/04_annotation/structural/prokka_np/efaecium_e745:Prokka:EFM745_00243 (length 379)
/home/dich3309/rnaseq-tnseq-enterococcus-analysis/analyses/04_annotation/structural/prokka_np/efaecium_e745:Prokka:EFM745_00244 (length 237)
/home/dich3309/rnaseq-tnseq-enterococcus-analysis/analyses/04_annotation/structural/prokka_np/efaecium_e745:Prokka:EFM745_00245 (length 233)
/home/dich3309/rnaseq-tnseq-enterococcus-analysis/analyses/04_annotation/structural/prokka_np/efaecium_e745:Prokka:EFM745_00246 (length 510)
/home/dich3309/rnaseq-tnseq-enterococcus-analysis/analyses/04_annotation/structural/prokka_np/efaecium_e745:Prokka:EFM745_00247 (length 302)
/home/dich3309/rnaseq-tnseq-enterococcus-analysis/analyses/04_annotation/structural/prokka_np/efaecium_e745:Prokka:EFM745_00248 (length 349)
/home/dich3309/rnaseq-tnseq-enterococcus-analysis/analyses/04_annotation/structural/prokka_np/efaecium_e745:Prokka:EFM745_00249 (length 229)
/home/dich3309/rnaseq-tnseq-enterococcus-analysis/analyses/04_annotation/structural/prokka_np/efaecium_e745:Prokka:EFM745_00250 (length 122)
/home/dich3309/rnaseq-tnseq-enterococcus-analysis/analyses/04_annotation/structural/prokka_np/efaecium_e745:Prokka:EFM745_00251 (length 167)
/home/dich3309/rnaseq-tnseq-enterococcus-analysis/analyses/04_annotation/structural/prokka_np/efaecium_e745:Prokka:EFM745_00253 (length 229)
/home/dich3309/rnaseq-tnseq-enterococcus-analysis/analyses/04_annotation/structural/prokka_np/efaecium_e745:Prokka:EFM745_00254 (length 140)
/home/dich3309/rnaseq-tnseq-enterococcus-analysis/analyses/04_annotation/structural/prokka_np/efaecium_e745:Prokka:EFM745_00255 (length 222)
/home/dich3309/rnaseq-tnseq-enterococcus-analysis/analyses/04_annotation/structural/prokka_np/efaecium_e745:Prokka:EFM745_00256 (length 290)
/home/dich3309/rnaseq-tnseq-enterococcus-analysis/analyses/04_annotation/structural/prokka_np/efaecium_e745:Prokka:EFM745_00257 (length 339)
/home/dich3309/rnaseq-tnseq-enterococcus-analysis/analyses/04_annotation/structural/prokka_np/efaecium_e745:Prokka:EFM745_00258 (length 295)
/home/dich3309/rnaseq-tnseq-enterococcus-analysis/analyses/04_annotation/structural/prokka_np/efaecium_e745:Prokka:EFM745_00259 (length 181)
/home/dich3309/rnaseq-tnseq-enterococcus-analysis/analyses/04_annotation/structural/prokka_np/efaecium_e745:Prokka:EFM745_00260 (length 56)
/home/dich3309/rnaseq-tnseq-enterococcus-analysis/analyses/04_annotation/structural/prokka_np/efaecium_e745:Prokka:EFM745_00261 (length 50)
/home/dich3309/rnaseq-tnseq-enterococcus-analysis/analyses/04_annotation/structural/prokka_np/efaecium_e745:Prokka:EFM745_00262 (length 214)
/home/dich3309/rnaseq-tnseq-enterococcus-analysis/analyses/04_annotation/structural/prokka_np/efaecium_e745:Prokka:EFM745_00263 (length 167)
/home/dich3309/rnaseq-tnseq-enterococcus-analysis/analyses/04_annotation/structural/prokka_np/efaecium_e745:Prokka:EFM745_00265 (length 321)
/home/dich3309/rnaseq-tnseq-enterococcus-analysis/analyses/04_annotation/structural/prokka_np/efaecium_e745:Prokka:EFM745_00266 (length 390)
/home/dich3309/rnaseq-tnseq-enterococcus-analysis/analyses/04_annotation/structural/prokka_np/efaecium_e745:Prokka:EFM745_00267 (length 381)
/home/dich3309/rnaseq-tnseq-enterococcus-analysis/analyses/04_annotation/structural/prokka_np/efaecium_e745:Prokka:EFM745_00268 (length 310)
/home/dich3309/rnaseq-tnseq-enterococcus-analysis/analyses/04_annotation/structural/prokka_np/efaecium_e745:Prokka:EFM745_00269 (length 359)
/home/dich3309/rnaseq-tnseq-enterococcus-analysis/analyses/04_annotation/structural/prokka_np/efaecium_e745:Prokka:EFM745_00270 (length 209)
/home/dich3309/rnaseq-tnseq-enterococcus-analysis/analyses/04_annotation/structural/prokka_np/efaecium_e745:Prokka:EFM745_00271 (length 75)
/home/dich3309/rnaseq-tnseq-enterococcus-analysis/analyses/04_annotation/structural/prokka_np/efaecium_e745:Prokka:EFM745_00272 (length 862)
/home/dich3309/rnaseq-tnseq-enterococcus-analysis/analyses/04_annotation/structural/prokka_np/efaecium_e745:Prokka:EFM745_00273 (length 219)
/home/dich3309/rnaseq-tnseq-enterococcus-analysis/analyses/04_annotation/structural/prokka_np/efaecium_e745:Prokka:EFM745_00274 (length 167)
/home/dich3309/rnaseq-tnseq-enterococcus-analysis/analyses/04_annotation/structural/prokka_np/efaecium_e745:Prokka:EFM745_00276 (length 288)
/home/dich3309/rnaseq-tnseq-enterococcus-analysis/analyses/04_annotation/structural/prokka_np/efaecium_e745:Prokka:EFM745_00277 (length 213)
/home/dich3309/rnaseq-tnseq-enterococcus-analysis/analyses/04_annotation/structural/prokka_np/efaecium_e745:Prokka:EFM745_00278 (length 453)
/home/dich3309/rnaseq-tnseq-enterococcus-analysis/analyses/04_annotation/structural/prokka_np/efaecium_e745:Prokka:EFM745_00279 (length 299)
/home/dich3309/rnaseq-tnseq-enterococcus-analysis/analyses/04_annotation/structural/prokka_np/efaecium_e745:Prokka:EFM745_00280 (length 265)
/home/dich3309/rnaseq-tnseq-enterococcus-analysis/analyses/04_annotation/structural/prokka_np/efaecium_e745:Prokka:EFM745_00281 (length 234)
/home/dich3309/rnaseq-tnseq-enterococcus-analysis/analyses/04_annotation/structural/prokka_np/efaecium_e745:Prokka:EFM745_00282 (length 191)
/home/dich3309/rnaseq-tnseq-enterococcus-analysis/analyses/04_annotation/structural/prokka_np/efaecium_e745:Prokka:EFM745_00283 (length 225)
/home/dich3309/rnaseq-tnseq-enterococcus-analysis/analyses/04_annotation/structural/prokka_np/efaecium_e745:Prokka:EFM745_00284 (length 431)
/home/dich3309/rnaseq-tnseq-enterococcus-analysis/analyses/04_annotation/structural/prokka_np/efaecium_e745:Prokka:EFM745_00285 (length 602)
/home/dich3309/rnaseq-tnseq-enterococcus-analysis/analyses/04_annotation/structural/prokka_np/efaecium_e745:Prokka:EFM745_00286 (length 332)
/home/dich3309/rnaseq-tnseq-enterococcus-analysis/analyses/04_annotation/structural/prokka_np/efaecium_e745:Prokka:EFM745_00287 (length 217)
/home/dich3309/rnaseq-tnseq-enterococcus-analysis/analyses/04_annotation/structural/prokka_np/efaecium_e745:Prokka:EFM745_00288 (length 132)
/home/dich3309/rnaseq-tnseq-enterococcus-analysis/analyses/04_annotation/structural/prokka_np/efaecium_e745:Prokka:EFM745_00289 (length 235)
/home/dich3309/rnaseq-tnseq-enterococcus-analysis/analyses/04_annotation/structural/prokka_np/efaecium_e745:Prokka:EFM745_00290 (length 1064)
/home/dich3309/rnaseq-tnseq-enterococcus-analysis/analyses/04_annotation/structural/prokka_np/efaecium_e745:Prokka:EFM745_00291 (length 253)
/home/dich3309/rnaseq-tnseq-enterococcus-analysis/analyses/04_annotation/structural/prokka_np/efaecium_e745:Prokka:EFM745_00292 (length 740)
/home/dich3309/rnaseq-tnseq-enterococcus-analysis/analyses/04_annotation/structural/prokka_np/efaecium_e745:Prokka:EFM745_00293 (length 373)
/home/dich3309/rnaseq-tnseq-enterococcus-analysis/analyses/04_annotation/structural/prokka_np/efaecium_e745:Prokka:EFM745_00294 (length 207)
/home/dich3309/rnaseq-tnseq-enterococcus-analysis/analyses/04_annotation/structural/prokka_np/efaecium_e745:Prokka:EFM745_00295 (length 244)
/home/dich3309/rnaseq-tnseq-enterococcus-analysis/analyses/04_annotation/structural/prokka_np/efaecium_e745:Prokka:EFM745_00296 (length 94)
/home/dich3309/rnaseq-tnseq-enterococcus-analysis/analyses/04_annotation/structural/prokka_np/efaecium_e745:Prokka:EFM745_00297 (length 627)
/home/dich3309/rnaseq-tnseq-enterococcus-analysis/analyses/04_annotation/structural/prokka_np/efaecium_e745:Prokka:EFM745_00298 (length 291)
/home/dich3309/rnaseq-tnseq-enterococcus-analysis/analyses/04_annotation/structural/prokka_np/efaecium_e745:Prokka:EFM745_00299 (length 589)
/home/dich3309/rnaseq-tnseq-enterococcus-analysis/analyses/04_annotation/structural/prokka_np/efaecium_e745:Prokka:EFM745_00300 (length 430)
/home/dich3309/rnaseq-tnseq-enterococcus-analysis/analyses/04_annotation/structural/prokka_np/efaecium_e745:Prokka:EFM745_00301 (length 315)
/home/dich3309/rnaseq-tnseq-enterococcus-analysis/analyses/04_annotation/structural/prokka_np/efaecium_e745:Prokka:EFM745_00302 (length 419)
/home/dich3309/rnaseq-tnseq-enterococcus-analysis/analyses/04_annotation/structural/prokka_np/efaecium_e745:Prokka:EFM745_00303 (length 148)
/home/dich3309/rnaseq-tnseq-enterococcus-analysis/analyses/04_annotation/structural/prokka_np/efaecium_e745:Prokka:EFM745_00304 (length 737)
/home/dich3309/rnaseq-tnseq-enterococcus-analysis/analyses/04_annotation/structural/prokka_np/efaecium_e745:Prokka:EFM745_00305 (length 254)
/home/dich3309/rnaseq-tnseq-enterococcus-analysis/analyses/04_annotation/structural/prokka_np/efaecium_e745:Prokka:EFM745_00306 (length 315)
/home/dich3309/rnaseq-tnseq-enterococcus-analysis/analyses/04_annotation/structural/prokka_np/efaecium_e745:Prokka:EFM745_00307 (length 162)
/home/dich3309/rnaseq-tnseq-enterococcus-analysis/analyses/04_annotation/structural/prokka_np/efaecium_e745:Prokka:EFM745_00308 (length 223)
/home/dich3309/rnaseq-tnseq-enterococcus-analysis/analyses/04_annotation/structural/prokka_np/efaecium_e745:Prokka:EFM745_00309 (length 428)
/home/dich3309/rnaseq-tnseq-enterococcus-analysis/analyses/04_annotation/structural/prokka_np/efaecium_e745:Prokka:EFM745_00311 (length 94)
/home/dich3309/rnaseq-tnseq-enterococcus-analysis/analyses/04_annotation/structural/prokka_np/efaecium_e745:Prokka:EFM745_00312 (length 159)
/home/dich3309/rnaseq-tnseq-enterococcus-analysis/analyses/04_annotation/structural/prokka_np/efaecium_e745:Prokka:EFM745_00313 (length 42)
/home/dich3309/rnaseq-tnseq-enterococcus-analysis/analyses/04_annotation/structural/prokka_np/efaecium_e745:Prokka:EFM745_00314 (length 527)
/home/dich3309/rnaseq-tnseq-enterococcus-analysis/analyses/04_annotation/structural/prokka_np/efaecium_e745:Prokka:EFM745_00315 (length 394)
/home/dich3309/rnaseq-tnseq-enterococcus-analysis/analyses/04_annotation/structural/prokka_np/efaecium_e745:Prokka:EFM745_00316 (length 335)
/home/dich3309/rnaseq-tnseq-enterococcus-analysis/analyses/04_annotation/structural/prokka_np/efaecium_e745:Prokka:EFM745_00317 (length 119)
/home/dich3309/rnaseq-tnseq-enterococcus-analysis/analyses/04_annotation/structural/prokka_np/efaecium_e745:Prokka:EFM745_00318 (length 141)
/home/dich3309/rnaseq-tnseq-enterococcus-analysis/analyses/04_annotation/structural/prokka_np/efaecium_e745:Prokka:EFM745_00319 (length 100)
/home/dich3309/rnaseq-tnseq-enterococcus-analysis/analyses/04_annotation/structural/prokka_np/efaecium_e745:Prokka:EFM745_00320 (length 164)
/home/dich3309/rnaseq-tnseq-enterococcus-analysis/analyses/04_annotation/structural/prokka_np/efaecium_e745:Prokka:EFM745_00321 (length 92)
/home/dich3309/rnaseq-tnseq-enterococcus-analysis/analyses/04_annotation/structural/prokka_np/efaecium_e745:Prokka:EFM745_00322 (length 349)
/home/dich3309/rnaseq-tnseq-enterococcus-analysis/analyses/04_annotation/structural/prokka_np/efaecium_e745:Prokka:EFM745_00323 (length 309)
/home/dich3309/rnaseq-tnseq-enterococcus-analysis/analyses/04_annotation/structural/prokka_np/efaecium_e745:Prokka:EFM745_00324 (length 584)
/home/dich3309/rnaseq-tnseq-enterococcus-analysis/analyses/04_annotation/structural/prokka_np/efaecium_e745:Prokka:EFM745_00325 (length 220)
/home/dich3309/rnaseq-tnseq-enterococcus-analysis/analyses/04_annotation/structural/prokka_np/efaecium_e745:Prokka:EFM745_00326 (length 260)
/home/dich3309/rnaseq-tnseq-enterococcus-analysis/analyses/04_annotation/structural/prokka_np/efaecium_e745:Prokka:EFM745_00327 (length 403)
/home/dich3309/rnaseq-tnseq-enterococcus-analysis/analyses/04_annotation/structural/prokka_np/efaecium_e745:Prokka:EFM745_00328 (length 245)
/home/dich3309/rnaseq-tnseq-enterococcus-analysis/analyses/04_annotation/structural/prokka_np/efaecium_e745:Prokka:EFM745_00329 (length 144)
/home/dich3309/rnaseq-tnseq-enterococcus-analysis/analyses/04_annotation/structural/prokka_np/efaecium_e745:Prokka:EFM745_00330 (length 114)
/home/dich3309/rnaseq-tnseq-enterococcus-analysis/analyses/04_annotation/structural/prokka_np/efaecium_e745:Prokka:EFM745_00331 (length 336)
/home/dich3309/rnaseq-tnseq-enterococcus-analysis/analyses/04_annotation/structural/prokka_np/efaecium_e745:Prokka:EFM745_00332 (length 314)
/home/dich3309/rnaseq-tnseq-enterococcus-analysis/analyses/04_annotation/structural/prokka_np/efaecium_e745:Prokka:EFM745_00333 (length 906)
/home/dich3309/rnaseq-tnseq-enterococcus-analysis/analyses/04_annotation/structural/prokka_np/efaecium_e745:Prokka:EFM745_00334 (length 406)
/home/dich3309/rnaseq-tnseq-enterococcus-analysis/analyses/04_annotation/structural/prokka_np/efaecium_e745:Prokka:EFM745_00335 (length 278)
/home/dich3309/rnaseq-tnseq-enterococcus-analysis/analyses/04_annotation/structural/prokka_np/efaecium_e745:Prokka:EFM745_00339 (length 436)
/home/dich3309/rnaseq-tnseq-enterococcus-analysis/analyses/04_annotation/structural/prokka_np/efaecium_e745:Prokka:EFM745_00340 (length 472)
/home/dich3309/rnaseq-tnseq-enterococcus-analysis/analyses/04_annotation/structural/prokka_np/efaecium_e745:Prokka:EFM745_00341 (length 522)
/home/dich3309/rnaseq-tnseq-enterococcus-analysis/analyses/04_annotation/structural/prokka_np/efaecium_e745:Prokka:EFM745_00342 (length 136)
/home/dich3309/rnaseq-tnseq-enterococcus-analysis/analyses/04_annotation/structural/prokka_np/efaecium_e745:Prokka:EFM745_00343 (length 307)
/home/dich3309/rnaseq-tnseq-enterococcus-analysis/analyses/04_annotation/structural/prokka_np/efaecium_e745:Prokka:EFM745_00344 (length 302)
/home/dich3309/rnaseq-tnseq-enterococcus-analysis/analyses/04_annotation/structural/prokka_np/efaecium_e745:Prokka:EFM745_00345 (length 445)
/home/dich3309/rnaseq-tnseq-enterococcus-analysis/analyses/04_annotation/structural/prokka_np/efaecium_e745:Prokka:EFM745_00346 (length 367)
/home/dich3309/rnaseq-tnseq-enterococcus-analysis/analyses/04_annotation/structural/prokka_np/efaecium_e745:Prokka:EFM745_00347 (length 502)
/home/dich3309/rnaseq-tnseq-enterococcus-analysis/analyses/04_annotation/structural/prokka_np/efaecium_e745:Prokka:EFM745_00348 (length 230)
/home/dich3309/rnaseq-tnseq-enterococcus-analysis/analyses/04_annotation/structural/prokka_np/efaecium_e745:Prokka:EFM745_00349 (length 324)
/home/dich3309/rnaseq-tnseq-enterococcus-analysis/analyses/04_annotation/structural/prokka_np/efaecium_e745:Prokka:EFM745_00350 (length 124)
/home/dich3309/rnaseq-tnseq-enterococcus-analysis/analyses/04_annotation/structural/prokka_np/efaecium_e745:Prokka:EFM745_00351 (length 166)
/home/dich3309/rnaseq-tnseq-enterococcus-analysis/analyses/04_annotation/structural/prokka_np/efaecium_e745:Prokka:EFM745_00352 (length 732)
/home/dich3309/rnaseq-tnseq-enterococcus-analysis/analyses/04_annotation/structural/prokka_np/efaecium_e745:Prokka:EFM745_00353 (length 330)
/home/dich3309/rnaseq-tnseq-enterococcus-analysis/analyses/04_annotation/structural/prokka_np/efaecium_e745:Prokka:EFM745_00354 (length 473)
/home/dich3309/rnaseq-tnseq-enterococcus-analysis/analyses/04_annotation/structural/prokka_np/efaecium_e745:Prokka:EFM745_00355 (length 499)
/home/dich3309/rnaseq-tnseq-enterococcus-analysis/analyses/04_annotation/structural/prokka_np/efaecium_e745:Prokka:EFM745_00356 (length 464)
/home/dich3309/rnaseq-tnseq-enterococcus-analysis/analyses/04_annotation/structural/prokka_np/efaecium_e745:Prokka:EFM745_00357 (length 227)
/home/dich3309/rnaseq-tnseq-enterococcus-analysis/analyses/04_annotation/structural/prokka_np/efaecium_e745:Prokka:EFM745_00358 (length 278)
/home/dich3309/rnaseq-tnseq-enterococcus-analysis/analyses/04_annotation/structural/prokka_np/efaecium_e745:Prokka:EFM745_00359 (length 584)
/home/dich3309/rnaseq-tnseq-enterococcus-analysis/analyses/04_annotation/structural/prokka_np/efaecium_e745:Prokka:EFM745_00360 (length 113)
/home/dich3309/rnaseq-tnseq-enterococcus-analysis/analyses/04_annotation/structural/prokka_np/efaecium_e745:Prokka:EFM745_00361 (length 723)
/home/dich3309/rnaseq-tnseq-enterococcus-analysis/analyses/04_annotation/structural/prokka_np/efaecium_e745:Prokka:EFM745_00362 (length 285)
/home/dich3309/rnaseq-tnseq-enterococcus-analysis/analyses/04_annotation/structural/prokka_np/efaecium_e745:Prokka:EFM745_00363 (length 285)
/home/dich3309/rnaseq-tnseq-enterococcus-analysis/analyses/04_annotation/structural/prokka_np/efaecium_e745:Prokka:EFM745_00364 (length 900)
/home/dich3309/rnaseq-tnseq-enterococcus-analysis/analyses/04_annotation/structural/prokka_np/efaecium_e745:Prokka:EFM745_00365 (length 429)
/home/dich3309/rnaseq-tnseq-enterococcus-analysis/analyses/04_annotation/structural/prokka_np/efaecium_e745:Prokka:EFM745_00366 (length 348)
/home/dich3309/rnaseq-tnseq-enterococcus-analysis/analyses/04_annotation/structural/prokka_np/efaecium_e745:Prokka:EFM745_00367 (length 717)
/home/dich3309/rnaseq-tnseq-enterococcus-analysis/analyses/04_annotation/structural/prokka_np/efaecium_e745:Prokka:EFM745_00368 (length 481)
/home/dich3309/rnaseq-tnseq-enterococcus-analysis/analyses/04_annotation/structural/prokka_np/efaecium_e745:Prokka:EFM745_00369 (length 574)
/home/dich3309/rnaseq-tnseq-enterococcus-analysis/analyses/04_annotation/structural/prokka_np/efaecium_e745:Prokka:EFM745_00370 (length 204)
/home/dich3309/rnaseq-tnseq-enterococcus-analysis/analyses/04_annotation/structural/prokka_np/efaecium_e745:Prokka:EFM745_00371 (length 485)
/home/dich3309/rnaseq-tnseq-enterococcus-analysis/analyses/04_annotation/structural/prokka_np/efaecium_e745:Prokka:EFM745_00372 (length 306)
/home/dich3309/rnaseq-tnseq-enterococcus-analysis/analyses/04_annotation/structural/prokka_np/efaecium_e745:Prokka:EFM745_00373 (length 315)
/home/dich3309/rnaseq-tnseq-enterococcus-analysis/analyses/04_annotation/structural/prokka_np/efaecium_e745:Prokka:EFM745_00374 (length 239)
/home/dich3309/rnaseq-tnseq-enterococcus-analysis/analyses/04_annotation/structural/prokka_np/efaecium_e745:Prokka:EFM745_00375 (length 548)
/home/dich3309/rnaseq-tnseq-enterococcus-analysis/analyses/04_annotation/structural/prokka_np/efaecium_e745:Prokka:EFM745_00376 (length 196)
/home/dich3309/rnaseq-tnseq-enterococcus-analysis/analyses/04_annotation/structural/prokka_np/efaecium_e745:Prokka:EFM745_00377 (length 501)
/home/dich3309/rnaseq-tnseq-enterococcus-analysis/analyses/04_annotation/structural/prokka_np/efaecium_e745:Prokka:EFM745_00378 (length 450)
/home/dich3309/rnaseq-tnseq-enterococcus-analysis/analyses/04_annotation/structural/prokka_np/efaecium_e745:Prokka:EFM745_00379 (length 172)
/home/dich3309/rnaseq-tnseq-enterococcus-analysis/analyses/04_annotation/structural/prokka_np/efaecium_e745:Prokka:EFM745_00380 (length 108)
/home/dich3309/rnaseq-tnseq-enterococcus-analysis/analyses/04_annotation/structural/prokka_np/efaecium_e745:Prokka:EFM745_00381 (length 659)
/home/dich3309/rnaseq-tnseq-enterococcus-analysis/analyses/04_annotation/structural/prokka_np/efaecium_e745:Prokka:EFM745_00382 (length 104)
/home/dich3309/rnaseq-tnseq-enterococcus-analysis/analyses/04_annotation/structural/prokka_np/efaecium_e745:Prokka:EFM745_00383 (length 97)
/home/dich3309/rnaseq-tnseq-enterococcus-analysis/analyses/04_annotation/structural/prokka_np/efaecium_e745:Prokka:EFM745_00384 (length 356)
/home/dich3309/rnaseq-tnseq-enterococcus-analysis/analyses/04_annotation/structural/prokka_np/efaecium_e745:Prokka:EFM745_00385 (length 339)
/home/dich3309/rnaseq-tnseq-enterococcus-analysis/analyses/04_annotation/structural/prokka_np/efaecium_e745:Prokka:EFM745_00386 (length 930)
/home/dich3309/rnaseq-tnseq-enterococcus-analysis/analyses/04_annotation/structural/prokka_np/efaecium_e745:Prokka:EFM745_00387 (length 74)
/home/dich3309/rnaseq-tnseq-enterococcus-analysis/analyses/04_annotation/structural/prokka_np/efaecium_e745:Prokka:EFM745_00388 (length 253)
/home/dich3309/rnaseq-tnseq-enterococcus-analysis/analyses/04_annotation/structural/prokka_np/efaecium_e745:Prokka:EFM745_00389 (length 573)
/home/dich3309/rnaseq-tnseq-enterococcus-analysis/analyses/04_annotation/structural/prokka_np/efaecium_e745:Prokka:EFM745_00390 (length 594)
/home/dich3309/rnaseq-tnseq-enterococcus-analysis/analyses/04_annotation/structural/prokka_np/efaecium_e745:Prokka:EFM745_00391 (length 517)
/home/dich3309/rnaseq-tnseq-enterococcus-analysis/analyses/04_annotation/structural/prokka_np/efaecium_e745:Prokka:EFM745_00392 (length 804)
/home/dich3309/rnaseq-tnseq-enterococcus-analysis/analyses/04_annotation/structural/prokka_np/efaecium_e745:Prokka:EFM745_00394 (length 672)
/home/dich3309/rnaseq-tnseq-enterococcus-analysis/analyses/04_annotation/structural/prokka_np/efaecium_e745:Prokka:EFM745_00395 (length 218)
/home/dich3309/rnaseq-tnseq-enterococcus-analysis/analyses/04_annotation/structural/prokka_np/efaecium_e745:Prokka:EFM745_00396 (length 318)
/home/dich3309/rnaseq-tnseq-enterococcus-analysis/analyses/04_annotation/structural/prokka_np/efaecium_e745:Prokka:EFM745_00397 (length 188)
/home/dich3309/rnaseq-tnseq-enterococcus-analysis/analyses/04_annotation/structural/prokka_np/efaecium_e745:Prokka:EFM745_00398 (length 589)
/home/dich3309/rnaseq-tnseq-enterococcus-analysis/analyses/04_annotation/structural/prokka_np/efaecium_e745:Prokka:EFM745_00399 (length 570)
/home/dich3309/rnaseq-tnseq-enterococcus-analysis/analyses/04_annotation/structural/prokka_np/efaecium_e745:Prokka:EFM745_00400 (length 222)
/home/dich3309/rnaseq-tnseq-enterococcus-analysis/analyses/04_annotation/structural/prokka_np/efaecium_e745:Prokka:EFM745_00401 (length 262)
/home/dich3309/rnaseq-tnseq-enterococcus-analysis/analyses/04_annotation/structural/prokka_np/efaecium_e745:Prokka:EFM745_00402 (length 490)
/home/dich3309/rnaseq-tnseq-enterococcus-analysis/analyses/04_annotation/structural/prokka_np/efaecium_e745:Prokka:EFM745_00403 (length 431)
/home/dich3309/rnaseq-tnseq-enterococcus-analysis/analyses/04_annotation/structural/prokka_np/efaecium_e745:Prokka:EFM745_00404 (length 397)
/home/dich3309/rnaseq-tnseq-enterococcus-analysis/analyses/04_annotation/structural/prokka_np/efaecium_e745:Prokka:EFM745_00435 (length 431)
/home/dich3309/rnaseq-tnseq-enterococcus-analysis/analyses/04_annotation/structural/prokka_np/efaecium_e745:Prokka:EFM745_00436 (length 498)
/home/dich3309/rnaseq-tnseq-enterococcus-analysis/analyses/04_annotation/structural/prokka_np/efaecium_e745:Prokka:EFM745_00437 (length 334)
/home/dich3309/rnaseq-tnseq-enterococcus-analysis/analyses/04_annotation/structural/prokka_np/efaecium_e745:Prokka:EFM745_00438 (length 295)
/home/dich3309/rnaseq-tnseq-enterococcus-analysis/analyses/04_annotation/structural/prokka_np/efaecium_e745:Prokka:EFM745_00439 (length 703)
/home/dich3309/rnaseq-tnseq-enterococcus-analysis/analyses/04_annotation/structural/prokka_np/efaecium_e745:Prokka:EFM745_00440 (length 181)
/home/dich3309/rnaseq-tnseq-enterococcus-analysis/analyses/04_annotation/structural/prokka_np/efaecium_e745:Prokka:EFM745_00441 (length 484)
/home/dich3309/rnaseq-tnseq-enterococcus-analysis/analyses/04_annotation/structural/prokka_np/efaecium_e745:Prokka:EFM745_00442 (length 156)
/home/dich3309/rnaseq-tnseq-enterococcus-analysis/analyses/04_annotation/structural/prokka_np/efaecium_e745:Prokka:EFM745_00443 (length 141)
/home/dich3309/rnaseq-tnseq-enterococcus-analysis/analyses/04_annotation/structural/prokka_np/efaecium_e745:Prokka:EFM745_00444 (length 89)
/home/dich3309/rnaseq-tnseq-enterococcus-analysis/analyses/04_annotation/structural/prokka_np/efaecium_e745:Prokka:EFM745_00445 (length 531)
/home/dich3309/rnaseq-tnseq-enterococcus-analysis/analyses/04_annotation/structural/prokka_np/efaecium_e745:Prokka:EFM745_00446 (length 1173)
/home/dich3309/rnaseq-tnseq-enterococcus-analysis/analyses/04_annotation/structural/prokka_np/efaecium_e745:Prokka:EFM745_00447 (length 186)
/home/dich3309/rnaseq-tnseq-enterococcus-analysis/analyses/04_annotation/structural/prokka_np/efaecium_e745:Prokka:EFM745_00448 (length 324)
/home/dich3309/rnaseq-tnseq-enterococcus-analysis/analyses/04_annotation/structural/prokka_np/efaecium_e745:Prokka:EFM745_00449 (length 466)
/home/dich3309/rnaseq-tnseq-enterococcus-analysis/analyses/04_annotation/structural/prokka_np/efaecium_e745:Prokka:EFM745_00450 (length 240)
/home/dich3309/rnaseq-tnseq-enterococcus-analysis/analyses/04_annotation/structural/prokka_np/efaecium_e745:Prokka:EFM745_00451 (length 168)
/home/dich3309/rnaseq-tnseq-enterococcus-analysis/analyses/04_annotation/structural/prokka_np/efaecium_e745:Prokka:EFM745_00452 (length 599)
/home/dich3309/rnaseq-tnseq-enterococcus-analysis/analyses/04_annotation/structural/prokka_np/efaecium_e745:Prokka:EFM745_00453 (length 524)
/home/dich3309/rnaseq-tnseq-enterococcus-analysis/analyses/04_annotation/structural/prokka_np/efaecium_e745:Prokka:EFM745_00454 (length 169)
/home/dich3309/rnaseq-tnseq-enterococcus-analysis/analyses/04_annotation/structural/prokka_np/efaecium_e745:Prokka:EFM745_00455 (length 284)
/home/dich3309/rnaseq-tnseq-enterococcus-analysis/analyses/04_annotation/structural/prokka_np/efaecium_e745:Prokka:EFM745_00456 (length 212)
/home/dich3309/rnaseq-tnseq-enterococcus-analysis/analyses/04_annotation/structural/prokka_np/efaecium_e745:Prokka:EFM745_00457 (length 216)
/home/dich3309/rnaseq-tnseq-enterococcus-analysis/analyses/04_annotation/structural/prokka_np/efaecium_e745:Prokka:EFM745_00458 (length 299)
/home/dich3309/rnaseq-tnseq-enterococcus-analysis/analyses/04_annotation/structural/prokka_np/efaecium_e745:Prokka:EFM745_00459 (length 689)
/home/dich3309/rnaseq-tnseq-enterococcus-analysis/analyses/04_annotation/structural/prokka_np/efaecium_e745:Prokka:EFM745_00460 (length 246)
/home/dich3309/rnaseq-tnseq-enterococcus-analysis/analyses/04_annotation/structural/prokka_np/efaecium_e745:Prokka:EFM745_00461 (length 452)
/home/dich3309/rnaseq-tnseq-enterococcus-analysis/analyses/04_annotation/structural/prokka_np/efaecium_e745:Prokka:EFM745_00462 (length 312)
/home/dich3309/rnaseq-tnseq-enterococcus-analysis/analyses/04_annotation/structural/prokka_np/efaecium_e745:Prokka:EFM745_00463 (length 163)
/home/dich3309/rnaseq-tnseq-enterococcus-analysis/analyses/04_annotation/structural/prokka_np/efaecium_e745:Prokka:EFM745_00464 (length 802)
/home/dich3309/rnaseq-tnseq-enterococcus-analysis/analyses/04_annotation/structural/prokka_np/efaecium_e745:Prokka:EFM745_00465 (length 101)
/home/dich3309/rnaseq-tnseq-enterococcus-analysis/analyses/04_annotation/structural/prokka_np/efaecium_e745:Prokka:EFM745_00466 (length 204)
/home/dich3309/rnaseq-tnseq-enterococcus-analysis/analyses/04_annotation/structural/prokka_np/efaecium_e745:Prokka:EFM745_00467 (length 94)
/home/dich3309/rnaseq-tnseq-enterococcus-analysis/analyses/04_annotation/structural/prokka_np/efaecium_e745:Prokka:EFM745_00468 (length 296)
/home/dich3309/rnaseq-tnseq-enterococcus-analysis/analyses/04_annotation/structural/prokka_np/efaecium_e745:Prokka:EFM745_00469 (length 72)
/home/dich3309/rnaseq-tnseq-enterococcus-analysis/analyses/04_annotation/structural/prokka_np/efaecium_e745:Prokka:EFM745_00470 (length 566)
/home/dich3309/rnaseq-tnseq-enterococcus-analysis/analyses/04_annotation/structural/prokka_np/efaecium_e745:Prokka:EFM745_00471 (length 257)
/home/dich3309/rnaseq-tnseq-enterococcus-analysis/analyses/04_annotation/structural/prokka_np/efaecium_e745:Prokka:EFM745_00472 (length 189)
/home/dich3309/rnaseq-tnseq-enterococcus-analysis/analyses/04_annotation/structural/prokka_np/efaecium_e745:Prokka:EFM745_00474 (length 323)
/home/dich3309/rnaseq-tnseq-enterococcus-analysis/analyses/04_annotation/structural/prokka_np/efaecium_e745:Prokka:EFM745_00475 (length 457)
/home/dich3309/rnaseq-tnseq-enterococcus-analysis/analyses/04_annotation/structural/prokka_np/efaecium_e745:Prokka:EFM745_00476 (length 272)
/home/dich3309/rnaseq-tnseq-enterococcus-analysis/analyses/04_annotation/structural/prokka_np/efaecium_e745:Prokka:EFM745_00477 (length 274)
/home/dich3309/rnaseq-tnseq-enterococcus-analysis/analyses/04_annotation/structural/prokka_np/efaecium_e745:Prokka:EFM745_00478 (length 226)
/home/dich3309/rnaseq-tnseq-enterococcus-analysis/analyses/04_annotation/structural/prokka_np/efaecium_e745:Prokka:EFM745_00479 (length 312)
/home/dich3309/rnaseq-tnseq-enterococcus-analysis/analyses/04_annotation/structural/prokka_np/efaecium_e745:Prokka:EFM745_00480 (length 281)
/home/dich3309/rnaseq-tnseq-enterococcus-analysis/analyses/04_annotation/structural/prokka_np/efaecium_e745:Prokka:EFM745_00481 (length 857)
/home/dich3309/rnaseq-tnseq-enterococcus-analysis/analyses/04_annotation/structural/prokka_np/efaecium_e745:Prokka:EFM745_00482 (length 268)
/home/dich3309/rnaseq-tnseq-enterococcus-analysis/analyses/04_annotation/structural/prokka_np/efaecium_e745:Prokka:EFM745_00483 (length 518)
/home/dich3309/rnaseq-tnseq-enterococcus-analysis/analyses/04_annotation/structural/prokka_np/efaecium_e745:Prokka:EFM745_00484 (length 349)
/home/dich3309/rnaseq-tnseq-enterococcus-analysis/analyses/04_annotation/structural/prokka_np/efaecium_e745:Prokka:EFM745_00485 (length 413)
/home/dich3309/rnaseq-tnseq-enterococcus-analysis/analyses/04_annotation/structural/prokka_np/efaecium_e745:Prokka:EFM745_00486 (length 192)
/home/dich3309/rnaseq-tnseq-enterococcus-analysis/analyses/04_annotation/structural/prokka_np/efaecium_e745:Prokka:EFM745_00487 (length 294)
/home/dich3309/rnaseq-tnseq-enterococcus-analysis/analyses/04_annotation/structural/prokka_np/efaecium_e745:Prokka:EFM745_00488 (length 428)
/home/dich3309/rnaseq-tnseq-enterococcus-analysis/analyses/04_annotation/structural/prokka_np/efaecium_e745:Prokka:EFM745_00489 (length 422)
/home/dich3309/rnaseq-tnseq-enterococcus-analysis/analyses/04_annotation/structural/prokka_np/efaecium_e745:Prokka:EFM745_00490 (length 153)
/home/dich3309/rnaseq-tnseq-enterococcus-analysis/analyses/04_annotation/structural/prokka_np/efaecium_e745:Prokka:EFM745_00491 (length 148)
/home/dich3309/rnaseq-tnseq-enterococcus-analysis/analyses/04_annotation/structural/prokka_np/efaecium_e745:Prokka:EFM745_00492 (length 81)
/home/dich3309/rnaseq-tnseq-enterococcus-analysis/analyses/04_annotation/structural/prokka_np/efaecium_e745:Prokka:EFM745_00493 (length 192)
/home/dich3309/rnaseq-tnseq-enterococcus-analysis/analyses/04_annotation/structural/prokka_np/efaecium_e745:Prokka:EFM745_00494 (length 176)
/home/dich3309/rnaseq-tnseq-enterococcus-analysis/analyses/04_annotation/structural/prokka_np/efaecium_e745:Prokka:EFM745_00495 (length 286)
/home/dich3309/rnaseq-tnseq-enterococcus-analysis/analyses/04_annotation/structural/prokka_np/efaecium_e745:Prokka:EFM745_00496 (length 131)
/home/dich3309/rnaseq-tnseq-enterococcus-analysis/analyses/04_annotation/structural/prokka_np/efaecium_e745:Prokka:EFM745_00497 (length 470)
/home/dich3309/rnaseq-tnseq-enterococcus-analysis/analyses/04_annotation/structural/prokka_np/efaecium_e745:Prokka:EFM745_00498 (length 178)
/home/dich3309/rnaseq-tnseq-enterococcus-analysis/analyses/04_annotation/structural/prokka_np/efaecium_e745:Prokka:EFM745_00500 (length 486)
/home/dich3309/rnaseq-tnseq-enterococcus-analysis/analyses/04_annotation/structural/prokka_np/efaecium_e745:Prokka:EFM745_00501 (length 385)
/home/dich3309/rnaseq-tnseq-enterococcus-analysis/analyses/04_annotation/structural/prokka_np/efaecium_e745:Prokka:EFM745_00502 (length 456)
/home/dich3309/rnaseq-tnseq-enterococcus-analysis/analyses/04_annotation/structural/prokka_np/efaecium_e745:Prokka:EFM745_00503 (length 175)
/home/dich3309/rnaseq-tnseq-enterococcus-analysis/analyses/04_annotation/structural/prokka_np/efaecium_e745:Prokka:EFM745_00504 (length 268)
/home/dich3309/rnaseq-tnseq-enterococcus-analysis/analyses/04_annotation/structural/prokka_np/efaecium_e745:Prokka:EFM745_00505 (length 415)
/home/dich3309/rnaseq-tnseq-enterococcus-analysis/analyses/04_annotation/structural/prokka_np/efaecium_e745:Prokka:EFM745_00506 (length 114)
/home/dich3309/rnaseq-tnseq-enterococcus-analysis/analyses/04_annotation/structural/prokka_np/efaecium_e745:Prokka:EFM745_00507 (length 108)
/home/dich3309/rnaseq-tnseq-enterococcus-analysis/analyses/04_annotation/structural/prokka_np/efaecium_e745:Prokka:EFM745_00508 (length 310)
/home/dich3309/rnaseq-tnseq-enterococcus-analysis/analyses/04_annotation/structural/prokka_np/efaecium_e745:Prokka:EFM745_00509 (length 89)
/home/dich3309/rnaseq-tnseq-enterococcus-analysis/analyses/04_annotation/structural/prokka_np/efaecium_e745:Prokka:EFM745_00510 (length 171)
/home/dich3309/rnaseq-tnseq-enterococcus-analysis/analyses/04_annotation/structural/prokka_np/efaecium_e745:Prokka:EFM745_00511 (length 148)
/home/dich3309/rnaseq-tnseq-enterococcus-analysis/analyses/04_annotation/structural/prokka_np/efaecium_e745:Prokka:EFM745_00512 (length 492)
/home/dich3309/rnaseq-tnseq-enterococcus-analysis/analyses/04_annotation/structural/prokka_np/efaecium_e745:Prokka:EFM745_00513 (length 79)
/home/dich3309/rnaseq-tnseq-enterococcus-analysis/analyses/04_annotation/structural/prokka_np/efaecium_e745:Prokka:EFM745_00514 (length 130)
/home/dich3309/rnaseq-tnseq-enterococcus-analysis/analyses/04_annotation/structural/prokka_np/efaecium_e745:Prokka:EFM745_00515 (length 154)
/home/dich3309/rnaseq-tnseq-enterococcus-analysis/analyses/04_annotation/structural/prokka_np/efaecium_e745:Prokka:EFM745_00516 (length 422)
/home/dich3309/rnaseq-tnseq-enterococcus-analysis/analyses/04_annotation/structural/prokka_np/efaecium_e745:Prokka:EFM745_00517 (length 245)
/home/dich3309/rnaseq-tnseq-enterococcus-analysis/analyses/04_annotation/structural/prokka_np/efaecium_e745:Prokka:EFM745_00518 (length 189)
/home/dich3309/rnaseq-tnseq-enterococcus-analysis/analyses/04_annotation/structural/prokka_np/efaecium_e745:Prokka:EFM745_00519 (length 290)
/home/dich3309/rnaseq-tnseq-enterococcus-analysis/analyses/04_annotation/structural/prokka_np/efaecium_e745:Prokka:EFM745_00520 (length 290)
/home/dich3309/rnaseq-tnseq-enterococcus-analysis/analyses/04_annotation/structural/prokka_np/efaecium_e745:Prokka:EFM745_00521 (length 652)
/home/dich3309/rnaseq-tnseq-enterococcus-analysis/analyses/04_annotation/structural/prokka_np/efaecium_e745:Prokka:EFM745_00522 (length 32)
/home/dich3309/rnaseq-tnseq-enterococcus-analysis/analyses/04_annotation/structural/prokka_np/efaecium_e745:Prokka:EFM745_00523 (length 283)
/home/dich3309/rnaseq-tnseq-enterococcus-analysis/analyses/04_annotation/structural/prokka_np/efaecium_e745:Prokka:EFM745_00524 (length 155)
/home/dich3309/rnaseq-tnseq-enterococcus-analysis/analyses/04_annotation/structural/prokka_np/efaecium_e745:Prokka:EFM745_00525 (length 160)
/home/dich3309/rnaseq-tnseq-enterococcus-analysis/analyses/04_annotation/structural/prokka_np/efaecium_e745:Prokka:EFM745_00526 (length 287)
/home/dich3309/rnaseq-tnseq-enterococcus-analysis/analyses/04_annotation/structural/prokka_np/efaecium_e745:Prokka:EFM745_00527 (length 282)
/home/dich3309/rnaseq-tnseq-enterococcus-analysis/analyses/04_annotation/structural/prokka_np/efaecium_e745:Prokka:EFM745_00528 (length 113)
/home/dich3309/rnaseq-tnseq-enterococcus-analysis/analyses/04_annotation/structural/prokka_np/efaecium_e745:Prokka:EFM745_00529 (length 235)
/home/dich3309/rnaseq-tnseq-enterococcus-analysis/analyses/04_annotation/structural/prokka_np/efaecium_e745:Prokka:EFM745_00530 (length 107)
/home/dich3309/rnaseq-tnseq-enterococcus-analysis/analyses/04_annotation/structural/prokka_np/efaecium_e745:Prokka:EFM745_00531 (length 345)
/home/dich3309/rnaseq-tnseq-enterococcus-analysis/analyses/04_annotation/structural/prokka_np/efaecium_e745:Prokka:EFM745_00532 (length 327)
/home/dich3309/rnaseq-tnseq-enterococcus-analysis/analyses/04_annotation/structural/prokka_np/efaecium_e745:Prokka:EFM745_00533 (length 256)
/home/dich3309/rnaseq-tnseq-enterococcus-analysis/analyses/04_annotation/structural/prokka_np/efaecium_e745:Prokka:EFM745_00534 (length 311)
/home/dich3309/rnaseq-tnseq-enterococcus-analysis/analyses/04_annotation/structural/prokka_np/efaecium_e745:Prokka:EFM745_00535 (length 35)
/home/dich3309/rnaseq-tnseq-enterococcus-analysis/analyses/04_annotation/structural/prokka_np/efaecium_e745:Prokka:EFM745_00536 (length 549)
/home/dich3309/rnaseq-tnseq-enterococcus-analysis/analyses/04_annotation/structural/prokka_np/efaecium_e745:Prokka:EFM745_00537 (length 298)
/home/dich3309/rnaseq-tnseq-enterococcus-analysis/analyses/04_annotation/structural/prokka_np/efaecium_e745:Prokka:EFM745_00538 (length 219)
/home/dich3309/rnaseq-tnseq-enterococcus-analysis/analyses/04_annotation/structural/prokka_np/efaecium_e745:Prokka:EFM745_00539 (length 260)
/home/dich3309/rnaseq-tnseq-enterococcus-analysis/analyses/04_annotation/structural/prokka_np/efaecium_e745:Prokka:EFM745_00540 (length 305)
/home/dich3309/rnaseq-tnseq-enterococcus-analysis/analyses/04_annotation/structural/prokka_np/efaecium_e745:Prokka:EFM745_00541 (length 71)
/home/dich3309/rnaseq-tnseq-enterococcus-analysis/analyses/04_annotation/structural/prokka_np/efaecium_e745:Prokka:EFM745_00542 (length 1075)
/home/dich3309/rnaseq-tnseq-enterococcus-analysis/analyses/04_annotation/structural/prokka_np/efaecium_e745:Prokka:EFM745_00543 (length 104)
/home/dich3309/rnaseq-tnseq-enterococcus-analysis/analyses/04_annotation/structural/prokka_np/efaecium_e745:Prokka:EFM745_00544 (length 124)
/home/dich3309/rnaseq-tnseq-enterococcus-analysis/analyses/04_annotation/structural/prokka_np/efaecium_e745:Prokka:EFM745_00545 (length 111)
/home/dich3309/rnaseq-tnseq-enterococcus-analysis/analyses/04_annotation/structural/prokka_np/efaecium_e745:Prokka:EFM745_00546 (length 381)
/home/dich3309/rnaseq-tnseq-enterococcus-analysis/analyses/04_annotation/structural/prokka_np/efaecium_e745:Prokka:EFM745_00548 (length 619)
/home/dich3309/rnaseq-tnseq-enterococcus-analysis/analyses/04_annotation/structural/prokka_np/efaecium_e745:Prokka:EFM745_00550 (length 79)
/home/dich3309/rnaseq-tnseq-enterococcus-analysis/analyses/04_annotation/structural/prokka_np/efaecium_e745:Prokka:EFM745_00551 (length 224)
/home/dich3309/rnaseq-tnseq-enterococcus-analysis/analyses/04_annotation/structural/prokka_np/efaecium_e745:Prokka:EFM745_00552 (length 54)
/home/dich3309/rnaseq-tnseq-enterococcus-analysis/analyses/04_annotation/structural/prokka_np/efaecium_e745:Prokka:EFM745_00553 (length 144)
/home/dich3309/rnaseq-tnseq-enterococcus-analysis/analyses/04_annotation/structural/prokka_np/efaecium_e745:Prokka:EFM745_00554 (length 235)
/home/dich3309/rnaseq-tnseq-enterococcus-analysis/analyses/04_annotation/structural/prokka_np/efaecium_e745:Prokka:EFM745_00555 (length 96)
/home/dich3309/rnaseq-tnseq-enterococcus-analysis/analyses/04_annotation/structural/prokka_np/efaecium_e745:Prokka:EFM745_00556 (length 394)
/home/dich3309/rnaseq-tnseq-enterococcus-analysis/analyses/04_annotation/structural/prokka_np/efaecium_e745:Prokka:EFM745_00557 (length 45)
/home/dich3309/rnaseq-tnseq-enterococcus-analysis/analyses/04_annotation/structural/prokka_np/efaecium_e745:Prokka:EFM745_00559 (length 636)
/home/dich3309/rnaseq-tnseq-enterococcus-analysis/analyses/04_annotation/structural/prokka_np/efaecium_e745:Prokka:EFM745_00561 (length 167)
/home/dich3309/rnaseq-tnseq-enterococcus-analysis/analyses/04_annotation/structural/prokka_np/efaecium_e745:Prokka:EFM745_00562 (length 129)
/home/dich3309/rnaseq-tnseq-enterococcus-analysis/analyses/04_annotation/structural/prokka_np/efaecium_e745:Prokka:EFM745_00563 (length 815)
/home/dich3309/rnaseq-tnseq-enterococcus-analysis/analyses/04_annotation/structural/prokka_np/efaecium_e745:Prokka:EFM745_00564 (length 707)
/home/dich3309/rnaseq-tnseq-enterococcus-analysis/analyses/04_annotation/structural/prokka_np/efaecium_e745:Prokka:EFM745_00565 (length 334)
/home/dich3309/rnaseq-tnseq-enterococcus-analysis/analyses/04_annotation/structural/prokka_np/efaecium_e745:Prokka:EFM745_00566 (length 303)
/home/dich3309/rnaseq-tnseq-enterococcus-analysis/analyses/04_annotation/structural/prokka_np/efaecium_e745:Prokka:EFM745_00567 (length 71)
/home/dich3309/rnaseq-tnseq-enterococcus-analysis/analyses/04_annotation/structural/prokka_np/efaecium_e745:Prokka:EFM745_00568 (length 479)
/home/dich3309/rnaseq-tnseq-enterococcus-analysis/analyses/04_annotation/structural/prokka_np/efaecium_e745:Prokka:EFM745_00569 (length 210)
/home/dich3309/rnaseq-tnseq-enterococcus-analysis/analyses/04_annotation/structural/prokka_np/efaecium_e745:Prokka:EFM745_00570 (length 483)
/home/dich3309/rnaseq-tnseq-enterococcus-analysis/analyses/04_annotation/structural/prokka_np/efaecium_e745:Prokka:EFM745_00571 (length 447)
/home/dich3309/rnaseq-tnseq-enterococcus-analysis/analyses/04_annotation/structural/prokka_np/efaecium_e745:Prokka:EFM745_00572 (length 1975)
/home/dich3309/rnaseq-tnseq-enterococcus-analysis/analyses/04_annotation/structural/prokka_np/efaecium_e745:Prokka:EFM745_00573 (length 144)
/home/dich3309/rnaseq-tnseq-enterococcus-analysis/analyses/04_annotation/structural/prokka_np/efaecium_e745:Prokka:EFM745_00574 (length 401)
/home/dich3309/rnaseq-tnseq-enterococcus-analysis/analyses/04_annotation/structural/prokka_np/efaecium_e745:Prokka:EFM745_00575 (length 128)
/home/dich3309/rnaseq-tnseq-enterococcus-analysis/analyses/04_annotation/structural/prokka_np/efaecium_e745:Prokka:EFM745_00576 (length 63)
/home/dich3309/rnaseq-tnseq-enterococcus-analysis/analyses/04_annotation/structural/prokka_np/efaecium_e745:Prokka:EFM745_00577 (length 64)
/home/dich3309/rnaseq-tnseq-enterococcus-analysis/analyses/04_annotation/structural/prokka_np/efaecium_e745:Prokka:EFM745_00578 (length 62)
/home/dich3309/rnaseq-tnseq-enterococcus-analysis/analyses/04_annotation/structural/prokka_np/efaecium_e745:Prokka:EFM745_00579 (length 375)
/home/dich3309/rnaseq-tnseq-enterococcus-analysis/analyses/04_annotation/structural/prokka_np/efaecium_e745:Prokka:EFM745_00580 (length 538)
/home/dich3309/rnaseq-tnseq-enterococcus-analysis/analyses/04_annotation/structural/prokka_np/efaecium_e745:Prokka:EFM745_00581 (length 72)
/home/dich3309/rnaseq-tnseq-enterococcus-analysis/analyses/04_annotation/structural/prokka_np/efaecium_e745:Prokka:EFM745_00582 (length 79)
/home/dich3309/rnaseq-tnseq-enterococcus-analysis/analyses/04_annotation/structural/prokka_np/efaecium_e745:Prokka:EFM745_00583 (length 507)
/home/dich3309/rnaseq-tnseq-enterococcus-analysis/analyses/04_annotation/structural/prokka_np/efaecium_e745:Prokka:EFM745_00584 (length 327)
/home/dich3309/rnaseq-tnseq-enterococcus-analysis/analyses/04_annotation/structural/prokka_np/efaecium_e745:Prokka:EFM745_00585 (length 49)
/home/dich3309/rnaseq-tnseq-enterococcus-analysis/analyses/04_annotation/structural/prokka_np/efaecium_e745:Prokka:EFM745_00586 (length 125)
/home/dich3309/rnaseq-tnseq-enterococcus-analysis/analyses/04_annotation/structural/prokka_np/efaecium_e745:Prokka:EFM745_00587 (length 59)
/home/dich3309/rnaseq-tnseq-enterococcus-analysis/analyses/04_annotation/structural/prokka_np/efaecium_e745:Prokka:EFM745_00588 (length 89)
/home/dich3309/rnaseq-tnseq-enterococcus-analysis/analyses/04_annotation/structural/prokka_np/efaecium_e745:Prokka:EFM745_00589 (length 580)
/home/dich3309/rnaseq-tnseq-enterococcus-analysis/analyses/04_annotation/structural/prokka_np/efaecium_e745:Prokka:EFM745_00590 (length 584)
/home/dich3309/rnaseq-tnseq-enterococcus-analysis/analyses/04_annotation/structural/prokka_np/efaecium_e745:Prokka:EFM745_00591 (length 189)
/home/dich3309/rnaseq-tnseq-enterococcus-analysis/analyses/04_annotation/structural/prokka_np/efaecium_e745:Prokka:EFM745_00592 (length 148)
/home/dich3309/rnaseq-tnseq-enterococcus-analysis/analyses/04_annotation/structural/prokka_np/efaecium_e745:Prokka:EFM745_00593 (length 321)
/home/dich3309/rnaseq-tnseq-enterococcus-analysis/analyses/04_annotation/structural/prokka_np/efaecium_e745:Prokka:EFM745_00594 (length 193)
/home/dich3309/rnaseq-tnseq-enterococcus-analysis/analyses/04_annotation/structural/prokka_np/efaecium_e745:Prokka:EFM745_00595 (length 172)
/home/dich3309/rnaseq-tnseq-enterococcus-analysis/analyses/04_annotation/structural/prokka_np/efaecium_e745:Prokka:EFM745_00596 (length 30)
/home/dich3309/rnaseq-tnseq-enterococcus-analysis/analyses/04_annotation/structural/prokka_np/efaecium_e745:Prokka:EFM745_00597 (length 77)
/home/dich3309/rnaseq-tnseq-enterococcus-analysis/analyses/04_annotation/structural/prokka_np/efaecium_e745:Prokka:EFM745_00598 (length 316)
/home/dich3309/rnaseq-tnseq-enterococcus-analysis/analyses/04_annotation/structural/prokka_np/efaecium_e745:Prokka:EFM745_00599 (length 135)
/home/dich3309/rnaseq-tnseq-enterococcus-analysis/analyses/04_annotation/structural/prokka_np/efaecium_e745:Prokka:EFM745_00600 (length 75)
/home/dich3309/rnaseq-tnseq-enterococcus-analysis/analyses/04_annotation/structural/prokka_np/efaecium_e745:Prokka:EFM745_00601 (length 395)
/home/dich3309/rnaseq-tnseq-enterococcus-analysis/analyses/04_annotation/structural/prokka_np/efaecium_e745:Prokka:EFM745_00602 (length 246)
/home/dich3309/rnaseq-tnseq-enterococcus-analysis/analyses/04_annotation/structural/prokka_np/efaecium_e745:Prokka:EFM745_00604 (length 408)
/home/dich3309/rnaseq-tnseq-enterococcus-analysis/analyses/04_annotation/structural/prokka_np/efaecium_e745:Prokka:EFM745_00605 (length 130)
/home/dich3309/rnaseq-tnseq-enterococcus-analysis/analyses/04_annotation/structural/prokka_np/efaecium_e745:Prokka:EFM745_00606 (length 147)
/home/dich3309/rnaseq-tnseq-enterococcus-analysis/analyses/04_annotation/structural/prokka_np/efaecium_e745:Prokka:EFM745_00607 (length 155)
/home/dich3309/rnaseq-tnseq-enterococcus-analysis/analyses/04_annotation/structural/prokka_np/efaecium_e745:Prokka:EFM745_00608 (length 512)
/home/dich3309/rnaseq-tnseq-enterococcus-analysis/analyses/04_annotation/structural/prokka_np/efaecium_e745:Prokka:EFM745_00609 (length 228)
/home/dich3309/rnaseq-tnseq-enterococcus-analysis/analyses/04_annotation/structural/prokka_np/efaecium_e745:Prokka:EFM745_00610 (length 175)
/home/dich3309/rnaseq-tnseq-enterococcus-analysis/analyses/04_annotation/structural/prokka_np/efaecium_e745:Prokka:EFM745_00611 (length 225)
/home/dich3309/rnaseq-tnseq-enterococcus-analysis/analyses/04_annotation/structural/prokka_np/efaecium_e745:Prokka:EFM745_00612 (length 376)
/home/dich3309/rnaseq-tnseq-enterococcus-analysis/analyses/04_annotation/structural/prokka_np/efaecium_e745:Prokka:EFM745_00613 (length 727)
/home/dich3309/rnaseq-tnseq-enterococcus-analysis/analyses/04_annotation/structural/prokka_np/efaecium_e745:Prokka:EFM745_00614 (length 341)
/home/dich3309/rnaseq-tnseq-enterococcus-analysis/analyses/04_annotation/structural/prokka_np/efaecium_e745:Prokka:EFM745_00615 (length 275)
/home/dich3309/rnaseq-tnseq-enterococcus-analysis/analyses/04_annotation/structural/prokka_np/efaecium_e745:Prokka:EFM745_00616 (length 355)
/home/dich3309/rnaseq-tnseq-enterococcus-analysis/analyses/04_annotation/structural/prokka_np/efaecium_e745:Prokka:EFM745_00617 (length 278)
/home/dich3309/rnaseq-tnseq-enterococcus-analysis/analyses/04_annotation/structural/prokka_np/efaecium_e745:Prokka:EFM745_00618 (length 289)
/home/dich3309/rnaseq-tnseq-enterococcus-analysis/analyses/04_annotation/structural/prokka_np/efaecium_e745:Prokka:EFM745_00619 (length 427)
/home/dich3309/rnaseq-tnseq-enterococcus-analysis/analyses/04_annotation/structural/prokka_np/efaecium_e745:Prokka:EFM745_00620 (length 561)
/home/dich3309/rnaseq-tnseq-enterococcus-analysis/analyses/04_annotation/structural/prokka_np/efaecium_e745:Prokka:EFM745_00621 (length 341)
/home/dich3309/rnaseq-tnseq-enterococcus-analysis/analyses/04_annotation/structural/prokka_np/efaecium_e745:Prokka:EFM745_00622 (length 1217)
/home/dich3309/rnaseq-tnseq-enterococcus-analysis/analyses/04_annotation/structural/prokka_np/efaecium_e745:Prokka:EFM745_00623 (length 1205)
/home/dich3309/rnaseq-tnseq-enterococcus-analysis/analyses/04_annotation/structural/prokka_np/efaecium_e745:Prokka:EFM745_00626 (length 322)
/home/dich3309/rnaseq-tnseq-enterococcus-analysis/analyses/04_annotation/structural/prokka_np/efaecium_e745:Prokka:EFM745_00627 (length 301)
/home/dich3309/rnaseq-tnseq-enterococcus-analysis/analyses/04_annotation/structural/prokka_np/efaecium_e745:Prokka:EFM745_00628 (length 268)
/home/dich3309/rnaseq-tnseq-enterococcus-analysis/analyses/04_annotation/structural/prokka_np/efaecium_e745:Prokka:EFM745_00629 (length 322)
/home/dich3309/rnaseq-tnseq-enterococcus-analysis/analyses/04_annotation/structural/prokka_np/efaecium_e745:Prokka:EFM745_00630 (length 174)
/home/dich3309/rnaseq-tnseq-enterococcus-analysis/analyses/04_annotation/structural/prokka_np/efaecium_e745:Prokka:EFM745_00631 (length 660)
/home/dich3309/rnaseq-tnseq-enterococcus-analysis/analyses/04_annotation/structural/prokka_np/efaecium_e745:Prokka:EFM745_00632 (length 328)
/home/dich3309/rnaseq-tnseq-enterococcus-analysis/analyses/04_annotation/structural/prokka_np/efaecium_e745:Prokka:EFM745_00633 (length 188)
/home/dich3309/rnaseq-tnseq-enterococcus-analysis/analyses/04_annotation/structural/prokka_np/efaecium_e745:Prokka:EFM745_00634 (length 138)
/home/dich3309/rnaseq-tnseq-enterococcus-analysis/analyses/04_annotation/structural/prokka_np/efaecium_e745:Prokka:EFM745_00635 (length 644)
/home/dich3309/rnaseq-tnseq-enterococcus-analysis/analyses/04_annotation/structural/prokka_np/efaecium_e745:Prokka:EFM745_00636 (length 318)
/home/dich3309/rnaseq-tnseq-enterococcus-analysis/analyses/04_annotation/structural/prokka_np/efaecium_e745:Prokka:EFM745_00637 (length 367)
/home/dich3309/rnaseq-tnseq-enterococcus-analysis/analyses/04_annotation/structural/prokka_np/efaecium_e745:Prokka:EFM745_00638 (length 317)
/home/dich3309/rnaseq-tnseq-enterococcus-analysis/analyses/04_annotation/structural/prokka_np/efaecium_e745:Prokka:EFM745_00639 (length 448)
/home/dich3309/rnaseq-tnseq-enterococcus-analysis/analyses/04_annotation/structural/prokka_np/efaecium_e745:Prokka:EFM745_00640 (length 416)
/home/dich3309/rnaseq-tnseq-enterococcus-analysis/analyses/04_annotation/structural/prokka_np/efaecium_e745:Prokka:EFM745_00641 (length 307)
/home/dich3309/rnaseq-tnseq-enterococcus-analysis/analyses/04_annotation/structural/prokka_np/efaecium_e745:Prokka:EFM745_00642 (length 830)
/home/dich3309/rnaseq-tnseq-enterococcus-analysis/analyses/04_annotation/structural/prokka_np/efaecium_e745:Prokka:EFM745_00643 (length 155)
/home/dich3309/rnaseq-tnseq-enterococcus-analysis/analyses/04_annotation/structural/prokka_np/efaecium_e745:Prokka:EFM745_00656 (length 229)
/home/dich3309/rnaseq-tnseq-enterococcus-analysis/analyses/04_annotation/structural/prokka_np/efaecium_e745:Prokka:EFM745_00657 (length 402)
/home/dich3309/rnaseq-tnseq-enterococcus-analysis/analyses/04_annotation/structural/prokka_np/efaecium_e745:Prokka:EFM745_00658 (length 423)
/home/dich3309/rnaseq-tnseq-enterococcus-analysis/analyses/04_annotation/structural/prokka_np/efaecium_e745:Prokka:EFM745_00659 (length 494)
/home/dich3309/rnaseq-tnseq-enterococcus-analysis/analyses/04_annotation/structural/prokka_np/efaecium_e745:Prokka:EFM745_00660 (length 231)
/home/dich3309/rnaseq-tnseq-enterococcus-analysis/analyses/04_annotation/structural/prokka_np/efaecium_e745:Prokka:EFM745_00661 (length 366)
/home/dich3309/rnaseq-tnseq-enterococcus-analysis/analyses/04_annotation/structural/prokka_np/efaecium_e745:Prokka:EFM745_00662 (length 63)
/home/dich3309/rnaseq-tnseq-enterococcus-analysis/analyses/04_annotation/structural/prokka_np/efaecium_e745:Prokka:EFM745_00663 (length 296)
/home/dich3309/rnaseq-tnseq-enterococcus-analysis/analyses/04_annotation/structural/prokka_np/efaecium_e745:Prokka:EFM745_00664 (length 255)
/home/dich3309/rnaseq-tnseq-enterococcus-analysis/analyses/04_annotation/structural/prokka_np/efaecium_e745:Prokka:EFM745_00665 (length 237)
/home/dich3309/rnaseq-tnseq-enterococcus-analysis/analyses/04_annotation/structural/prokka_np/efaecium_e745:Prokka:EFM745_00666 (length 633)
/home/dich3309/rnaseq-tnseq-enterococcus-analysis/analyses/04_annotation/structural/prokka_np/efaecium_e745:Prokka:EFM745_00667 (length 465)
/home/dich3309/rnaseq-tnseq-enterococcus-analysis/analyses/04_annotation/structural/prokka_np/efaecium_e745:Prokka:EFM745_00668 (length 112)
/home/dich3309/rnaseq-tnseq-enterococcus-analysis/analyses/04_annotation/structural/prokka_np/efaecium_e745:Prokka:EFM745_00669 (length 252)
/home/dich3309/rnaseq-tnseq-enterococcus-analysis/analyses/04_annotation/structural/prokka_np/efaecium_e745:Prokka:EFM745_00670 (length 272)
/home/dich3309/rnaseq-tnseq-enterococcus-analysis/analyses/04_annotation/structural/prokka_np/efaecium_e745:Prokka:EFM745_00671 (length 118)
/home/dich3309/rnaseq-tnseq-enterococcus-analysis/analyses/04_annotation/structural/prokka_np/efaecium_e745:Prokka:EFM745_00672 (length 44)
/home/dich3309/rnaseq-tnseq-enterococcus-analysis/analyses/04_annotation/structural/prokka_np/efaecium_e745:Prokka:EFM745_00673 (length 444)
/home/dich3309/rnaseq-tnseq-enterococcus-analysis/analyses/04_annotation/structural/prokka_np/efaecium_e745:Prokka:EFM745_00674 (length 376)
/home/dich3309/rnaseq-tnseq-enterococcus-analysis/analyses/04_annotation/structural/prokka_np/efaecium_e745:Prokka:EFM745_00675 (length 102)
/home/dich3309/rnaseq-tnseq-enterococcus-analysis/analyses/04_annotation/structural/prokka_np/efaecium_e745:Prokka:EFM745_00676 (length 374)
/home/dich3309/rnaseq-tnseq-enterococcus-analysis/analyses/04_annotation/structural/prokka_np/efaecium_e745:Prokka:EFM745_00677 (length 648)
/home/dich3309/rnaseq-tnseq-enterococcus-analysis/analyses/04_annotation/structural/prokka_np/efaecium_e745:Prokka:EFM745_00678 (length 823)
/home/dich3309/rnaseq-tnseq-enterococcus-analysis/analyses/04_annotation/structural/prokka_np/efaecium_e745:Prokka:EFM745_00679 (length 99)
/home/dich3309/rnaseq-tnseq-enterococcus-analysis/analyses/04_annotation/structural/prokka_np/efaecium_e745:Prokka:EFM745_00680 (length 170)
/home/dich3309/rnaseq-tnseq-enterococcus-analysis/analyses/04_annotation/structural/prokka_np/efaecium_e745:Prokka:EFM745_00681 (length 78)
/home/dich3309/rnaseq-tnseq-enterococcus-analysis/analyses/04_annotation/structural/prokka_np/efaecium_e745:Prokka:EFM745_00682 (length 34)
/home/dich3309/rnaseq-tnseq-enterococcus-analysis/analyses/04_annotation/structural/prokka_np/efaecium_e745:Prokka:EFM745_00683 (length 657)
/home/dich3309/rnaseq-tnseq-enterococcus-analysis/analyses/04_annotation/structural/prokka_np/efaecium_e745:Prokka:EFM745_00684 (length 150)
/home/dich3309/rnaseq-tnseq-enterococcus-analysis/analyses/04_annotation/structural/prokka_np/efaecium_e745:Prokka:EFM745_00685 (length 455)
/home/dich3309/rnaseq-tnseq-enterococcus-analysis/analyses/04_annotation/structural/prokka_np/efaecium_e745:Prokka:EFM745_00686 (length 430)
/home/dich3309/rnaseq-tnseq-enterococcus-analysis/analyses/04_annotation/structural/prokka_np/efaecium_e745:Prokka:EFM745_00687 (length 287)
/home/dich3309/rnaseq-tnseq-enterococcus-analysis/analyses/04_annotation/structural/prokka_np/efaecium_e745:Prokka:EFM745_00688 (length 540)
/home/dich3309/rnaseq-tnseq-enterococcus-analysis/analyses/04_annotation/structural/prokka_np/efaecium_e745:Prokka:EFM745_00689 (length 173)
/home/dich3309/rnaseq-tnseq-enterococcus-analysis/analyses/04_annotation/structural/prokka_np/efaecium_e745:Prokka:EFM745_00690 (length 576)
/home/dich3309/rnaseq-tnseq-enterococcus-analysis/analyses/04_annotation/structural/prokka_np/efaecium_e745:Prokka:EFM745_00691 (length 272)
/home/dich3309/rnaseq-tnseq-enterococcus-analysis/analyses/04_annotation/structural/prokka_np/efaecium_e745:Prokka:EFM745_00692 (length 65)
/home/dich3309/rnaseq-tnseq-enterococcus-analysis/analyses/04_annotation/structural/prokka_np/efaecium_e745:Prokka:EFM745_00693 (length 192)
/home/dich3309/rnaseq-tnseq-enterococcus-analysis/analyses/04_annotation/structural/prokka_np/efaecium_e745:Prokka:EFM745_00694 (length 45)
/home/dich3309/rnaseq-tnseq-enterococcus-analysis/analyses/04_annotation/structural/prokka_np/efaecium_e745:Prokka:EFM745_00695 (length 167)
/home/dich3309/rnaseq-tnseq-enterococcus-analysis/analyses/04_annotation/structural/prokka_np/efaecium_e745:Prokka:EFM745_00696 (length 341)
/home/dich3309/rnaseq-tnseq-enterococcus-analysis/analyses/04_annotation/structural/prokka_np/efaecium_e745:Prokka:EFM745_00697 (length 287)
/home/dich3309/rnaseq-tnseq-enterococcus-analysis/analyses/04_annotation/structural/prokka_np/efaecium_e745:Prokka:EFM745_00698 (length 125)
/home/dich3309/rnaseq-tnseq-enterococcus-analysis/analyses/04_annotation/structural/prokka_np/efaecium_e745:Prokka:EFM745_00699 (length 76)
/home/dich3309/rnaseq-tnseq-enterococcus-analysis/analyses/04_annotation/structural/prokka_np/efaecium_e745:Prokka:EFM745_00700 (length 68)
/home/dich3309/rnaseq-tnseq-enterococcus-analysis/analyses/04_annotation/structural/prokka_np/efaecium_e745:Prokka:EFM745_00701 (length 123)
/home/dich3309/rnaseq-tnseq-enterococcus-analysis/analyses/04_annotation/structural/prokka_np/efaecium_e745:Prokka:EFM745_00702 (length 230)
/home/dich3309/rnaseq-tnseq-enterococcus-analysis/analyses/04_annotation/structural/prokka_np/efaecium_e745:Prokka:EFM745_00703 (length 261)
/home/dich3309/rnaseq-tnseq-enterococcus-analysis/analyses/04_annotation/structural/prokka_np/efaecium_e745:Prokka:EFM745_00704 (length 466)
/home/dich3309/rnaseq-tnseq-enterococcus-analysis/analyses/04_annotation/structural/prokka_np/efaecium_e745:Prokka:EFM745_00705 (length 105)
/home/dich3309/rnaseq-tnseq-enterococcus-analysis/analyses/04_annotation/structural/prokka_np/efaecium_e745:Prokka:EFM745_00706 (length 557)
/home/dich3309/rnaseq-tnseq-enterococcus-analysis/analyses/04_annotation/structural/prokka_np/efaecium_e745:Prokka:EFM745_00707 (length 543)
/home/dich3309/rnaseq-tnseq-enterococcus-analysis/analyses/04_annotation/structural/prokka_np/efaecium_e745:Prokka:EFM745_00709 (length 521)
/home/dich3309/rnaseq-tnseq-enterococcus-analysis/analyses/04_annotation/structural/prokka_np/efaecium_e745:Prokka:EFM745_00710 (length 307)
/home/dich3309/rnaseq-tnseq-enterococcus-analysis/analyses/04_annotation/structural/prokka_np/efaecium_e745:Prokka:EFM745_00711 (length 201)
/home/dich3309/rnaseq-tnseq-enterococcus-analysis/analyses/04_annotation/structural/prokka_np/efaecium_e745:Prokka:EFM745_00712 (length 338)
/home/dich3309/rnaseq-tnseq-enterococcus-analysis/analyses/04_annotation/structural/prokka_np/efaecium_e745:Prokka:EFM745_00713 (length 433)
/home/dich3309/rnaseq-tnseq-enterococcus-analysis/analyses/04_annotation/structural/prokka_np/efaecium_e745:Prokka:EFM745_00714 (length 220)
/home/dich3309/rnaseq-tnseq-enterococcus-analysis/analyses/04_annotation/structural/prokka_np/efaecium_e745:Prokka:EFM745_00715 (length 132)
/home/dich3309/rnaseq-tnseq-enterococcus-analysis/analyses/04_annotation/structural/prokka_np/efaecium_e745:Prokka:EFM745_00716 (length 360)
/home/dich3309/rnaseq-tnseq-enterococcus-analysis/analyses/04_annotation/structural/prokka_np/efaecium_e745:Prokka:EFM745_00717 (length 520)
/home/dich3309/rnaseq-tnseq-enterococcus-analysis/analyses/04_annotation/structural/prokka_np/efaecium_e745:Prokka:EFM745_00718 (length 377)
/home/dich3309/rnaseq-tnseq-enterococcus-analysis/analyses/04_annotation/structural/prokka_np/efaecium_e745:Prokka:EFM745_00719 (length 318)
/home/dich3309/rnaseq-tnseq-enterococcus-analysis/analyses/04_annotation/structural/prokka_np/efaecium_e745:Prokka:EFM745_00720 (length 388)
/home/dich3309/rnaseq-tnseq-enterococcus-analysis/analyses/04_annotation/structural/prokka_np/efaecium_e745:Prokka:EFM745_00721 (length 272)
/home/dich3309/rnaseq-tnseq-enterococcus-analysis/analyses/04_annotation/structural/prokka_np/efaecium_e745:Prokka:EFM745_00722 (length 235)
/home/dich3309/rnaseq-tnseq-enterococcus-analysis/analyses/04_annotation/structural/prokka_np/efaecium_e745:Prokka:EFM745_00723 (length 228)
/home/dich3309/rnaseq-tnseq-enterococcus-analysis/analyses/04_annotation/structural/prokka_np/efaecium_e745:Prokka:EFM745_00724 (length 193)
/home/dich3309/rnaseq-tnseq-enterococcus-analysis/analyses/04_annotation/structural/prokka_np/efaecium_e745:Prokka:EFM745_00725 (length 227)
/home/dich3309/rnaseq-tnseq-enterococcus-analysis/analyses/04_annotation/structural/prokka_np/efaecium_e745:Prokka:EFM745_00726 (length 137)
/home/dich3309/rnaseq-tnseq-enterococcus-analysis/analyses/04_annotation/structural/prokka_np/efaecium_e745:Prokka:EFM745_00727 (length 156)
/home/dich3309/rnaseq-tnseq-enterococcus-analysis/analyses/04_annotation/structural/prokka_np/efaecium_e745:Prokka:EFM745_00728 (length 695)
/home/dich3309/rnaseq-tnseq-enterococcus-analysis/analyses/04_annotation/structural/prokka_np/efaecium_e745:Prokka:EFM745_00729 (length 395)
/home/dich3309/rnaseq-tnseq-enterococcus-analysis/analyses/04_annotation/structural/prokka_np/efaecium_e745:Prokka:EFM745_00730 (length 102)
/home/dich3309/rnaseq-tnseq-enterococcus-analysis/analyses/04_annotation/structural/prokka_np/efaecium_e745:Prokka:EFM745_00731 (length 209)
/home/dich3309/rnaseq-tnseq-enterococcus-analysis/analyses/04_annotation/structural/prokka_np/efaecium_e745:Prokka:EFM745_00732 (length 207)
/home/dich3309/rnaseq-tnseq-enterococcus-analysis/analyses/04_annotation/structural/prokka_np/efaecium_e745:Prokka:EFM745_00733 (length 96)
/home/dich3309/rnaseq-tnseq-enterococcus-analysis/analyses/04_annotation/structural/prokka_np/efaecium_e745:Prokka:EFM745_00734 (length 277)
/home/dich3309/rnaseq-tnseq-enterococcus-analysis/analyses/04_annotation/structural/prokka_np/efaecium_e745:Prokka:EFM745_00735 (length 92)
/home/dich3309/rnaseq-tnseq-enterococcus-analysis/analyses/04_annotation/structural/prokka_np/efaecium_e745:Prokka:EFM745_00736 (length 115)
/home/dich3309/rnaseq-tnseq-enterococcus-analysis/analyses/04_annotation/structural/prokka_np/efaecium_e745:Prokka:EFM745_00737 (length 218)
/home/dich3309/rnaseq-tnseq-enterococcus-analysis/analyses/04_annotation/structural/prokka_np/efaecium_e745:Prokka:EFM745_00738 (length 144)
/home/dich3309/rnaseq-tnseq-enterococcus-analysis/analyses/04_annotation/structural/prokka_np/efaecium_e745:Prokka:EFM745_00739 (length 62)
/home/dich3309/rnaseq-tnseq-enterococcus-analysis/analyses/04_annotation/structural/prokka_np/efaecium_e745:Prokka:EFM745_00740 (length 88)
/home/dich3309/rnaseq-tnseq-enterococcus-analysis/analyses/04_annotation/structural/prokka_np/efaecium_e745:Prokka:EFM745_00741 (length 122)
/home/dich3309/rnaseq-tnseq-enterococcus-analysis/analyses/04_annotation/structural/prokka_np/efaecium_e745:Prokka:EFM745_00742 (length 102)
/home/dich3309/rnaseq-tnseq-enterococcus-analysis/analyses/04_annotation/structural/prokka_np/efaecium_e745:Prokka:EFM745_00743 (length 179)
/home/dich3309/rnaseq-tnseq-enterococcus-analysis/analyses/04_annotation/structural/prokka_np/efaecium_e745:Prokka:EFM745_00744 (length 61)
/home/dich3309/rnaseq-tnseq-enterococcus-analysis/analyses/04_annotation/structural/prokka_np/efaecium_e745:Prokka:EFM745_00745 (length 132)
/home/dich3309/rnaseq-tnseq-enterococcus-analysis/analyses/04_annotation/structural/prokka_np/efaecium_e745:Prokka:EFM745_00746 (length 178)
/home/dich3309/rnaseq-tnseq-enterococcus-analysis/analyses/04_annotation/structural/prokka_np/efaecium_e745:Prokka:EFM745_00747 (length 118)
/home/dich3309/rnaseq-tnseq-enterococcus-analysis/analyses/04_annotation/structural/prokka_np/efaecium_e745:Prokka:EFM745_00748 (length 166)
/home/dich3309/rnaseq-tnseq-enterococcus-analysis/analyses/04_annotation/structural/prokka_np/efaecium_e745:Prokka:EFM745_00749 (length 59)
/home/dich3309/rnaseq-tnseq-enterococcus-analysis/analyses/04_annotation/structural/prokka_np/efaecium_e745:Prokka:EFM745_00750 (length 146)
/home/dich3309/rnaseq-tnseq-enterococcus-analysis/analyses/04_annotation/structural/prokka_np/efaecium_e745:Prokka:EFM745_00751 (length 431)
/home/dich3309/rnaseq-tnseq-enterococcus-analysis/analyses/04_annotation/structural/prokka_np/efaecium_e745:Prokka:EFM745_00752 (length 215)
/home/dich3309/rnaseq-tnseq-enterococcus-analysis/analyses/04_annotation/structural/prokka_np/efaecium_e745:Prokka:EFM745_00753 (length 72)
/home/dich3309/rnaseq-tnseq-enterococcus-analysis/analyses/04_annotation/structural/prokka_np/efaecium_e745:Prokka:EFM745_00754 (length 38)
/home/dich3309/rnaseq-tnseq-enterococcus-analysis/analyses/04_annotation/structural/prokka_np/efaecium_e745:Prokka:EFM745_00755 (length 121)
/home/dich3309/rnaseq-tnseq-enterococcus-analysis/analyses/04_annotation/structural/prokka_np/efaecium_e745:Prokka:EFM745_00756 (length 129)
/home/dich3309/rnaseq-tnseq-enterococcus-analysis/analyses/04_annotation/structural/prokka_np/efaecium_e745:Prokka:EFM745_00757 (length 312)
/home/dich3309/rnaseq-tnseq-enterococcus-analysis/analyses/04_annotation/structural/prokka_np/efaecium_e745:Prokka:EFM745_00758 (length 126)
/home/dich3309/rnaseq-tnseq-enterococcus-analysis/analyses/04_annotation/structural/prokka_np/efaecium_e745:Prokka:EFM745_00760 (length 279)
/home/dich3309/rnaseq-tnseq-enterococcus-analysis/analyses/04_annotation/structural/prokka_np/efaecium_e745:Prokka:EFM745_00761 (length 289)
/home/dich3309/rnaseq-tnseq-enterococcus-analysis/analyses/04_annotation/structural/prokka_np/efaecium_e745:Prokka:EFM745_00762 (length 265)
/home/dich3309/rnaseq-tnseq-enterococcus-analysis/analyses/04_annotation/structural/prokka_np/efaecium_e745:Prokka:EFM745_00763 (length 248)
/home/dich3309/rnaseq-tnseq-enterococcus-analysis/analyses/04_annotation/structural/prokka_np/efaecium_e745:Prokka:EFM745_00764 (length 268)
/home/dich3309/rnaseq-tnseq-enterococcus-analysis/analyses/04_annotation/structural/prokka_np/efaecium_e745:Prokka:EFM745_00765 (length 122)
/home/dich3309/rnaseq-tnseq-enterococcus-analysis/analyses/04_annotation/structural/prokka_np/efaecium_e745:Prokka:EFM745_00766 (length 390)
/home/dich3309/rnaseq-tnseq-enterococcus-analysis/analyses/04_annotation/structural/prokka_np/efaecium_e745:Prokka:EFM745_00767 (length 392)
/home/dich3309/rnaseq-tnseq-enterococcus-analysis/analyses/04_annotation/structural/prokka_np/efaecium_e745:Prokka:EFM745_00768 (length 112)
/home/dich3309/rnaseq-tnseq-enterococcus-analysis/analyses/04_annotation/structural/prokka_np/efaecium_e745:Prokka:EFM745_00769 (length 182)
/home/dich3309/rnaseq-tnseq-enterococcus-analysis/analyses/04_annotation/structural/prokka_np/efaecium_e745:Prokka:EFM745_00770 (length 219)
/home/dich3309/rnaseq-tnseq-enterococcus-analysis/analyses/04_annotation/structural/prokka_np/efaecium_e745:Prokka:EFM745_00771 (length 302)
/home/dich3309/rnaseq-tnseq-enterococcus-analysis/analyses/04_annotation/structural/prokka_np/efaecium_e745:Prokka:EFM745_00772 (length 889)
/home/dich3309/rnaseq-tnseq-enterococcus-analysis/analyses/04_annotation/structural/prokka_np/efaecium_e745:Prokka:EFM745_00773 (length 62)
/home/dich3309/rnaseq-tnseq-enterococcus-analysis/analyses/04_annotation/structural/prokka_np/efaecium_e745:Prokka:EFM745_00774 (length 120)
/home/dich3309/rnaseq-tnseq-enterococcus-analysis/analyses/04_annotation/structural/prokka_np/efaecium_e745:Prokka:EFM745_00775 (length 560)
/home/dich3309/rnaseq-tnseq-enterococcus-analysis/analyses/04_annotation/structural/prokka_np/efaecium_e745:Prokka:EFM745_00776 (length 678)
/home/dich3309/rnaseq-tnseq-enterococcus-analysis/analyses/04_annotation/structural/prokka_np/efaecium_e745:Prokka:EFM745_00777 (length 333)
/home/dich3309/rnaseq-tnseq-enterococcus-analysis/analyses/04_annotation/structural/prokka_np/efaecium_e745:Prokka:EFM745_00778 (length 80)
/home/dich3309/rnaseq-tnseq-enterococcus-analysis/analyses/04_annotation/structural/prokka_np/efaecium_e745:Prokka:EFM745_00779 (length 395)
/home/dich3309/rnaseq-tnseq-enterococcus-analysis/analyses/04_annotation/structural/prokka_np/efaecium_e745:Prokka:EFM745_00780 (length 334)
/home/dich3309/rnaseq-tnseq-enterococcus-analysis/analyses/04_annotation/structural/prokka_np/efaecium_e745:Prokka:EFM745_00781 (length 314)
/home/dich3309/rnaseq-tnseq-enterococcus-analysis/analyses/04_annotation/structural/prokka_np/efaecium_e745:Prokka:EFM745_00782 (length 320)
/home/dich3309/rnaseq-tnseq-enterococcus-analysis/analyses/04_annotation/structural/prokka_np/efaecium_e745:Prokka:EFM745_00783 (length 304)
/home/dich3309/rnaseq-tnseq-enterococcus-analysis/analyses/04_annotation/structural/prokka_np/efaecium_e745:Prokka:EFM745_00784 (length 593)
/home/dich3309/rnaseq-tnseq-enterococcus-analysis/analyses/04_annotation/structural/prokka_np/efaecium_e745:Prokka:EFM745_00785 (length 228)
/home/dich3309/rnaseq-tnseq-enterococcus-analysis/analyses/04_annotation/structural/prokka_np/efaecium_e745:Prokka:EFM745_00786 (length 1193)
/home/dich3309/rnaseq-tnseq-enterococcus-analysis/analyses/04_annotation/structural/prokka_np/efaecium_e745:Prokka:EFM745_00787 (length 269)
/home/dich3309/rnaseq-tnseq-enterococcus-analysis/analyses/04_annotation/structural/prokka_np/efaecium_e745:Prokka:EFM745_00788 (length 332)
/home/dich3309/rnaseq-tnseq-enterococcus-analysis/analyses/04_annotation/structural/prokka_np/efaecium_e745:Prokka:EFM745_00789 (length 755)
/home/dich3309/rnaseq-tnseq-enterococcus-analysis/analyses/04_annotation/structural/prokka_np/efaecium_e745:Prokka:EFM745_00790 (length 150)
/home/dich3309/rnaseq-tnseq-enterococcus-analysis/analyses/04_annotation/structural/prokka_np/efaecium_e745:Prokka:EFM745_00791 (length 316)
/home/dich3309/rnaseq-tnseq-enterococcus-analysis/analyses/04_annotation/structural/prokka_np/efaecium_e745:Prokka:EFM745_00792 (length 319)
/home/dich3309/rnaseq-tnseq-enterococcus-analysis/analyses/04_annotation/structural/prokka_np/efaecium_e745:Prokka:EFM745_00793 (length 251)
/home/dich3309/rnaseq-tnseq-enterococcus-analysis/analyses/04_annotation/structural/prokka_np/efaecium_e745:Prokka:EFM745_00794 (length 317)
/home/dich3309/rnaseq-tnseq-enterococcus-analysis/analyses/04_annotation/structural/prokka_np/efaecium_e745:Prokka:EFM745_00795 (length 35)
/home/dich3309/rnaseq-tnseq-enterococcus-analysis/analyses/04_annotation/structural/prokka_np/efaecium_e745:Prokka:EFM745_00796 (length 317)
/home/dich3309/rnaseq-tnseq-enterococcus-analysis/analyses/04_annotation/structural/prokka_np/efaecium_e745:Prokka:EFM745_00797 (length 62)
/home/dich3309/rnaseq-tnseq-enterococcus-analysis/analyses/04_annotation/structural/prokka_np/efaecium_e745:Prokka:EFM745_00798 (length 390)
/home/dich3309/rnaseq-tnseq-enterococcus-analysis/analyses/04_annotation/structural/prokka_np/efaecium_e745:Prokka:EFM745_00799 (length 118)
/home/dich3309/rnaseq-tnseq-enterococcus-analysis/analyses/04_annotation/structural/prokka_np/efaecium_e745:Prokka:EFM745_00800 (length 299)
/home/dich3309/rnaseq-tnseq-enterococcus-analysis/analyses/04_annotation/structural/prokka_np/efaecium_e745:Prokka:EFM745_00801 (length 298)
/home/dich3309/rnaseq-tnseq-enterococcus-analysis/analyses/04_annotation/structural/prokka_np/efaecium_e745:Prokka:EFM745_00802 (length 242)
/home/dich3309/rnaseq-tnseq-enterococcus-analysis/analyses/04_annotation/structural/prokka_np/efaecium_e745:Prokka:EFM745_00803 (length 559)
/home/dich3309/rnaseq-tnseq-enterococcus-analysis/analyses/04_annotation/structural/prokka_np/efaecium_e745:Prokka:EFM745_00804 (length 319)
/home/dich3309/rnaseq-tnseq-enterococcus-analysis/analyses/04_annotation/structural/prokka_np/efaecium_e745:Prokka:EFM745_00805 (length 244)
/home/dich3309/rnaseq-tnseq-enterococcus-analysis/analyses/04_annotation/structural/prokka_np/efaecium_e745:Prokka:EFM745_00806 (length 136)
/home/dich3309/rnaseq-tnseq-enterococcus-analysis/analyses/04_annotation/structural/prokka_np/efaecium_e745:Prokka:EFM745_00807 (length 233)
/home/dich3309/rnaseq-tnseq-enterococcus-analysis/analyses/04_annotation/structural/prokka_np/efaecium_e745:Prokka:EFM745_00808 (length 527)
/home/dich3309/rnaseq-tnseq-enterococcus-analysis/analyses/04_annotation/structural/prokka_np/efaecium_e745:Prokka:EFM745_00809 (length 73)
/home/dich3309/rnaseq-tnseq-enterococcus-analysis/analyses/04_annotation/structural/prokka_np/efaecium_e745:Prokka:EFM745_00810 (length 253)
/home/dich3309/rnaseq-tnseq-enterococcus-analysis/analyses/04_annotation/structural/prokka_np/efaecium_e745:Prokka:EFM745_00811 (length 169)
/home/dich3309/rnaseq-tnseq-enterococcus-analysis/analyses/04_annotation/structural/prokka_np/efaecium_e745:Prokka:EFM745_00812 (length 179)
/home/dich3309/rnaseq-tnseq-enterococcus-analysis/analyses/04_annotation/structural/prokka_np/efaecium_e745:Prokka:EFM745_00813 (length 203)
/home/dich3309/rnaseq-tnseq-enterococcus-analysis/analyses/04_annotation/structural/prokka_np/efaecium_e745:Prokka:EFM745_00814 (length 277)
/home/dich3309/rnaseq-tnseq-enterococcus-analysis/analyses/04_annotation/structural/prokka_np/efaecium_e745:Prokka:EFM745_00815 (length 211)
/home/dich3309/rnaseq-tnseq-enterococcus-analysis/analyses/04_annotation/structural/prokka_np/efaecium_e745:Prokka:EFM745_00816 (length 257)
/home/dich3309/rnaseq-tnseq-enterococcus-analysis/analyses/04_annotation/structural/prokka_np/efaecium_e745:Prokka:EFM745_00817 (length 265)
/home/dich3309/rnaseq-tnseq-enterococcus-analysis/analyses/04_annotation/structural/prokka_np/efaecium_e745:Prokka:EFM745_00818 (length 124)
/home/dich3309/rnaseq-tnseq-enterococcus-analysis/analyses/04_annotation/structural/prokka_np/efaecium_e745:Prokka:EFM745_00819 (length 881)
/home/dich3309/rnaseq-tnseq-enterococcus-analysis/analyses/04_annotation/structural/prokka_np/efaecium_e745:Prokka:EFM745_00820 (length 702)
/home/dich3309/rnaseq-tnseq-enterococcus-analysis/analyses/04_annotation/structural/prokka_np/efaecium_e745:Prokka:EFM745_00821 (length 186)
/home/dich3309/rnaseq-tnseq-enterococcus-analysis/analyses/04_annotation/structural/prokka_np/efaecium_e745:Prokka:EFM745_00822 (length 662)
/home/dich3309/rnaseq-tnseq-enterococcus-analysis/analyses/04_annotation/structural/prokka_np/efaecium_e745:Prokka:EFM745_00823 (length 237)
/home/dich3309/rnaseq-tnseq-enterococcus-analysis/analyses/04_annotation/structural/prokka_np/efaecium_e745:Prokka:EFM745_00824 (length 148)
/home/dich3309/rnaseq-tnseq-enterococcus-analysis/analyses/04_annotation/structural/prokka_np/efaecium_e745:Prokka:EFM745_00825 (length 200)
/home/dich3309/rnaseq-tnseq-enterococcus-analysis/analyses/04_annotation/structural/prokka_np/efaecium_e745:Prokka:EFM745_00826 (length 333)
/home/dich3309/rnaseq-tnseq-enterococcus-analysis/analyses/04_annotation/structural/prokka_np/efaecium_e745:Prokka:EFM745_00827 (length 192)
/home/dich3309/rnaseq-tnseq-enterococcus-analysis/analyses/04_annotation/structural/prokka_np/efaecium_e745:Prokka:EFM745_00828 (length 160)
/home/dich3309/rnaseq-tnseq-enterococcus-analysis/analyses/04_annotation/structural/prokka_np/efaecium_e745:Prokka:EFM745_00829 (length 124)
/home/dich3309/rnaseq-tnseq-enterococcus-analysis/analyses/04_annotation/structural/prokka_np/efaecium_e745:Prokka:EFM745_00830 (length 317)
/home/dich3309/rnaseq-tnseq-enterococcus-analysis/analyses/04_annotation/structural/prokka_np/efaecium_e745:Prokka:EFM745_00831 (length 450)
/home/dich3309/rnaseq-tnseq-enterococcus-analysis/analyses/04_annotation/structural/prokka_np/efaecium_e745:Prokka:EFM745_00832 (length 196)
/home/dich3309/rnaseq-tnseq-enterococcus-analysis/analyses/04_annotation/structural/prokka_np/efaecium_e745:Prokka:EFM745_00833 (length 449)
/home/dich3309/rnaseq-tnseq-enterococcus-analysis/analyses/04_annotation/structural/prokka_np/efaecium_e745:Prokka:EFM745_00834 (length 246)
/home/dich3309/rnaseq-tnseq-enterococcus-analysis/analyses/04_annotation/structural/prokka_np/efaecium_e745:Prokka:EFM745_00835 (length 530)
/home/dich3309/rnaseq-tnseq-enterococcus-analysis/analyses/04_annotation/structural/prokka_np/efaecium_e745:Prokka:EFM745_00836 (length 63)
/home/dich3309/rnaseq-tnseq-enterococcus-analysis/analyses/04_annotation/structural/prokka_np/efaecium_e745:Prokka:EFM745_00838 (length 98)
/home/dich3309/rnaseq-tnseq-enterococcus-analysis/analyses/04_annotation/structural/prokka_np/efaecium_e745:Prokka:EFM745_00839 (length 241)
/home/dich3309/rnaseq-tnseq-enterococcus-analysis/analyses/04_annotation/structural/prokka_np/efaecium_e745:Prokka:EFM745_00840 (length 280)
/home/dich3309/rnaseq-tnseq-enterococcus-analysis/analyses/04_annotation/structural/prokka_np/efaecium_e745:Prokka:EFM745_00841 (length 173)
/home/dich3309/rnaseq-tnseq-enterococcus-analysis/analyses/04_annotation/structural/prokka_np/efaecium_e745:Prokka:EFM745_00842 (length 187)
/home/dich3309/rnaseq-tnseq-enterococcus-analysis/analyses/04_annotation/structural/prokka_np/efaecium_e745:Prokka:EFM745_00843 (length 89)
/home/dich3309/rnaseq-tnseq-enterococcus-analysis/analyses/04_annotation/structural/prokka_np/efaecium_e745:Prokka:EFM745_00845 (length 708)
/home/dich3309/rnaseq-tnseq-enterococcus-analysis/analyses/04_annotation/structural/prokka_np/efaecium_e745:Prokka:EFM745_00846 (length 88)
/home/dich3309/rnaseq-tnseq-enterococcus-analysis/analyses/04_annotation/structural/prokka_np/efaecium_e745:Prokka:EFM745_00847 (length 663)
/home/dich3309/rnaseq-tnseq-enterococcus-analysis/analyses/04_annotation/structural/prokka_np/efaecium_e745:Prokka:EFM745_00848 (length 433)
/home/dich3309/rnaseq-tnseq-enterococcus-analysis/analyses/04_annotation/structural/prokka_np/efaecium_e745:Prokka:EFM745_00849 (length 456)
/home/dich3309/rnaseq-tnseq-enterococcus-analysis/analyses/04_annotation/structural/prokka_np/efaecium_e745:Prokka:EFM745_00850 (length 107)
/home/dich3309/rnaseq-tnseq-enterococcus-analysis/analyses/04_annotation/structural/prokka_np/efaecium_e745:Prokka:EFM745_00851 (length 202)
/home/dich3309/rnaseq-tnseq-enterococcus-analysis/analyses/04_annotation/structural/prokka_np/efaecium_e745:Prokka:EFM745_00852 (length 238)
/home/dich3309/rnaseq-tnseq-enterococcus-analysis/analyses/04_annotation/structural/prokka_np/efaecium_e745:Prokka:EFM745_00853 (length 231)
/home/dich3309/rnaseq-tnseq-enterococcus-analysis/analyses/04_annotation/structural/prokka_np/efaecium_e745:Prokka:EFM745_00854 (length 209)
/home/dich3309/rnaseq-tnseq-enterococcus-analysis/analyses/04_annotation/structural/prokka_np/efaecium_e745:Prokka:EFM745_00855 (length 178)
/home/dich3309/rnaseq-tnseq-enterococcus-analysis/analyses/04_annotation/structural/prokka_np/efaecium_e745:Prokka:EFM745_00856 (length 170)
/home/dich3309/rnaseq-tnseq-enterococcus-analysis/analyses/04_annotation/structural/prokka_np/efaecium_e745:Prokka:EFM745_00857 (length 55)
/home/dich3309/rnaseq-tnseq-enterococcus-analysis/analyses/04_annotation/structural/prokka_np/efaecium_e745:Prokka:EFM745_00858 (length 200)
/home/dich3309/rnaseq-tnseq-enterococcus-analysis/analyses/04_annotation/structural/prokka_np/efaecium_e745:Prokka:EFM745_00859 (length 162)
/home/dich3309/rnaseq-tnseq-enterococcus-analysis/analyses/04_annotation/structural/prokka_np/efaecium_e745:Prokka:EFM745_00860 (length 457)
/home/dich3309/rnaseq-tnseq-enterococcus-analysis/analyses/04_annotation/structural/prokka_np/efaecium_e745:Prokka:EFM745_00861 (length 155)
/home/dich3309/rnaseq-tnseq-enterococcus-analysis/analyses/04_annotation/structural/prokka_np/efaecium_e745:Prokka:EFM745_00862 (length 530)
/home/dich3309/rnaseq-tnseq-enterococcus-analysis/analyses/04_annotation/structural/prokka_np/efaecium_e745:Prokka:EFM745_00863 (length 41)
/home/dich3309/rnaseq-tnseq-enterococcus-analysis/analyses/04_annotation/structural/prokka_np/efaecium_e745:Prokka:EFM745_00864 (length 358)
/home/dich3309/rnaseq-tnseq-enterococcus-analysis/analyses/04_annotation/structural/prokka_np/efaecium_e745:Prokka:EFM745_00865 (length 470)
/home/dich3309/rnaseq-tnseq-enterococcus-analysis/analyses/04_annotation/structural/prokka_np/efaecium_e745:Prokka:EFM745_00866 (length 503)
/home/dich3309/rnaseq-tnseq-enterococcus-analysis/analyses/04_annotation/structural/prokka_np/efaecium_e745:Prokka:EFM745_00867 (length 116)
/home/dich3309/rnaseq-tnseq-enterococcus-analysis/analyses/04_annotation/structural/prokka_np/efaecium_e745:Prokka:EFM745_00868 (length 373)
/home/dich3309/rnaseq-tnseq-enterococcus-analysis/analyses/04_annotation/structural/prokka_np/efaecium_e745:Prokka:EFM745_00869 (length 120)
/home/dich3309/rnaseq-tnseq-enterococcus-analysis/analyses/04_annotation/structural/prokka_np/efaecium_e745:Prokka:EFM745_00870 (length 89)
/home/dich3309/rnaseq-tnseq-enterococcus-analysis/analyses/04_annotation/structural/prokka_np/efaecium_e745:Prokka:EFM745_00871 (length 315)
/home/dich3309/rnaseq-tnseq-enterococcus-analysis/analyses/04_annotation/structural/prokka_np/efaecium_e745:Prokka:EFM745_00872 (length 901)
/home/dich3309/rnaseq-tnseq-enterococcus-analysis/analyses/04_annotation/structural/prokka_np/efaecium_e745:Prokka:EFM745_00873 (length 607)
/home/dich3309/rnaseq-tnseq-enterococcus-analysis/analyses/04_annotation/structural/prokka_np/efaecium_e745:Prokka:EFM745_00874 (length 87)
/home/dich3309/rnaseq-tnseq-enterococcus-analysis/analyses/04_annotation/structural/prokka_np/efaecium_e745:Prokka:EFM745_00875 (length 88)
/home/dich3309/rnaseq-tnseq-enterococcus-analysis/analyses/04_annotation/structural/prokka_np/efaecium_e745:Prokka:EFM745_00876 (length 162)
/home/dich3309/rnaseq-tnseq-enterococcus-analysis/analyses/04_annotation/structural/prokka_np/efaecium_e745:Prokka:EFM745_00877 (length 32)
/home/dich3309/rnaseq-tnseq-enterococcus-analysis/analyses/04_annotation/structural/prokka_np/efaecium_e745:Prokka:EFM745_00878 (length 223)
/home/dich3309/rnaseq-tnseq-enterococcus-analysis/analyses/04_annotation/structural/prokka_np/efaecium_e745:Prokka:EFM745_00879 (length 305)
/home/dich3309/rnaseq-tnseq-enterococcus-analysis/analyses/04_annotation/structural/prokka_np/efaecium_e745:Prokka:EFM745_00880 (length 213)
/home/dich3309/rnaseq-tnseq-enterococcus-analysis/analyses/04_annotation/structural/prokka_np/efaecium_e745:Prokka:EFM745_00881 (length 391)
/home/dich3309/rnaseq-tnseq-enterococcus-analysis/analyses/04_annotation/structural/prokka_np/efaecium_e745:Prokka:EFM745_00882 (length 343)
/home/dich3309/rnaseq-tnseq-enterococcus-analysis/analyses/04_annotation/structural/prokka_np/efaecium_e745:Prokka:EFM745_00883 (length 102)
/home/dich3309/rnaseq-tnseq-enterococcus-analysis/analyses/04_annotation/structural/prokka_np/efaecium_e745:Prokka:EFM745_00884 (length 763)
/home/dich3309/rnaseq-tnseq-enterococcus-analysis/analyses/04_annotation/structural/prokka_np/efaecium_e745:Prokka:EFM745_00885 (length 232)
/home/dich3309/rnaseq-tnseq-enterococcus-analysis/analyses/04_annotation/structural/prokka_np/efaecium_e745:Prokka:EFM745_00886 (length 381)
/home/dich3309/rnaseq-tnseq-enterococcus-analysis/analyses/04_annotation/structural/prokka_np/efaecium_e745:Prokka:EFM745_00887 (length 126)
/home/dich3309/rnaseq-tnseq-enterococcus-analysis/analyses/04_annotation/structural/prokka_np/efaecium_e745:Prokka:EFM745_00888 (length 439)
/home/dich3309/rnaseq-tnseq-enterococcus-analysis/analyses/04_annotation/structural/prokka_np/efaecium_e745:Prokka:EFM745_00889 (length 865)
/home/dich3309/rnaseq-tnseq-enterococcus-analysis/analyses/04_annotation/structural/prokka_np/efaecium_e745:Prokka:EFM745_00890 (length 317)
/home/dich3309/rnaseq-tnseq-enterococcus-analysis/analyses/04_annotation/structural/prokka_np/efaecium_e745:Prokka:EFM745_00891 (length 62)
/home/dich3309/rnaseq-tnseq-enterococcus-analysis/analyses/04_annotation/structural/prokka_np/efaecium_e745:Prokka:EFM745_00892 (length 486)
/home/dich3309/rnaseq-tnseq-enterococcus-analysis/analyses/04_annotation/structural/prokka_np/efaecium_e745:Prokka:EFM745_00893 (length 418)
/home/dich3309/rnaseq-tnseq-enterococcus-analysis/analyses/04_annotation/structural/prokka_np/efaecium_e745:Prokka:EFM745_00894 (length 281)
/home/dich3309/rnaseq-tnseq-enterococcus-analysis/analyses/04_annotation/structural/prokka_np/efaecium_e745:Prokka:EFM745_00895 (length 103)
/home/dich3309/rnaseq-tnseq-enterococcus-analysis/analyses/04_annotation/structural/prokka_np/efaecium_e745:Prokka:EFM745_00896 (length 383)
/home/dich3309/rnaseq-tnseq-enterococcus-analysis/analyses/04_annotation/structural/prokka_np/efaecium_e745:Prokka:EFM745_00897 (length 252)
/home/dich3309/rnaseq-tnseq-enterococcus-analysis/analyses/04_annotation/structural/prokka_np/efaecium_e745:Prokka:EFM745_00898 (length 214)
/home/dich3309/rnaseq-tnseq-enterococcus-analysis/analyses/04_annotation/structural/prokka_np/efaecium_e745:Prokka:EFM745_00899 (length 335)
/home/dich3309/rnaseq-tnseq-enterococcus-analysis/analyses/04_annotation/structural/prokka_np/efaecium_e745:Prokka:EFM745_00900 (length 280)
/home/dich3309/rnaseq-tnseq-enterococcus-analysis/analyses/04_annotation/structural/prokka_np/efaecium_e745:Prokka:EFM745_00901 (length 44)
/home/dich3309/rnaseq-tnseq-enterococcus-analysis/analyses/04_annotation/structural/prokka_np/efaecium_e745:Prokka:EFM745_00902 (length 224)
/home/dich3309/rnaseq-tnseq-enterococcus-analysis/analyses/04_annotation/structural/prokka_np/efaecium_e745:Prokka:EFM745_00903 (length 354)
/home/dich3309/rnaseq-tnseq-enterococcus-analysis/analyses/04_annotation/structural/prokka_np/efaecium_e745:Prokka:EFM745_00904 (length 361)
/home/dich3309/rnaseq-tnseq-enterococcus-analysis/analyses/04_annotation/structural/prokka_np/efaecium_e745:Prokka:EFM745_00905 (length 325)
/home/dich3309/rnaseq-tnseq-enterococcus-analysis/analyses/04_annotation/structural/prokka_np/efaecium_e745:Prokka:EFM745_00906 (length 314)
/home/dich3309/rnaseq-tnseq-enterococcus-analysis/analyses/04_annotation/structural/prokka_np/efaecium_e745:Prokka:EFM745_00907 (length 217)
/home/dich3309/rnaseq-tnseq-enterococcus-analysis/analyses/04_annotation/structural/prokka_np/efaecium_e745:Prokka:EFM745_00908 (length 301)
/home/dich3309/rnaseq-tnseq-enterococcus-analysis/analyses/04_annotation/structural/prokka_np/efaecium_e745:Prokka:EFM745_00909 (length 210)
/home/dich3309/rnaseq-tnseq-enterococcus-analysis/analyses/04_annotation/structural/prokka_np/efaecium_e745:Prokka:EFM745_00911 (length 174)
/home/dich3309/rnaseq-tnseq-enterococcus-analysis/analyses/04_annotation/structural/prokka_np/efaecium_e745:Prokka:EFM745_00912 (length 66)
/home/dich3309/rnaseq-tnseq-enterococcus-analysis/analyses/04_annotation/structural/prokka_np/efaecium_e745:Prokka:EFM745_00913 (length 119)
/home/dich3309/rnaseq-tnseq-enterococcus-analysis/analyses/04_annotation/structural/prokka_np/efaecium_e745:Prokka:EFM745_00914 (length 445)
/home/dich3309/rnaseq-tnseq-enterococcus-analysis/analyses/04_annotation/structural/prokka_np/efaecium_e745:Prokka:EFM745_00915 (length 709)
/home/dich3309/rnaseq-tnseq-enterococcus-analysis/analyses/04_annotation/structural/prokka_np/efaecium_e745:Prokka:EFM745_00916 (length 229)
/home/dich3309/rnaseq-tnseq-enterococcus-analysis/analyses/04_annotation/structural/prokka_np/efaecium_e745:Prokka:EFM745_00917 (length 228)
/home/dich3309/rnaseq-tnseq-enterococcus-analysis/analyses/04_annotation/structural/prokka_np/efaecium_e745:Prokka:EFM745_00918 (length 55)
/home/dich3309/rnaseq-tnseq-enterococcus-analysis/analyses/04_annotation/structural/prokka_np/efaecium_e745:Prokka:EFM745_00919 (length 146)
/home/dich3309/rnaseq-tnseq-enterococcus-analysis/analyses/04_annotation/structural/prokka_np/efaecium_e745:Prokka:EFM745_00920 (length 281)
/home/dich3309/rnaseq-tnseq-enterococcus-analysis/analyses/04_annotation/structural/prokka_np/efaecium_e745:Prokka:EFM745_00921 (length 472)
/home/dich3309/rnaseq-tnseq-enterococcus-analysis/analyses/04_annotation/structural/prokka_np/efaecium_e745:Prokka:EFM745_00922 (length 96)
/home/dich3309/rnaseq-tnseq-enterococcus-analysis/analyses/04_annotation/structural/prokka_np/efaecium_e745:Prokka:EFM745_00923 (length 105)
/home/dich3309/rnaseq-tnseq-enterococcus-analysis/analyses/04_annotation/structural/prokka_np/efaecium_e745:Prokka:EFM745_00924 (length 318)
/home/dich3309/rnaseq-tnseq-enterococcus-analysis/analyses/04_annotation/structural/prokka_np/efaecium_e745:Prokka:EFM745_00925 (length 117)
/home/dich3309/rnaseq-tnseq-enterococcus-analysis/analyses/04_annotation/structural/prokka_np/efaecium_e745:Prokka:EFM745_00926 (length 359)
/home/dich3309/rnaseq-tnseq-enterococcus-analysis/analyses/04_annotation/structural/prokka_np/efaecium_e745:Prokka:EFM745_00927 (length 106)
/home/dich3309/rnaseq-tnseq-enterococcus-analysis/analyses/04_annotation/structural/prokka_np/efaecium_e745:Prokka:EFM745_00928 (length 155)
/home/dich3309/rnaseq-tnseq-enterococcus-analysis/analyses/04_annotation/structural/prokka_np/efaecium_e745:Prokka:EFM745_00929 (length 201)
/home/dich3309/rnaseq-tnseq-enterococcus-analysis/analyses/04_annotation/structural/prokka_np/efaecium_e745:Prokka:EFM745_00930 (length 427)
/home/dich3309/rnaseq-tnseq-enterococcus-analysis/analyses/04_annotation/structural/prokka_np/efaecium_e745:Prokka:EFM745_00931 (length 159)
/home/dich3309/rnaseq-tnseq-enterococcus-analysis/analyses/04_annotation/structural/prokka_np/efaecium_e745:Prokka:EFM745_00932 (length 278)
/home/dich3309/rnaseq-tnseq-enterococcus-analysis/analyses/04_annotation/structural/prokka_np/efaecium_e745:Prokka:EFM745_00933 (length 96)
/home/dich3309/rnaseq-tnseq-enterococcus-analysis/analyses/04_annotation/structural/prokka_np/efaecium_e745:Prokka:EFM745_00934 (length 376)
/home/dich3309/rnaseq-tnseq-enterococcus-analysis/analyses/04_annotation/structural/prokka_np/efaecium_e745:Prokka:EFM745_00935 (length 302)
/home/dich3309/rnaseq-tnseq-enterococcus-analysis/analyses/04_annotation/structural/prokka_np/efaecium_e745:Prokka:EFM745_00936 (length 284)
/home/dich3309/rnaseq-tnseq-enterococcus-analysis/analyses/04_annotation/structural/prokka_np/efaecium_e745:Prokka:EFM745_00937 (length 749)
/home/dich3309/rnaseq-tnseq-enterococcus-analysis/analyses/04_annotation/structural/prokka_np/efaecium_e745:Prokka:EFM745_00938 (length 390)
/home/dich3309/rnaseq-tnseq-enterococcus-analysis/analyses/04_annotation/structural/prokka_np/efaecium_e745:Prokka:EFM745_00939 (length 439)
/home/dich3309/rnaseq-tnseq-enterococcus-analysis/analyses/04_annotation/structural/prokka_np/efaecium_e745:Prokka:EFM745_00940 (length 119)
/home/dich3309/rnaseq-tnseq-enterococcus-analysis/analyses/04_annotation/structural/prokka_np/efaecium_e745:Prokka:EFM745_00941 (length 279)
/home/dich3309/rnaseq-tnseq-enterococcus-analysis/analyses/04_annotation/structural/prokka_np/efaecium_e745:Prokka:EFM745_00942 (length 102)
/home/dich3309/rnaseq-tnseq-enterococcus-analysis/analyses/04_annotation/structural/prokka_np/efaecium_e745:Prokka:EFM745_00943 (length 99)
/home/dich3309/rnaseq-tnseq-enterococcus-analysis/analyses/04_annotation/structural/prokka_np/efaecium_e745:Prokka:EFM745_00944 (length 183)
/home/dich3309/rnaseq-tnseq-enterococcus-analysis/analyses/04_annotation/structural/prokka_np/efaecium_e745:Prokka:EFM745_00945 (length 439)
/home/dich3309/rnaseq-tnseq-enterococcus-analysis/analyses/04_annotation/structural/prokka_np/efaecium_e745:Prokka:EFM745_00946 (length 97)
/home/dich3309/rnaseq-tnseq-enterococcus-analysis/analyses/04_annotation/structural/prokka_np/efaecium_e745:Prokka:EFM745_00947 (length 98)
/home/dich3309/rnaseq-tnseq-enterococcus-analysis/analyses/04_annotation/structural/prokka_np/efaecium_e745:Prokka:EFM745_00948 (length 220)
/home/dich3309/rnaseq-tnseq-enterococcus-analysis/analyses/04_annotation/structural/prokka_np/efaecium_e745:Prokka:EFM745_00949 (length 300)
/home/dich3309/rnaseq-tnseq-enterococcus-analysis/analyses/04_annotation/structural/prokka_np/efaecium_e745:Prokka:EFM745_00950 (length 464)
/home/dich3309/rnaseq-tnseq-enterococcus-analysis/analyses/04_annotation/structural/prokka_np/efaecium_e745:Prokka:EFM745_00951 (length 66)
/home/dich3309/rnaseq-tnseq-enterococcus-analysis/analyses/04_annotation/structural/prokka_np/efaecium_e745:Prokka:EFM745_00952 (length 79)
/home/dich3309/rnaseq-tnseq-enterococcus-analysis/analyses/04_annotation/structural/prokka_np/efaecium_e745:Prokka:EFM745_00953 (length 457)
/home/dich3309/rnaseq-tnseq-enterococcus-analysis/analyses/04_annotation/structural/prokka_np/efaecium_e745:Prokka:EFM745_00954 (length 545)
/home/dich3309/rnaseq-tnseq-enterococcus-analysis/analyses/04_annotation/structural/prokka_np/efaecium_e745:Prokka:EFM745_00955 (length 362)
/home/dich3309/rnaseq-tnseq-enterococcus-analysis/analyses/04_annotation/structural/prokka_np/efaecium_e745:Prokka:EFM745_00956 (length 317)
/home/dich3309/rnaseq-tnseq-enterococcus-analysis/analyses/04_annotation/structural/prokka_np/efaecium_e745:Prokka:EFM745_00957 (length 85)
/home/dich3309/rnaseq-tnseq-enterococcus-analysis/analyses/04_annotation/structural/prokka_np/efaecium_e745:Prokka:EFM745_00958 (length 134)
/home/dich3309/rnaseq-tnseq-enterococcus-analysis/analyses/04_annotation/structural/prokka_np/efaecium_e745:Prokka:EFM745_00959 (length 885)
/home/dich3309/rnaseq-tnseq-enterococcus-analysis/analyses/04_annotation/structural/prokka_np/efaecium_e745:Prokka:EFM745_00960 (length 158)
/home/dich3309/rnaseq-tnseq-enterococcus-analysis/analyses/04_annotation/structural/prokka_np/efaecium_e745:Prokka:EFM745_00961 (length 262)
/home/dich3309/rnaseq-tnseq-enterococcus-analysis/analyses/04_annotation/structural/prokka_np/efaecium_e745:Prokka:EFM745_00962 (length 265)
/home/dich3309/rnaseq-tnseq-enterococcus-analysis/analyses/04_annotation/structural/prokka_np/efaecium_e745:Prokka:EFM745_00963 (length 131)
/home/dich3309/rnaseq-tnseq-enterococcus-analysis/analyses/04_annotation/structural/prokka_np/efaecium_e745:Prokka:EFM745_00964 (length 373)
/home/dich3309/rnaseq-tnseq-enterococcus-analysis/analyses/04_annotation/structural/prokka_np/efaecium_e745:Prokka:EFM745_00965 (length 289)
/home/dich3309/rnaseq-tnseq-enterococcus-analysis/analyses/04_annotation/structural/prokka_np/efaecium_e745:Prokka:EFM745_00966 (length 53)
/home/dich3309/rnaseq-tnseq-enterococcus-analysis/analyses/04_annotation/structural/prokka_np/efaecium_e745:Prokka:EFM745_00967 (length 317)
/home/dich3309/rnaseq-tnseq-enterococcus-analysis/analyses/04_annotation/structural/prokka_np/efaecium_e745:Prokka:EFM745_00968 (length 170)
/home/dich3309/rnaseq-tnseq-enterococcus-analysis/analyses/04_annotation/structural/prokka_np/efaecium_e745:Prokka:EFM745_00969 (length 333)
/home/dich3309/rnaseq-tnseq-enterococcus-analysis/analyses/04_annotation/structural/prokka_np/efaecium_e745:Prokka:EFM745_00970 (length 413)
/home/dich3309/rnaseq-tnseq-enterococcus-analysis/analyses/04_annotation/structural/prokka_np/efaecium_e745:Prokka:EFM745_00971 (length 211)
/home/dich3309/rnaseq-tnseq-enterococcus-analysis/analyses/04_annotation/structural/prokka_np/efaecium_e745:Prokka:EFM745_00972 (length 544)
/home/dich3309/rnaseq-tnseq-enterococcus-analysis/analyses/04_annotation/structural/prokka_np/efaecium_e745:Prokka:EFM745_00973 (length 143)
/home/dich3309/rnaseq-tnseq-enterococcus-analysis/analyses/04_annotation/structural/prokka_np/efaecium_e745:Prokka:EFM745_00974 (length 82)
/home/dich3309/rnaseq-tnseq-enterococcus-analysis/analyses/04_annotation/structural/prokka_np/efaecium_e745:Prokka:EFM745_00975 (length 317)
/home/dich3309/rnaseq-tnseq-enterococcus-analysis/analyses/04_annotation/structural/prokka_np/efaecium_e745:Prokka:EFM745_00976 (length 150)
/home/dich3309/rnaseq-tnseq-enterococcus-analysis/analyses/04_annotation/structural/prokka_np/efaecium_e745:Prokka:EFM745_00977 (length 173)
/home/dich3309/rnaseq-tnseq-enterococcus-analysis/analyses/04_annotation/structural/prokka_np/efaecium_e745:Prokka:EFM745_00978 (length 236)
/home/dich3309/rnaseq-tnseq-enterococcus-analysis/analyses/04_annotation/structural/prokka_np/efaecium_e745:Prokka:EFM745_00979 (length 122)
/home/dich3309/rnaseq-tnseq-enterococcus-analysis/analyses/04_annotation/structural/prokka_np/efaecium_e745:Prokka:EFM745_00980 (length 74)
/home/dich3309/rnaseq-tnseq-enterococcus-analysis/analyses/04_annotation/structural/prokka_np/efaecium_e745:Prokka:EFM745_00981 (length 517)
/home/dich3309/rnaseq-tnseq-enterococcus-analysis/analyses/04_annotation/structural/prokka_np/efaecium_e745:Prokka:EFM745_00982 (length 437)
/home/dich3309/rnaseq-tnseq-enterococcus-analysis/analyses/04_annotation/structural/prokka_np/efaecium_e745:Prokka:EFM745_00983 (length 545)
/home/dich3309/rnaseq-tnseq-enterococcus-analysis/analyses/04_annotation/structural/prokka_np/efaecium_e745:Prokka:EFM745_00984 (length 164)
/home/dich3309/rnaseq-tnseq-enterococcus-analysis/analyses/04_annotation/structural/prokka_np/efaecium_e745:Prokka:EFM745_00985 (length 363)
/home/dich3309/rnaseq-tnseq-enterococcus-analysis/analyses/04_annotation/structural/prokka_np/efaecium_e745:Prokka:EFM745_00986 (length 225)
/home/dich3309/rnaseq-tnseq-enterococcus-analysis/analyses/04_annotation/structural/prokka_np/efaecium_e745:Prokka:EFM745_00987 (length 431)
/home/dich3309/rnaseq-tnseq-enterococcus-analysis/analyses/04_annotation/structural/prokka_np/efaecium_e745:Prokka:EFM745_00988 (length 486)
/home/dich3309/rnaseq-tnseq-enterococcus-analysis/analyses/04_annotation/structural/prokka_np/efaecium_e745:Prokka:EFM745_00989 (length 498)
/home/dich3309/rnaseq-tnseq-enterococcus-analysis/analyses/04_annotation/structural/prokka_np/efaecium_e745:Prokka:EFM745_00990 (length 607)
/home/dich3309/rnaseq-tnseq-enterococcus-analysis/analyses/04_annotation/structural/prokka_np/efaecium_e745:Prokka:EFM745_00991 (length 238)
/home/dich3309/rnaseq-tnseq-enterococcus-analysis/analyses/04_annotation/structural/prokka_np/efaecium_e745:Prokka:EFM745_00992 (length 642)
/home/dich3309/rnaseq-tnseq-enterococcus-analysis/analyses/04_annotation/structural/prokka_np/efaecium_e745:Prokka:EFM745_00993 (length 184)
/home/dich3309/rnaseq-tnseq-enterococcus-analysis/analyses/04_annotation/structural/prokka_np/efaecium_e745:Prokka:EFM745_00994 (length 104)
/home/dich3309/rnaseq-tnseq-enterococcus-analysis/analyses/04_annotation/structural/prokka_np/efaecium_e745:Prokka:EFM745_00995 (length 86)
/home/dich3309/rnaseq-tnseq-enterococcus-analysis/analyses/04_annotation/structural/prokka_np/efaecium_e745:Prokka:EFM745_00996 (length 104)
/home/dich3309/rnaseq-tnseq-enterococcus-analysis/analyses/04_annotation/structural/prokka_np/efaecium_e745:Prokka:EFM745_00997 (length 551)
/home/dich3309/rnaseq-tnseq-enterococcus-analysis/analyses/04_annotation/structural/prokka_np/efaecium_e745:Prokka:EFM745_00998 (length 616)
/home/dich3309/rnaseq-tnseq-enterococcus-analysis/analyses/04_annotation/structural/prokka_np/efaecium_e745:Prokka:EFM745_00999 (length 95)
/home/dich3309/rnaseq-tnseq-enterococcus-analysis/analyses/04_annotation/structural/prokka_np/efaecium_e745:Prokka:EFM745_01000 (length 115)
/home/dich3309/rnaseq-tnseq-enterococcus-analysis/analyses/04_annotation/structural/prokka_np/efaecium_e745:Prokka:EFM745_01001 (length 434)
/home/dich3309/rnaseq-tnseq-enterococcus-analysis/analyses/04_annotation/structural/prokka_np/efaecium_e745:Prokka:EFM745_01002 (length 285)
/home/dich3309/rnaseq-tnseq-enterococcus-analysis/analyses/04_annotation/structural/prokka_np/efaecium_e745:Prokka:EFM745_01003 (length 106)
/home/dich3309/rnaseq-tnseq-enterococcus-analysis/analyses/04_annotation/structural/prokka_np/efaecium_e745:Prokka:EFM745_01004 (length 131)
/home/dich3309/rnaseq-tnseq-enterococcus-analysis/analyses/04_annotation/structural/prokka_np/efaecium_e745:Prokka:EFM745_01005 (length 336)
/home/dich3309/rnaseq-tnseq-enterococcus-analysis/analyses/04_annotation/structural/prokka_np/efaecium_e745:Prokka:EFM745_01006 (length 201)
/home/dich3309/rnaseq-tnseq-enterococcus-analysis/analyses/04_annotation/structural/prokka_np/efaecium_e745:Prokka:EFM745_01007 (length 221)
/home/dich3309/rnaseq-tnseq-enterococcus-analysis/analyses/04_annotation/structural/prokka_np/efaecium_e745:Prokka:EFM745_01008 (length 219)
/home/dich3309/rnaseq-tnseq-enterococcus-analysis/analyses/04_annotation/structural/prokka_np/efaecium_e745:Prokka:EFM745_01009 (length 536)
/home/dich3309/rnaseq-tnseq-enterococcus-analysis/analyses/04_annotation/structural/prokka_np/efaecium_e745:Prokka:EFM745_01010 (length 206)
/home/dich3309/rnaseq-tnseq-enterococcus-analysis/analyses/04_annotation/structural/prokka_np/efaecium_e745:Prokka:EFM745_01011 (length 317)
/home/dich3309/rnaseq-tnseq-enterococcus-analysis/analyses/04_annotation/structural/prokka_np/efaecium_e745:Prokka:EFM745_01012 (length 82)
/home/dich3309/rnaseq-tnseq-enterococcus-analysis/analyses/04_annotation/structural/prokka_np/efaecium_e745:Prokka:EFM745_01013 (length 199)
/home/dich3309/rnaseq-tnseq-enterococcus-analysis/analyses/04_annotation/structural/prokka_np/efaecium_e745:Prokka:EFM745_01014 (length 433)
/home/dich3309/rnaseq-tnseq-enterococcus-analysis/analyses/04_annotation/structural/prokka_np/efaecium_e745:Prokka:EFM745_01016 (length 418)
/home/dich3309/rnaseq-tnseq-enterococcus-analysis/analyses/04_annotation/structural/prokka_np/efaecium_e745:Prokka:EFM745_01017 (length 625)
/home/dich3309/rnaseq-tnseq-enterococcus-analysis/analyses/04_annotation/structural/prokka_np/efaecium_e745:Prokka:EFM745_01018 (length 473)
/home/dich3309/rnaseq-tnseq-enterococcus-analysis/analyses/04_annotation/structural/prokka_np/efaecium_e745:Prokka:EFM745_01019 (length 271)
/home/dich3309/rnaseq-tnseq-enterococcus-analysis/analyses/04_annotation/structural/prokka_np/efaecium_e745:Prokka:EFM745_01020 (length 171)
/home/dich3309/rnaseq-tnseq-enterococcus-analysis/analyses/04_annotation/structural/prokka_np/efaecium_e745:Prokka:EFM745_01021 (length 339)
/home/dich3309/rnaseq-tnseq-enterococcus-analysis/analyses/04_annotation/structural/prokka_np/efaecium_e745:Prokka:EFM745_01022 (length 335)
/home/dich3309/rnaseq-tnseq-enterococcus-analysis/analyses/04_annotation/structural/prokka_np/efaecium_e745:Prokka:EFM745_01023 (length 221)
/home/dich3309/rnaseq-tnseq-enterococcus-analysis/analyses/04_annotation/structural/prokka_np/efaecium_e745:Prokka:EFM745_01024 (length 764)
/home/dich3309/rnaseq-tnseq-enterococcus-analysis/analyses/04_annotation/structural/prokka_np/efaecium_e745:Prokka:EFM745_01025 (length 721)
/home/dich3309/rnaseq-tnseq-enterococcus-analysis/analyses/04_annotation/structural/prokka_np/efaecium_e745:Prokka:EFM745_01026 (length 277)
/home/dich3309/rnaseq-tnseq-enterococcus-analysis/analyses/04_annotation/structural/prokka_np/efaecium_e745:Prokka:EFM745_01027 (length 553)
/home/dich3309/rnaseq-tnseq-enterococcus-analysis/analyses/04_annotation/structural/prokka_np/efaecium_e745:Prokka:EFM745_01028 (length 439)
/home/dich3309/rnaseq-tnseq-enterococcus-analysis/analyses/04_annotation/structural/prokka_np/efaecium_e745:Prokka:EFM745_01029 (length 322)
/home/dich3309/rnaseq-tnseq-enterococcus-analysis/analyses/04_annotation/structural/prokka_np/efaecium_e745:Prokka:EFM745_01030 (length 147)
/home/dich3309/rnaseq-tnseq-enterococcus-analysis/analyses/04_annotation/structural/prokka_np/efaecium_e745:Prokka:EFM745_01031 (length 176)
/home/dich3309/rnaseq-tnseq-enterococcus-analysis/analyses/04_annotation/structural/prokka_np/efaecium_e745:Prokka:EFM745_01032 (length 183)
/home/dich3309/rnaseq-tnseq-enterococcus-analysis/analyses/04_annotation/structural/prokka_np/efaecium_e745:Prokka:EFM745_01033 (length 157)
/home/dich3309/rnaseq-tnseq-enterococcus-analysis/analyses/04_annotation/structural/prokka_np/efaecium_e745:Prokka:EFM745_01034 (length 490)
/home/dich3309/rnaseq-tnseq-enterococcus-analysis/analyses/04_annotation/structural/prokka_np/efaecium_e745:Prokka:EFM745_01035 (length 221)
/home/dich3309/rnaseq-tnseq-enterococcus-analysis/analyses/04_annotation/structural/prokka_np/efaecium_e745:Prokka:EFM745_01036 (length 94)
/home/dich3309/rnaseq-tnseq-enterococcus-analysis/analyses/04_annotation/structural/prokka_np/efaecium_e745:Prokka:EFM745_01037 (length 139)
/home/dich3309/rnaseq-tnseq-enterococcus-analysis/analyses/04_annotation/structural/prokka_np/efaecium_e745:Prokka:EFM745_01038 (length 194)
/home/dich3309/rnaseq-tnseq-enterococcus-analysis/analyses/04_annotation/structural/prokka_np/efaecium_e745:Prokka:EFM745_01039 (length 491)
/home/dich3309/rnaseq-tnseq-enterococcus-analysis/analyses/04_annotation/structural/prokka_np/efaecium_e745:Prokka:EFM745_01040 (length 103)
/home/dich3309/rnaseq-tnseq-enterococcus-analysis/analyses/04_annotation/structural/prokka_np/efaecium_e745:Prokka:EFM745_01041 (length 778)
/home/dich3309/rnaseq-tnseq-enterococcus-analysis/analyses/04_annotation/structural/prokka_np/efaecium_e745:Prokka:EFM745_01042 (length 222)
/home/dich3309/rnaseq-tnseq-enterococcus-analysis/analyses/04_annotation/structural/prokka_np/efaecium_e745:Prokka:EFM745_01043 (length 347)
/home/dich3309/rnaseq-tnseq-enterococcus-analysis/analyses/04_annotation/structural/prokka_np/efaecium_e745:Prokka:EFM745_01044 (length 293)
/home/dich3309/rnaseq-tnseq-enterococcus-analysis/analyses/04_annotation/structural/prokka_np/efaecium_e745:Prokka:EFM745_01045 (length 242)
/home/dich3309/rnaseq-tnseq-enterococcus-analysis/analyses/04_annotation/structural/prokka_np/efaecium_e745:Prokka:EFM745_01046 (length 105)
/home/dich3309/rnaseq-tnseq-enterococcus-analysis/analyses/04_annotation/structural/prokka_np/efaecium_e745:Prokka:EFM745_01047 (length 202)
/home/dich3309/rnaseq-tnseq-enterococcus-analysis/analyses/04_annotation/structural/prokka_np/efaecium_e745:Prokka:EFM745_01048 (length 276)
/home/dich3309/rnaseq-tnseq-enterococcus-analysis/analyses/04_annotation/structural/prokka_np/efaecium_e745:Prokka:EFM745_01049 (length 162)
/home/dich3309/rnaseq-tnseq-enterococcus-analysis/analyses/04_annotation/structural/prokka_np/efaecium_e745:Prokka:EFM745_01050 (length 290)
/home/dich3309/rnaseq-tnseq-enterococcus-analysis/analyses/04_annotation/structural/prokka_np/efaecium_e745:Prokka:EFM745_01051 (length 120)
/home/dich3309/rnaseq-tnseq-enterococcus-analysis/analyses/04_annotation/structural/prokka_np/efaecium_e745:Prokka:EFM745_01052 (length 250)
/home/dich3309/rnaseq-tnseq-enterococcus-analysis/analyses/04_annotation/structural/prokka_np/efaecium_e745:Prokka:EFM745_01053 (length 600)
/home/dich3309/rnaseq-tnseq-enterococcus-analysis/analyses/04_annotation/structural/prokka_np/efaecium_e745:Prokka:EFM745_01054 (length 346)
/home/dich3309/rnaseq-tnseq-enterococcus-analysis/analyses/04_annotation/structural/prokka_np/efaecium_e745:Prokka:EFM745_01055 (length 714)
/home/dich3309/rnaseq-tnseq-enterococcus-analysis/analyses/04_annotation/structural/prokka_np/efaecium_e745:Prokka:EFM745_01056 (length 457)
/home/dich3309/rnaseq-tnseq-enterococcus-analysis/analyses/04_annotation/structural/prokka_np/efaecium_e745:Prokka:EFM745_01057 (length 131)
/home/dich3309/rnaseq-tnseq-enterococcus-analysis/analyses/04_annotation/structural/prokka_np/efaecium_e745:Prokka:EFM745_01058 (length 305)
/home/dich3309/rnaseq-tnseq-enterococcus-analysis/analyses/04_annotation/structural/prokka_np/efaecium_e745:Prokka:EFM745_01059 (length 337)
/home/dich3309/rnaseq-tnseq-enterococcus-analysis/analyses/04_annotation/structural/prokka_np/efaecium_e745:Prokka:EFM745_01060 (length 199)
/home/dich3309/rnaseq-tnseq-enterococcus-analysis/analyses/04_annotation/structural/prokka_np/efaecium_e745:Prokka:EFM745_01061 (length 233)
/home/dich3309/rnaseq-tnseq-enterococcus-analysis/analyses/04_annotation/structural/prokka_np/efaecium_e745:Prokka:EFM745_01062 (length 903)
/home/dich3309/rnaseq-tnseq-enterococcus-analysis/analyses/04_annotation/structural/prokka_np/efaecium_e745:Prokka:EFM745_01063 (length 542)
/home/dich3309/rnaseq-tnseq-enterococcus-analysis/analyses/04_annotation/structural/prokka_np/efaecium_e745:Prokka:EFM745_01064 (length 393)
/home/dich3309/rnaseq-tnseq-enterococcus-analysis/analyses/04_annotation/structural/prokka_np/efaecium_e745:Prokka:EFM745_01065 (length 509)
/home/dich3309/rnaseq-tnseq-enterococcus-analysis/analyses/04_annotation/structural/prokka_np/efaecium_e745:Prokka:EFM745_01066 (length 242)
/home/dich3309/rnaseq-tnseq-enterococcus-analysis/analyses/04_annotation/structural/prokka_np/efaecium_e745:Prokka:EFM745_01067 (length 426)
/home/dich3309/rnaseq-tnseq-enterococcus-analysis/analyses/04_annotation/structural/prokka_np/efaecium_e745:Prokka:EFM745_01068 (length 36)
/home/dich3309/rnaseq-tnseq-enterococcus-analysis/analyses/04_annotation/structural/prokka_np/efaecium_e745:Prokka:EFM745_01069 (length 200)
/home/dich3309/rnaseq-tnseq-enterococcus-analysis/analyses/04_annotation/structural/prokka_np/efaecium_e745:Prokka:EFM745_01070 (length 68)
/home/dich3309/rnaseq-tnseq-enterococcus-analysis/analyses/04_annotation/structural/prokka_np/efaecium_e745:Prokka:EFM745_01071 (length 235)
/home/dich3309/rnaseq-tnseq-enterococcus-analysis/analyses/04_annotation/structural/prokka_np/efaecium_e745:Prokka:EFM745_01072 (length 227)
/home/dich3309/rnaseq-tnseq-enterococcus-analysis/analyses/04_annotation/structural/prokka_np/efaecium_e745:Prokka:EFM745_01073 (length 728)
/home/dich3309/rnaseq-tnseq-enterococcus-analysis/analyses/04_annotation/structural/prokka_np/efaecium_e745:Prokka:EFM745_01074 (length 136)
/home/dich3309/rnaseq-tnseq-enterococcus-analysis/analyses/04_annotation/structural/prokka_np/efaecium_e745:Prokka:EFM745_01075 (length 118)
/home/dich3309/rnaseq-tnseq-enterococcus-analysis/analyses/04_annotation/structural/prokka_np/efaecium_e745:Prokka:EFM745_01079 (length 156)
/home/dich3309/rnaseq-tnseq-enterococcus-analysis/analyses/04_annotation/structural/prokka_np/efaecium_e745:Prokka:EFM745_01080 (length 152)
/home/dich3309/rnaseq-tnseq-enterococcus-analysis/analyses/04_annotation/structural/prokka_np/efaecium_e745:Prokka:EFM745_01081 (length 381)
/home/dich3309/rnaseq-tnseq-enterococcus-analysis/analyses/04_annotation/structural/prokka_np/efaecium_e745:Prokka:EFM745_01082 (length 305)
/home/dich3309/rnaseq-tnseq-enterococcus-analysis/analyses/04_annotation/structural/prokka_np/efaecium_e745:Prokka:EFM745_01083 (length 187)
/home/dich3309/rnaseq-tnseq-enterococcus-analysis/analyses/04_annotation/structural/prokka_np/efaecium_e745:Prokka:EFM745_01084 (length 419)
/home/dich3309/rnaseq-tnseq-enterococcus-analysis/analyses/04_annotation/structural/prokka_np/efaecium_e745:Prokka:EFM745_01085 (length 266)
/home/dich3309/rnaseq-tnseq-enterococcus-analysis/analyses/04_annotation/structural/prokka_np/efaecium_e745:Prokka:EFM745_01086 (length 293)
/home/dich3309/rnaseq-tnseq-enterococcus-analysis/analyses/04_annotation/structural/prokka_np/efaecium_e745:Prokka:EFM745_01087 (length 238)
/home/dich3309/rnaseq-tnseq-enterococcus-analysis/analyses/04_annotation/structural/prokka_np/efaecium_e745:Prokka:EFM745_01088 (length 231)
/home/dich3309/rnaseq-tnseq-enterococcus-analysis/analyses/04_annotation/structural/prokka_np/efaecium_e745:Prokka:EFM745_01089 (length 333)
/home/dich3309/rnaseq-tnseq-enterococcus-analysis/analyses/04_annotation/structural/prokka_np/efaecium_e745:Prokka:EFM745_01090 (length 453)
/home/dich3309/rnaseq-tnseq-enterococcus-analysis/analyses/04_annotation/structural/prokka_np/efaecium_e745:Prokka:EFM745_01091 (length 383)
/home/dich3309/rnaseq-tnseq-enterococcus-analysis/analyses/04_annotation/structural/prokka_np/efaecium_e745:Prokka:EFM745_01092 (length 389)
/home/dich3309/rnaseq-tnseq-enterococcus-analysis/analyses/04_annotation/structural/prokka_np/efaecium_e745:Prokka:EFM745_01093 (length 459)
/home/dich3309/rnaseq-tnseq-enterococcus-analysis/analyses/04_annotation/structural/prokka_np/efaecium_e745:Prokka:EFM745_01094 (length 50)
/home/dich3309/rnaseq-tnseq-enterococcus-analysis/analyses/04_annotation/structural/prokka_np/efaecium_e745:Prokka:EFM745_01095 (length 233)
/home/dich3309/rnaseq-tnseq-enterococcus-analysis/analyses/04_annotation/structural/prokka_np/efaecium_e745:Prokka:EFM745_01096 (length 222)
/home/dich3309/rnaseq-tnseq-enterococcus-analysis/analyses/04_annotation/structural/prokka_np/efaecium_e745:Prokka:EFM745_01097 (length 106)
/home/dich3309/rnaseq-tnseq-enterococcus-analysis/analyses/04_annotation/structural/prokka_np/efaecium_e745:Prokka:EFM745_01098 (length 460)
/home/dich3309/rnaseq-tnseq-enterococcus-analysis/analyses/04_annotation/structural/prokka_np/efaecium_e745:Prokka:EFM745_01099 (length 395)
/home/dich3309/rnaseq-tnseq-enterococcus-analysis/analyses/04_annotation/structural/prokka_np/efaecium_e745:Prokka:EFM745_01100 (length 343)
/home/dich3309/rnaseq-tnseq-enterococcus-analysis/analyses/04_annotation/structural/prokka_np/efaecium_e745:Prokka:EFM745_01101 (length 488)
/home/dich3309/rnaseq-tnseq-enterococcus-analysis/analyses/04_annotation/structural/prokka_np/efaecium_e745:Prokka:EFM745_01102 (length 301)
/home/dich3309/rnaseq-tnseq-enterococcus-analysis/analyses/04_annotation/structural/prokka_np/efaecium_e745:Prokka:EFM745_01103 (length 225)
/home/dich3309/rnaseq-tnseq-enterococcus-analysis/analyses/04_annotation/structural/prokka_np/efaecium_e745:Prokka:EFM745_01104 (length 56)
/home/dich3309/rnaseq-tnseq-enterococcus-analysis/analyses/04_annotation/structural/prokka_np/efaecium_e745:Prokka:EFM745_01105 (length 298)
/home/dich3309/rnaseq-tnseq-enterococcus-analysis/analyses/04_annotation/structural/prokka_np/efaecium_e745:Prokka:EFM745_01106 (length 456)
/home/dich3309/rnaseq-tnseq-enterococcus-analysis/analyses/04_annotation/structural/prokka_np/efaecium_e745:Prokka:EFM745_01107 (length 248)
/home/dich3309/rnaseq-tnseq-enterococcus-analysis/analyses/04_annotation/structural/prokka_np/efaecium_e745:Prokka:EFM745_01108 (length 279)
/home/dich3309/rnaseq-tnseq-enterococcus-analysis/analyses/04_annotation/structural/prokka_np/efaecium_e745:Prokka:EFM745_01109 (length 316)
/home/dich3309/rnaseq-tnseq-enterococcus-analysis/analyses/04_annotation/structural/prokka_np/efaecium_e745:Prokka:EFM745_01110 (length 250)
/home/dich3309/rnaseq-tnseq-enterococcus-analysis/analyses/04_annotation/structural/prokka_np/efaecium_e745:Prokka:EFM745_01111 (length 383)
/home/dich3309/rnaseq-tnseq-enterococcus-analysis/analyses/04_annotation/structural/prokka_np/efaecium_e745:Prokka:EFM745_01112 (length 202)
/home/dich3309/rnaseq-tnseq-enterococcus-analysis/analyses/04_annotation/structural/prokka_np/efaecium_e745:Prokka:EFM745_01113 (length 545)
/home/dich3309/rnaseq-tnseq-enterococcus-analysis/analyses/04_annotation/structural/prokka_np/efaecium_e745:Prokka:EFM745_01114 (length 370)
/home/dich3309/rnaseq-tnseq-enterococcus-analysis/analyses/04_annotation/structural/prokka_np/efaecium_e745:Prokka:EFM745_01115 (length 457)
/home/dich3309/rnaseq-tnseq-enterococcus-analysis/analyses/04_annotation/structural/prokka_np/efaecium_e745:Prokka:EFM745_01116 (length 205)
/home/dich3309/rnaseq-tnseq-enterococcus-analysis/analyses/04_annotation/structural/prokka_np/efaecium_e745:Prokka:EFM745_01117 (length 151)
/home/dich3309/rnaseq-tnseq-enterococcus-analysis/analyses/04_annotation/structural/prokka_np/efaecium_e745:Prokka:EFM745_01118 (length 500)
/home/dich3309/rnaseq-tnseq-enterococcus-analysis/analyses/04_annotation/structural/prokka_np/efaecium_e745:Prokka:EFM745_01119 (length 68)
/home/dich3309/rnaseq-tnseq-enterococcus-analysis/analyses/04_annotation/structural/prokka_np/efaecium_e745:Prokka:EFM745_01120 (length 133)
/home/dich3309/rnaseq-tnseq-enterococcus-analysis/analyses/04_annotation/structural/prokka_np/efaecium_e745:Prokka:EFM745_01121 (length 443)
/home/dich3309/rnaseq-tnseq-enterococcus-analysis/analyses/04_annotation/structural/prokka_np/efaecium_e745:Prokka:EFM745_01122 (length 208)
/home/dich3309/rnaseq-tnseq-enterococcus-analysis/analyses/04_annotation/structural/prokka_np/efaecium_e745:Prokka:EFM745_01123 (length 193)
/home/dich3309/rnaseq-tnseq-enterococcus-analysis/analyses/04_annotation/structural/prokka_np/efaecium_e745:Prokka:EFM745_01124 (length 115)
/home/dich3309/rnaseq-tnseq-enterococcus-analysis/analyses/04_annotation/structural/prokka_np/efaecium_e745:Prokka:EFM745_01125 (length 71)
/home/dich3309/rnaseq-tnseq-enterococcus-analysis/analyses/04_annotation/structural/prokka_np/efaecium_e745:Prokka:EFM745_01126 (length 112)
/home/dich3309/rnaseq-tnseq-enterococcus-analysis/analyses/04_annotation/structural/prokka_np/efaecium_e745:Prokka:EFM745_01127 (length 76)
/home/dich3309/rnaseq-tnseq-enterococcus-analysis/analyses/04_annotation/structural/prokka_np/efaecium_e745:Prokka:EFM745_01128 (length 113)
/home/dich3309/rnaseq-tnseq-enterococcus-analysis/analyses/04_annotation/structural/prokka_np/efaecium_e745:Prokka:EFM745_01129 (length 61)
/home/dich3309/rnaseq-tnseq-enterococcus-analysis/analyses/04_annotation/structural/prokka_np/efaecium_e745:Prokka:EFM745_01130 (length 64)
/home/dich3309/rnaseq-tnseq-enterococcus-analysis/analyses/04_annotation/structural/prokka_np/efaecium_e745:Prokka:EFM745_01131 (length 276)
/home/dich3309/rnaseq-tnseq-enterococcus-analysis/analyses/04_annotation/structural/prokka_np/efaecium_e745:Prokka:EFM745_01132 (length 444)
/home/dich3309/rnaseq-tnseq-enterococcus-analysis/analyses/04_annotation/structural/prokka_np/efaecium_e745:Prokka:EFM745_01133 (length 303)
/home/dich3309/rnaseq-tnseq-enterococcus-analysis/analyses/04_annotation/structural/prokka_np/efaecium_e745:Prokka:EFM745_01134 (length 284)
/home/dich3309/rnaseq-tnseq-enterococcus-analysis/analyses/04_annotation/structural/prokka_np/efaecium_e745:Prokka:EFM745_01135 (length 205)
/home/dich3309/rnaseq-tnseq-enterococcus-analysis/analyses/04_annotation/structural/prokka_np/efaecium_e745:Prokka:EFM745_01136 (length 172)
/home/dich3309/rnaseq-tnseq-enterococcus-analysis/analyses/04_annotation/structural/prokka_np/efaecium_e745:Prokka:EFM745_01137 (length 152)
/home/dich3309/rnaseq-tnseq-enterococcus-analysis/analyses/04_annotation/structural/prokka_np/efaecium_e745:Prokka:EFM745_01138 (length 1345)
/home/dich3309/rnaseq-tnseq-enterococcus-analysis/analyses/04_annotation/structural/prokka_np/efaecium_e745:Prokka:EFM745_01139 (length 258)
/home/dich3309/rnaseq-tnseq-enterococcus-analysis/analyses/04_annotation/structural/prokka_np/efaecium_e745:Prokka:EFM745_01140 (length 177)
/home/dich3309/rnaseq-tnseq-enterococcus-analysis/analyses/04_annotation/structural/prokka_np/efaecium_e745:Prokka:EFM745_01141 (length 565)
/home/dich3309/rnaseq-tnseq-enterococcus-analysis/analyses/04_annotation/structural/prokka_np/efaecium_e745:Prokka:EFM745_01142 (length 297)
/home/dich3309/rnaseq-tnseq-enterococcus-analysis/analyses/04_annotation/structural/prokka_np/efaecium_e745:Prokka:EFM745_01143 (length 224)
/home/dich3309/rnaseq-tnseq-enterococcus-analysis/analyses/04_annotation/structural/prokka_np/efaecium_e745:Prokka:EFM745_01144 (length 341)
/home/dich3309/rnaseq-tnseq-enterococcus-analysis/analyses/04_annotation/structural/prokka_np/efaecium_e745:Prokka:EFM745_01145 (length 288)
/home/dich3309/rnaseq-tnseq-enterococcus-analysis/analyses/04_annotation/structural/prokka_np/efaecium_e745:Prokka:EFM745_01146 (length 458)
/home/dich3309/rnaseq-tnseq-enterococcus-analysis/analyses/04_annotation/structural/prokka_np/efaecium_e745:Prokka:EFM745_01147 (length 398)
/home/dich3309/rnaseq-tnseq-enterococcus-analysis/analyses/04_annotation/structural/prokka_np/efaecium_e745:Prokka:EFM745_01148 (length 220)
/home/dich3309/rnaseq-tnseq-enterococcus-analysis/analyses/04_annotation/structural/prokka_np/efaecium_e745:Prokka:EFM745_01149 (length 187)
/home/dich3309/rnaseq-tnseq-enterococcus-analysis/analyses/04_annotation/structural/prokka_np/efaecium_e745:Prokka:EFM745_01150 (length 94)
/home/dich3309/rnaseq-tnseq-enterococcus-analysis/analyses/04_annotation/structural/prokka_np/efaecium_e745:Prokka:EFM745_01151 (length 230)
/home/dich3309/rnaseq-tnseq-enterococcus-analysis/analyses/04_annotation/structural/prokka_np/efaecium_e745:Prokka:EFM745_01152 (length 181)
/home/dich3309/rnaseq-tnseq-enterococcus-analysis/analyses/04_annotation/structural/prokka_np/efaecium_e745:Prokka:EFM745_01153 (length 1092)
/home/dich3309/rnaseq-tnseq-enterococcus-analysis/analyses/04_annotation/structural/prokka_np/efaecium_e745:Prokka:EFM745_01154 (length 635)
/home/dich3309/rnaseq-tnseq-enterococcus-analysis/analyses/04_annotation/structural/prokka_np/efaecium_e745:Prokka:EFM745_01155 (length 291)
/home/dich3309/rnaseq-tnseq-enterococcus-analysis/analyses/04_annotation/structural/prokka_np/efaecium_e745:Prokka:EFM745_01156 (length 324)
/home/dich3309/rnaseq-tnseq-enterococcus-analysis/analyses/04_annotation/structural/prokka_np/efaecium_e745:Prokka:EFM745_01157 (length 378)
/home/dich3309/rnaseq-tnseq-enterococcus-analysis/analyses/04_annotation/structural/prokka_np/efaecium_e745:Prokka:EFM745_01158 (length 114)
/home/dich3309/rnaseq-tnseq-enterococcus-analysis/analyses/04_annotation/structural/prokka_np/efaecium_e745:Prokka:EFM745_01159 (length 428)
/home/dich3309/rnaseq-tnseq-enterococcus-analysis/analyses/04_annotation/structural/prokka_np/efaecium_e745:Prokka:EFM745_01160 (length 199)
/home/dich3309/rnaseq-tnseq-enterococcus-analysis/analyses/04_annotation/structural/prokka_np/efaecium_e745:Prokka:EFM745_01161 (length 373)
/home/dich3309/rnaseq-tnseq-enterococcus-analysis/analyses/04_annotation/structural/prokka_np/efaecium_e745:Prokka:EFM745_01162 (length 473)
/home/dich3309/rnaseq-tnseq-enterococcus-analysis/analyses/04_annotation/structural/prokka_np/efaecium_e745:Prokka:EFM745_01163 (length 372)
/home/dich3309/rnaseq-tnseq-enterococcus-analysis/analyses/04_annotation/structural/prokka_np/efaecium_e745:Prokka:EFM745_01164 (length 430)
/home/dich3309/rnaseq-tnseq-enterococcus-analysis/analyses/04_annotation/structural/prokka_np/efaecium_e745:Prokka:EFM745_01165 (length 186)
/home/dich3309/rnaseq-tnseq-enterococcus-analysis/analyses/04_annotation/structural/prokka_np/efaecium_e745:Prokka:EFM745_01166 (length 125)
/home/dich3309/rnaseq-tnseq-enterococcus-analysis/analyses/04_annotation/structural/prokka_np/efaecium_e745:Prokka:EFM745_01167 (length 656)
/home/dich3309/rnaseq-tnseq-enterococcus-analysis/analyses/04_annotation/structural/prokka_np/efaecium_e745:Prokka:EFM745_01168 (length 315)
/home/dich3309/rnaseq-tnseq-enterococcus-analysis/analyses/04_annotation/structural/prokka_np/efaecium_e745:Prokka:EFM745_01169 (length 154)
/home/dich3309/rnaseq-tnseq-enterococcus-analysis/analyses/04_annotation/structural/prokka_np/efaecium_e745:Prokka:EFM745_01170 (length 347)
/home/dich3309/rnaseq-tnseq-enterococcus-analysis/analyses/04_annotation/structural/prokka_np/efaecium_e745:Prokka:EFM745_01171 (length 321)
/home/dich3309/rnaseq-tnseq-enterococcus-analysis/analyses/04_annotation/structural/prokka_np/efaecium_e745:Prokka:EFM745_01172 (length 281)
/home/dich3309/rnaseq-tnseq-enterococcus-analysis/analyses/04_annotation/structural/prokka_np/efaecium_e745:Prokka:EFM745_01173 (length 395)
/home/dich3309/rnaseq-tnseq-enterococcus-analysis/analyses/04_annotation/structural/prokka_np/efaecium_e745:Prokka:EFM745_01174 (length 118)
/home/dich3309/rnaseq-tnseq-enterococcus-analysis/analyses/04_annotation/structural/prokka_np/efaecium_e745:Prokka:EFM745_01175 (length 112)
/home/dich3309/rnaseq-tnseq-enterococcus-analysis/analyses/04_annotation/structural/prokka_np/efaecium_e745:Prokka:EFM745_01177 (length 347)
/home/dich3309/rnaseq-tnseq-enterococcus-analysis/analyses/04_annotation/structural/prokka_np/efaecium_e745:Prokka:EFM745_01178 (length 228)
/home/dich3309/rnaseq-tnseq-enterococcus-analysis/analyses/04_annotation/structural/prokka_np/efaecium_e745:Prokka:EFM745_01179 (length 282)
/home/dich3309/rnaseq-tnseq-enterococcus-analysis/analyses/04_annotation/structural/prokka_np/efaecium_e745:Prokka:EFM745_01180 (length 257)
/home/dich3309/rnaseq-tnseq-enterococcus-analysis/analyses/04_annotation/structural/prokka_np/efaecium_e745:Prokka:EFM745_01181 (length 428)
/home/dich3309/rnaseq-tnseq-enterococcus-analysis/analyses/04_annotation/structural/prokka_np/efaecium_e745:Prokka:EFM745_01182 (length 411)
/home/dich3309/rnaseq-tnseq-enterococcus-analysis/analyses/04_annotation/structural/prokka_np/efaecium_e745:Prokka:EFM745_01183 (length 156)
/home/dich3309/rnaseq-tnseq-enterococcus-analysis/analyses/04_annotation/structural/prokka_np/efaecium_e745:Prokka:EFM745_01184 (length 463)
/home/dich3309/rnaseq-tnseq-enterococcus-analysis/analyses/04_annotation/structural/prokka_np/efaecium_e745:Prokka:EFM745_01185 (length 393)
/home/dich3309/rnaseq-tnseq-enterococcus-analysis/analyses/04_annotation/structural/prokka_np/efaecium_e745:Prokka:EFM745_01186 (length 244)
/home/dich3309/rnaseq-tnseq-enterococcus-analysis/analyses/04_annotation/structural/prokka_np/efaecium_e745:Prokka:EFM745_01187 (length 91)
/home/dich3309/rnaseq-tnseq-enterococcus-analysis/analyses/04_annotation/structural/prokka_np/efaecium_e745:Prokka:EFM745_01188 (length 665)
/home/dich3309/rnaseq-tnseq-enterococcus-analysis/analyses/04_annotation/structural/prokka_np/efaecium_e745:Prokka:EFM745_01189 (length 111)
/home/dich3309/rnaseq-tnseq-enterococcus-analysis/analyses/04_annotation/structural/prokka_np/efaecium_e745:Prokka:EFM745_01190 (length 71)
/home/dich3309/rnaseq-tnseq-enterococcus-analysis/analyses/04_annotation/structural/prokka_np/efaecium_e745:Prokka:EFM745_01191 (length 121)
/home/dich3309/rnaseq-tnseq-enterococcus-analysis/analyses/04_annotation/structural/prokka_np/efaecium_e745:Prokka:EFM745_01192 (length 108)
/home/dich3309/rnaseq-tnseq-enterococcus-analysis/analyses/04_annotation/structural/prokka_np/efaecium_e745:Prokka:EFM745_01193 (length 241)
/home/dich3309/rnaseq-tnseq-enterococcus-analysis/analyses/04_annotation/structural/prokka_np/efaecium_e745:Prokka:EFM745_01194 (length 530)
/home/dich3309/rnaseq-tnseq-enterococcus-analysis/analyses/04_annotation/structural/prokka_np/efaecium_e745:Prokka:EFM745_01195 (length 414)
/home/dich3309/rnaseq-tnseq-enterococcus-analysis/analyses/04_annotation/structural/prokka_np/efaecium_e745:Prokka:EFM745_01196 (length 1049)
/home/dich3309/rnaseq-tnseq-enterococcus-analysis/analyses/04_annotation/structural/prokka_np/efaecium_e745:Prokka:EFM745_01197 (length 481)
/home/dich3309/rnaseq-tnseq-enterococcus-analysis/analyses/04_annotation/structural/prokka_np/efaecium_e745:Prokka:EFM745_01198 (length 221)
/home/dich3309/rnaseq-tnseq-enterococcus-analysis/analyses/04_annotation/structural/prokka_np/efaecium_e745:Prokka:EFM745_01199 (length 678)
/home/dich3309/rnaseq-tnseq-enterococcus-analysis/analyses/04_annotation/structural/prokka_np/efaecium_e745:Prokka:EFM745_01200 (length 212)
/home/dich3309/rnaseq-tnseq-enterococcus-analysis/analyses/04_annotation/structural/prokka_np/efaecium_e745:Prokka:EFM745_01201 (length 142)
/home/dich3309/rnaseq-tnseq-enterococcus-analysis/analyses/04_annotation/structural/prokka_np/efaecium_e745:Prokka:EFM745_01202 (length 303)
/home/dich3309/rnaseq-tnseq-enterococcus-analysis/analyses/04_annotation/structural/prokka_np/efaecium_e745:Prokka:EFM745_01203 (length 145)
/home/dich3309/rnaseq-tnseq-enterococcus-analysis/analyses/04_annotation/structural/prokka_np/efaecium_e745:Prokka:EFM745_01204 (length 294)
/home/dich3309/rnaseq-tnseq-enterococcus-analysis/analyses/04_annotation/structural/prokka_np/efaecium_e745:Prokka:EFM745_01205 (length 1055)
/home/dich3309/rnaseq-tnseq-enterococcus-analysis/analyses/04_annotation/structural/prokka_np/efaecium_e745:Prokka:EFM745_01206 (length 181)
/home/dich3309/rnaseq-tnseq-enterococcus-analysis/analyses/04_annotation/structural/prokka_np/efaecium_e745:Prokka:EFM745_01207 (length 151)
/home/dich3309/rnaseq-tnseq-enterococcus-analysis/analyses/04_annotation/structural/prokka_np/efaecium_e745:Prokka:EFM745_01208 (length 252)
/home/dich3309/rnaseq-tnseq-enterococcus-analysis/analyses/04_annotation/structural/prokka_np/efaecium_e745:Prokka:EFM745_01209 (length 246)
/home/dich3309/rnaseq-tnseq-enterococcus-analysis/analyses/04_annotation/structural/prokka_np/efaecium_e745:Prokka:EFM745_01210 (length 417)
/home/dich3309/rnaseq-tnseq-enterococcus-analysis/analyses/04_annotation/structural/prokka_np/efaecium_e745:Prokka:EFM745_01211 (length 75)
/home/dich3309/rnaseq-tnseq-enterococcus-analysis/analyses/04_annotation/structural/prokka_np/efaecium_e745:Prokka:EFM745_01212 (length 108)
/home/dich3309/rnaseq-tnseq-enterococcus-analysis/analyses/04_annotation/structural/prokka_np/efaecium_e745:Prokka:EFM745_01213 (length 237)
/home/dich3309/rnaseq-tnseq-enterococcus-analysis/analyses/04_annotation/structural/prokka_np/efaecium_e745:Prokka:EFM745_01214 (length 283)
/home/dich3309/rnaseq-tnseq-enterococcus-analysis/analyses/04_annotation/structural/prokka_np/efaecium_e745:Prokka:EFM745_01215 (length 49)
/home/dich3309/rnaseq-tnseq-enterococcus-analysis/analyses/04_annotation/structural/prokka_np/efaecium_e745:Prokka:EFM745_01216 (length 621)
/home/dich3309/rnaseq-tnseq-enterococcus-analysis/analyses/04_annotation/structural/prokka_np/efaecium_e745:Prokka:EFM745_01217 (length 456)
/home/dich3309/rnaseq-tnseq-enterococcus-analysis/analyses/04_annotation/structural/prokka_np/efaecium_e745:Prokka:EFM745_01218 (length 233)
/home/dich3309/rnaseq-tnseq-enterococcus-analysis/analyses/04_annotation/structural/prokka_np/efaecium_e745:Prokka:EFM745_01219 (length 162)
/home/dich3309/rnaseq-tnseq-enterococcus-analysis/analyses/04_annotation/structural/prokka_np/efaecium_e745:Prokka:EFM745_01220 (length 36)
/home/dich3309/rnaseq-tnseq-enterococcus-analysis/analyses/04_annotation/structural/prokka_np/efaecium_e745:Prokka:EFM745_01221 (length 191)
/home/dich3309/rnaseq-tnseq-enterococcus-analysis/analyses/04_annotation/structural/prokka_np/efaecium_e745:Prokka:EFM745_01222 (length 146)
/home/dich3309/rnaseq-tnseq-enterococcus-analysis/analyses/04_annotation/structural/prokka_np/efaecium_e745:Prokka:EFM745_01223 (length 233)
/home/dich3309/rnaseq-tnseq-enterococcus-analysis/analyses/04_annotation/structural/prokka_np/efaecium_e745:Prokka:EFM745_01224 (length 57)
/home/dich3309/rnaseq-tnseq-enterococcus-analysis/analyses/04_annotation/structural/prokka_np/efaecium_e745:Prokka:EFM745_01225 (length 141)
/home/dich3309/rnaseq-tnseq-enterococcus-analysis/analyses/04_annotation/structural/prokka_np/efaecium_e745:Prokka:EFM745_01226 (length 323)
/home/dich3309/rnaseq-tnseq-enterococcus-analysis/analyses/04_annotation/structural/prokka_np/efaecium_e745:Prokka:EFM745_01227 (length 465)
/home/dich3309/rnaseq-tnseq-enterococcus-analysis/analyses/04_annotation/structural/prokka_np/efaecium_e745:Prokka:EFM745_01228 (length 207)
/home/dich3309/rnaseq-tnseq-enterococcus-analysis/analyses/04_annotation/structural/prokka_np/efaecium_e745:Prokka:EFM745_01229 (length 697)
/home/dich3309/rnaseq-tnseq-enterococcus-analysis/analyses/04_annotation/structural/prokka_np/efaecium_e745:Prokka:EFM745_01230 (length 288)
/home/dich3309/rnaseq-tnseq-enterococcus-analysis/analyses/04_annotation/structural/prokka_np/efaecium_e745:Prokka:EFM745_01231 (length 145)
/home/dich3309/rnaseq-tnseq-enterococcus-analysis/analyses/04_annotation/structural/prokka_np/efaecium_e745:Prokka:EFM745_01233 (length 882)
/home/dich3309/rnaseq-tnseq-enterococcus-analysis/analyses/04_annotation/structural/prokka_np/efaecium_e745:Prokka:EFM745_01234 (length 223)
/home/dich3309/rnaseq-tnseq-enterococcus-analysis/analyses/04_annotation/structural/prokka_np/efaecium_e745:Prokka:EFM745_01235 (length 199)
/home/dich3309/rnaseq-tnseq-enterococcus-analysis/analyses/04_annotation/structural/prokka_np/efaecium_e745:Prokka:EFM745_01238 (length 357)
/home/dich3309/rnaseq-tnseq-enterococcus-analysis/analyses/04_annotation/structural/prokka_np/efaecium_e745:Prokka:EFM745_01239 (length 226)
/home/dich3309/rnaseq-tnseq-enterococcus-analysis/analyses/04_annotation/structural/prokka_np/efaecium_e745:Prokka:EFM745_01240 (length 279)
/home/dich3309/rnaseq-tnseq-enterococcus-analysis/analyses/04_annotation/structural/prokka_np/efaecium_e745:Prokka:EFM745_01241 (length 407)
/home/dich3309/rnaseq-tnseq-enterococcus-analysis/analyses/04_annotation/structural/prokka_np/efaecium_e745:Prokka:EFM745_01242 (length 472)
/home/dich3309/rnaseq-tnseq-enterococcus-analysis/analyses/04_annotation/structural/prokka_np/efaecium_e745:Prokka:EFM745_01243 (length 147)
/home/dich3309/rnaseq-tnseq-enterococcus-analysis/analyses/04_annotation/structural/prokka_np/efaecium_e745:Prokka:EFM745_01244 (length 446)
/home/dich3309/rnaseq-tnseq-enterococcus-analysis/analyses/04_annotation/structural/prokka_np/efaecium_e745:Prokka:EFM745_01245 (length 298)
/home/dich3309/rnaseq-tnseq-enterococcus-analysis/analyses/04_annotation/structural/prokka_np/efaecium_e745:Prokka:EFM745_01246 (length 313)
/home/dich3309/rnaseq-tnseq-enterococcus-analysis/analyses/04_annotation/structural/prokka_np/efaecium_e745:Prokka:EFM745_01247 (length 373)
/home/dich3309/rnaseq-tnseq-enterococcus-analysis/analyses/04_annotation/structural/prokka_np/efaecium_e745:Prokka:EFM745_01248 (length 500)
/home/dich3309/rnaseq-tnseq-enterococcus-analysis/analyses/04_annotation/structural/prokka_np/efaecium_e745:Prokka:EFM745_01249 (length 175)
/home/dich3309/rnaseq-tnseq-enterococcus-analysis/analyses/04_annotation/structural/prokka_np/efaecium_e745:Prokka:EFM745_01250 (length 353)
/home/dich3309/rnaseq-tnseq-enterococcus-analysis/analyses/04_annotation/structural/prokka_np/efaecium_e745:Prokka:EFM745_01251 (length 298)
/home/dich3309/rnaseq-tnseq-enterococcus-analysis/analyses/04_annotation/structural/prokka_np/efaecium_e745:Prokka:EFM745_01252 (length 660)
/home/dich3309/rnaseq-tnseq-enterococcus-analysis/analyses/04_annotation/structural/prokka_np/efaecium_e745:Prokka:EFM745_01253 (length 148)
/home/dich3309/rnaseq-tnseq-enterococcus-analysis/analyses/04_annotation/structural/prokka_np/efaecium_e745:Prokka:EFM745_01254 (length 474)
/home/dich3309/rnaseq-tnseq-enterococcus-analysis/analyses/04_annotation/structural/prokka_np/efaecium_e745:Prokka:EFM745_01255 (length 257)
/home/dich3309/rnaseq-tnseq-enterococcus-analysis/analyses/04_annotation/structural/prokka_np/efaecium_e745:Prokka:EFM745_01256 (length 301)
/home/dich3309/rnaseq-tnseq-enterococcus-analysis/analyses/04_annotation/structural/prokka_np/efaecium_e745:Prokka:EFM745_01257 (length 106)
/home/dich3309/rnaseq-tnseq-enterococcus-analysis/analyses/04_annotation/structural/prokka_np/efaecium_e745:Prokka:EFM745_01258 (length 228)
/home/dich3309/rnaseq-tnseq-enterococcus-analysis/analyses/04_annotation/structural/prokka_np/efaecium_e745:Prokka:EFM745_01259 (length 314)
/home/dich3309/rnaseq-tnseq-enterococcus-analysis/analyses/04_annotation/structural/prokka_np/efaecium_e745:Prokka:EFM745_01260 (length 214)
/home/dich3309/rnaseq-tnseq-enterococcus-analysis/analyses/04_annotation/structural/prokka_np/efaecium_e745:Prokka:EFM745_01261 (length 425)
/home/dich3309/rnaseq-tnseq-enterococcus-analysis/analyses/04_annotation/structural/prokka_np/efaecium_e745:Prokka:EFM745_01262 (length 249)
/home/dich3309/rnaseq-tnseq-enterococcus-analysis/analyses/04_annotation/structural/prokka_np/efaecium_e745:Prokka:EFM745_01263 (length 126)
/home/dich3309/rnaseq-tnseq-enterococcus-analysis/analyses/04_annotation/structural/prokka_np/efaecium_e745:Prokka:EFM745_01264 (length 169)
/home/dich3309/rnaseq-tnseq-enterococcus-analysis/analyses/04_annotation/structural/prokka_np/efaecium_e745:Prokka:EFM745_01265 (length 59)
/home/dich3309/rnaseq-tnseq-enterococcus-analysis/analyses/04_annotation/structural/prokka_np/efaecium_e745:Prokka:EFM745_01266 (length 187)
/home/dich3309/rnaseq-tnseq-enterococcus-analysis/analyses/04_annotation/structural/prokka_np/efaecium_e745:Prokka:EFM745_01267 (length 171)
/home/dich3309/rnaseq-tnseq-enterococcus-analysis/analyses/04_annotation/structural/prokka_np/efaecium_e745:Prokka:EFM745_01268 (length 289)
/home/dich3309/rnaseq-tnseq-enterococcus-analysis/analyses/04_annotation/structural/prokka_np/efaecium_e745:Prokka:EFM745_01269 (length 226)
/home/dich3309/rnaseq-tnseq-enterococcus-analysis/analyses/04_annotation/structural/prokka_np/efaecium_e745:Prokka:EFM745_01270 (length 326)
/home/dich3309/rnaseq-tnseq-enterococcus-analysis/analyses/04_annotation/structural/prokka_np/efaecium_e745:Prokka:EFM745_01271 (length 157)
/home/dich3309/rnaseq-tnseq-enterococcus-analysis/analyses/04_annotation/structural/prokka_np/efaecium_e745:Prokka:EFM745_01272 (length 174)
/home/dich3309/rnaseq-tnseq-enterococcus-analysis/analyses/04_annotation/structural/prokka_np/efaecium_e745:Prokka:EFM745_01273 (length 177)
/home/dich3309/rnaseq-tnseq-enterococcus-analysis/analyses/04_annotation/structural/prokka_np/efaecium_e745:Prokka:EFM745_01274 (length 250)
/home/dich3309/rnaseq-tnseq-enterococcus-analysis/analyses/04_annotation/structural/prokka_np/efaecium_e745:Prokka:EFM745_01275 (length 306)
/home/dich3309/rnaseq-tnseq-enterococcus-analysis/analyses/04_annotation/structural/prokka_np/efaecium_e745:Prokka:EFM745_01276 (length 311)
/home/dich3309/rnaseq-tnseq-enterococcus-analysis/analyses/04_annotation/structural/prokka_np/efaecium_e745:Prokka:EFM745_01277 (length 492)
/home/dich3309/rnaseq-tnseq-enterococcus-analysis/analyses/04_annotation/structural/prokka_np/efaecium_e745:Prokka:EFM745_01278 (length 686)
/home/dich3309/rnaseq-tnseq-enterococcus-analysis/analyses/04_annotation/structural/prokka_np/efaecium_e745:Prokka:EFM745_01279 (length 189)
/home/dich3309/rnaseq-tnseq-enterococcus-analysis/analyses/04_annotation/structural/prokka_np/efaecium_e745:Prokka:EFM745_01280 (length 268)
/home/dich3309/rnaseq-tnseq-enterococcus-analysis/analyses/04_annotation/structural/prokka_np/efaecium_e745:Prokka:EFM745_01281 (length 504)
/home/dich3309/rnaseq-tnseq-enterococcus-analysis/analyses/04_annotation/structural/prokka_np/efaecium_e745:Prokka:EFM745_01282 (length 327)
/home/dich3309/rnaseq-tnseq-enterococcus-analysis/analyses/04_annotation/structural/prokka_np/efaecium_e745:Prokka:EFM745_01283 (length 215)
/home/dich3309/rnaseq-tnseq-enterococcus-analysis/analyses/04_annotation/structural/prokka_np/efaecium_e745:Prokka:EFM745_01284 (length 210)
/home/dich3309/rnaseq-tnseq-enterococcus-analysis/analyses/04_annotation/structural/prokka_np/efaecium_e745:Prokka:EFM745_01285 (length 183)
/home/dich3309/rnaseq-tnseq-enterococcus-analysis/analyses/04_annotation/structural/prokka_np/efaecium_e745:Prokka:EFM745_01286 (length 245)
/home/dich3309/rnaseq-tnseq-enterococcus-analysis/analyses/04_annotation/structural/prokka_np/efaecium_e745:Prokka:EFM745_01287 (length 329)
/home/dich3309/rnaseq-tnseq-enterococcus-analysis/analyses/04_annotation/structural/prokka_np/efaecium_e745:Prokka:EFM745_01288 (length 180)
/home/dich3309/rnaseq-tnseq-enterococcus-analysis/analyses/04_annotation/structural/prokka_np/efaecium_e745:Prokka:EFM745_01289 (length 361)
/home/dich3309/rnaseq-tnseq-enterococcus-analysis/analyses/04_annotation/structural/prokka_np/efaecium_e745:Prokka:EFM745_01290 (length 268)
/home/dich3309/rnaseq-tnseq-enterococcus-analysis/analyses/04_annotation/structural/prokka_np/efaecium_e745:Prokka:EFM745_01291 (length 275)
/home/dich3309/rnaseq-tnseq-enterococcus-analysis/analyses/04_annotation/structural/prokka_np/efaecium_e745:Prokka:EFM745_01292 (length 357)
/home/dich3309/rnaseq-tnseq-enterococcus-analysis/analyses/04_annotation/structural/prokka_np/efaecium_e745:Prokka:EFM745_01293 (length 872)
/home/dich3309/rnaseq-tnseq-enterococcus-analysis/analyses/04_annotation/structural/prokka_np/efaecium_e745:Prokka:EFM745_01294 (length 140)
/home/dich3309/rnaseq-tnseq-enterococcus-analysis/analyses/04_annotation/structural/prokka_np/efaecium_e745:Prokka:EFM745_01295 (length 164)
/home/dich3309/rnaseq-tnseq-enterococcus-analysis/analyses/04_annotation/structural/prokka_np/efaecium_e745:Prokka:EFM745_01296 (length 269)
/home/dich3309/rnaseq-tnseq-enterococcus-analysis/analyses/04_annotation/structural/prokka_np/efaecium_e745:Prokka:EFM745_01297 (length 273)
/home/dich3309/rnaseq-tnseq-enterococcus-analysis/analyses/04_annotation/structural/prokka_np/efaecium_e745:Prokka:EFM745_01298 (length 699)
/home/dich3309/rnaseq-tnseq-enterococcus-analysis/analyses/04_annotation/structural/prokka_np/efaecium_e745:Prokka:EFM745_01299 (length 372)
/home/dich3309/rnaseq-tnseq-enterococcus-analysis/analyses/04_annotation/structural/prokka_np/efaecium_e745:Prokka:EFM745_01300 (length 292)
/home/dich3309/rnaseq-tnseq-enterococcus-analysis/analyses/04_annotation/structural/prokka_np/efaecium_e745:Prokka:EFM745_01301 (length 270)
/home/dich3309/rnaseq-tnseq-enterococcus-analysis/analyses/04_annotation/structural/prokka_np/efaecium_e745:Prokka:EFM745_01302 (length 35)
/home/dich3309/rnaseq-tnseq-enterococcus-analysis/analyses/04_annotation/structural/prokka_np/efaecium_e745:Prokka:EFM745_01303 (length 355)
/home/dich3309/rnaseq-tnseq-enterococcus-analysis/analyses/04_annotation/structural/prokka_np/efaecium_e745:Prokka:EFM745_01304 (length 67)
/home/dich3309/rnaseq-tnseq-enterococcus-analysis/analyses/04_annotation/structural/prokka_np/efaecium_e745:Prokka:EFM745_01305 (length 400)
/home/dich3309/rnaseq-tnseq-enterococcus-analysis/analyses/04_annotation/structural/prokka_np/efaecium_e745:Prokka:EFM745_01307 (length 376)
/home/dich3309/rnaseq-tnseq-enterococcus-analysis/analyses/04_annotation/structural/prokka_np/efaecium_e745:Prokka:EFM745_01308 (length 317)
/home/dich3309/rnaseq-tnseq-enterococcus-analysis/analyses/04_annotation/structural/prokka_np/efaecium_e745:Prokka:EFM745_01309 (length 130)
/home/dich3309/rnaseq-tnseq-enterococcus-analysis/analyses/04_annotation/structural/prokka_np/efaecium_e745:Prokka:EFM745_01310 (length 446)
/home/dich3309/rnaseq-tnseq-enterococcus-analysis/analyses/04_annotation/structural/prokka_np/efaecium_e745:Prokka:EFM745_01311 (length 81)
/home/dich3309/rnaseq-tnseq-enterococcus-analysis/analyses/04_annotation/structural/prokka_np/efaecium_e745:Prokka:EFM745_01312 (length 536)
/home/dich3309/rnaseq-tnseq-enterococcus-analysis/analyses/04_annotation/structural/prokka_np/efaecium_e745:Prokka:EFM745_01313 (length 289)
/home/dich3309/rnaseq-tnseq-enterococcus-analysis/analyses/04_annotation/structural/prokka_np/efaecium_e745:Prokka:EFM745_01314 (length 423)
/home/dich3309/rnaseq-tnseq-enterococcus-analysis/analyses/04_annotation/structural/prokka_np/efaecium_e745:Prokka:EFM745_01315 (length 431)
/home/dich3309/rnaseq-tnseq-enterococcus-analysis/analyses/04_annotation/structural/prokka_np/efaecium_e745:Prokka:EFM745_01316 (length 87)
/home/dich3309/rnaseq-tnseq-enterococcus-analysis/analyses/04_annotation/structural/prokka_np/efaecium_e745:Prokka:EFM745_01317 (length 149)
/home/dich3309/rnaseq-tnseq-enterococcus-analysis/analyses/04_annotation/structural/prokka_np/efaecium_e745:Prokka:EFM745_01318 (length 472)
/home/dich3309/rnaseq-tnseq-enterococcus-analysis/analyses/04_annotation/structural/prokka_np/efaecium_e745:Prokka:EFM745_01319 (length 286)
/home/dich3309/rnaseq-tnseq-enterococcus-analysis/analyses/04_annotation/structural/prokka_np/efaecium_e745:Prokka:EFM745_01320 (length 245)
/home/dich3309/rnaseq-tnseq-enterococcus-analysis/analyses/04_annotation/structural/prokka_np/efaecium_e745:Prokka:EFM745_01321 (length 121)
/home/dich3309/rnaseq-tnseq-enterococcus-analysis/analyses/04_annotation/structural/prokka_np/efaecium_e745:Prokka:EFM745_01322 (length 402)
/home/dich3309/rnaseq-tnseq-enterococcus-analysis/analyses/04_annotation/structural/prokka_np/efaecium_e745:Prokka:EFM745_01323 (length 92)
/home/dich3309/rnaseq-tnseq-enterococcus-analysis/analyses/04_annotation/structural/prokka_np/efaecium_e745:Prokka:EFM745_01324 (length 231)
/home/dich3309/rnaseq-tnseq-enterococcus-analysis/analyses/04_annotation/structural/prokka_np/efaecium_e745:Prokka:EFM745_01325 (length 265)
/home/dich3309/rnaseq-tnseq-enterococcus-analysis/analyses/04_annotation/structural/prokka_np/efaecium_e745:Prokka:EFM745_01326 (length 394)
/home/dich3309/rnaseq-tnseq-enterococcus-analysis/analyses/04_annotation/structural/prokka_np/efaecium_e745:Prokka:EFM745_01327 (length 415)
/home/dich3309/rnaseq-tnseq-enterococcus-analysis/analyses/04_annotation/structural/prokka_np/efaecium_e745:Prokka:EFM745_01328 (length 581)
/home/dich3309/rnaseq-tnseq-enterococcus-analysis/analyses/04_annotation/structural/prokka_np/efaecium_e745:Prokka:EFM745_01329 (length 104)
/home/dich3309/rnaseq-tnseq-enterococcus-analysis/analyses/04_annotation/structural/prokka_np/efaecium_e745:Prokka:EFM745_01330 (length 198)
/home/dich3309/rnaseq-tnseq-enterococcus-analysis/analyses/04_annotation/structural/prokka_np/efaecium_e745:Prokka:EFM745_01331 (length 214)
/home/dich3309/rnaseq-tnseq-enterococcus-analysis/analyses/04_annotation/structural/prokka_np/efaecium_e745:Prokka:EFM745_01332 (length 109)
/home/dich3309/rnaseq-tnseq-enterococcus-analysis/analyses/04_annotation/structural/prokka_np/efaecium_e745:Prokka:EFM745_01333 (length 312)
/home/dich3309/rnaseq-tnseq-enterococcus-analysis/analyses/04_annotation/structural/prokka_np/efaecium_e745:Prokka:EFM745_01334 (length 274)
/home/dich3309/rnaseq-tnseq-enterococcus-analysis/analyses/04_annotation/structural/prokka_np/efaecium_e745:Prokka:EFM745_01335 (length 115)
/home/dich3309/rnaseq-tnseq-enterococcus-analysis/analyses/04_annotation/structural/prokka_np/efaecium_e745:Prokka:EFM745_01336 (length 290)
/home/dich3309/rnaseq-tnseq-enterococcus-analysis/analyses/04_annotation/structural/prokka_np/efaecium_e745:Prokka:EFM745_01337 (length 373)
/home/dich3309/rnaseq-tnseq-enterococcus-analysis/analyses/04_annotation/structural/prokka_np/efaecium_e745:Prokka:EFM745_01338 (length 200)
/home/dich3309/rnaseq-tnseq-enterococcus-analysis/analyses/04_annotation/structural/prokka_np/efaecium_e745:Prokka:EFM745_01339 (length 729)
/home/dich3309/rnaseq-tnseq-enterococcus-analysis/analyses/04_annotation/structural/prokka_np/efaecium_e745:Prokka:EFM745_01340 (length 255)
/home/dich3309/rnaseq-tnseq-enterococcus-analysis/analyses/04_annotation/structural/prokka_np/efaecium_e745:Prokka:EFM745_01341 (length 680)
/home/dich3309/rnaseq-tnseq-enterococcus-analysis/analyses/04_annotation/structural/prokka_np/efaecium_e745:Prokka:EFM745_01342 (length 49)
/home/dich3309/rnaseq-tnseq-enterococcus-analysis/analyses/04_annotation/structural/prokka_np/efaecium_e745:Prokka:EFM745_01343 (length 357)
/home/dich3309/rnaseq-tnseq-enterococcus-analysis/analyses/04_annotation/structural/prokka_np/efaecium_e745:Prokka:EFM745_01344 (length 401)
/home/dich3309/rnaseq-tnseq-enterococcus-analysis/analyses/04_annotation/structural/prokka_np/efaecium_e745:Prokka:EFM745_01345 (length 77)
/home/dich3309/rnaseq-tnseq-enterococcus-analysis/analyses/04_annotation/structural/prokka_np/efaecium_e745:Prokka:EFM745_01346 (length 306)
/home/dich3309/rnaseq-tnseq-enterococcus-analysis/analyses/04_annotation/structural/prokka_np/efaecium_e745:Prokka:EFM745_01347 (length 88)
/home/dich3309/rnaseq-tnseq-enterococcus-analysis/analyses/04_annotation/structural/prokka_np/efaecium_e745:Prokka:EFM745_01348 (length 360)
/home/dich3309/rnaseq-tnseq-enterococcus-analysis/analyses/04_annotation/structural/prokka_np/efaecium_e745:Prokka:EFM745_01349 (length 267)
/home/dich3309/rnaseq-tnseq-enterococcus-analysis/analyses/04_annotation/structural/prokka_np/efaecium_e745:Prokka:EFM745_01350 (length 246)
/home/dich3309/rnaseq-tnseq-enterococcus-analysis/analyses/04_annotation/structural/prokka_np/efaecium_e745:Prokka:EFM745_01351 (length 334)
/home/dich3309/rnaseq-tnseq-enterococcus-analysis/analyses/04_annotation/structural/prokka_np/efaecium_e745:Prokka:EFM745_01352 (length 614)
/home/dich3309/rnaseq-tnseq-enterococcus-analysis/analyses/04_annotation/structural/prokka_np/efaecium_e745:Prokka:EFM745_01353 (length 129)
/home/dich3309/rnaseq-tnseq-enterococcus-analysis/analyses/04_annotation/structural/prokka_np/efaecium_e745:Prokka:EFM745_01354 (length 227)
/home/dich3309/rnaseq-tnseq-enterococcus-analysis/analyses/04_annotation/structural/prokka_np/efaecium_e745:Prokka:EFM745_01356 (length 119)
/home/dich3309/rnaseq-tnseq-enterococcus-analysis/analyses/04_annotation/structural/prokka_np/efaecium_e745:Prokka:EFM745_01357 (length 543)
/home/dich3309/rnaseq-tnseq-enterococcus-analysis/analyses/04_annotation/structural/prokka_np/efaecium_e745:Prokka:EFM745_01358 (length 213)
/home/dich3309/rnaseq-tnseq-enterococcus-analysis/analyses/04_annotation/structural/prokka_np/efaecium_e745:Prokka:EFM745_01360 (length 102)
/home/dich3309/rnaseq-tnseq-enterococcus-analysis/analyses/04_annotation/structural/prokka_np/efaecium_e745:Prokka:EFM745_01361 (length 114)
/home/dich3309/rnaseq-tnseq-enterococcus-analysis/analyses/04_annotation/structural/prokka_np/efaecium_e745:Prokka:EFM745_01362 (length 97)
/home/dich3309/rnaseq-tnseq-enterococcus-analysis/analyses/04_annotation/structural/prokka_np/efaecium_e745:Prokka:EFM745_01363 (length 944)
/home/dich3309/rnaseq-tnseq-enterococcus-analysis/analyses/04_annotation/structural/prokka_np/efaecium_e745:Prokka:EFM745_01364 (length 163)
/home/dich3309/rnaseq-tnseq-enterococcus-analysis/analyses/04_annotation/structural/prokka_np/efaecium_e745:Prokka:EFM745_01365 (length 329)
/home/dich3309/rnaseq-tnseq-enterococcus-analysis/analyses/04_annotation/structural/prokka_np/efaecium_e745:Prokka:EFM745_01366 (length 267)
/home/dich3309/rnaseq-tnseq-enterococcus-analysis/analyses/04_annotation/structural/prokka_np/efaecium_e745:Prokka:EFM745_01367 (length 304)
/home/dich3309/rnaseq-tnseq-enterococcus-analysis/analyses/04_annotation/structural/prokka_np/efaecium_e745:Prokka:EFM745_01368 (length 124)
/home/dich3309/rnaseq-tnseq-enterococcus-analysis/analyses/04_annotation/structural/prokka_np/efaecium_e745:Prokka:EFM745_01369 (length 81)
/home/dich3309/rnaseq-tnseq-enterococcus-analysis/analyses/04_annotation/structural/prokka_np/efaecium_e745:Prokka:EFM745_01370 (length 354)
/home/dich3309/rnaseq-tnseq-enterococcus-analysis/analyses/04_annotation/structural/prokka_np/efaecium_e745:Prokka:EFM745_01371 (length 141)
/home/dich3309/rnaseq-tnseq-enterococcus-analysis/analyses/04_annotation/structural/prokka_np/efaecium_e745:Prokka:EFM745_01372 (length 149)
/home/dich3309/rnaseq-tnseq-enterococcus-analysis/analyses/04_annotation/structural/prokka_np/efaecium_e745:Prokka:EFM745_01373 (length 284)
/home/dich3309/rnaseq-tnseq-enterococcus-analysis/analyses/04_annotation/structural/prokka_np/efaecium_e745:Prokka:EFM745_01374 (length 445)
/home/dich3309/rnaseq-tnseq-enterococcus-analysis/analyses/04_annotation/structural/prokka_np/efaecium_e745:Prokka:EFM745_01375 (length 74)
/home/dich3309/rnaseq-tnseq-enterococcus-analysis/analyses/04_annotation/structural/prokka_np/efaecium_e745:Prokka:EFM745_01376 (length 296)
/home/dich3309/rnaseq-tnseq-enterococcus-analysis/analyses/04_annotation/structural/prokka_np/efaecium_e745:Prokka:EFM745_01377 (length 272)
/home/dich3309/rnaseq-tnseq-enterococcus-analysis/analyses/04_annotation/structural/prokka_np/efaecium_e745:Prokka:EFM745_01378 (length 149)
/home/dich3309/rnaseq-tnseq-enterococcus-analysis/analyses/04_annotation/structural/prokka_np/efaecium_e745:Prokka:EFM745_01379 (length 560)
/home/dich3309/rnaseq-tnseq-enterococcus-analysis/analyses/04_annotation/structural/prokka_np/efaecium_e745:Prokka:EFM745_01380 (length 38)
/home/dich3309/rnaseq-tnseq-enterococcus-analysis/analyses/04_annotation/structural/prokka_np/efaecium_e745:Prokka:EFM745_01381 (length 318)
/home/dich3309/rnaseq-tnseq-enterococcus-analysis/analyses/04_annotation/structural/prokka_np/efaecium_e745:Prokka:EFM745_01382 (length 122)
/home/dich3309/rnaseq-tnseq-enterococcus-analysis/analyses/04_annotation/structural/prokka_np/efaecium_e745:Prokka:EFM745_01383 (length 143)
/home/dich3309/rnaseq-tnseq-enterococcus-analysis/analyses/04_annotation/structural/prokka_np/efaecium_e745:Prokka:EFM745_01384 (length 319)
/home/dich3309/rnaseq-tnseq-enterococcus-analysis/analyses/04_annotation/structural/prokka_np/efaecium_e745:Prokka:EFM745_01385 (length 133)
/home/dich3309/rnaseq-tnseq-enterococcus-analysis/analyses/04_annotation/structural/prokka_np/efaecium_e745:Prokka:EFM745_01386 (length 730)
/home/dich3309/rnaseq-tnseq-enterococcus-analysis/analyses/04_annotation/structural/prokka_np/efaecium_e745:Prokka:EFM745_01387 (length 320)
/home/dich3309/rnaseq-tnseq-enterococcus-analysis/analyses/04_annotation/structural/prokka_np/efaecium_e745:Prokka:EFM745_01388 (length 453)
/home/dich3309/rnaseq-tnseq-enterococcus-analysis/analyses/04_annotation/structural/prokka_np/efaecium_e745:Prokka:EFM745_01389 (length 362)
/home/dich3309/rnaseq-tnseq-enterococcus-analysis/analyses/04_annotation/structural/prokka_np/efaecium_e745:Prokka:EFM745_01390 (length 406)
/home/dich3309/rnaseq-tnseq-enterococcus-analysis/analyses/04_annotation/structural/prokka_np/efaecium_e745:Prokka:EFM745_01391 (length 441)
/home/dich3309/rnaseq-tnseq-enterococcus-analysis/analyses/04_annotation/structural/prokka_np/efaecium_e745:Prokka:EFM745_01392 (length 413)
/home/dich3309/rnaseq-tnseq-enterococcus-analysis/analyses/04_annotation/structural/prokka_np/efaecium_e745:Prokka:EFM745_01393 (length 225)
/home/dich3309/rnaseq-tnseq-enterococcus-analysis/analyses/04_annotation/structural/prokka_np/efaecium_e745:Prokka:EFM745_01394 (length 199)
/home/dich3309/rnaseq-tnseq-enterococcus-analysis/analyses/04_annotation/structural/prokka_np/efaecium_e745:Prokka:EFM745_01395 (length 260)
/home/dich3309/rnaseq-tnseq-enterococcus-analysis/analyses/04_annotation/structural/prokka_np/efaecium_e745:Prokka:EFM745_01396 (length 235)
/home/dich3309/rnaseq-tnseq-enterococcus-analysis/analyses/04_annotation/structural/prokka_np/efaecium_e745:Prokka:EFM745_01397 (length 932)
/home/dich3309/rnaseq-tnseq-enterococcus-analysis/analyses/04_annotation/structural/prokka_np/efaecium_e745:Prokka:EFM745_01398 (length 508)
/home/dich3309/rnaseq-tnseq-enterococcus-analysis/analyses/04_annotation/structural/prokka_np/efaecium_e745:Prokka:EFM745_01399 (length 215)
/home/dich3309/rnaseq-tnseq-enterococcus-analysis/analyses/04_annotation/structural/prokka_np/efaecium_e745:Prokka:EFM745_01400 (length 113)
/home/dich3309/rnaseq-tnseq-enterococcus-analysis/analyses/04_annotation/structural/prokka_np/efaecium_e745:Prokka:EFM745_01401 (length 242)
/home/dich3309/rnaseq-tnseq-enterococcus-analysis/analyses/04_annotation/structural/prokka_np/efaecium_e745:Prokka:EFM745_01402 (length 337)
/home/dich3309/rnaseq-tnseq-enterococcus-analysis/analyses/04_annotation/structural/prokka_np/efaecium_e745:Prokka:EFM745_01403 (length 425)
/home/dich3309/rnaseq-tnseq-enterococcus-analysis/analyses/04_annotation/structural/prokka_np/efaecium_e745:Prokka:EFM745_01404 (length 900)
/home/dich3309/rnaseq-tnseq-enterococcus-analysis/analyses/04_annotation/structural/prokka_np/efaecium_e745:Prokka:EFM745_01405 (length 105)
/home/dich3309/rnaseq-tnseq-enterococcus-analysis/analyses/04_annotation/structural/prokka_np/efaecium_e745:Prokka:EFM745_01406 (length 106)
/home/dich3309/rnaseq-tnseq-enterococcus-analysis/analyses/04_annotation/structural/prokka_np/efaecium_e745:Prokka:EFM745_01407 (length 486)
/home/dich3309/rnaseq-tnseq-enterococcus-analysis/analyses/04_annotation/structural/prokka_np/efaecium_e745:Prokka:EFM745_01408 (length 73)
/home/dich3309/rnaseq-tnseq-enterococcus-analysis/analyses/04_annotation/structural/prokka_np/efaecium_e745:Prokka:EFM745_01409 (length 60)
/home/dich3309/rnaseq-tnseq-enterococcus-analysis/analyses/04_annotation/structural/prokka_np/efaecium_e745:Prokka:EFM745_01410 (length 137)
/home/dich3309/rnaseq-tnseq-enterococcus-analysis/analyses/04_annotation/structural/prokka_np/efaecium_e745:Prokka:EFM745_01411 (length 393)
/home/dich3309/rnaseq-tnseq-enterococcus-analysis/analyses/04_annotation/structural/prokka_np/efaecium_e745:Prokka:EFM745_01412 (length 54)
/home/dich3309/rnaseq-tnseq-enterococcus-analysis/analyses/04_annotation/structural/prokka_np/efaecium_e745:Prokka:EFM745_01414 (length 379)
/home/dich3309/rnaseq-tnseq-enterococcus-analysis/analyses/04_annotation/structural/prokka_np/efaecium_e745:Prokka:EFM745_01415 (length 44)
/home/dich3309/rnaseq-tnseq-enterococcus-analysis/analyses/04_annotation/structural/prokka_np/efaecium_e745:Prokka:EFM745_01416 (length 211)
/home/dich3309/rnaseq-tnseq-enterococcus-analysis/analyses/04_annotation/structural/prokka_np/efaecium_e745:Prokka:EFM745_01417 (length 211)
/home/dich3309/rnaseq-tnseq-enterococcus-analysis/analyses/04_annotation/structural/prokka_np/efaecium_e745:Prokka:EFM745_01418 (length 153)
/home/dich3309/rnaseq-tnseq-enterococcus-analysis/analyses/04_annotation/structural/prokka_np/efaecium_e745:Prokka:EFM745_01419 (length 143)
/home/dich3309/rnaseq-tnseq-enterococcus-analysis/analyses/04_annotation/structural/prokka_np/efaecium_e745:Prokka:EFM745_01420 (length 106)
/home/dich3309/rnaseq-tnseq-enterococcus-analysis/analyses/04_annotation/structural/prokka_np/efaecium_e745:Prokka:EFM745_01421 (length 258)
/home/dich3309/rnaseq-tnseq-enterococcus-analysis/analyses/04_annotation/structural/prokka_np/efaecium_e745:Prokka:EFM745_01422 (length 67)
/home/dich3309/rnaseq-tnseq-enterococcus-analysis/analyses/04_annotation/structural/prokka_np/efaecium_e745:Prokka:EFM745_01423 (length 112)
/home/dich3309/rnaseq-tnseq-enterococcus-analysis/analyses/04_annotation/structural/prokka_np/efaecium_e745:Prokka:EFM745_01424 (length 59)
/home/dich3309/rnaseq-tnseq-enterococcus-analysis/analyses/04_annotation/structural/prokka_np/efaecium_e745:Prokka:EFM745_01425 (length 167)
/home/dich3309/rnaseq-tnseq-enterococcus-analysis/analyses/04_annotation/structural/prokka_np/efaecium_e745:Prokka:EFM745_01426 (length 232)
/home/dich3309/rnaseq-tnseq-enterococcus-analysis/analyses/04_annotation/structural/prokka_np/efaecium_e745:Prokka:EFM745_01427 (length 113)
/home/dich3309/rnaseq-tnseq-enterococcus-analysis/analyses/04_annotation/structural/prokka_np/efaecium_e745:Prokka:EFM745_01428 (length 223)
/home/dich3309/rnaseq-tnseq-enterococcus-analysis/analyses/04_annotation/structural/prokka_np/efaecium_e745:Prokka:EFM745_01429 (length 228)
/home/dich3309/rnaseq-tnseq-enterococcus-analysis/analyses/04_annotation/structural/prokka_np/efaecium_e745:Prokka:EFM745_01430 (length 249)
/home/dich3309/rnaseq-tnseq-enterococcus-analysis/analyses/04_annotation/structural/prokka_np/efaecium_e745:Prokka:EFM745_01431 (length 89)
/home/dich3309/rnaseq-tnseq-enterococcus-analysis/analyses/04_annotation/structural/prokka_np/efaecium_e745:Prokka:EFM745_01432 (length 54)
/home/dich3309/rnaseq-tnseq-enterococcus-analysis/analyses/04_annotation/structural/prokka_np/efaecium_e745:Prokka:EFM745_01433 (length 100)
/home/dich3309/rnaseq-tnseq-enterococcus-analysis/analyses/04_annotation/structural/prokka_np/efaecium_e745:Prokka:EFM745_01434 (length 53)
/home/dich3309/rnaseq-tnseq-enterococcus-analysis/analyses/04_annotation/structural/prokka_np/efaecium_e745:Prokka:EFM745_01435 (length 99)
/home/dich3309/rnaseq-tnseq-enterococcus-analysis/analyses/04_annotation/structural/prokka_np/efaecium_e745:Prokka:EFM745_01436 (length 118)
/home/dich3309/rnaseq-tnseq-enterococcus-analysis/analyses/04_annotation/structural/prokka_np/efaecium_e745:Prokka:EFM745_01437 (length 81)
/home/dich3309/rnaseq-tnseq-enterococcus-analysis/analyses/04_annotation/structural/prokka_np/efaecium_e745:Prokka:EFM745_01438 (length 139)
/home/dich3309/rnaseq-tnseq-enterococcus-analysis/analyses/04_annotation/structural/prokka_np/efaecium_e745:Prokka:EFM745_01439 (length 185)
/home/dich3309/rnaseq-tnseq-enterococcus-analysis/analyses/04_annotation/structural/prokka_np/efaecium_e745:Prokka:EFM745_01440 (length 98)
/home/dich3309/rnaseq-tnseq-enterococcus-analysis/analyses/04_annotation/structural/prokka_np/efaecium_e745:Prokka:EFM745_01441 (length 137)
/home/dich3309/rnaseq-tnseq-enterococcus-analysis/analyses/04_annotation/structural/prokka_np/efaecium_e745:Prokka:EFM745_01442 (length 50)
/home/dich3309/rnaseq-tnseq-enterococcus-analysis/analyses/04_annotation/structural/prokka_np/efaecium_e745:Prokka:EFM745_01443 (length 91)
/home/dich3309/rnaseq-tnseq-enterococcus-analysis/analyses/04_annotation/structural/prokka_np/efaecium_e745:Prokka:EFM745_01444 (length 55)
/home/dich3309/rnaseq-tnseq-enterococcus-analysis/analyses/04_annotation/structural/prokka_np/efaecium_e745:Prokka:EFM745_01445 (length 114)
/home/dich3309/rnaseq-tnseq-enterococcus-analysis/analyses/04_annotation/structural/prokka_np/efaecium_e745:Prokka:EFM745_01446 (length 93)
/home/dich3309/rnaseq-tnseq-enterococcus-analysis/analyses/04_annotation/structural/prokka_np/efaecium_e745:Prokka:EFM745_01447 (length 104)
/home/dich3309/rnaseq-tnseq-enterococcus-analysis/analyses/04_annotation/structural/prokka_np/efaecium_e745:Prokka:EFM745_01448 (length 564)
/home/dich3309/rnaseq-tnseq-enterococcus-analysis/analyses/04_annotation/structural/prokka_np/efaecium_e745:Prokka:EFM745_01449 (length 392)
/home/dich3309/rnaseq-tnseq-enterococcus-analysis/analyses/04_annotation/structural/prokka_np/efaecium_e745:Prokka:EFM745_01450 (length 228)
/home/dich3309/rnaseq-tnseq-enterococcus-analysis/analyses/04_annotation/structural/prokka_np/efaecium_e745:Prokka:EFM745_01451 (length 386)
/home/dich3309/rnaseq-tnseq-enterococcus-analysis/analyses/04_annotation/structural/prokka_np/efaecium_e745:Prokka:EFM745_01452 (length 291)
/home/dich3309/rnaseq-tnseq-enterococcus-analysis/analyses/04_annotation/structural/prokka_np/efaecium_e745:Prokka:EFM745_01453 (length 103)
/home/dich3309/rnaseq-tnseq-enterococcus-analysis/analyses/04_annotation/structural/prokka_np/efaecium_e745:Prokka:EFM745_01454 (length 117)
/home/dich3309/rnaseq-tnseq-enterococcus-analysis/analyses/04_annotation/structural/prokka_np/efaecium_e745:Prokka:EFM745_01455 (length 133)
/home/dich3309/rnaseq-tnseq-enterococcus-analysis/analyses/04_annotation/structural/prokka_np/efaecium_e745:Prokka:EFM745_01456 (length 137)
/home/dich3309/rnaseq-tnseq-enterococcus-analysis/analyses/04_annotation/structural/prokka_np/efaecium_e745:Prokka:EFM745_01457 (length 202)
/home/dich3309/rnaseq-tnseq-enterococcus-analysis/analyses/04_annotation/structural/prokka_np/efaecium_e745:Prokka:EFM745_01458 (length 120)
/home/dich3309/rnaseq-tnseq-enterococcus-analysis/analyses/04_annotation/structural/prokka_np/efaecium_e745:Prokka:EFM745_01459 (length 1143)
/home/dich3309/rnaseq-tnseq-enterococcus-analysis/analyses/04_annotation/structural/prokka_np/efaecium_e745:Prokka:EFM745_01460 (length 431)
/home/dich3309/rnaseq-tnseq-enterococcus-analysis/analyses/04_annotation/structural/prokka_np/efaecium_e745:Prokka:EFM745_01461 (length 245)
/home/dich3309/rnaseq-tnseq-enterococcus-analysis/analyses/04_annotation/structural/prokka_np/efaecium_e745:Prokka:EFM745_01462 (length 763)
/home/dich3309/rnaseq-tnseq-enterococcus-analysis/analyses/04_annotation/structural/prokka_np/efaecium_e745:Prokka:EFM745_01463 (length 708)
/home/dich3309/rnaseq-tnseq-enterococcus-analysis/analyses/04_annotation/structural/prokka_np/efaecium_e745:Prokka:EFM745_01464 (length 148)
/home/dich3309/rnaseq-tnseq-enterococcus-analysis/analyses/04_annotation/structural/prokka_np/efaecium_e745:Prokka:EFM745_01465 (length 45)
/home/dich3309/rnaseq-tnseq-enterococcus-analysis/analyses/04_annotation/structural/prokka_np/efaecium_e745:Prokka:EFM745_01466 (length 97)
/home/dich3309/rnaseq-tnseq-enterococcus-analysis/analyses/04_annotation/structural/prokka_np/efaecium_e745:Prokka:EFM745_01467 (length 74)
/home/dich3309/rnaseq-tnseq-enterococcus-analysis/analyses/04_annotation/structural/prokka_np/efaecium_e745:Prokka:EFM745_01468 (length 192)
/home/dich3309/rnaseq-tnseq-enterococcus-analysis/analyses/04_annotation/structural/prokka_np/efaecium_e745:Prokka:EFM745_01469 (length 160)
/home/dich3309/rnaseq-tnseq-enterococcus-analysis/analyses/04_annotation/structural/prokka_np/efaecium_e745:Prokka:EFM745_01471 (length 96)
/home/dich3309/rnaseq-tnseq-enterococcus-analysis/analyses/04_annotation/structural/prokka_np/efaecium_e745:Prokka:EFM745_01472 (length 278)
/home/dich3309/rnaseq-tnseq-enterococcus-analysis/analyses/04_annotation/structural/prokka_np/efaecium_e745:Prokka:EFM745_01473 (length 164)
/home/dich3309/rnaseq-tnseq-enterococcus-analysis/analyses/04_annotation/structural/prokka_np/efaecium_e745:Prokka:EFM745_01474 (length 135)
/home/dich3309/rnaseq-tnseq-enterococcus-analysis/analyses/04_annotation/structural/prokka_np/efaecium_e745:Prokka:EFM745_01475 (length 133)
/home/dich3309/rnaseq-tnseq-enterococcus-analysis/analyses/04_annotation/structural/prokka_np/efaecium_e745:Prokka:EFM745_01476 (length 123)
/home/dich3309/rnaseq-tnseq-enterococcus-analysis/analyses/04_annotation/structural/prokka_np/efaecium_e745:Prokka:EFM745_01477 (length 99)
/home/dich3309/rnaseq-tnseq-enterococcus-analysis/analyses/04_annotation/structural/prokka_np/efaecium_e745:Prokka:EFM745_01478 (length 73)
/home/dich3309/rnaseq-tnseq-enterococcus-analysis/analyses/04_annotation/structural/prokka_np/efaecium_e745:Prokka:EFM745_01479 (length 395)
/home/dich3309/rnaseq-tnseq-enterococcus-analysis/analyses/04_annotation/structural/prokka_np/efaecium_e745:Prokka:EFM745_01480 (length 90)
/home/dich3309/rnaseq-tnseq-enterococcus-analysis/analyses/04_annotation/structural/prokka_np/efaecium_e745:Prokka:EFM745_01481 (length 307)
/home/dich3309/rnaseq-tnseq-enterococcus-analysis/analyses/04_annotation/structural/prokka_np/efaecium_e745:Prokka:EFM745_01482 (length 250)
/home/dich3309/rnaseq-tnseq-enterococcus-analysis/analyses/04_annotation/structural/prokka_np/efaecium_e745:Prokka:EFM745_01483 (length 120)
/home/dich3309/rnaseq-tnseq-enterococcus-analysis/analyses/04_annotation/structural/prokka_np/efaecium_e745:Prokka:EFM745_01484 (length 490)
/home/dich3309/rnaseq-tnseq-enterococcus-analysis/analyses/04_annotation/structural/prokka_np/efaecium_e745:Prokka:EFM745_01485 (length 274)
/home/dich3309/rnaseq-tnseq-enterococcus-analysis/analyses/04_annotation/structural/prokka_np/efaecium_e745:Prokka:EFM745_01486 (length 296)
/home/dich3309/rnaseq-tnseq-enterococcus-analysis/analyses/04_annotation/structural/prokka_np/efaecium_e745:Prokka:EFM745_01487 (length 505)
/home/dich3309/rnaseq-tnseq-enterococcus-analysis/analyses/04_annotation/structural/prokka_np/efaecium_e745:Prokka:EFM745_01488 (length 423)
/home/dich3309/rnaseq-tnseq-enterococcus-analysis/analyses/04_annotation/structural/prokka_np/efaecium_e745:Prokka:EFM745_01489 (length 298)
/home/dich3309/rnaseq-tnseq-enterococcus-analysis/analyses/04_annotation/structural/prokka_np/efaecium_e745:Prokka:EFM745_01490 (length 287)
/home/dich3309/rnaseq-tnseq-enterococcus-analysis/analyses/04_annotation/structural/prokka_np/efaecium_e745:Prokka:EFM745_01491 (length 187)
/home/dich3309/rnaseq-tnseq-enterococcus-analysis/analyses/04_annotation/structural/prokka_np/efaecium_e745:Prokka:EFM745_01492 (length 503)
/home/dich3309/rnaseq-tnseq-enterococcus-analysis/analyses/04_annotation/structural/prokka_np/efaecium_e745:Prokka:EFM745_01493 (length 319)
/home/dich3309/rnaseq-tnseq-enterococcus-analysis/analyses/04_annotation/structural/prokka_np/efaecium_e745:Prokka:EFM745_01494 (length 359)
/home/dich3309/rnaseq-tnseq-enterococcus-analysis/analyses/04_annotation/structural/prokka_np/efaecium_e745:Prokka:EFM745_01495 (length 466)
/home/dich3309/rnaseq-tnseq-enterococcus-analysis/analyses/04_annotation/structural/prokka_np/efaecium_e745:Prokka:EFM745_01496 (length 553)
/home/dich3309/rnaseq-tnseq-enterococcus-analysis/analyses/04_annotation/structural/prokka_np/efaecium_e745:Prokka:EFM745_01497 (length 232)
/home/dich3309/rnaseq-tnseq-enterococcus-analysis/analyses/04_annotation/structural/prokka_np/efaecium_e745:Prokka:EFM745_01498 (length 474)
/home/dich3309/rnaseq-tnseq-enterococcus-analysis/analyses/04_annotation/structural/prokka_np/efaecium_e745:Prokka:EFM745_01499 (length 386)
/home/dich3309/rnaseq-tnseq-enterococcus-analysis/analyses/04_annotation/structural/prokka_np/efaecium_e745:Prokka:EFM745_01500 (length 619)
/home/dich3309/rnaseq-tnseq-enterococcus-analysis/analyses/04_annotation/structural/prokka_np/efaecium_e745:Prokka:EFM745_01501 (length 144)
/home/dich3309/rnaseq-tnseq-enterococcus-analysis/analyses/04_annotation/structural/prokka_np/efaecium_e745:Prokka:EFM745_01503 (length 53)
/home/dich3309/rnaseq-tnseq-enterococcus-analysis/analyses/04_annotation/structural/prokka_np/efaecium_e745:Prokka:EFM745_01504 (length 340)
/home/dich3309/rnaseq-tnseq-enterococcus-analysis/analyses/04_annotation/structural/prokka_np/efaecium_e745:Prokka:EFM745_01505 (length 117)
/home/dich3309/rnaseq-tnseq-enterococcus-analysis/analyses/04_annotation/structural/prokka_np/efaecium_e745:Prokka:EFM745_01506 (length 388)
/home/dich3309/rnaseq-tnseq-enterococcus-analysis/analyses/04_annotation/structural/prokka_np/efaecium_e745:Prokka:EFM745_01507 (length 206)
/home/dich3309/rnaseq-tnseq-enterococcus-analysis/analyses/04_annotation/structural/prokka_np/efaecium_e745:Prokka:EFM745_01508 (length 98)
/home/dich3309/rnaseq-tnseq-enterococcus-analysis/analyses/04_annotation/structural/prokka_np/efaecium_e745:Prokka:EFM745_01509 (length 216)
/home/dich3309/rnaseq-tnseq-enterococcus-analysis/analyses/04_annotation/structural/prokka_np/efaecium_e745:Prokka:EFM745_01510 (length 575)
/home/dich3309/rnaseq-tnseq-enterococcus-analysis/analyses/04_annotation/structural/prokka_np/efaecium_e745:Prokka:EFM745_01511 (length 84)
/home/dich3309/rnaseq-tnseq-enterococcus-analysis/analyses/04_annotation/structural/prokka_np/efaecium_e745:Prokka:EFM745_01512 (length 545)
/home/dich3309/rnaseq-tnseq-enterococcus-analysis/analyses/04_annotation/structural/prokka_np/efaecium_e745:Prokka:EFM745_01513 (length 289)
/home/dich3309/rnaseq-tnseq-enterococcus-analysis/analyses/04_annotation/structural/prokka_np/efaecium_e745:Prokka:EFM745_01514 (length 341)
/home/dich3309/rnaseq-tnseq-enterococcus-analysis/analyses/04_annotation/structural/prokka_np/efaecium_e745:Prokka:EFM745_01515 (length 316)
/home/dich3309/rnaseq-tnseq-enterococcus-analysis/analyses/04_annotation/structural/prokka_np/efaecium_e745:Prokka:EFM745_01516 (length 116)
/home/dich3309/rnaseq-tnseq-enterococcus-analysis/analyses/04_annotation/structural/prokka_np/efaecium_e745:Prokka:EFM745_01517 (length 439)
/home/dich3309/rnaseq-tnseq-enterococcus-analysis/analyses/04_annotation/structural/prokka_np/efaecium_e745:Prokka:EFM745_01518 (length 677)
/home/dich3309/rnaseq-tnseq-enterococcus-analysis/analyses/04_annotation/structural/prokka_np/efaecium_e745:Prokka:EFM745_01519 (length 146)
/home/dich3309/rnaseq-tnseq-enterococcus-analysis/analyses/04_annotation/structural/prokka_np/efaecium_e745:Prokka:EFM745_01520 (length 375)
/home/dich3309/rnaseq-tnseq-enterococcus-analysis/analyses/04_annotation/structural/prokka_np/efaecium_e745:Prokka:EFM745_01521 (length 225)
/home/dich3309/rnaseq-tnseq-enterococcus-analysis/analyses/04_annotation/structural/prokka_np/efaecium_e745:Prokka:EFM745_01522 (length 588)
/home/dich3309/rnaseq-tnseq-enterococcus-analysis/analyses/04_annotation/structural/prokka_np/efaecium_e745:Prokka:EFM745_01523 (length 145)
/home/dich3309/rnaseq-tnseq-enterococcus-analysis/analyses/04_annotation/structural/prokka_np/efaecium_e745:Prokka:EFM745_01524 (length 383)
/home/dich3309/rnaseq-tnseq-enterococcus-analysis/analyses/04_annotation/structural/prokka_np/efaecium_e745:Prokka:EFM745_01525 (length 232)
/home/dich3309/rnaseq-tnseq-enterococcus-analysis/analyses/04_annotation/structural/prokka_np/efaecium_e745:Prokka:EFM745_01526 (length 450)
/home/dich3309/rnaseq-tnseq-enterococcus-analysis/analyses/04_annotation/structural/prokka_np/efaecium_e745:Prokka:EFM745_01527 (length 466)
/home/dich3309/rnaseq-tnseq-enterococcus-analysis/analyses/04_annotation/structural/prokka_np/efaecium_e745:Prokka:EFM745_01528 (length 245)
/home/dich3309/rnaseq-tnseq-enterococcus-analysis/analyses/04_annotation/structural/prokka_np/efaecium_e745:Prokka:EFM745_01529 (length 159)
/home/dich3309/rnaseq-tnseq-enterococcus-analysis/analyses/04_annotation/structural/prokka_np/efaecium_e745:Prokka:EFM745_01530 (length 255)
/home/dich3309/rnaseq-tnseq-enterococcus-analysis/analyses/04_annotation/structural/prokka_np/efaecium_e745:Prokka:EFM745_01531 (length 70)
/home/dich3309/rnaseq-tnseq-enterococcus-analysis/analyses/04_annotation/structural/prokka_np/efaecium_e745:Prokka:EFM745_01532 (length 119)
/home/dich3309/rnaseq-tnseq-enterococcus-analysis/analyses/04_annotation/structural/prokka_np/efaecium_e745:Prokka:EFM745_01533 (length 200)
/home/dich3309/rnaseq-tnseq-enterococcus-analysis/analyses/04_annotation/structural/prokka_np/efaecium_e745:Prokka:EFM745_01534 (length 76)
/home/dich3309/rnaseq-tnseq-enterococcus-analysis/analyses/04_annotation/structural/prokka_np/efaecium_e745:Prokka:EFM745_01535 (length 82)
/home/dich3309/rnaseq-tnseq-enterococcus-analysis/analyses/04_annotation/structural/prokka_np/efaecium_e745:Prokka:EFM745_01536 (length 198)
/home/dich3309/rnaseq-tnseq-enterococcus-analysis/analyses/04_annotation/structural/prokka_np/efaecium_e745:Prokka:EFM745_01537 (length 357)
/home/dich3309/rnaseq-tnseq-enterococcus-analysis/analyses/04_annotation/structural/prokka_np/efaecium_e745:Prokka:EFM745_01538 (length 279)
/home/dich3309/rnaseq-tnseq-enterococcus-analysis/analyses/04_annotation/structural/prokka_np/efaecium_e745:Prokka:EFM745_01539 (length 341)
/home/dich3309/rnaseq-tnseq-enterococcus-analysis/analyses/04_annotation/structural/prokka_np/efaecium_e745:Prokka:EFM745_01540 (length 53)
/home/dich3309/rnaseq-tnseq-enterococcus-analysis/analyses/04_annotation/structural/prokka_np/efaecium_e745:Prokka:EFM745_01541 (length 414)
/home/dich3309/rnaseq-tnseq-enterococcus-analysis/analyses/04_annotation/structural/prokka_np/efaecium_e745:Prokka:EFM745_01542 (length 315)
/home/dich3309/rnaseq-tnseq-enterococcus-analysis/analyses/04_annotation/structural/prokka_np/efaecium_e745:Prokka:EFM745_01543 (length 209)
/home/dich3309/rnaseq-tnseq-enterococcus-analysis/analyses/04_annotation/structural/prokka_np/efaecium_e745:Prokka:EFM745_01544 (length 80)
/home/dich3309/rnaseq-tnseq-enterococcus-analysis/analyses/04_annotation/structural/prokka_np/efaecium_e745:Prokka:EFM745_01546 (length 212)
/home/dich3309/rnaseq-tnseq-enterococcus-analysis/analyses/04_annotation/structural/prokka_np/efaecium_e745:Prokka:EFM745_01547 (length 210)
/home/dich3309/rnaseq-tnseq-enterococcus-analysis/analyses/04_annotation/structural/prokka_np/efaecium_e745:Prokka:EFM745_01548 (length 99)
/home/dich3309/rnaseq-tnseq-enterococcus-analysis/analyses/04_annotation/structural/prokka_np/efaecium_e745:Prokka:EFM745_01549 (length 721)
/home/dich3309/rnaseq-tnseq-enterococcus-analysis/analyses/04_annotation/structural/prokka_np/efaecium_e745:Prokka:EFM745_01550 (length 161)
/home/dich3309/rnaseq-tnseq-enterococcus-analysis/analyses/04_annotation/structural/prokka_np/efaecium_e745:Prokka:EFM745_01552 (length 213)
/home/dich3309/rnaseq-tnseq-enterococcus-analysis/analyses/04_annotation/structural/prokka_np/efaecium_e745:Prokka:EFM745_01553 (length 211)
/home/dich3309/rnaseq-tnseq-enterococcus-analysis/analyses/04_annotation/structural/prokka_np/efaecium_e745:Prokka:EFM745_01554 (length 271)
/home/dich3309/rnaseq-tnseq-enterococcus-analysis/analyses/04_annotation/structural/prokka_np/efaecium_e745:Prokka:EFM745_01555 (length 478)
/home/dich3309/rnaseq-tnseq-enterococcus-analysis/analyses/04_annotation/structural/prokka_np/efaecium_e745:Prokka:EFM745_01556 (length 815)
/home/dich3309/rnaseq-tnseq-enterococcus-analysis/analyses/04_annotation/structural/prokka_np/efaecium_e745:Prokka:EFM745_01557 (length 355)
/home/dich3309/rnaseq-tnseq-enterococcus-analysis/analyses/04_annotation/structural/prokka_np/efaecium_e745:Prokka:EFM745_01558 (length 367)
/home/dich3309/rnaseq-tnseq-enterococcus-analysis/analyses/04_annotation/structural/prokka_np/efaecium_e745:Prokka:EFM745_01559 (length 182)
/home/dich3309/rnaseq-tnseq-enterococcus-analysis/analyses/04_annotation/structural/prokka_np/efaecium_e745:Prokka:EFM745_01560 (length 553)
/home/dich3309/rnaseq-tnseq-enterococcus-analysis/analyses/04_annotation/structural/prokka_np/efaecium_e745:Prokka:EFM745_01561 (length 115)
/home/dich3309/rnaseq-tnseq-enterococcus-analysis/analyses/04_annotation/structural/prokka_np/efaecium_e745:Prokka:EFM745_01562 (length 313)
/home/dich3309/rnaseq-tnseq-enterococcus-analysis/analyses/04_annotation/structural/prokka_np/efaecium_e745:Prokka:EFM745_01563 (length 347)
/home/dich3309/rnaseq-tnseq-enterococcus-analysis/analyses/04_annotation/structural/prokka_np/efaecium_e745:Prokka:EFM745_01564 (length 356)
/home/dich3309/rnaseq-tnseq-enterococcus-analysis/analyses/04_annotation/structural/prokka_np/efaecium_e745:Prokka:EFM745_01565 (length 317)
/home/dich3309/rnaseq-tnseq-enterococcus-analysis/analyses/04_annotation/structural/prokka_np/efaecium_e745:Prokka:EFM745_01566 (length 336)
/home/dich3309/rnaseq-tnseq-enterococcus-analysis/analyses/04_annotation/structural/prokka_np/efaecium_e745:Prokka:EFM745_01567 (length 273)
/home/dich3309/rnaseq-tnseq-enterococcus-analysis/analyses/04_annotation/structural/prokka_np/efaecium_e745:Prokka:EFM745_01568 (length 92)
/home/dich3309/rnaseq-tnseq-enterococcus-analysis/analyses/04_annotation/structural/prokka_np/efaecium_e745:Prokka:EFM745_01569 (length 669)
/home/dich3309/rnaseq-tnseq-enterococcus-analysis/analyses/04_annotation/structural/prokka_np/efaecium_e745:Prokka:EFM745_01570 (length 195)
/home/dich3309/rnaseq-tnseq-enterococcus-analysis/analyses/04_annotation/structural/prokka_np/efaecium_e745:Prokka:EFM745_01571 (length 440)
/home/dich3309/rnaseq-tnseq-enterococcus-analysis/analyses/04_annotation/structural/prokka_np/efaecium_e745:Prokka:EFM745_01572 (length 258)
/home/dich3309/rnaseq-tnseq-enterococcus-analysis/analyses/04_annotation/structural/prokka_np/efaecium_e745:Prokka:EFM745_01573 (length 186)
/home/dich3309/rnaseq-tnseq-enterococcus-analysis/analyses/04_annotation/structural/prokka_np/efaecium_e745:Prokka:EFM745_01574 (length 294)
/home/dich3309/rnaseq-tnseq-enterococcus-analysis/analyses/04_annotation/structural/prokka_np/efaecium_e745:Prokka:EFM745_01575 (length 209)
/home/dich3309/rnaseq-tnseq-enterococcus-analysis/analyses/04_annotation/structural/prokka_np/efaecium_e745:Prokka:EFM745_01576 (length 369)
/home/dich3309/rnaseq-tnseq-enterococcus-analysis/analyses/04_annotation/structural/prokka_np/efaecium_e745:Prokka:EFM745_01577 (length 140)
/home/dich3309/rnaseq-tnseq-enterococcus-analysis/analyses/04_annotation/structural/prokka_np/efaecium_e745:Prokka:EFM745_01579 (length 178)
/home/dich3309/rnaseq-tnseq-enterococcus-analysis/analyses/04_annotation/structural/prokka_np/efaecium_e745:Prokka:EFM745_01580 (length 587)
/home/dich3309/rnaseq-tnseq-enterococcus-analysis/analyses/04_annotation/structural/prokka_np/efaecium_e745:Prokka:EFM745_01581 (length 571)
/home/dich3309/rnaseq-tnseq-enterococcus-analysis/analyses/04_annotation/structural/prokka_np/efaecium_e745:Prokka:EFM745_01582 (length 74)
/home/dich3309/rnaseq-tnseq-enterococcus-analysis/analyses/04_annotation/structural/prokka_np/efaecium_e745:Prokka:EFM745_01583 (length 922)
/home/dich3309/rnaseq-tnseq-enterococcus-analysis/analyses/04_annotation/structural/prokka_np/efaecium_e745:Prokka:EFM745_01584 (length 139)
/home/dich3309/rnaseq-tnseq-enterococcus-analysis/analyses/04_annotation/structural/prokka_np/efaecium_e745:Prokka:EFM745_01585 (length 156)
/home/dich3309/rnaseq-tnseq-enterococcus-analysis/analyses/04_annotation/structural/prokka_np/efaecium_e745:Prokka:EFM745_01586 (length 259)
/home/dich3309/rnaseq-tnseq-enterococcus-analysis/analyses/04_annotation/structural/prokka_np/efaecium_e745:Prokka:EFM745_01587 (length 273)
/home/dich3309/rnaseq-tnseq-enterococcus-analysis/analyses/04_annotation/structural/prokka_np/efaecium_e745:Prokka:EFM745_01588 (length 349)
/home/dich3309/rnaseq-tnseq-enterococcus-analysis/analyses/04_annotation/structural/prokka_np/efaecium_e745:Prokka:EFM745_01589 (length 334)
/home/dich3309/rnaseq-tnseq-enterococcus-analysis/analyses/04_annotation/structural/prokka_np/efaecium_e745:Prokka:EFM745_01590 (length 339)
/home/dich3309/rnaseq-tnseq-enterococcus-analysis/analyses/04_annotation/structural/prokka_np/efaecium_e745:Prokka:EFM745_01591 (length 416)
/home/dich3309/rnaseq-tnseq-enterococcus-analysis/analyses/04_annotation/structural/prokka_np/efaecium_e745:Prokka:EFM745_01592 (length 293)
/home/dich3309/rnaseq-tnseq-enterococcus-analysis/analyses/04_annotation/structural/prokka_np/efaecium_e745:Prokka:EFM745_01593 (length 125)
/home/dich3309/rnaseq-tnseq-enterococcus-analysis/analyses/04_annotation/structural/prokka_np/efaecium_e745:Prokka:EFM745_01594 (length 204)
/home/dich3309/rnaseq-tnseq-enterococcus-analysis/analyses/04_annotation/structural/prokka_np/efaecium_e745:Prokka:EFM745_01595 (length 579)
/home/dich3309/rnaseq-tnseq-enterococcus-analysis/analyses/04_annotation/structural/prokka_np/efaecium_e745:Prokka:EFM745_01596 (length 394)
/home/dich3309/rnaseq-tnseq-enterococcus-analysis/analyses/04_annotation/structural/prokka_np/efaecium_e745:Prokka:EFM745_01597 (length 67)
/home/dich3309/rnaseq-tnseq-enterococcus-analysis/analyses/04_annotation/structural/prokka_np/efaecium_e745:Prokka:EFM745_01598 (length 220)
/home/dich3309/rnaseq-tnseq-enterococcus-analysis/analyses/04_annotation/structural/prokka_np/efaecium_e745:Prokka:EFM745_01599 (length 500)
/home/dich3309/rnaseq-tnseq-enterococcus-analysis/analyses/04_annotation/structural/prokka_np/efaecium_e745:Prokka:EFM745_01600 (length 559)
/home/dich3309/rnaseq-tnseq-enterococcus-analysis/analyses/04_annotation/structural/prokka_np/efaecium_e745:Prokka:EFM745_01601 (length 158)
/home/dich3309/rnaseq-tnseq-enterococcus-analysis/analyses/04_annotation/structural/prokka_np/efaecium_e745:Prokka:EFM745_01602 (length 226)
/home/dich3309/rnaseq-tnseq-enterococcus-analysis/analyses/04_annotation/structural/prokka_np/efaecium_e745:Prokka:EFM745_01603 (length 443)
/home/dich3309/rnaseq-tnseq-enterococcus-analysis/analyses/04_annotation/structural/prokka_np/efaecium_e745:Prokka:EFM745_01604 (length 320)
/home/dich3309/rnaseq-tnseq-enterococcus-analysis/analyses/04_annotation/structural/prokka_np/efaecium_e745:Prokka:EFM745_01605 (length 112)
/home/dich3309/rnaseq-tnseq-enterococcus-analysis/analyses/04_annotation/structural/prokka_np/efaecium_e745:Prokka:EFM745_01606 (length 235)
/home/dich3309/rnaseq-tnseq-enterococcus-analysis/analyses/04_annotation/structural/prokka_np/efaecium_e745:Prokka:EFM745_01607 (length 493)
/home/dich3309/rnaseq-tnseq-enterococcus-analysis/analyses/04_annotation/structural/prokka_np/efaecium_e745:Prokka:EFM745_01608 (length 178)
/home/dich3309/rnaseq-tnseq-enterococcus-analysis/analyses/04_annotation/structural/prokka_np/efaecium_e745:Prokka:EFM745_01609 (length 456)
/home/dich3309/rnaseq-tnseq-enterococcus-analysis/analyses/04_annotation/structural/prokka_np/efaecium_e745:Prokka:EFM745_01610 (length 111)
/home/dich3309/rnaseq-tnseq-enterococcus-analysis/analyses/04_annotation/structural/prokka_np/efaecium_e745:Prokka:EFM745_01611 (length 285)
/home/dich3309/rnaseq-tnseq-enterococcus-analysis/analyses/04_annotation/structural/prokka_np/efaecium_e745:Prokka:EFM745_01612 (length 171)
/home/dich3309/rnaseq-tnseq-enterococcus-analysis/analyses/04_annotation/structural/prokka_np/efaecium_e745:Prokka:EFM745_01614 (length 84)
/home/dich3309/rnaseq-tnseq-enterococcus-analysis/analyses/04_annotation/structural/prokka_np/efaecium_e745:Prokka:EFM745_01615 (length 461)
/home/dich3309/rnaseq-tnseq-enterococcus-analysis/analyses/04_annotation/structural/prokka_np/efaecium_e745:Prokka:EFM745_01616 (length 225)
/home/dich3309/rnaseq-tnseq-enterococcus-analysis/analyses/04_annotation/structural/prokka_np/efaecium_e745:Prokka:EFM745_01617 (length 254)
/home/dich3309/rnaseq-tnseq-enterococcus-analysis/analyses/04_annotation/structural/prokka_np/efaecium_e745:Prokka:EFM745_01618 (length 219)
/home/dich3309/rnaseq-tnseq-enterococcus-analysis/analyses/04_annotation/structural/prokka_np/efaecium_e745:Prokka:EFM745_01619 (length 169)
/home/dich3309/rnaseq-tnseq-enterococcus-analysis/analyses/04_annotation/structural/prokka_np/efaecium_e745:Prokka:EFM745_01620 (length 332)
/home/dich3309/rnaseq-tnseq-enterococcus-analysis/analyses/04_annotation/structural/prokka_np/efaecium_e745:Prokka:EFM745_01621 (length 194)
/home/dich3309/rnaseq-tnseq-enterococcus-analysis/analyses/04_annotation/structural/prokka_np/efaecium_e745:Prokka:EFM745_01622 (length 391)
/home/dich3309/rnaseq-tnseq-enterococcus-analysis/analyses/04_annotation/structural/prokka_np/efaecium_e745:Prokka:EFM745_01623 (length 126)
/home/dich3309/rnaseq-tnseq-enterococcus-analysis/analyses/04_annotation/structural/prokka_np/efaecium_e745:Prokka:EFM745_01624 (length 120)
/home/dich3309/rnaseq-tnseq-enterococcus-analysis/analyses/04_annotation/structural/prokka_np/efaecium_e745:Prokka:EFM745_01629 (length 278)
/home/dich3309/rnaseq-tnseq-enterococcus-analysis/analyses/04_annotation/structural/prokka_np/efaecium_e745:Prokka:EFM745_01630 (length 96)
/home/dich3309/rnaseq-tnseq-enterococcus-analysis/analyses/04_annotation/structural/prokka_np/efaecium_e745:Prokka:EFM745_01631 (length 124)
/home/dich3309/rnaseq-tnseq-enterococcus-analysis/analyses/04_annotation/structural/prokka_np/efaecium_e745:Prokka:EFM745_01632 (length 209)
/home/dich3309/rnaseq-tnseq-enterococcus-analysis/analyses/04_annotation/structural/prokka_np/efaecium_e745:Prokka:EFM745_01635 (length 54)
/home/dich3309/rnaseq-tnseq-enterococcus-analysis/analyses/04_annotation/structural/prokka_np/efaecium_e745:Prokka:EFM745_01636 (length 442)
/home/dich3309/rnaseq-tnseq-enterococcus-analysis/analyses/04_annotation/structural/prokka_np/efaecium_e745:Prokka:EFM745_01637 (length 277)
/home/dich3309/rnaseq-tnseq-enterococcus-analysis/analyses/04_annotation/structural/prokka_np/efaecium_e745:Prokka:EFM745_01638 (length 245)
/home/dich3309/rnaseq-tnseq-enterococcus-analysis/analyses/04_annotation/structural/prokka_np/efaecium_e745:Prokka:EFM745_01639 (length 322)
/home/dich3309/rnaseq-tnseq-enterococcus-analysis/analyses/04_annotation/structural/prokka_np/efaecium_e745:Prokka:EFM745_01640 (length 277)
/home/dich3309/rnaseq-tnseq-enterococcus-analysis/analyses/04_annotation/structural/prokka_np/efaecium_e745:Prokka:EFM745_01641 (length 279)
/home/dich3309/rnaseq-tnseq-enterococcus-analysis/analyses/04_annotation/structural/prokka_np/efaecium_e745:Prokka:EFM745_01642 (length 186)
/home/dich3309/rnaseq-tnseq-enterococcus-analysis/analyses/04_annotation/structural/prokka_np/efaecium_e745:Prokka:EFM745_01643 (length 573)
/home/dich3309/rnaseq-tnseq-enterococcus-analysis/analyses/04_annotation/structural/prokka_np/efaecium_e745:Prokka:EFM745_01644 (length 380)
/home/dich3309/rnaseq-tnseq-enterococcus-analysis/analyses/04_annotation/structural/prokka_np/efaecium_e745:Prokka:EFM745_01645 (length 191)
/home/dich3309/rnaseq-tnseq-enterococcus-analysis/analyses/04_annotation/structural/prokka_np/efaecium_e745:Prokka:EFM745_01646 (length 206)
/home/dich3309/rnaseq-tnseq-enterococcus-analysis/analyses/04_annotation/structural/prokka_np/efaecium_e745:Prokka:EFM745_01647 (length 215)
/home/dich3309/rnaseq-tnseq-enterococcus-analysis/analyses/04_annotation/structural/prokka_np/efaecium_e745:Prokka:EFM745_01649 (length 881)
/home/dich3309/rnaseq-tnseq-enterococcus-analysis/analyses/04_annotation/structural/prokka_np/efaecium_e745:Prokka:EFM745_01650 (length 437)
/home/dich3309/rnaseq-tnseq-enterococcus-analysis/analyses/04_annotation/structural/prokka_np/efaecium_e745:Prokka:EFM745_01651 (length 217)
/home/dich3309/rnaseq-tnseq-enterococcus-analysis/analyses/04_annotation/structural/prokka_np/efaecium_e745:Prokka:EFM745_01652 (length 230)
/home/dich3309/rnaseq-tnseq-enterococcus-analysis/analyses/04_annotation/structural/prokka_np/efaecium_e745:Prokka:EFM745_01653 (length 66)
/home/dich3309/rnaseq-tnseq-enterococcus-analysis/analyses/04_annotation/structural/prokka_np/efaecium_e745:Prokka:EFM745_01654 (length 559)
/home/dich3309/rnaseq-tnseq-enterococcus-analysis/analyses/04_annotation/structural/prokka_np/efaecium_e745:Prokka:EFM745_01655 (length 70)
/home/dich3309/rnaseq-tnseq-enterococcus-analysis/analyses/04_annotation/structural/prokka_np/efaecium_e745:Prokka:EFM745_01656 (length 576)
/home/dich3309/rnaseq-tnseq-enterococcus-analysis/analyses/04_annotation/structural/prokka_np/efaecium_e745:Prokka:EFM745_01657 (length 586)
/home/dich3309/rnaseq-tnseq-enterococcus-analysis/analyses/04_annotation/structural/prokka_np/efaecium_e745:Prokka:EFM745_01658 (length 65)
/home/dich3309/rnaseq-tnseq-enterococcus-analysis/analyses/04_annotation/structural/prokka_np/efaecium_e745:Prokka:EFM745_01659 (length 161)
/home/dich3309/rnaseq-tnseq-enterococcus-analysis/analyses/04_annotation/structural/prokka_np/efaecium_e745:Prokka:EFM745_01660 (length 197)
/home/dich3309/rnaseq-tnseq-enterococcus-analysis/analyses/04_annotation/structural/prokka_np/efaecium_e745:Prokka:EFM745_01661 (length 175)
/home/dich3309/rnaseq-tnseq-enterococcus-analysis/analyses/04_annotation/structural/prokka_np/efaecium_e745:Prokka:EFM745_01662 (length 245)
/home/dich3309/rnaseq-tnseq-enterococcus-analysis/analyses/04_annotation/structural/prokka_np/efaecium_e745:Prokka:EFM745_01663 (length 305)
/home/dich3309/rnaseq-tnseq-enterococcus-analysis/analyses/04_annotation/structural/prokka_np/efaecium_e745:Prokka:EFM745_01664 (length 409)
/home/dich3309/rnaseq-tnseq-enterococcus-analysis/analyses/04_annotation/structural/prokka_np/efaecium_e745:Prokka:EFM745_01665 (length 317)
/home/dich3309/rnaseq-tnseq-enterococcus-analysis/analyses/04_annotation/structural/prokka_np/efaecium_e745:Prokka:EFM745_01666 (length 135)
/home/dich3309/rnaseq-tnseq-enterococcus-analysis/analyses/04_annotation/structural/prokka_np/efaecium_e745:Prokka:EFM745_01667 (length 407)
/home/dich3309/rnaseq-tnseq-enterococcus-analysis/analyses/04_annotation/structural/prokka_np/efaecium_e745:Prokka:EFM745_01668 (length 299)
/home/dich3309/rnaseq-tnseq-enterococcus-analysis/analyses/04_annotation/structural/prokka_np/efaecium_e745:Prokka:EFM745_01669 (length 374)
/home/dich3309/rnaseq-tnseq-enterococcus-analysis/analyses/04_annotation/structural/prokka_np/efaecium_e745:Prokka:EFM745_01670 (length 305)
/home/dich3309/rnaseq-tnseq-enterococcus-analysis/analyses/04_annotation/structural/prokka_np/efaecium_e745:Prokka:EFM745_01671 (length 277)
/home/dich3309/rnaseq-tnseq-enterococcus-analysis/analyses/04_annotation/structural/prokka_np/efaecium_e745:Prokka:EFM745_01672 (length 372)
/home/dich3309/rnaseq-tnseq-enterococcus-analysis/analyses/04_annotation/structural/prokka_np/efaecium_e745:Prokka:EFM745_01673 (length 623)
/home/dich3309/rnaseq-tnseq-enterococcus-analysis/analyses/04_annotation/structural/prokka_np/efaecium_e745:Prokka:EFM745_01674 (length 407)
/home/dich3309/rnaseq-tnseq-enterococcus-analysis/analyses/04_annotation/structural/prokka_np/efaecium_e745:Prokka:EFM745_01675 (length 644)
/home/dich3309/rnaseq-tnseq-enterococcus-analysis/analyses/04_annotation/structural/prokka_np/efaecium_e745:Prokka:EFM745_01676 (length 218)
/home/dich3309/rnaseq-tnseq-enterococcus-analysis/analyses/04_annotation/structural/prokka_np/efaecium_e745:Prokka:EFM745_01677 (length 117)
/home/dich3309/rnaseq-tnseq-enterococcus-analysis/analyses/04_annotation/structural/prokka_np/efaecium_e745:Prokka:EFM745_01678 (length 309)
/home/dich3309/rnaseq-tnseq-enterococcus-analysis/analyses/04_annotation/structural/prokka_np/efaecium_e745:Prokka:EFM745_01679 (length 278)
/home/dich3309/rnaseq-tnseq-enterococcus-analysis/analyses/04_annotation/structural/prokka_np/efaecium_e745:Prokka:EFM745_01680 (length 258)
/home/dich3309/rnaseq-tnseq-enterococcus-analysis/analyses/04_annotation/structural/prokka_np/efaecium_e745:Prokka:EFM745_01681 (length 247)
/home/dich3309/rnaseq-tnseq-enterococcus-analysis/analyses/04_annotation/structural/prokka_np/efaecium_e745:Prokka:EFM745_01682 (length 526)
/home/dich3309/rnaseq-tnseq-enterococcus-analysis/analyses/04_annotation/structural/prokka_np/efaecium_e745:Prokka:EFM745_01683 (length 159)
/home/dich3309/rnaseq-tnseq-enterococcus-analysis/analyses/04_annotation/structural/prokka_np/efaecium_e745:Prokka:EFM745_01684 (length 250)
/home/dich3309/rnaseq-tnseq-enterococcus-analysis/analyses/04_annotation/structural/prokka_np/efaecium_e745:Prokka:EFM745_01686 (length 241)
/home/dich3309/rnaseq-tnseq-enterococcus-analysis/analyses/04_annotation/structural/prokka_np/efaecium_e745:Prokka:EFM745_01687 (length 88)
/home/dich3309/rnaseq-tnseq-enterococcus-analysis/analyses/04_annotation/structural/prokka_np/efaecium_e745:Prokka:EFM745_01688 (length 143)
/home/dich3309/rnaseq-tnseq-enterococcus-analysis/analyses/04_annotation/structural/prokka_np/efaecium_e745:Prokka:EFM745_01689 (length 101)
/home/dich3309/rnaseq-tnseq-enterococcus-analysis/analyses/04_annotation/structural/prokka_np/efaecium_e745:Prokka:EFM745_01690 (length 381)
/home/dich3309/rnaseq-tnseq-enterococcus-analysis/analyses/04_annotation/structural/prokka_np/efaecium_e745:Prokka:EFM745_01691 (length 215)
/home/dich3309/rnaseq-tnseq-enterococcus-analysis/analyses/04_annotation/structural/prokka_np/efaecium_e745:Prokka:EFM745_01692 (length 97)
/home/dich3309/rnaseq-tnseq-enterococcus-analysis/analyses/04_annotation/structural/prokka_np/efaecium_e745:Prokka:EFM745_01693 (length 103)
/home/dich3309/rnaseq-tnseq-enterococcus-analysis/analyses/04_annotation/structural/prokka_np/efaecium_e745:Prokka:EFM745_01694 (length 79)
/home/dich3309/rnaseq-tnseq-enterococcus-analysis/analyses/04_annotation/structural/prokka_np/efaecium_e745:Prokka:EFM745_01695 (length 134)
/home/dich3309/rnaseq-tnseq-enterococcus-analysis/analyses/04_annotation/structural/prokka_np/efaecium_e745:Prokka:EFM745_01696 (length 52)
/home/dich3309/rnaseq-tnseq-enterococcus-analysis/analyses/04_annotation/structural/prokka_np/efaecium_e745:Prokka:EFM745_01697 (length 120)
/home/dich3309/rnaseq-tnseq-enterococcus-analysis/analyses/04_annotation/structural/prokka_np/efaecium_e745:Prokka:EFM745_01698 (length 282)
/home/dich3309/rnaseq-tnseq-enterococcus-analysis/analyses/04_annotation/structural/prokka_np/efaecium_e745:Prokka:EFM745_01699 (length 491)
/home/dich3309/rnaseq-tnseq-enterococcus-analysis/analyses/04_annotation/structural/prokka_np/efaecium_e745:Prokka:EFM745_01700 (length 135)
/home/dich3309/rnaseq-tnseq-enterococcus-analysis/analyses/04_annotation/structural/prokka_np/efaecium_e745:Prokka:EFM745_01701 (length 71)
/home/dich3309/rnaseq-tnseq-enterococcus-analysis/analyses/04_annotation/structural/prokka_np/efaecium_e745:Prokka:EFM745_01702 (length 157)
/home/dich3309/rnaseq-tnseq-enterococcus-analysis/analyses/04_annotation/structural/prokka_np/efaecium_e745:Prokka:EFM745_01703 (length 564)
/home/dich3309/rnaseq-tnseq-enterococcus-analysis/analyses/04_annotation/structural/prokka_np/efaecium_e745:Prokka:EFM745_01704 (length 61)
/home/dich3309/rnaseq-tnseq-enterococcus-analysis/analyses/04_annotation/structural/prokka_np/efaecium_e745:Prokka:EFM745_01705 (length 391)
/home/dich3309/rnaseq-tnseq-enterococcus-analysis/analyses/04_annotation/structural/prokka_np/efaecium_e745:Prokka:EFM745_01706 (length 463)
/home/dich3309/rnaseq-tnseq-enterococcus-analysis/analyses/04_annotation/structural/prokka_np/efaecium_e745:Prokka:EFM745_01707 (length 94)
/home/dich3309/rnaseq-tnseq-enterococcus-analysis/analyses/04_annotation/structural/prokka_np/efaecium_e745:Prokka:EFM745_01708 (length 111)
/home/dich3309/rnaseq-tnseq-enterococcus-analysis/analyses/04_annotation/structural/prokka_np/efaecium_e745:Prokka:EFM745_01709 (length 208)
/home/dich3309/rnaseq-tnseq-enterococcus-analysis/analyses/04_annotation/structural/prokka_np/efaecium_e745:Prokka:EFM745_01710 (length 148)
/home/dich3309/rnaseq-tnseq-enterococcus-analysis/analyses/04_annotation/structural/prokka_np/efaecium_e745:Prokka:EFM745_01711 (length 143)
/home/dich3309/rnaseq-tnseq-enterococcus-analysis/analyses/04_annotation/structural/prokka_np/efaecium_e745:Prokka:EFM745_01712 (length 140)
/home/dich3309/rnaseq-tnseq-enterococcus-analysis/analyses/04_annotation/structural/prokka_np/efaecium_e745:Prokka:EFM745_01713 (length 440)
/home/dich3309/rnaseq-tnseq-enterococcus-analysis/analyses/04_annotation/structural/prokka_np/efaecium_e745:Prokka:EFM745_01714 (length 546)
/home/dich3309/rnaseq-tnseq-enterococcus-analysis/analyses/04_annotation/structural/prokka_np/efaecium_e745:Prokka:EFM745_01715 (length 156)
/home/dich3309/rnaseq-tnseq-enterococcus-analysis/analyses/04_annotation/structural/prokka_np/efaecium_e745:Prokka:EFM745_01716 (length 367)
/home/dich3309/rnaseq-tnseq-enterococcus-analysis/analyses/04_annotation/structural/prokka_np/efaecium_e745:Prokka:EFM745_01717 (length 226)
/home/dich3309/rnaseq-tnseq-enterococcus-analysis/analyses/04_annotation/structural/prokka_np/efaecium_e745:Prokka:EFM745_01718 (length 344)
/home/dich3309/rnaseq-tnseq-enterococcus-analysis/analyses/04_annotation/structural/prokka_np/efaecium_e745:Prokka:EFM745_01719 (length 111)
/home/dich3309/rnaseq-tnseq-enterococcus-analysis/analyses/04_annotation/structural/prokka_np/efaecium_e745:Prokka:EFM745_01720 (length 826)
/home/dich3309/rnaseq-tnseq-enterococcus-analysis/analyses/04_annotation/structural/prokka_np/efaecium_e745:Prokka:EFM745_01721 (length 502)
/home/dich3309/rnaseq-tnseq-enterococcus-analysis/analyses/04_annotation/structural/prokka_np/efaecium_e745:Prokka:EFM745_01722 (length 451)
/home/dich3309/rnaseq-tnseq-enterococcus-analysis/analyses/04_annotation/structural/prokka_np/efaecium_e745:Prokka:EFM745_01723 (length 356)
/home/dich3309/rnaseq-tnseq-enterococcus-analysis/analyses/04_annotation/structural/prokka_np/efaecium_e745:Prokka:EFM745_01724 (length 222)
/home/dich3309/rnaseq-tnseq-enterococcus-analysis/analyses/04_annotation/structural/prokka_np/efaecium_e745:Prokka:EFM745_01725 (length 192)
/home/dich3309/rnaseq-tnseq-enterococcus-analysis/analyses/04_annotation/structural/prokka_np/efaecium_e745:Prokka:EFM745_01726 (length 303)
/home/dich3309/rnaseq-tnseq-enterococcus-analysis/analyses/04_annotation/structural/prokka_np/efaecium_e745:Prokka:EFM745_01727 (length 305)
/home/dich3309/rnaseq-tnseq-enterococcus-analysis/analyses/04_annotation/structural/prokka_np/efaecium_e745:Prokka:EFM745_01728 (length 145)
/home/dich3309/rnaseq-tnseq-enterococcus-analysis/analyses/04_annotation/structural/prokka_np/efaecium_e745:Prokka:EFM745_01729 (length 182)
/home/dich3309/rnaseq-tnseq-enterococcus-analysis/analyses/04_annotation/structural/prokka_np/efaecium_e745:Prokka:EFM745_01730 (length 786)
/home/dich3309/rnaseq-tnseq-enterococcus-analysis/analyses/04_annotation/structural/prokka_np/efaecium_e745:Prokka:EFM745_01731 (length 104)
/home/dich3309/rnaseq-tnseq-enterococcus-analysis/analyses/04_annotation/structural/prokka_np/efaecium_e745:Prokka:EFM745_01732 (length 592)
/home/dich3309/rnaseq-tnseq-enterococcus-analysis/analyses/04_annotation/structural/prokka_np/efaecium_e745:Prokka:EFM745_01733 (length 299)
/home/dich3309/rnaseq-tnseq-enterococcus-analysis/analyses/04_annotation/structural/prokka_np/efaecium_e745:Prokka:EFM745_01734 (length 397)
/home/dich3309/rnaseq-tnseq-enterococcus-analysis/analyses/04_annotation/structural/prokka_np/efaecium_e745:Prokka:EFM745_01735 (length 632)
/home/dich3309/rnaseq-tnseq-enterococcus-analysis/analyses/04_annotation/structural/prokka_np/efaecium_e745:Prokka:EFM745_01736 (length 239)
/home/dich3309/rnaseq-tnseq-enterococcus-analysis/analyses/04_annotation/structural/prokka_np/efaecium_e745:Prokka:EFM745_01738 (length 107)
/home/dich3309/rnaseq-tnseq-enterococcus-analysis/analyses/04_annotation/structural/prokka_np/efaecium_e745:Prokka:EFM745_01739 (length 667)
/home/dich3309/rnaseq-tnseq-enterococcus-analysis/analyses/04_annotation/structural/prokka_np/efaecium_e745:Prokka:EFM745_01740 (length 156)
/home/dich3309/rnaseq-tnseq-enterococcus-analysis/analyses/04_annotation/structural/prokka_np/efaecium_e745:Prokka:EFM745_01741 (length 194)
/home/dich3309/rnaseq-tnseq-enterococcus-analysis/analyses/04_annotation/structural/prokka_np/efaecium_e745:Prokka:EFM745_01742 (length 328)
/home/dich3309/rnaseq-tnseq-enterococcus-analysis/analyses/04_annotation/structural/prokka_np/efaecium_e745:Prokka:EFM745_01743 (length 103)
/home/dich3309/rnaseq-tnseq-enterococcus-analysis/analyses/04_annotation/structural/prokka_np/efaecium_e745:Prokka:EFM745_01744 (length 593)
/home/dich3309/rnaseq-tnseq-enterococcus-analysis/analyses/04_annotation/structural/prokka_np/efaecium_e745:Prokka:EFM745_01745 (length 458)
/home/dich3309/rnaseq-tnseq-enterococcus-analysis/analyses/04_annotation/structural/prokka_np/efaecium_e745:Prokka:EFM745_01746 (length 211)
/home/dich3309/rnaseq-tnseq-enterococcus-analysis/analyses/04_annotation/structural/prokka_np/efaecium_e745:Prokka:EFM745_01747 (length 451)
/home/dich3309/rnaseq-tnseq-enterococcus-analysis/analyses/04_annotation/structural/prokka_np/efaecium_e745:Prokka:EFM745_01748 (length 464)
/home/dich3309/rnaseq-tnseq-enterococcus-analysis/analyses/04_annotation/structural/prokka_np/efaecium_e745:Prokka:EFM745_01749 (length 323)
/home/dich3309/rnaseq-tnseq-enterococcus-analysis/analyses/04_annotation/structural/prokka_np/efaecium_e745:Prokka:EFM745_01750 (length 260)
/home/dich3309/rnaseq-tnseq-enterococcus-analysis/analyses/04_annotation/structural/prokka_np/efaecium_e745:Prokka:EFM745_01751 (length 123)
/home/dich3309/rnaseq-tnseq-enterococcus-analysis/analyses/04_annotation/structural/prokka_np/efaecium_e745:Prokka:EFM745_01752 (length 147)
/home/dich3309/rnaseq-tnseq-enterococcus-analysis/analyses/04_annotation/structural/prokka_np/efaecium_e745:Prokka:EFM745_01753 (length 269)
/home/dich3309/rnaseq-tnseq-enterococcus-analysis/analyses/04_annotation/structural/prokka_np/efaecium_e745:Prokka:EFM745_01754 (length 455)
/home/dich3309/rnaseq-tnseq-enterococcus-analysis/analyses/04_annotation/structural/prokka_np/efaecium_e745:Prokka:EFM745_01755 (length 276)
/home/dich3309/rnaseq-tnseq-enterococcus-analysis/analyses/04_annotation/structural/prokka_np/efaecium_e745:Prokka:EFM745_01756 (length 145)
/home/dich3309/rnaseq-tnseq-enterococcus-analysis/analyses/04_annotation/structural/prokka_np/efaecium_e745:Prokka:EFM745_01757 (length 206)
/home/dich3309/rnaseq-tnseq-enterococcus-analysis/analyses/04_annotation/structural/prokka_np/efaecium_e745:Prokka:EFM745_01758 (length 168)
/home/dich3309/rnaseq-tnseq-enterococcus-analysis/analyses/04_annotation/structural/prokka_np/efaecium_e745:Prokka:EFM745_01759 (length 299)
/home/dich3309/rnaseq-tnseq-enterococcus-analysis/analyses/04_annotation/structural/prokka_np/efaecium_e745:Prokka:EFM745_01760 (length 294)
/home/dich3309/rnaseq-tnseq-enterococcus-analysis/analyses/04_annotation/structural/prokka_np/efaecium_e745:Prokka:EFM745_01762 (length 444)
/home/dich3309/rnaseq-tnseq-enterococcus-analysis/analyses/04_annotation/structural/prokka_np/efaecium_e745:Prokka:EFM745_01763 (length 345)
/home/dich3309/rnaseq-tnseq-enterococcus-analysis/analyses/04_annotation/structural/prokka_np/efaecium_e745:Prokka:EFM745_01764 (length 333)
/home/dich3309/rnaseq-tnseq-enterococcus-analysis/analyses/04_annotation/structural/prokka_np/efaecium_e745:Prokka:EFM745_01765 (length 396)
/home/dich3309/rnaseq-tnseq-enterococcus-analysis/analyses/04_annotation/structural/prokka_np/efaecium_e745:Prokka:EFM745_01766 (length 251)
/home/dich3309/rnaseq-tnseq-enterococcus-analysis/analyses/04_annotation/structural/prokka_np/efaecium_e745:Prokka:EFM745_01767 (length 432)
/home/dich3309/rnaseq-tnseq-enterococcus-analysis/analyses/04_annotation/structural/prokka_np/efaecium_e745:Prokka:EFM745_01768 (length 178)
/home/dich3309/rnaseq-tnseq-enterococcus-analysis/analyses/04_annotation/structural/prokka_np/efaecium_e745:Prokka:EFM745_01769 (length 268)
/home/dich3309/rnaseq-tnseq-enterococcus-analysis/analyses/04_annotation/structural/prokka_np/efaecium_e745:Prokka:EFM745_01770 (length 337)
/home/dich3309/rnaseq-tnseq-enterococcus-analysis/analyses/04_annotation/structural/prokka_np/efaecium_e745:Prokka:EFM745_01771 (length 379)
/home/dich3309/rnaseq-tnseq-enterococcus-analysis/analyses/04_annotation/structural/prokka_np/efaecium_e745:Prokka:EFM745_01772 (length 191)
/home/dich3309/rnaseq-tnseq-enterococcus-analysis/analyses/04_annotation/structural/prokka_np/efaecium_e745:Prokka:EFM745_01773 (length 324)
/home/dich3309/rnaseq-tnseq-enterococcus-analysis/analyses/04_annotation/structural/prokka_np/efaecium_e745:Prokka:EFM745_01775 (length 322)
/home/dich3309/rnaseq-tnseq-enterococcus-analysis/analyses/04_annotation/structural/prokka_np/efaecium_e745:Prokka:EFM745_01776 (length 92)
/home/dich3309/rnaseq-tnseq-enterococcus-analysis/analyses/04_annotation/structural/prokka_np/efaecium_e745:Prokka:EFM745_01777 (length 78)
/home/dich3309/rnaseq-tnseq-enterococcus-analysis/analyses/04_annotation/structural/prokka_np/efaecium_e745:Prokka:EFM745_01778 (length 251)
/home/dich3309/rnaseq-tnseq-enterococcus-analysis/analyses/04_annotation/structural/prokka_np/efaecium_e745:Prokka:EFM745_01779 (length 785)
/home/dich3309/rnaseq-tnseq-enterococcus-analysis/analyses/04_annotation/structural/prokka_np/efaecium_e745:Prokka:EFM745_01780 (length 154)
/home/dich3309/rnaseq-tnseq-enterococcus-analysis/analyses/04_annotation/structural/prokka_np/efaecium_e745:Prokka:EFM745_01781 (length 239)
/home/dich3309/rnaseq-tnseq-enterococcus-analysis/analyses/04_annotation/structural/prokka_np/efaecium_e745:Prokka:EFM745_01782 (length 71)
/home/dich3309/rnaseq-tnseq-enterococcus-analysis/analyses/04_annotation/structural/prokka_np/efaecium_e745:Prokka:EFM745_01783 (length 174)
/home/dich3309/rnaseq-tnseq-enterococcus-analysis/analyses/04_annotation/structural/prokka_np/efaecium_e745:Prokka:EFM745_01784 (length 180)
/home/dich3309/rnaseq-tnseq-enterococcus-analysis/analyses/04_annotation/structural/prokka_np/efaecium_e745:Prokka:EFM745_01785 (length 518)
/home/dich3309/rnaseq-tnseq-enterococcus-analysis/analyses/04_annotation/structural/prokka_np/efaecium_e745:Prokka:EFM745_01786 (length 300)
/home/dich3309/rnaseq-tnseq-enterococcus-analysis/analyses/04_annotation/structural/prokka_np/efaecium_e745:Prokka:EFM745_01787 (length 468)
/home/dich3309/rnaseq-tnseq-enterococcus-analysis/analyses/04_annotation/structural/prokka_np/efaecium_e745:Prokka:EFM745_01788 (length 140)
/home/dich3309/rnaseq-tnseq-enterococcus-analysis/analyses/04_annotation/structural/prokka_np/efaecium_e745:Prokka:EFM745_01789 (length 76)
/home/dich3309/rnaseq-tnseq-enterococcus-analysis/analyses/04_annotation/structural/prokka_np/efaecium_e745:Prokka:EFM745_01790 (length 433)
/home/dich3309/rnaseq-tnseq-enterococcus-analysis/analyses/04_annotation/structural/prokka_np/efaecium_e745:Prokka:EFM745_01791 (length 58)
/home/dich3309/rnaseq-tnseq-enterococcus-analysis/analyses/04_annotation/structural/prokka_np/efaecium_e745:Prokka:EFM745_01792 (length 98)
/home/dich3309/rnaseq-tnseq-enterococcus-analysis/analyses/04_annotation/structural/prokka_np/efaecium_e745:Prokka:EFM745_01793 (length 155)
/home/dich3309/rnaseq-tnseq-enterococcus-analysis/analyses/04_annotation/structural/prokka_np/efaecium_e745:Prokka:EFM745_01794 (length 294)
/home/dich3309/rnaseq-tnseq-enterococcus-analysis/analyses/04_annotation/structural/prokka_np/efaecium_e745:Prokka:EFM745_01795 (length 78)
/home/dich3309/rnaseq-tnseq-enterococcus-analysis/analyses/04_annotation/structural/prokka_np/efaecium_e745:Prokka:EFM745_01798 (length 56)
/home/dich3309/rnaseq-tnseq-enterococcus-analysis/analyses/04_annotation/structural/prokka_np/efaecium_e745:Prokka:EFM745_01799 (length 235)
/home/dich3309/rnaseq-tnseq-enterococcus-analysis/analyses/04_annotation/structural/prokka_np/efaecium_e745:Prokka:EFM745_01800 (length 214)
/home/dich3309/rnaseq-tnseq-enterococcus-analysis/analyses/04_annotation/structural/prokka_np/efaecium_e745:Prokka:EFM745_01801 (length 95)
/home/dich3309/rnaseq-tnseq-enterococcus-analysis/analyses/04_annotation/structural/prokka_np/efaecium_e745:Prokka:EFM745_01802 (length 106)
/home/dich3309/rnaseq-tnseq-enterococcus-analysis/analyses/04_annotation/structural/prokka_np/efaecium_e745:Prokka:EFM745_01803 (length 437)
/home/dich3309/rnaseq-tnseq-enterococcus-analysis/analyses/04_annotation/structural/prokka_np/efaecium_e745:Prokka:EFM745_01804 (length 239)
/home/dich3309/rnaseq-tnseq-enterococcus-analysis/analyses/04_annotation/structural/prokka_np/efaecium_e745:Prokka:EFM745_01805 (length 183)
/home/dich3309/rnaseq-tnseq-enterococcus-analysis/analyses/04_annotation/structural/prokka_np/efaecium_e745:Prokka:EFM745_01806 (length 844)
/home/dich3309/rnaseq-tnseq-enterococcus-analysis/analyses/04_annotation/structural/prokka_np/efaecium_e745:Prokka:EFM745_01807 (length 327)
/home/dich3309/rnaseq-tnseq-enterococcus-analysis/analyses/04_annotation/structural/prokka_np/efaecium_e745:Prokka:EFM745_01808 (length 228)
/home/dich3309/rnaseq-tnseq-enterococcus-analysis/analyses/04_annotation/structural/prokka_np/efaecium_e745:Prokka:EFM745_01809 (length 297)
/home/dich3309/rnaseq-tnseq-enterococcus-analysis/analyses/04_annotation/structural/prokka_np/efaecium_e745:Prokka:EFM745_01810 (length 482)
/home/dich3309/rnaseq-tnseq-enterococcus-analysis/analyses/04_annotation/structural/prokka_np/efaecium_e745:Prokka:EFM745_01811 (length 285)
/home/dich3309/rnaseq-tnseq-enterococcus-analysis/analyses/04_annotation/structural/prokka_np/efaecium_e745:Prokka:EFM745_01812 (length 306)
/home/dich3309/rnaseq-tnseq-enterococcus-analysis/analyses/04_annotation/structural/prokka_np/efaecium_e745:Prokka:EFM745_01813 (length 294)
/home/dich3309/rnaseq-tnseq-enterococcus-analysis/analyses/04_annotation/structural/prokka_np/efaecium_e745:Prokka:EFM745_01814 (length 268)
/home/dich3309/rnaseq-tnseq-enterococcus-analysis/analyses/04_annotation/structural/prokka_np/efaecium_e745:Prokka:EFM745_01815 (length 252)
/home/dich3309/rnaseq-tnseq-enterococcus-analysis/analyses/04_annotation/structural/prokka_np/efaecium_e745:Prokka:EFM745_01816 (length 225)
/home/dich3309/rnaseq-tnseq-enterococcus-analysis/analyses/04_annotation/structural/prokka_np/efaecium_e745:Prokka:EFM745_01817 (length 343)
/home/dich3309/rnaseq-tnseq-enterococcus-analysis/analyses/04_annotation/structural/prokka_np/efaecium_e745:Prokka:EFM745_01818 (length 255)
/home/dich3309/rnaseq-tnseq-enterococcus-analysis/analyses/04_annotation/structural/prokka_np/efaecium_e745:Prokka:EFM745_01819 (length 522)
/home/dich3309/rnaseq-tnseq-enterococcus-analysis/analyses/04_annotation/structural/prokka_np/efaecium_e745:Prokka:EFM745_01820 (length 106)
/home/dich3309/rnaseq-tnseq-enterococcus-analysis/analyses/04_annotation/structural/prokka_np/efaecium_e745:Prokka:EFM745_01821 (length 116)
/home/dich3309/rnaseq-tnseq-enterococcus-analysis/analyses/04_annotation/structural/prokka_np/efaecium_e745:Prokka:EFM745_01822 (length 431)
/home/dich3309/rnaseq-tnseq-enterococcus-analysis/analyses/04_annotation/structural/prokka_np/efaecium_e745:Prokka:EFM745_01823 (length 312)
/home/dich3309/rnaseq-tnseq-enterococcus-analysis/analyses/04_annotation/structural/prokka_np/efaecium_e745:Prokka:EFM745_01824 (length 276)
/home/dich3309/rnaseq-tnseq-enterococcus-analysis/analyses/04_annotation/structural/prokka_np/efaecium_e745:Prokka:EFM745_01825 (length 341)
/home/dich3309/rnaseq-tnseq-enterococcus-analysis/analyses/04_annotation/structural/prokka_np/efaecium_e745:Prokka:EFM745_01826 (length 312)
/home/dich3309/rnaseq-tnseq-enterococcus-analysis/analyses/04_annotation/structural/prokka_np/efaecium_e745:Prokka:EFM745_01827 (length 146)
/home/dich3309/rnaseq-tnseq-enterococcus-analysis/analyses/04_annotation/structural/prokka_np/efaecium_e745:Prokka:EFM745_01828 (length 200)
/home/dich3309/rnaseq-tnseq-enterococcus-analysis/analyses/04_annotation/structural/prokka_np/efaecium_e745:Prokka:EFM745_01829 (length 368)
/home/dich3309/rnaseq-tnseq-enterococcus-analysis/analyses/04_annotation/structural/prokka_np/efaecium_e745:Prokka:EFM745_01830 (length 333)
/home/dich3309/rnaseq-tnseq-enterococcus-analysis/analyses/04_annotation/structural/prokka_np/efaecium_e745:Prokka:EFM745_01831 (length 781)
/home/dich3309/rnaseq-tnseq-enterococcus-analysis/analyses/04_annotation/structural/prokka_np/efaecium_e745:Prokka:EFM745_01832 (length 300)
/home/dich3309/rnaseq-tnseq-enterococcus-analysis/analyses/04_annotation/structural/prokka_np/efaecium_e745:Prokka:EFM745_01833 (length 395)
/home/dich3309/rnaseq-tnseq-enterococcus-analysis/analyses/04_annotation/structural/prokka_np/efaecium_e745:Prokka:EFM745_01834 (length 591)
/home/dich3309/rnaseq-tnseq-enterococcus-analysis/analyses/04_annotation/structural/prokka_np/efaecium_e745:Prokka:EFM745_01835 (length 528)
/home/dich3309/rnaseq-tnseq-enterococcus-analysis/analyses/04_annotation/structural/prokka_np/efaecium_e745:Prokka:EFM745_01836 (length 74)
/home/dich3309/rnaseq-tnseq-enterococcus-analysis/analyses/04_annotation/structural/prokka_np/efaecium_e745:Prokka:EFM745_01837 (length 583)
/home/dich3309/rnaseq-tnseq-enterococcus-analysis/analyses/04_annotation/structural/prokka_np/efaecium_e745:Prokka:EFM745_01838 (length 594)
/home/dich3309/rnaseq-tnseq-enterococcus-analysis/analyses/04_annotation/structural/prokka_np/efaecium_e745:Prokka:EFM745_01839 (length 283)
/home/dich3309/rnaseq-tnseq-enterococcus-analysis/analyses/04_annotation/structural/prokka_np/efaecium_e745:Prokka:EFM745_01840 (length 628)
/home/dich3309/rnaseq-tnseq-enterococcus-analysis/analyses/04_annotation/structural/prokka_np/efaecium_e745:Prokka:EFM745_01841 (length 300)
/home/dich3309/rnaseq-tnseq-enterococcus-analysis/analyses/04_annotation/structural/prokka_np/efaecium_e745:Prokka:EFM745_01842 (length 467)
/home/dich3309/rnaseq-tnseq-enterococcus-analysis/analyses/04_annotation/structural/prokka_np/efaecium_e745:Prokka:EFM745_01843 (length 477)
/home/dich3309/rnaseq-tnseq-enterococcus-analysis/analyses/04_annotation/structural/prokka_np/efaecium_e745:Prokka:EFM745_01844 (length 308)
/home/dich3309/rnaseq-tnseq-enterococcus-analysis/analyses/04_annotation/structural/prokka_np/efaecium_e745:Prokka:EFM745_01845 (length 575)
/home/dich3309/rnaseq-tnseq-enterococcus-analysis/analyses/04_annotation/structural/prokka_np/efaecium_e745:Prokka:EFM745_01846 (length 97)
/home/dich3309/rnaseq-tnseq-enterococcus-analysis/analyses/04_annotation/structural/prokka_np/efaecium_e745:Prokka:EFM745_01847 (length 286)
/home/dich3309/rnaseq-tnseq-enterococcus-analysis/analyses/04_annotation/structural/prokka_np/efaecium_e745:Prokka:EFM745_01848 (length 142)
/home/dich3309/rnaseq-tnseq-enterococcus-analysis/analyses/04_annotation/structural/prokka_np/efaecium_e745:Prokka:EFM745_01849 (length 58)
/home/dich3309/rnaseq-tnseq-enterococcus-analysis/analyses/04_annotation/structural/prokka_np/efaecium_e745:Prokka:EFM745_01850 (length 148)
/home/dich3309/rnaseq-tnseq-enterococcus-analysis/analyses/04_annotation/structural/prokka_np/efaecium_e745:Prokka:EFM745_01851 (length 459)
/home/dich3309/rnaseq-tnseq-enterococcus-analysis/analyses/04_annotation/structural/prokka_np/efaecium_e745:Prokka:EFM745_01852 (length 323)
/home/dich3309/rnaseq-tnseq-enterococcus-analysis/analyses/04_annotation/structural/prokka_np/efaecium_e745:Prokka:EFM745_01853 (length 730)
/home/dich3309/rnaseq-tnseq-enterococcus-analysis/analyses/04_annotation/structural/prokka_np/efaecium_e745:Prokka:EFM745_01854 (length 153)
/home/dich3309/rnaseq-tnseq-enterococcus-analysis/analyses/04_annotation/structural/prokka_np/efaecium_e745:Prokka:EFM745_01855 (length 131)
/home/dich3309/rnaseq-tnseq-enterococcus-analysis/analyses/04_annotation/structural/prokka_np/efaecium_e745:Prokka:EFM745_01856 (length 299)
/home/dich3309/rnaseq-tnseq-enterococcus-analysis/analyses/04_annotation/structural/prokka_np/efaecium_e745:Prokka:EFM745_01857 (length 270)
/home/dich3309/rnaseq-tnseq-enterococcus-analysis/analyses/04_annotation/structural/prokka_np/efaecium_e745:Prokka:EFM745_01858 (length 305)
/home/dich3309/rnaseq-tnseq-enterococcus-analysis/analyses/04_annotation/structural/prokka_np/efaecium_e745:Prokka:EFM745_01859 (length 691)
/home/dich3309/rnaseq-tnseq-enterococcus-analysis/analyses/04_annotation/structural/prokka_np/efaecium_e745:Prokka:EFM745_01860 (length 259)
/home/dich3309/rnaseq-tnseq-enterococcus-analysis/analyses/04_annotation/structural/prokka_np/efaecium_e745:Prokka:EFM745_01861 (length 314)
/home/dich3309/rnaseq-tnseq-enterococcus-analysis/analyses/04_annotation/structural/prokka_np/efaecium_e745:Prokka:EFM745_01862 (length 259)
/home/dich3309/rnaseq-tnseq-enterococcus-analysis/analyses/04_annotation/structural/prokka_np/efaecium_e745:Prokka:EFM745_01863 (length 232)
/home/dich3309/rnaseq-tnseq-enterococcus-analysis/analyses/04_annotation/structural/prokka_np/efaecium_e745:Prokka:EFM745_01864 (length 254)
/home/dich3309/rnaseq-tnseq-enterococcus-analysis/analyses/04_annotation/structural/prokka_np/efaecium_e745:Prokka:EFM745_01865 (length 605)
/home/dich3309/rnaseq-tnseq-enterococcus-analysis/analyses/04_annotation/structural/prokka_np/efaecium_e745:Prokka:EFM745_01866 (length 321)
/home/dich3309/rnaseq-tnseq-enterococcus-analysis/analyses/04_annotation/structural/prokka_np/efaecium_e745:Prokka:EFM745_01867 (length 231)
/home/dich3309/rnaseq-tnseq-enterococcus-analysis/analyses/04_annotation/structural/prokka_np/efaecium_e745:Prokka:EFM745_01868 (length 372)
/home/dich3309/rnaseq-tnseq-enterococcus-analysis/analyses/04_annotation/structural/prokka_np/efaecium_e745:Prokka:EFM745_01869 (length 206)
/home/dich3309/rnaseq-tnseq-enterococcus-analysis/analyses/04_annotation/structural/prokka_np/efaecium_e745:Prokka:EFM745_01870 (length 366)
/home/dich3309/rnaseq-tnseq-enterococcus-analysis/analyses/04_annotation/structural/prokka_np/efaecium_e745:Prokka:EFM745_01871 (length 81)
/home/dich3309/rnaseq-tnseq-enterococcus-analysis/analyses/04_annotation/structural/prokka_np/efaecium_e745:Prokka:EFM745_01872 (length 333)
/home/dich3309/rnaseq-tnseq-enterococcus-analysis/analyses/04_annotation/structural/prokka_np/efaecium_e745:Prokka:EFM745_01873 (length 324)
/home/dich3309/rnaseq-tnseq-enterococcus-analysis/analyses/04_annotation/structural/prokka_np/efaecium_e745:Prokka:EFM745_01874 (length 359)
/home/dich3309/rnaseq-tnseq-enterococcus-analysis/analyses/04_annotation/structural/prokka_np/efaecium_e745:Prokka:EFM745_01875 (length 232)
/home/dich3309/rnaseq-tnseq-enterococcus-analysis/analyses/04_annotation/structural/prokka_np/efaecium_e745:Prokka:EFM745_01876 (length 231)
/home/dich3309/rnaseq-tnseq-enterococcus-analysis/analyses/04_annotation/structural/prokka_np/efaecium_e745:Prokka:EFM745_01877 (length 497)
/home/dich3309/rnaseq-tnseq-enterococcus-analysis/analyses/04_annotation/structural/prokka_np/efaecium_e745:Prokka:EFM745_01878 (length 390)
/home/dich3309/rnaseq-tnseq-enterococcus-analysis/analyses/04_annotation/structural/prokka_np/efaecium_e745:Prokka:EFM745_01879 (length 363)
/home/dich3309/rnaseq-tnseq-enterococcus-analysis/analyses/04_annotation/structural/prokka_np/efaecium_e745:Prokka:EFM745_01880 (length 492)
/home/dich3309/rnaseq-tnseq-enterococcus-analysis/analyses/04_annotation/structural/prokka_np/efaecium_e745:Prokka:EFM745_01881 (length 249)
/home/dich3309/rnaseq-tnseq-enterococcus-analysis/analyses/04_annotation/structural/prokka_np/efaecium_e745:Prokka:EFM745_01882 (length 316)
/home/dich3309/rnaseq-tnseq-enterococcus-analysis/analyses/04_annotation/structural/prokka_np/efaecium_e745:Prokka:EFM745_01883 (length 487)
/home/dich3309/rnaseq-tnseq-enterococcus-analysis/analyses/04_annotation/structural/prokka_np/efaecium_e745:Prokka:EFM745_01884 (length 152)
/home/dich3309/rnaseq-tnseq-enterococcus-analysis/analyses/04_annotation/structural/prokka_np/efaecium_e745:Prokka:EFM745_01885 (length 324)
/home/dich3309/rnaseq-tnseq-enterococcus-analysis/analyses/04_annotation/structural/prokka_np/efaecium_e745:Prokka:EFM745_01886 (length 316)
/home/dich3309/rnaseq-tnseq-enterococcus-analysis/analyses/04_annotation/structural/prokka_np/efaecium_e745:Prokka:EFM745_01887 (length 91)
/home/dich3309/rnaseq-tnseq-enterococcus-analysis/analyses/04_annotation/structural/prokka_np/efaecium_e745:Prokka:EFM745_01888 (length 254)
/home/dich3309/rnaseq-tnseq-enterococcus-analysis/analyses/04_annotation/structural/prokka_np/efaecium_e745:Prokka:EFM745_01889 (length 167)
/home/dich3309/rnaseq-tnseq-enterococcus-analysis/analyses/04_annotation/structural/prokka_np/efaecium_e745:Prokka:EFM745_01890 (length 213)
/home/dich3309/rnaseq-tnseq-enterococcus-analysis/analyses/04_annotation/structural/prokka_np/efaecium_e745:Prokka:EFM745_01892 (length 422)
/home/dich3309/rnaseq-tnseq-enterococcus-analysis/analyses/04_annotation/structural/prokka_np/efaecium_e745:Prokka:EFM745_01893 (length 399)
/home/dich3309/rnaseq-tnseq-enterococcus-analysis/analyses/04_annotation/structural/prokka_np/efaecium_e745:Prokka:EFM745_01894 (length 435)
/home/dich3309/rnaseq-tnseq-enterococcus-analysis/analyses/04_annotation/structural/prokka_np/efaecium_e745:Prokka:EFM745_01895 (length 40)
/home/dich3309/rnaseq-tnseq-enterococcus-analysis/analyses/04_annotation/structural/prokka_np/efaecium_e745:Prokka:EFM745_01896 (length 372)
/home/dich3309/rnaseq-tnseq-enterococcus-analysis/analyses/04_annotation/structural/prokka_np/efaecium_e745:Prokka:EFM745_01897 (length 106)
/home/dich3309/rnaseq-tnseq-enterococcus-analysis/analyses/04_annotation/structural/prokka_np/efaecium_e745:Prokka:EFM745_01898 (length 54)
/home/dich3309/rnaseq-tnseq-enterococcus-analysis/analyses/04_annotation/structural/prokka_np/efaecium_e745:Prokka:EFM745_01900 (length 66)
/home/dich3309/rnaseq-tnseq-enterococcus-analysis/analyses/04_annotation/structural/prokka_np/efaecium_e745:Prokka:EFM745_01901 (length 929)
/home/dich3309/rnaseq-tnseq-enterococcus-analysis/analyses/04_annotation/structural/prokka_np/efaecium_e745:Prokka:EFM745_01902 (length 167)
/home/dich3309/rnaseq-tnseq-enterococcus-analysis/analyses/04_annotation/structural/prokka_np/efaecium_e745:Prokka:EFM745_01903 (length 396)
/home/dich3309/rnaseq-tnseq-enterococcus-analysis/analyses/04_annotation/structural/prokka_np/efaecium_e745:Prokka:EFM745_01904 (length 432)
/home/dich3309/rnaseq-tnseq-enterococcus-analysis/analyses/04_annotation/structural/prokka_np/efaecium_e745:Prokka:EFM745_01905 (length 224)
/home/dich3309/rnaseq-tnseq-enterococcus-analysis/analyses/04_annotation/structural/prokka_np/efaecium_e745:Prokka:EFM745_01906 (length 113)
/home/dich3309/rnaseq-tnseq-enterococcus-analysis/analyses/04_annotation/structural/prokka_np/efaecium_e745:Prokka:EFM745_01907 (length 119)
/home/dich3309/rnaseq-tnseq-enterococcus-analysis/analyses/04_annotation/structural/prokka_np/efaecium_e745:Prokka:EFM745_01908 (length 694)
/home/dich3309/rnaseq-tnseq-enterococcus-analysis/analyses/04_annotation/structural/prokka_np/efaecium_e745:Prokka:EFM745_01909 (length 488)
/home/dich3309/rnaseq-tnseq-enterococcus-analysis/analyses/04_annotation/structural/prokka_np/efaecium_e745:Prokka:EFM745_01910 (length 431)
/home/dich3309/rnaseq-tnseq-enterococcus-analysis/analyses/04_annotation/structural/prokka_np/efaecium_e745:Prokka:EFM745_01911 (length 179)
/home/dich3309/rnaseq-tnseq-enterococcus-analysis/analyses/04_annotation/structural/prokka_np/efaecium_e745:Prokka:EFM745_01912 (length 146)
/home/dich3309/rnaseq-tnseq-enterococcus-analysis/analyses/04_annotation/structural/prokka_np/efaecium_e745:Prokka:EFM745_01913 (length 69)
/home/dich3309/rnaseq-tnseq-enterococcus-analysis/analyses/04_annotation/structural/prokka_np/efaecium_e745:Prokka:EFM745_01914 (length 728)
/home/dich3309/rnaseq-tnseq-enterococcus-analysis/analyses/04_annotation/structural/prokka_np/efaecium_e745:Prokka:EFM745_01915 (length 723)
/home/dich3309/rnaseq-tnseq-enterococcus-analysis/analyses/04_annotation/structural/prokka_np/efaecium_e745:Prokka:EFM745_01916 (length 246)
/home/dich3309/rnaseq-tnseq-enterococcus-analysis/analyses/04_annotation/structural/prokka_np/efaecium_e745:Prokka:EFM745_01917 (length 432)
/home/dich3309/rnaseq-tnseq-enterococcus-analysis/analyses/04_annotation/structural/prokka_np/efaecium_e745:Prokka:EFM745_01918 (length 250)
/home/dich3309/rnaseq-tnseq-enterococcus-analysis/analyses/04_annotation/structural/prokka_np/efaecium_e745:Prokka:EFM745_01919 (length 107)
/home/dich3309/rnaseq-tnseq-enterococcus-analysis/analyses/04_annotation/structural/prokka_np/efaecium_e745:Prokka:EFM745_01920 (length 282)
/home/dich3309/rnaseq-tnseq-enterococcus-analysis/analyses/04_annotation/structural/prokka_np/efaecium_e745:Prokka:EFM745_01921 (length 270)
/home/dich3309/rnaseq-tnseq-enterococcus-analysis/analyses/04_annotation/structural/prokka_np/efaecium_e745:Prokka:EFM745_01922 (length 107)
/home/dich3309/rnaseq-tnseq-enterococcus-analysis/analyses/04_annotation/structural/prokka_np/efaecium_e745:Prokka:EFM745_01923 (length 189)
/home/dich3309/rnaseq-tnseq-enterococcus-analysis/analyses/04_annotation/structural/prokka_np/efaecium_e745:Prokka:EFM745_01924 (length 230)
/home/dich3309/rnaseq-tnseq-enterococcus-analysis/analyses/04_annotation/structural/prokka_np/efaecium_e745:Prokka:EFM745_01925 (length 189)
/home/dich3309/rnaseq-tnseq-enterococcus-analysis/analyses/04_annotation/structural/prokka_np/efaecium_e745:Prokka:EFM745_01926 (length 178)
/home/dich3309/rnaseq-tnseq-enterococcus-analysis/analyses/04_annotation/structural/prokka_np/efaecium_e745:Prokka:EFM745_01927 (length 392)
/home/dich3309/rnaseq-tnseq-enterococcus-analysis/analyses/04_annotation/structural/prokka_np/efaecium_e745:Prokka:EFM745_01928 (length 178)
/home/dich3309/rnaseq-tnseq-enterococcus-analysis/analyses/04_annotation/structural/prokka_np/efaecium_e745:Prokka:EFM745_01929 (length 268)
/home/dich3309/rnaseq-tnseq-enterococcus-analysis/analyses/04_annotation/structural/prokka_np/efaecium_e745:Prokka:EFM745_01930 (length 138)
/home/dich3309/rnaseq-tnseq-enterococcus-analysis/analyses/04_annotation/structural/prokka_np/efaecium_e745:Prokka:EFM745_01931 (length 86)
/home/dich3309/rnaseq-tnseq-enterococcus-analysis/analyses/04_annotation/structural/prokka_np/efaecium_e745:Prokka:EFM745_01932 (length 416)
/home/dich3309/rnaseq-tnseq-enterococcus-analysis/analyses/04_annotation/structural/prokka_np/efaecium_e745:Prokka:EFM745_01933 (length 324)
/home/dich3309/rnaseq-tnseq-enterococcus-analysis/analyses/04_annotation/structural/prokka_np/efaecium_e745:Prokka:EFM745_01934 (length 431)
/home/dich3309/rnaseq-tnseq-enterococcus-analysis/analyses/04_annotation/structural/prokka_np/efaecium_e745:Prokka:EFM745_01935 (length 395)
/home/dich3309/rnaseq-tnseq-enterococcus-analysis/analyses/04_annotation/structural/prokka_np/efaecium_e745:Prokka:EFM745_01936 (length 105)
/home/dich3309/rnaseq-tnseq-enterococcus-analysis/analyses/04_annotation/structural/prokka_np/efaecium_e745:Prokka:EFM745_01937 (length 121)
/home/dich3309/rnaseq-tnseq-enterococcus-analysis/analyses/04_annotation/structural/prokka_np/efaecium_e745:Prokka:EFM745_01938 (length 160)
/home/dich3309/rnaseq-tnseq-enterococcus-analysis/analyses/04_annotation/structural/prokka_np/efaecium_e745:Prokka:EFM745_01939 (length 296)
/home/dich3309/rnaseq-tnseq-enterococcus-analysis/analyses/04_annotation/structural/prokka_np/efaecium_e745:Prokka:EFM745_01940 (length 431)
/home/dich3309/rnaseq-tnseq-enterococcus-analysis/analyses/04_annotation/structural/prokka_np/efaecium_e745:Prokka:EFM745_01941 (length 422)
/home/dich3309/rnaseq-tnseq-enterococcus-analysis/analyses/04_annotation/structural/prokka_np/efaecium_e745:Prokka:EFM745_01942 (length 823)
/home/dich3309/rnaseq-tnseq-enterococcus-analysis/analyses/04_annotation/structural/prokka_np/efaecium_e745:Prokka:EFM745_01943 (length 578)
/home/dich3309/rnaseq-tnseq-enterococcus-analysis/analyses/04_annotation/structural/prokka_np/efaecium_e745:Prokka:EFM745_01944 (length 234)
/home/dich3309/rnaseq-tnseq-enterococcus-analysis/analyses/04_annotation/structural/prokka_np/efaecium_e745:Prokka:EFM745_01945 (length 138)
/home/dich3309/rnaseq-tnseq-enterococcus-analysis/analyses/04_annotation/structural/prokka_np/efaecium_e745:Prokka:EFM745_01946 (length 112)
/home/dich3309/rnaseq-tnseq-enterococcus-analysis/analyses/04_annotation/structural/prokka_np/efaecium_e745:Prokka:EFM745_01947 (length 472)
/home/dich3309/rnaseq-tnseq-enterococcus-analysis/analyses/04_annotation/structural/prokka_np/efaecium_e745:Prokka:EFM745_01948 (length 192)
/home/dich3309/rnaseq-tnseq-enterococcus-analysis/analyses/04_annotation/structural/prokka_np/efaecium_e745:Prokka:EFM745_01949 (length 173)
/home/dich3309/rnaseq-tnseq-enterococcus-analysis/analyses/04_annotation/structural/prokka_np/efaecium_e745:Prokka:EFM745_01950 (length 184)
/home/dich3309/rnaseq-tnseq-enterococcus-analysis/analyses/04_annotation/structural/prokka_np/efaecium_e745:Prokka:EFM745_01951 (length 91)
/home/dich3309/rnaseq-tnseq-enterococcus-analysis/analyses/04_annotation/structural/prokka_np/efaecium_e745:Prokka:EFM745_01952 (length 83)
/home/dich3309/rnaseq-tnseq-enterococcus-analysis/analyses/04_annotation/structural/prokka_np/efaecium_e745:Prokka:EFM745_01953 (length 263)
/home/dich3309/rnaseq-tnseq-enterococcus-analysis/analyses/04_annotation/structural/prokka_np/efaecium_e745:Prokka:EFM745_01954 (length 173)
/home/dich3309/rnaseq-tnseq-enterococcus-analysis/analyses/04_annotation/structural/prokka_np/efaecium_e745:Prokka:EFM745_01955 (length 253)
/home/dich3309/rnaseq-tnseq-enterococcus-analysis/analyses/04_annotation/structural/prokka_np/efaecium_e745:Prokka:EFM745_01957 (length 115)
/home/dich3309/rnaseq-tnseq-enterococcus-analysis/analyses/04_annotation/structural/prokka_np/efaecium_e745:Prokka:EFM745_01958 (length 220)
/home/dich3309/rnaseq-tnseq-enterococcus-analysis/analyses/04_annotation/structural/prokka_np/efaecium_e745:Prokka:EFM745_01959 (length 1075)
/home/dich3309/rnaseq-tnseq-enterococcus-analysis/analyses/04_annotation/structural/prokka_np/efaecium_e745:Prokka:EFM745_01960 (length 104)
/home/dich3309/rnaseq-tnseq-enterococcus-analysis/analyses/04_annotation/structural/prokka_np/efaecium_e745:Prokka:EFM745_01961 (length 124)
/home/dich3309/rnaseq-tnseq-enterococcus-analysis/analyses/04_annotation/structural/prokka_np/efaecium_e745:Prokka:EFM745_01962 (length 114)
/home/dich3309/rnaseq-tnseq-enterococcus-analysis/analyses/04_annotation/structural/prokka_np/efaecium_e745:Prokka:EFM745_01963 (length 381)
/home/dich3309/rnaseq-tnseq-enterococcus-analysis/analyses/04_annotation/structural/prokka_np/efaecium_e745:Prokka:EFM745_01965 (length 619)
/home/dich3309/rnaseq-tnseq-enterococcus-analysis/analyses/04_annotation/structural/prokka_np/efaecium_e745:Prokka:EFM745_01967 (length 83)
/home/dich3309/rnaseq-tnseq-enterococcus-analysis/analyses/04_annotation/structural/prokka_np/efaecium_e745:Prokka:EFM745_01968 (length 380)
/home/dich3309/rnaseq-tnseq-enterococcus-analysis/analyses/04_annotation/structural/prokka_np/efaecium_e745:Prokka:EFM745_01969 (length 84)
/home/dich3309/rnaseq-tnseq-enterococcus-analysis/analyses/04_annotation/structural/prokka_np/efaecium_e745:Prokka:EFM745_01970 (length 394)
/home/dich3309/rnaseq-tnseq-enterococcus-analysis/analyses/04_annotation/structural/prokka_np/efaecium_e745:Prokka:EFM745_01971 (length 45)
/home/dich3309/rnaseq-tnseq-enterococcus-analysis/analyses/04_annotation/structural/prokka_np/efaecium_e745:Prokka:EFM745_01973 (length 636)
/home/dich3309/rnaseq-tnseq-enterococcus-analysis/analyses/04_annotation/structural/prokka_np/efaecium_e745:Prokka:EFM745_01975 (length 166)
/home/dich3309/rnaseq-tnseq-enterococcus-analysis/analyses/04_annotation/structural/prokka_np/efaecium_e745:Prokka:EFM745_01976 (length 615)
/home/dich3309/rnaseq-tnseq-enterococcus-analysis/analyses/04_annotation/structural/prokka_np/efaecium_e745:Prokka:EFM745_01977 (length 298)
/home/dich3309/rnaseq-tnseq-enterococcus-analysis/analyses/04_annotation/structural/prokka_np/efaecium_e745:Prokka:EFM745_01978 (length 129)
/home/dich3309/rnaseq-tnseq-enterococcus-analysis/analyses/04_annotation/structural/prokka_np/efaecium_e745:Prokka:EFM745_01979 (length 781)
/home/dich3309/rnaseq-tnseq-enterococcus-analysis/analyses/04_annotation/structural/prokka_np/efaecium_e745:Prokka:EFM745_01980 (length 395)
/home/dich3309/rnaseq-tnseq-enterococcus-analysis/analyses/04_annotation/structural/prokka_np/efaecium_e745:Prokka:EFM745_01981 (length 709)
/home/dich3309/rnaseq-tnseq-enterococcus-analysis/analyses/04_annotation/structural/prokka_np/efaecium_e745:Prokka:EFM745_01982 (length 335)
/home/dich3309/rnaseq-tnseq-enterococcus-analysis/analyses/04_annotation/structural/prokka_np/efaecium_e745:Prokka:EFM745_01983 (length 303)
/home/dich3309/rnaseq-tnseq-enterococcus-analysis/analyses/04_annotation/structural/prokka_np/efaecium_e745:Prokka:EFM745_01984 (length 242)
/home/dich3309/rnaseq-tnseq-enterococcus-analysis/analyses/04_annotation/structural/prokka_np/efaecium_e745:Prokka:EFM745_01985 (length 472)
/home/dich3309/rnaseq-tnseq-enterococcus-analysis/analyses/04_annotation/structural/prokka_np/efaecium_e745:Prokka:EFM745_01986 (length 373)
/home/dich3309/rnaseq-tnseq-enterococcus-analysis/analyses/04_annotation/structural/prokka_np/efaecium_e745:Prokka:EFM745_01987 (length 317)
/home/dich3309/rnaseq-tnseq-enterococcus-analysis/analyses/04_annotation/structural/prokka_np/efaecium_e745:Prokka:EFM745_01988 (length 159)
/home/dich3309/rnaseq-tnseq-enterococcus-analysis/analyses/04_annotation/structural/prokka_np/efaecium_e745:Prokka:EFM745_01989 (length 96)
/home/dich3309/rnaseq-tnseq-enterococcus-analysis/analyses/04_annotation/structural/prokka_np/efaecium_e745:Prokka:EFM745_01990 (length 278)
/home/dich3309/rnaseq-tnseq-enterococcus-analysis/analyses/04_annotation/structural/prokka_np/efaecium_e745:Prokka:EFM745_01991 (length 326)
/home/dich3309/rnaseq-tnseq-enterococcus-analysis/analyses/04_annotation/structural/prokka_np/efaecium_e745:Prokka:EFM745_01992 (length 472)
/home/dich3309/rnaseq-tnseq-enterococcus-analysis/analyses/04_annotation/structural/prokka_np/efaecium_e745:Prokka:EFM745_01993 (length 489)
/home/dich3309/rnaseq-tnseq-enterococcus-analysis/analyses/04_annotation/structural/prokka_np/efaecium_e745:Prokka:EFM745_01994 (length 155)
/home/dich3309/rnaseq-tnseq-enterococcus-analysis/analyses/04_annotation/structural/prokka_np/efaecium_e745:Prokka:EFM745_01995 (length 290)
/home/dich3309/rnaseq-tnseq-enterococcus-analysis/analyses/04_annotation/structural/prokka_np/efaecium_e745:Prokka:EFM745_01996 (length 844)
/home/dich3309/rnaseq-tnseq-enterococcus-analysis/analyses/04_annotation/structural/prokka_np/efaecium_e745:Prokka:EFM745_01997 (length 35)
/home/dich3309/rnaseq-tnseq-enterococcus-analysis/analyses/04_annotation/structural/prokka_np/efaecium_e745:Prokka:EFM745_01998 (length 217)
/home/dich3309/rnaseq-tnseq-enterococcus-analysis/analyses/04_annotation/structural/prokka_np/efaecium_e745:Prokka:EFM745_01999 (length 263)
/home/dich3309/rnaseq-tnseq-enterococcus-analysis/analyses/04_annotation/structural/prokka_np/efaecium_e745:Prokka:EFM745_02000 (length 163)
/home/dich3309/rnaseq-tnseq-enterococcus-analysis/analyses/04_annotation/structural/prokka_np/efaecium_e745:Prokka:EFM745_02001 (length 136)
/home/dich3309/rnaseq-tnseq-enterococcus-analysis/analyses/04_annotation/structural/prokka_np/efaecium_e745:Prokka:EFM745_02002 (length 466)
/home/dich3309/rnaseq-tnseq-enterococcus-analysis/analyses/04_annotation/structural/prokka_np/efaecium_e745:Prokka:EFM745_02003 (length 124)
/home/dich3309/rnaseq-tnseq-enterococcus-analysis/analyses/04_annotation/structural/prokka_np/efaecium_e745:Prokka:EFM745_02004 (length 64)
/home/dich3309/rnaseq-tnseq-enterococcus-analysis/analyses/04_annotation/structural/prokka_np/efaecium_e745:Prokka:EFM745_02005 (length 117)
/home/dich3309/rnaseq-tnseq-enterococcus-analysis/analyses/04_annotation/structural/prokka_np/efaecium_e745:Prokka:EFM745_02006 (length 515)
/home/dich3309/rnaseq-tnseq-enterococcus-analysis/analyses/04_annotation/structural/prokka_np/efaecium_e745:Prokka:EFM745_02007 (length 142)
/home/dich3309/rnaseq-tnseq-enterococcus-analysis/analyses/04_annotation/structural/prokka_np/efaecium_e745:Prokka:EFM745_02008 (length 83)
/home/dich3309/rnaseq-tnseq-enterococcus-analysis/analyses/04_annotation/structural/prokka_np/efaecium_e745:Prokka:EFM745_02010 (length 71)
/home/dich3309/rnaseq-tnseq-enterococcus-analysis/analyses/04_annotation/structural/prokka_np/efaecium_e745:Prokka:EFM745_02011 (length 102)
/home/dich3309/rnaseq-tnseq-enterococcus-analysis/analyses/04_annotation/structural/prokka_np/efaecium_e745:Prokka:EFM745_02012 (length 392)
/home/dich3309/rnaseq-tnseq-enterococcus-analysis/analyses/04_annotation/structural/prokka_np/efaecium_e745:Prokka:EFM745_02013 (length 97)
/home/dich3309/rnaseq-tnseq-enterococcus-analysis/analyses/04_annotation/structural/prokka_np/efaecium_e745:Prokka:EFM745_02014 (length 773)
/home/dich3309/rnaseq-tnseq-enterococcus-analysis/analyses/04_annotation/structural/prokka_np/efaecium_e745:Prokka:EFM745_02015 (length 152)
/home/dich3309/rnaseq-tnseq-enterococcus-analysis/analyses/04_annotation/structural/prokka_np/efaecium_e745:Prokka:EFM745_02016 (length 337)
/home/dich3309/rnaseq-tnseq-enterococcus-analysis/analyses/04_annotation/structural/prokka_np/efaecium_e745:Prokka:EFM745_02017 (length 148)
/home/dich3309/rnaseq-tnseq-enterococcus-analysis/analyses/04_annotation/structural/prokka_np/efaecium_e745:Prokka:EFM745_02018 (length 271)
/home/dich3309/rnaseq-tnseq-enterococcus-analysis/analyses/04_annotation/structural/prokka_np/efaecium_e745:Prokka:EFM745_02019 (length 390)
/home/dich3309/rnaseq-tnseq-enterococcus-analysis/analyses/04_annotation/structural/prokka_np/efaecium_e745:Prokka:EFM745_02020 (length 65)
/home/dich3309/rnaseq-tnseq-enterococcus-analysis/analyses/04_annotation/structural/prokka_np/efaecium_e745:Prokka:EFM745_02021 (length 164)
/home/dich3309/rnaseq-tnseq-enterococcus-analysis/analyses/04_annotation/structural/prokka_np/efaecium_e745:Prokka:EFM745_02022 (length 140)
/home/dich3309/rnaseq-tnseq-enterococcus-analysis/analyses/04_annotation/structural/prokka_np/efaecium_e745:Prokka:EFM745_02023 (length 397)
/home/dich3309/rnaseq-tnseq-enterococcus-analysis/analyses/04_annotation/structural/prokka_np/efaecium_e745:Prokka:EFM745_02024 (length 125)
/home/dich3309/rnaseq-tnseq-enterococcus-analysis/analyses/04_annotation/structural/prokka_np/efaecium_e745:Prokka:EFM745_02025 (length 101)
/home/dich3309/rnaseq-tnseq-enterococcus-analysis/analyses/04_annotation/structural/prokka_np/efaecium_e745:Prokka:EFM745_02026 (length 147)
/home/dich3309/rnaseq-tnseq-enterococcus-analysis/analyses/04_annotation/structural/prokka_np/efaecium_e745:Prokka:EFM745_02027 (length 431)
/home/dich3309/rnaseq-tnseq-enterococcus-analysis/analyses/04_annotation/structural/prokka_np/efaecium_e745:Prokka:EFM745_02028 (length 271)
/home/dich3309/rnaseq-tnseq-enterococcus-analysis/analyses/04_annotation/structural/prokka_np/efaecium_e745:Prokka:EFM745_02029 (length 71)
/home/dich3309/rnaseq-tnseq-enterococcus-analysis/analyses/04_annotation/structural/prokka_np/efaecium_e745:Prokka:EFM745_02030 (length 392)
/home/dich3309/rnaseq-tnseq-enterococcus-analysis/analyses/04_annotation/structural/prokka_np/efaecium_e745:Prokka:EFM745_02031 (length 451)
/home/dich3309/rnaseq-tnseq-enterococcus-analysis/analyses/04_annotation/structural/prokka_np/efaecium_e745:Prokka:EFM745_02032 (length 81)
/home/dich3309/rnaseq-tnseq-enterococcus-analysis/analyses/04_annotation/structural/prokka_np/efaecium_e745:Prokka:EFM745_02033 (length 236)
/home/dich3309/rnaseq-tnseq-enterococcus-analysis/analyses/04_annotation/structural/prokka_np/efaecium_e745:Prokka:EFM745_02034 (length 165)
/home/dich3309/rnaseq-tnseq-enterococcus-analysis/analyses/04_annotation/structural/prokka_np/efaecium_e745:Prokka:EFM745_02035 (length 86)
/home/dich3309/rnaseq-tnseq-enterococcus-analysis/analyses/04_annotation/structural/prokka_np/efaecium_e745:Prokka:EFM745_02036 (length 79)
/home/dich3309/rnaseq-tnseq-enterococcus-analysis/analyses/04_annotation/structural/prokka_np/efaecium_e745:Prokka:EFM745_02037 (length 392)
/home/dich3309/rnaseq-tnseq-enterococcus-analysis/analyses/04_annotation/structural/prokka_np/efaecium_e745:Prokka:EFM745_02039 (length 392)
/home/dich3309/rnaseq-tnseq-enterococcus-analysis/analyses/04_annotation/structural/prokka_np/efaecium_e745:Prokka:EFM745_02041 (length 257)
/home/dich3309/rnaseq-tnseq-enterococcus-analysis/analyses/04_annotation/structural/prokka_np/efaecium_e745:Prokka:EFM745_02042 (length 116)
/home/dich3309/rnaseq-tnseq-enterococcus-analysis/analyses/04_annotation/structural/prokka_np/efaecium_e745:Prokka:EFM745_02043 (length 40)
/home/dich3309/rnaseq-tnseq-enterococcus-analysis/analyses/04_annotation/structural/prokka_np/efaecium_e745:Prokka:EFM745_02044 (length 190)
/home/dich3309/rnaseq-tnseq-enterococcus-analysis/analyses/04_annotation/structural/prokka_np/efaecium_e745:Prokka:EFM745_02045 (length 296)
/home/dich3309/rnaseq-tnseq-enterococcus-analysis/analyses/04_annotation/structural/prokka_np/efaecium_e745:Prokka:EFM745_02046 (length 185)
/home/dich3309/rnaseq-tnseq-enterococcus-analysis/analyses/04_annotation/structural/prokka_np/efaecium_e745:Prokka:EFM745_02047 (length 169)
/home/dich3309/rnaseq-tnseq-enterococcus-analysis/analyses/04_annotation/structural/prokka_np/efaecium_e745:Prokka:EFM745_02048 (length 241)
/home/dich3309/rnaseq-tnseq-enterococcus-analysis/analyses/04_annotation/structural/prokka_np/efaecium_e745:Prokka:EFM745_02049 (length 706)
/home/dich3309/rnaseq-tnseq-enterococcus-analysis/analyses/04_annotation/structural/prokka_np/efaecium_e745:Prokka:EFM745_02050 (length 392)
/home/dich3309/rnaseq-tnseq-enterococcus-analysis/analyses/04_annotation/structural/prokka_np/efaecium_e745:Prokka:EFM745_02051 (length 252)
/home/dich3309/rnaseq-tnseq-enterococcus-analysis/analyses/04_annotation/structural/prokka_np/efaecium_e745:Prokka:EFM745_02052 (length 161)
/home/dich3309/rnaseq-tnseq-enterococcus-analysis/analyses/04_annotation/structural/prokka_np/efaecium_e745:Prokka:EFM745_02053 (length 417)
/home/dich3309/rnaseq-tnseq-enterococcus-analysis/analyses/04_annotation/structural/prokka_np/efaecium_e745:Prokka:EFM745_02054 (length 449)
/home/dich3309/rnaseq-tnseq-enterococcus-analysis/analyses/04_annotation/structural/prokka_np/efaecium_e745:Prokka:EFM745_02055 (length 448)
/home/dich3309/rnaseq-tnseq-enterococcus-analysis/analyses/04_annotation/structural/prokka_np/efaecium_e745:Prokka:EFM745_02056 (length 431)
/home/dich3309/rnaseq-tnseq-enterococcus-analysis/analyses/04_annotation/structural/prokka_np/efaecium_e745:Prokka:EFM745_02057 (length 128)
/home/dich3309/rnaseq-tnseq-enterococcus-analysis/analyses/04_annotation/structural/prokka_np/efaecium_e745:Prokka:EFM745_02058 (length 481)
/home/dich3309/rnaseq-tnseq-enterococcus-analysis/analyses/04_annotation/structural/prokka_np/efaecium_e745:Prokka:EFM745_02059 (length 260)
/home/dich3309/rnaseq-tnseq-enterococcus-analysis/analyses/04_annotation/structural/prokka_np/efaecium_e745:Prokka:EFM745_02060 (length 319)
/home/dich3309/rnaseq-tnseq-enterococcus-analysis/analyses/04_annotation/structural/prokka_np/efaecium_e745:Prokka:EFM745_02061 (length 49)
/home/dich3309/rnaseq-tnseq-enterococcus-analysis/analyses/04_annotation/structural/prokka_np/efaecium_e745:Prokka:EFM745_02062 (length 70)
/home/dich3309/rnaseq-tnseq-enterococcus-analysis/analyses/04_annotation/structural/prokka_np/efaecium_e745:Prokka:EFM745_02063 (length 36)
/home/dich3309/rnaseq-tnseq-enterococcus-analysis/analyses/04_annotation/structural/prokka_np/efaecium_e745:Prokka:EFM745_02064 (length 599)
/home/dich3309/rnaseq-tnseq-enterococcus-analysis/analyses/04_annotation/structural/prokka_np/efaecium_e745:Prokka:EFM745_02065 (length 198)
/home/dich3309/rnaseq-tnseq-enterococcus-analysis/analyses/04_annotation/structural/prokka_np/efaecium_e745:Prokka:EFM745_02066 (length 317)
/home/dich3309/rnaseq-tnseq-enterococcus-analysis/analyses/04_annotation/structural/prokka_np/efaecium_e745:Prokka:EFM745_02067 (length 114)
/home/dich3309/rnaseq-tnseq-enterococcus-analysis/analyses/04_annotation/structural/prokka_np/efaecium_e745:Prokka:EFM745_02068 (length 139)
/home/dich3309/rnaseq-tnseq-enterococcus-analysis/analyses/04_annotation/structural/prokka_np/efaecium_e745:Prokka:EFM745_02069 (length 116)
/home/dich3309/rnaseq-tnseq-enterococcus-analysis/analyses/04_annotation/structural/prokka_np/efaecium_e745:Prokka:EFM745_02070 (length 443)
/home/dich3309/rnaseq-tnseq-enterococcus-analysis/analyses/04_annotation/structural/prokka_np/efaecium_e745:Prokka:EFM745_02071 (length 188)
/home/dich3309/rnaseq-tnseq-enterococcus-analysis/analyses/04_annotation/structural/prokka_np/efaecium_e745:Prokka:EFM745_02073 (length 401)
/home/dich3309/rnaseq-tnseq-enterococcus-analysis/analyses/04_annotation/structural/prokka_np/efaecium_e745:Prokka:EFM745_02074 (length 146)
/home/dich3309/rnaseq-tnseq-enterococcus-analysis/analyses/04_annotation/structural/prokka_np/efaecium_e745:Prokka:EFM745_02075 (length 217)
/home/dich3309/rnaseq-tnseq-enterococcus-analysis/analyses/04_annotation/structural/prokka_np/efaecium_e745:Prokka:EFM745_02076 (length 140)
/home/dich3309/rnaseq-tnseq-enterococcus-analysis/analyses/04_annotation/structural/prokka_np/efaecium_e745:Prokka:EFM745_02077 (length 124)
/home/dich3309/rnaseq-tnseq-enterococcus-analysis/analyses/04_annotation/structural/prokka_np/efaecium_e745:Prokka:EFM745_02078 (length 60)
/home/dich3309/rnaseq-tnseq-enterococcus-analysis/analyses/04_annotation/structural/prokka_np/efaecium_e745:Prokka:EFM745_02079 (length 106)
/home/dich3309/rnaseq-tnseq-enterococcus-analysis/analyses/04_annotation/structural/prokka_np/efaecium_e745:Prokka:EFM745_02080 (length 56)
/home/dich3309/rnaseq-tnseq-enterococcus-analysis/analyses/04_annotation/structural/prokka_np/efaecium_e745:Prokka:EFM745_02081 (length 50)
/home/dich3309/rnaseq-tnseq-enterococcus-analysis/analyses/04_annotation/structural/prokka_np/efaecium_e745:Prokka:EFM745_02082 (length 160)
/home/dich3309/rnaseq-tnseq-enterococcus-analysis/analyses/04_annotation/structural/prokka_np/efaecium_e745:Prokka:EFM745_02083 (length 232)
/home/dich3309/rnaseq-tnseq-enterococcus-analysis/analyses/04_annotation/structural/prokka_np/efaecium_e745:Prokka:EFM745_02084 (length 113)
/home/dich3309/rnaseq-tnseq-enterococcus-analysis/analyses/04_annotation/structural/prokka_np/efaecium_e745:Prokka:EFM745_02085 (length 223)
/home/dich3309/rnaseq-tnseq-enterococcus-analysis/analyses/04_annotation/structural/prokka_np/efaecium_e745:Prokka:EFM745_02086 (length 228)
/home/dich3309/rnaseq-tnseq-enterococcus-analysis/analyses/04_annotation/structural/prokka_np/efaecium_e745:Prokka:EFM745_02087 (length 249)
/home/dich3309/rnaseq-tnseq-enterococcus-analysis/analyses/04_annotation/structural/prokka_np/efaecium_e745:Prokka:EFM745_02088 (length 89)
/home/dich3309/rnaseq-tnseq-enterococcus-analysis/analyses/04_annotation/structural/prokka_np/efaecium_e745:Prokka:EFM745_02089 (length 54)
/home/dich3309/rnaseq-tnseq-enterococcus-analysis/analyses/04_annotation/structural/prokka_np/efaecium_e745:Prokka:EFM745_02090 (length 101)
/home/dich3309/rnaseq-tnseq-enterococcus-analysis/analyses/04_annotation/structural/prokka_np/efaecium_e745:Prokka:EFM745_02091 (length 96)
/home/dich3309/rnaseq-tnseq-enterococcus-analysis/analyses/04_annotation/structural/prokka_np/efaecium_e745:Prokka:EFM745_02092 (length 118)
/home/dich3309/rnaseq-tnseq-enterococcus-analysis/analyses/04_annotation/structural/prokka_np/efaecium_e745:Prokka:EFM745_02093 (length 81)
/home/dich3309/rnaseq-tnseq-enterococcus-analysis/analyses/04_annotation/structural/prokka_np/efaecium_e745:Prokka:EFM745_02094 (length 139)
/home/dich3309/rnaseq-tnseq-enterococcus-analysis/analyses/04_annotation/structural/prokka_np/efaecium_e745:Prokka:EFM745_02095 (length 188)
/home/dich3309/rnaseq-tnseq-enterococcus-analysis/analyses/04_annotation/structural/prokka_np/efaecium_e745:Prokka:EFM745_02096 (length 44)
/home/dich3309/rnaseq-tnseq-enterococcus-analysis/analyses/04_annotation/structural/prokka_np/efaecium_e745:Prokka:EFM745_02097 (length 229)
/home/dich3309/rnaseq-tnseq-enterococcus-analysis/analyses/04_annotation/structural/prokka_np/efaecium_e745:Prokka:EFM745_02098 (length 158)
/home/dich3309/rnaseq-tnseq-enterococcus-analysis/analyses/04_annotation/structural/prokka_np/efaecium_e745:Prokka:EFM745_02099 (length 98)
/home/dich3309/rnaseq-tnseq-enterococcus-analysis/analyses/04_annotation/structural/prokka_np/efaecium_e745:Prokka:EFM745_02100 (length 128)
/home/dich3309/rnaseq-tnseq-enterococcus-analysis/analyses/04_annotation/structural/prokka_np/efaecium_e745:Prokka:EFM745_02101 (length 128)
/home/dich3309/rnaseq-tnseq-enterococcus-analysis/analyses/04_annotation/structural/prokka_np/efaecium_e745:Prokka:EFM745_02102 (length 126)
/home/dich3309/rnaseq-tnseq-enterococcus-analysis/analyses/04_annotation/structural/prokka_np/efaecium_e745:Prokka:EFM745_02103 (length 150)
/home/dich3309/rnaseq-tnseq-enterococcus-analysis/analyses/04_annotation/structural/prokka_np/efaecium_e745:Prokka:EFM745_02104 (length 575)
/home/dich3309/rnaseq-tnseq-enterococcus-analysis/analyses/04_annotation/structural/prokka_np/efaecium_e745:Prokka:EFM745_02105 (length 409)
/home/dich3309/rnaseq-tnseq-enterococcus-analysis/analyses/04_annotation/structural/prokka_np/efaecium_e745:Prokka:EFM745_02106 (length 189)
/home/dich3309/rnaseq-tnseq-enterococcus-analysis/analyses/04_annotation/structural/prokka_np/efaecium_e745:Prokka:EFM745_02107 (length 453)
/home/dich3309/rnaseq-tnseq-enterococcus-analysis/analyses/04_annotation/structural/prokka_np/efaecium_e745:Prokka:EFM745_02108 (length 92)
/home/dich3309/rnaseq-tnseq-enterococcus-analysis/analyses/04_annotation/structural/prokka_np/efaecium_e745:Prokka:EFM745_02109 (length 108)
/home/dich3309/rnaseq-tnseq-enterococcus-analysis/analyses/04_annotation/structural/prokka_np/efaecium_e745:Prokka:EFM745_02110 (length 112)
/home/dich3309/rnaseq-tnseq-enterococcus-analysis/analyses/04_annotation/structural/prokka_np/efaecium_e745:Prokka:EFM745_02111 (length 121)
/home/dich3309/rnaseq-tnseq-enterococcus-analysis/analyses/04_annotation/structural/prokka_np/efaecium_e745:Prokka:EFM745_02112 (length 208)
/home/dich3309/rnaseq-tnseq-enterococcus-analysis/analyses/04_annotation/structural/prokka_np/efaecium_e745:Prokka:EFM745_02113 (length 154)
/home/dich3309/rnaseq-tnseq-enterococcus-analysis/analyses/04_annotation/structural/prokka_np/efaecium_e745:Prokka:EFM745_02114 (length 769)
/home/dich3309/rnaseq-tnseq-enterococcus-analysis/analyses/04_annotation/structural/prokka_np/efaecium_e745:Prokka:EFM745_02115 (length 239)
/home/dich3309/rnaseq-tnseq-enterococcus-analysis/analyses/04_annotation/structural/prokka_np/efaecium_e745:Prokka:EFM745_02116 (length 901)
/home/dich3309/rnaseq-tnseq-enterococcus-analysis/analyses/04_annotation/structural/prokka_np/efaecium_e745:Prokka:EFM745_02117 (length 572)
/home/dich3309/rnaseq-tnseq-enterococcus-analysis/analyses/04_annotation/structural/prokka_np/efaecium_e745:Prokka:EFM745_02118 (length 260)
/home/dich3309/rnaseq-tnseq-enterococcus-analysis/analyses/04_annotation/structural/prokka_np/efaecium_e745:Prokka:EFM745_02119 (length 688)
/home/dich3309/rnaseq-tnseq-enterococcus-analysis/analyses/04_annotation/structural/prokka_np/efaecium_e745:Prokka:EFM745_02120 (length 148)
/home/dich3309/rnaseq-tnseq-enterococcus-analysis/analyses/04_annotation/structural/prokka_np/efaecium_e745:Prokka:EFM745_02121 (length 45)
/home/dich3309/rnaseq-tnseq-enterococcus-analysis/analyses/04_annotation/structural/prokka_np/efaecium_e745:Prokka:EFM745_02122 (length 97)
/home/dich3309/rnaseq-tnseq-enterococcus-analysis/analyses/04_annotation/structural/prokka_np/efaecium_e745:Prokka:EFM745_02123 (length 65)
/home/dich3309/rnaseq-tnseq-enterococcus-analysis/analyses/04_annotation/structural/prokka_np/efaecium_e745:Prokka:EFM745_02124 (length 339)
/home/dich3309/rnaseq-tnseq-enterococcus-analysis/analyses/04_annotation/structural/prokka_np/efaecium_e745:Prokka:EFM745_02125 (length 268)
/home/dich3309/rnaseq-tnseq-enterococcus-analysis/analyses/04_annotation/structural/prokka_np/efaecium_e745:Prokka:EFM745_02126 (length 178)
/home/dich3309/rnaseq-tnseq-enterococcus-analysis/analyses/04_annotation/structural/prokka_np/efaecium_e745:Prokka:EFM745_02127 (length 193)
/home/dich3309/rnaseq-tnseq-enterococcus-analysis/analyses/04_annotation/structural/prokka_np/efaecium_e745:Prokka:EFM745_02128 (length 392)
/home/dich3309/rnaseq-tnseq-enterococcus-analysis/analyses/04_annotation/structural/prokka_np/efaecium_e745:Prokka:EFM745_02129 (length 116)
/home/dich3309/rnaseq-tnseq-enterococcus-analysis/analyses/04_annotation/structural/prokka_np/efaecium_e745:Prokka:EFM745_02130 (length 481)
/home/dich3309/rnaseq-tnseq-enterococcus-analysis/analyses/04_annotation/structural/prokka_np/efaecium_e745:Prokka:EFM745_02131 (length 631)
/home/dich3309/rnaseq-tnseq-enterococcus-analysis/analyses/04_annotation/structural/prokka_np/efaecium_e745:Prokka:EFM745_02132 (length 148)
/home/dich3309/rnaseq-tnseq-enterococcus-analysis/analyses/04_annotation/structural/prokka_np/efaecium_e745:Prokka:EFM745_02133 (length 49)
/home/dich3309/rnaseq-tnseq-enterococcus-analysis/analyses/04_annotation/structural/prokka_np/efaecium_e745:Prokka:EFM745_02134 (length 172)
/home/dich3309/rnaseq-tnseq-enterococcus-analysis/analyses/04_annotation/structural/prokka_np/efaecium_e745:Prokka:EFM745_02135 (length 318)
/home/dich3309/rnaseq-tnseq-enterococcus-analysis/analyses/04_annotation/structural/prokka_np/efaecium_e745:Prokka:EFM745_02136 (length 268)
/home/dich3309/rnaseq-tnseq-enterococcus-analysis/analyses/04_annotation/structural/prokka_np/efaecium_e745:Prokka:EFM745_02137 (length 329)
/home/dich3309/rnaseq-tnseq-enterococcus-analysis/analyses/04_annotation/structural/prokka_np/efaecium_e745:Prokka:EFM745_02138 (length 334)
/home/dich3309/rnaseq-tnseq-enterococcus-analysis/analyses/04_annotation/structural/prokka_np/efaecium_e745:Prokka:EFM745_02139 (length 180)
/home/dich3309/rnaseq-tnseq-enterococcus-analysis/analyses/04_annotation/structural/prokka_np/efaecium_e745:Prokka:EFM745_02140 (length 232)
/home/dich3309/rnaseq-tnseq-enterococcus-analysis/analyses/04_annotation/structural/prokka_np/efaecium_e745:Prokka:EFM745_02141 (length 70)
/home/dich3309/rnaseq-tnseq-enterococcus-analysis/analyses/04_annotation/structural/prokka_np/efaecium_e745:Prokka:EFM745_02142 (length 320)
/home/dich3309/rnaseq-tnseq-enterococcus-analysis/analyses/04_annotation/structural/prokka_np/efaecium_e745:Prokka:EFM745_02143 (length 131)
/home/dich3309/rnaseq-tnseq-enterococcus-analysis/analyses/04_annotation/structural/prokka_np/efaecium_e745:Prokka:EFM745_02144 (length 121)
/home/dich3309/rnaseq-tnseq-enterococcus-analysis/analyses/04_annotation/structural/prokka_np/efaecium_e745:Prokka:EFM745_02145 (length 603)
/home/dich3309/rnaseq-tnseq-enterococcus-analysis/analyses/04_annotation/structural/prokka_np/efaecium_e745:Prokka:EFM745_02146 (length 55)
/home/dich3309/rnaseq-tnseq-enterococcus-analysis/analyses/04_annotation/structural/prokka_np/efaecium_e745:Prokka:EFM745_02147 (length 329)
/home/dich3309/rnaseq-tnseq-enterococcus-analysis/analyses/04_annotation/structural/prokka_np/efaecium_e745:Prokka:EFM745_02148 (length 494)
/home/dich3309/rnaseq-tnseq-enterococcus-analysis/analyses/04_annotation/structural/prokka_np/efaecium_e745:Prokka:EFM745_02149 (length 326)
/home/dich3309/rnaseq-tnseq-enterococcus-analysis/analyses/04_annotation/structural/prokka_np/efaecium_e745:Prokka:EFM745_02150 (length 274)
/home/dich3309/rnaseq-tnseq-enterococcus-analysis/analyses/04_annotation/structural/prokka_np/efaecium_e745:Prokka:EFM745_02151 (length 180)
/home/dich3309/rnaseq-tnseq-enterococcus-analysis/analyses/04_annotation/structural/prokka_np/efaecium_e745:Prokka:EFM745_02152 (length 154)
/home/dich3309/rnaseq-tnseq-enterococcus-analysis/analyses/04_annotation/structural/prokka_np/efaecium_e745:Prokka:EFM745_02153 (length 338)
/home/dich3309/rnaseq-tnseq-enterococcus-analysis/analyses/04_annotation/structural/prokka_np/efaecium_e745:Prokka:EFM745_02154 (length 233)
/home/dich3309/rnaseq-tnseq-enterococcus-analysis/analyses/04_annotation/structural/prokka_np/efaecium_e745:Prokka:EFM745_02155 (length 409)
/home/dich3309/rnaseq-tnseq-enterococcus-analysis/analyses/04_annotation/structural/prokka_np/efaecium_e745:Prokka:EFM745_02156 (length 339)
/home/dich3309/rnaseq-tnseq-enterococcus-analysis/analyses/04_annotation/structural/prokka_np/efaecium_e745:Prokka:EFM745_02157 (length 315)
/home/dich3309/rnaseq-tnseq-enterococcus-analysis/analyses/04_annotation/structural/prokka_np/efaecium_e745:Prokka:EFM745_02158 (length 563)
/home/dich3309/rnaseq-tnseq-enterococcus-analysis/analyses/04_annotation/structural/prokka_np/efaecium_e745:Prokka:EFM745_02159 (length 181)
/home/dich3309/rnaseq-tnseq-enterococcus-analysis/analyses/04_annotation/structural/prokka_np/efaecium_e745:Prokka:EFM745_02160 (length 42)
/home/dich3309/rnaseq-tnseq-enterococcus-analysis/analyses/04_annotation/structural/prokka_np/efaecium_e745:Prokka:EFM745_02161 (length 363)
/home/dich3309/rnaseq-tnseq-enterococcus-analysis/analyses/04_annotation/structural/prokka_np/efaecium_e745:Prokka:EFM745_02162 (length 159)
/home/dich3309/rnaseq-tnseq-enterococcus-analysis/analyses/04_annotation/structural/prokka_np/efaecium_e745:Prokka:EFM745_02163 (length 260)
/home/dich3309/rnaseq-tnseq-enterococcus-analysis/analyses/04_annotation/structural/prokka_np/efaecium_e745:Prokka:EFM745_02164 (length 293)
/home/dich3309/rnaseq-tnseq-enterococcus-analysis/analyses/04_annotation/structural/prokka_np/efaecium_e745:Prokka:EFM745_02165 (length 240)
/home/dich3309/rnaseq-tnseq-enterococcus-analysis/analyses/04_annotation/structural/prokka_np/efaecium_e745:Prokka:EFM745_02166 (length 185)
/home/dich3309/rnaseq-tnseq-enterococcus-analysis/analyses/04_annotation/structural/prokka_np/efaecium_e745:Prokka:EFM745_02167 (length 270)
/home/dich3309/rnaseq-tnseq-enterococcus-analysis/analyses/04_annotation/structural/prokka_np/efaecium_e745:Prokka:EFM745_02168 (length 266)
/home/dich3309/rnaseq-tnseq-enterococcus-analysis/analyses/04_annotation/structural/prokka_np/efaecium_e745:Prokka:EFM745_02169 (length 422)
/home/dich3309/rnaseq-tnseq-enterococcus-analysis/analyses/04_annotation/structural/prokka_np/efaecium_e745:Prokka:EFM745_02170 (length 569)
/home/dich3309/rnaseq-tnseq-enterococcus-analysis/analyses/04_annotation/structural/prokka_np/efaecium_e745:Prokka:EFM745_02171 (length 1452)
/home/dich3309/rnaseq-tnseq-enterococcus-analysis/analyses/04_annotation/structural/prokka_np/efaecium_e745:Prokka:EFM745_02172 (length 157)
/home/dich3309/rnaseq-tnseq-enterococcus-analysis/analyses/04_annotation/structural/prokka_np/efaecium_e745:Prokka:EFM745_02173 (length 391)
/home/dich3309/rnaseq-tnseq-enterococcus-analysis/analyses/04_annotation/structural/prokka_np/efaecium_e745:Prokka:EFM745_02174 (length 97)
/home/dich3309/rnaseq-tnseq-enterococcus-analysis/analyses/04_annotation/structural/prokka_np/efaecium_e745:Prokka:EFM745_02175 (length 103)
/home/dich3309/rnaseq-tnseq-enterococcus-analysis/analyses/04_annotation/structural/prokka_np/efaecium_e745:Prokka:EFM745_02176 (length 768)
/home/dich3309/rnaseq-tnseq-enterococcus-analysis/analyses/04_annotation/structural/prokka_np/efaecium_e745:Prokka:EFM745_02177 (length 115)
/home/dich3309/rnaseq-tnseq-enterococcus-analysis/analyses/04_annotation/structural/prokka_np/efaecium_e745:Prokka:EFM745_02178 (length 155)
/home/dich3309/rnaseq-tnseq-enterococcus-analysis/analyses/04_annotation/structural/prokka_np/efaecium_e745:Prokka:EFM745_02179 (length 329)
/home/dich3309/rnaseq-tnseq-enterococcus-analysis/analyses/04_annotation/structural/prokka_np/efaecium_e745:Prokka:EFM745_02180 (length 294)
/home/dich3309/rnaseq-tnseq-enterococcus-analysis/analyses/04_annotation/structural/prokka_np/efaecium_e745:Prokka:EFM745_02181 (length 307)
/home/dich3309/rnaseq-tnseq-enterococcus-analysis/analyses/04_annotation/structural/prokka_np/efaecium_e745:Prokka:EFM745_02182 (length 313)
/home/dich3309/rnaseq-tnseq-enterococcus-analysis/analyses/04_annotation/structural/prokka_np/efaecium_e745:Prokka:EFM745_02183 (length 261)
/home/dich3309/rnaseq-tnseq-enterococcus-analysis/analyses/04_annotation/structural/prokka_np/efaecium_e745:Prokka:EFM745_02184 (length 283)
/home/dich3309/rnaseq-tnseq-enterococcus-analysis/analyses/04_annotation/structural/prokka_np/efaecium_e745:Prokka:EFM745_02185 (length 150)
/home/dich3309/rnaseq-tnseq-enterococcus-analysis/analyses/04_annotation/structural/prokka_np/efaecium_e745:Prokka:EFM745_02186 (length 122)
/home/dich3309/rnaseq-tnseq-enterococcus-analysis/analyses/04_annotation/structural/prokka_np/efaecium_e745:Prokka:EFM745_02187 (length 160)
/home/dich3309/rnaseq-tnseq-enterococcus-analysis/analyses/04_annotation/structural/prokka_np/efaecium_e745:Prokka:EFM745_02188 (length 336)
/home/dich3309/rnaseq-tnseq-enterococcus-analysis/analyses/04_annotation/structural/prokka_np/efaecium_e745:Prokka:EFM745_02189 (length 237)
/home/dich3309/rnaseq-tnseq-enterococcus-analysis/analyses/04_annotation/structural/prokka_np/efaecium_e745:Prokka:EFM745_02190 (length 196)
/home/dich3309/rnaseq-tnseq-enterococcus-analysis/analyses/04_annotation/structural/prokka_np/efaecium_e745:Prokka:EFM745_02191 (length 75)
/home/dich3309/rnaseq-tnseq-enterococcus-analysis/analyses/04_annotation/structural/prokka_np/efaecium_e745:Prokka:EFM745_02192 (length 388)
/home/dich3309/rnaseq-tnseq-enterococcus-analysis/analyses/04_annotation/structural/prokka_np/efaecium_e745:Prokka:EFM745_02193 (length 347)
/home/dich3309/rnaseq-tnseq-enterococcus-analysis/analyses/04_annotation/structural/prokka_np/efaecium_e745:Prokka:EFM745_02194 (length 187)
/home/dich3309/rnaseq-tnseq-enterococcus-analysis/analyses/04_annotation/structural/prokka_np/efaecium_e745:Prokka:EFM745_02195 (length 609)
/home/dich3309/rnaseq-tnseq-enterococcus-analysis/analyses/04_annotation/structural/prokka_np/efaecium_e745:Prokka:EFM745_02196 (length 388)
/home/dich3309/rnaseq-tnseq-enterococcus-analysis/analyses/04_annotation/structural/prokka_np/efaecium_e745:Prokka:EFM745_02197 (length 209)
/home/dich3309/rnaseq-tnseq-enterococcus-analysis/analyses/04_annotation/structural/prokka_np/efaecium_e745:Prokka:EFM745_02198 (length 245)
/home/dich3309/rnaseq-tnseq-enterococcus-analysis/analyses/04_annotation/structural/prokka_np/efaecium_e745:Prokka:EFM745_02199 (length 500)
/home/dich3309/rnaseq-tnseq-enterococcus-analysis/analyses/04_annotation/structural/prokka_np/efaecium_e745:Prokka:EFM745_02200 (length 664)
/home/dich3309/rnaseq-tnseq-enterococcus-analysis/analyses/04_annotation/structural/prokka_np/efaecium_e745:Prokka:EFM745_02201 (length 938)
/home/dich3309/rnaseq-tnseq-enterococcus-analysis/analyses/04_annotation/structural/prokka_np/efaecium_e745:Prokka:EFM745_02202 (length 421)
/home/dich3309/rnaseq-tnseq-enterococcus-analysis/analyses/04_annotation/structural/prokka_np/efaecium_e745:Prokka:EFM745_02203 (length 243)
/home/dich3309/rnaseq-tnseq-enterococcus-analysis/analyses/04_annotation/structural/prokka_np/efaecium_e745:Prokka:EFM745_02204 (length 294)
/home/dich3309/rnaseq-tnseq-enterococcus-analysis/analyses/04_annotation/structural/prokka_np/efaecium_e745:Prokka:EFM745_02205 (length 332)
/home/dich3309/rnaseq-tnseq-enterococcus-analysis/analyses/04_annotation/structural/prokka_np/efaecium_e745:Prokka:EFM745_02206 (length 311)
/home/dich3309/rnaseq-tnseq-enterococcus-analysis/analyses/04_annotation/structural/prokka_np/efaecium_e745:Prokka:EFM745_02207 (length 66)
/home/dich3309/rnaseq-tnseq-enterococcus-analysis/analyses/04_annotation/structural/prokka_np/efaecium_e745:Prokka:EFM745_02208 (length 208)
/home/dich3309/rnaseq-tnseq-enterococcus-analysis/analyses/04_annotation/structural/prokka_np/efaecium_e745:Prokka:EFM745_02209 (length 138)
/home/dich3309/rnaseq-tnseq-enterococcus-analysis/analyses/04_annotation/structural/prokka_np/efaecium_e745:Prokka:EFM745_02210 (length 317)
/home/dich3309/rnaseq-tnseq-enterococcus-analysis/analyses/04_annotation/structural/prokka_np/efaecium_e745:Prokka:EFM745_02211 (length 83)
/home/dich3309/rnaseq-tnseq-enterococcus-analysis/analyses/04_annotation/structural/prokka_np/efaecium_e745:Prokka:EFM745_02212 (length 85)
/home/dich3309/rnaseq-tnseq-enterococcus-analysis/analyses/04_annotation/structural/prokka_np/efaecium_e745:Prokka:EFM745_02213 (length 195)
/home/dich3309/rnaseq-tnseq-enterococcus-analysis/analyses/04_annotation/structural/prokka_np/efaecium_e745:Prokka:EFM745_02214 (length 185)
/home/dich3309/rnaseq-tnseq-enterococcus-analysis/analyses/04_annotation/structural/prokka_np/efaecium_e745:Prokka:EFM745_02215 (length 173)
/home/dich3309/rnaseq-tnseq-enterococcus-analysis/analyses/04_annotation/structural/prokka_np/efaecium_e745:Prokka:EFM745_02216 (length 1230)
/home/dich3309/rnaseq-tnseq-enterococcus-analysis/analyses/04_annotation/structural/prokka_np/efaecium_e745:Prokka:EFM745_02217 (length 295)
/home/dich3309/rnaseq-tnseq-enterococcus-analysis/analyses/04_annotation/structural/prokka_np/efaecium_e745:Prokka:EFM745_02218 (length 389)
/home/dich3309/rnaseq-tnseq-enterococcus-analysis/analyses/04_annotation/structural/prokka_np/efaecium_e745:Prokka:EFM745_02219 (length 451)
/home/dich3309/rnaseq-tnseq-enterococcus-analysis/analyses/04_annotation/structural/prokka_np/efaecium_e745:Prokka:EFM745_02220 (length 601)
/home/dich3309/rnaseq-tnseq-enterococcus-analysis/analyses/04_annotation/structural/prokka_np/efaecium_e745:Prokka:EFM745_02222 (length 96)
/home/dich3309/rnaseq-tnseq-enterococcus-analysis/analyses/04_annotation/structural/prokka_np/efaecium_e745:Prokka:EFM745_02223 (length 341)
/home/dich3309/rnaseq-tnseq-enterococcus-analysis/analyses/04_annotation/structural/prokka_np/efaecium_e745:Prokka:EFM745_02224 (length 219)
/home/dich3309/rnaseq-tnseq-enterococcus-analysis/analyses/04_annotation/structural/prokka_np/efaecium_e745:Prokka:EFM745_02225 (length 305)
/home/dich3309/rnaseq-tnseq-enterococcus-analysis/analyses/04_annotation/structural/prokka_np/efaecium_e745:Prokka:EFM745_02226 (length 429)
/home/dich3309/rnaseq-tnseq-enterococcus-analysis/analyses/04_annotation/structural/prokka_np/efaecium_e745:Prokka:EFM745_02227 (length 156)
/home/dich3309/rnaseq-tnseq-enterococcus-analysis/analyses/04_annotation/structural/prokka_np/efaecium_e745:Prokka:EFM745_02228 (length 253)
/home/dich3309/rnaseq-tnseq-enterococcus-analysis/analyses/04_annotation/structural/prokka_np/efaecium_e745:Prokka:EFM745_02229 (length 195)
/home/dich3309/rnaseq-tnseq-enterococcus-analysis/analyses/04_annotation/structural/prokka_np/efaecium_e745:Prokka:EFM745_02230 (length 51)
/home/dich3309/rnaseq-tnseq-enterococcus-analysis/analyses/04_annotation/structural/prokka_np/efaecium_e745:Prokka:EFM745_02231 (length 442)
/home/dich3309/rnaseq-tnseq-enterococcus-analysis/analyses/04_annotation/structural/prokka_np/efaecium_e745:Prokka:EFM745_02232 (length 69)
/home/dich3309/rnaseq-tnseq-enterococcus-analysis/analyses/04_annotation/structural/prokka_np/efaecium_e745:Prokka:EFM745_02233 (length 250)
/home/dich3309/rnaseq-tnseq-enterococcus-analysis/analyses/04_annotation/structural/prokka_np/efaecium_e745:Prokka:EFM745_02234 (length 304)
/home/dich3309/rnaseq-tnseq-enterococcus-analysis/analyses/04_annotation/structural/prokka_np/efaecium_e745:Prokka:EFM745_02235 (length 643)
/home/dich3309/rnaseq-tnseq-enterococcus-analysis/analyses/04_annotation/structural/prokka_np/efaecium_e745:Prokka:EFM745_02236 (length 519)
/home/dich3309/rnaseq-tnseq-enterococcus-analysis/analyses/04_annotation/structural/prokka_np/efaecium_e745:Prokka:EFM745_02237 (length 744)
/home/dich3309/rnaseq-tnseq-enterococcus-analysis/analyses/04_annotation/structural/prokka_np/efaecium_e745:Prokka:EFM745_02238 (length 678)
/home/dich3309/rnaseq-tnseq-enterococcus-analysis/analyses/04_annotation/structural/prokka_np/efaecium_e745:Prokka:EFM745_02239 (length 101)
/home/dich3309/rnaseq-tnseq-enterococcus-analysis/analyses/04_annotation/structural/prokka_np/efaecium_e745:Prokka:EFM745_02240 (length 490)
/home/dich3309/rnaseq-tnseq-enterococcus-analysis/analyses/04_annotation/structural/prokka_np/efaecium_e745:Prokka:EFM745_02241 (length 476)
/home/dich3309/rnaseq-tnseq-enterococcus-analysis/analyses/04_annotation/structural/prokka_np/efaecium_e745:Prokka:EFM745_02242 (length 351)
/home/dich3309/rnaseq-tnseq-enterococcus-analysis/analyses/04_annotation/structural/prokka_np/efaecium_e745:Prokka:EFM745_02243 (length 457)
/home/dich3309/rnaseq-tnseq-enterococcus-analysis/analyses/04_annotation/structural/prokka_np/efaecium_e745:Prokka:EFM745_02244 (length 42)
/home/dich3309/rnaseq-tnseq-enterococcus-analysis/analyses/04_annotation/structural/prokka_np/efaecium_e745:Prokka:EFM745_02245 (length 337)
/home/dich3309/rnaseq-tnseq-enterococcus-analysis/analyses/04_annotation/structural/prokka_np/efaecium_e745:Prokka:EFM745_02246 (length 344)
/home/dich3309/rnaseq-tnseq-enterococcus-analysis/analyses/04_annotation/structural/prokka_np/efaecium_e745:Prokka:EFM745_02247 (length 741)
/home/dich3309/rnaseq-tnseq-enterococcus-analysis/analyses/04_annotation/structural/prokka_np/efaecium_e745:Prokka:EFM745_02248 (length 627)
/home/dich3309/rnaseq-tnseq-enterococcus-analysis/analyses/04_annotation/structural/prokka_np/efaecium_e745:Prokka:EFM745_02249 (length 324)
/home/dich3309/rnaseq-tnseq-enterococcus-analysis/analyses/04_annotation/structural/prokka_np/efaecium_e745:Prokka:EFM745_02251 (length 340)
/home/dich3309/rnaseq-tnseq-enterococcus-analysis/analyses/04_annotation/structural/prokka_np/efaecium_e745:Prokka:EFM745_02252 (length 354)
/home/dich3309/rnaseq-tnseq-enterococcus-analysis/analyses/04_annotation/structural/prokka_np/efaecium_e745:Prokka:EFM745_02253 (length 388)
/home/dich3309/rnaseq-tnseq-enterococcus-analysis/analyses/04_annotation/structural/prokka_np/efaecium_e745:Prokka:EFM745_02254 (length 363)
/home/dich3309/rnaseq-tnseq-enterococcus-analysis/analyses/04_annotation/structural/prokka_np/efaecium_e745:Prokka:EFM745_02255 (length 431)
/home/dich3309/rnaseq-tnseq-enterococcus-analysis/analyses/04_annotation/structural/prokka_np/efaecium_e745:Prokka:EFM745_02256 (length 169)
/home/dich3309/rnaseq-tnseq-enterococcus-analysis/analyses/04_annotation/structural/prokka_np/efaecium_e745:Prokka:EFM745_02257 (length 278)
/home/dich3309/rnaseq-tnseq-enterococcus-analysis/analyses/04_annotation/structural/prokka_np/efaecium_e745:Prokka:EFM745_02258 (length 578)
/home/dich3309/rnaseq-tnseq-enterococcus-analysis/analyses/04_annotation/structural/prokka_np/efaecium_e745:Prokka:EFM745_02259 (length 291)
/home/dich3309/rnaseq-tnseq-enterococcus-analysis/analyses/04_annotation/structural/prokka_np/efaecium_e745:Prokka:EFM745_02260 (length 192)
/home/dich3309/rnaseq-tnseq-enterococcus-analysis/analyses/04_annotation/structural/prokka_np/efaecium_e745:Prokka:EFM745_02261 (length 428)
/home/dich3309/rnaseq-tnseq-enterococcus-analysis/analyses/04_annotation/structural/prokka_np/efaecium_e745:Prokka:EFM745_02262 (length 289)
/home/dich3309/rnaseq-tnseq-enterococcus-analysis/analyses/04_annotation/structural/prokka_np/efaecium_e745:Prokka:EFM745_02263 (length 289)
/home/dich3309/rnaseq-tnseq-enterococcus-analysis/analyses/04_annotation/structural/prokka_np/efaecium_e745:Prokka:EFM745_02264 (length 223)
/home/dich3309/rnaseq-tnseq-enterococcus-analysis/analyses/04_annotation/structural/prokka_np/efaecium_e745:Prokka:EFM745_02265 (length 257)
/home/dich3309/rnaseq-tnseq-enterococcus-analysis/analyses/04_annotation/structural/prokka_np/efaecium_e745:Prokka:EFM745_02266 (length 132)
/home/dich3309/rnaseq-tnseq-enterococcus-analysis/analyses/04_annotation/structural/prokka_np/efaecium_e745:Prokka:EFM745_02267 (length 223)
/home/dich3309/rnaseq-tnseq-enterococcus-analysis/analyses/04_annotation/structural/prokka_np/efaecium_e745:Prokka:EFM745_02268 (length 146)
/home/dich3309/rnaseq-tnseq-enterococcus-analysis/analyses/04_annotation/structural/prokka_np/efaecium_e745:Prokka:EFM745_02269 (length 222)
/home/dich3309/rnaseq-tnseq-enterococcus-analysis/analyses/04_annotation/structural/prokka_np/efaecium_e745:Prokka:EFM745_02270 (length 207)
/home/dich3309/rnaseq-tnseq-enterococcus-analysis/analyses/04_annotation/structural/prokka_np/efaecium_e745:Prokka:EFM745_02271 (length 128)
/home/dich3309/rnaseq-tnseq-enterococcus-analysis/analyses/04_annotation/structural/prokka_np/efaecium_e745:Prokka:EFM745_02272 (length 463)
/home/dich3309/rnaseq-tnseq-enterococcus-analysis/analyses/04_annotation/structural/prokka_np/efaecium_e745:Prokka:EFM745_02273 (length 122)
/home/dich3309/rnaseq-tnseq-enterococcus-analysis/analyses/04_annotation/structural/prokka_np/efaecium_e745:Prokka:EFM745_02274 (length 43)
/home/dich3309/rnaseq-tnseq-enterococcus-analysis/analyses/04_annotation/structural/prokka_np/efaecium_e745:Prokka:EFM745_02275 (length 313)
/home/dich3309/rnaseq-tnseq-enterococcus-analysis/analyses/04_annotation/structural/prokka_np/efaecium_e745:Prokka:EFM745_02276 (length 243)
/home/dich3309/rnaseq-tnseq-enterococcus-analysis/analyses/04_annotation/structural/prokka_np/efaecium_e745:Prokka:EFM745_02277 (length 726)
/home/dich3309/rnaseq-tnseq-enterococcus-analysis/analyses/04_annotation/structural/prokka_np/efaecium_e745:Prokka:EFM745_02278 (length 160)
/home/dich3309/rnaseq-tnseq-enterococcus-analysis/analyses/04_annotation/structural/prokka_np/efaecium_e745:Prokka:EFM745_02279 (length 253)
/home/dich3309/rnaseq-tnseq-enterococcus-analysis/analyses/04_annotation/structural/prokka_np/efaecium_e745:Prokka:EFM745_02280 (length 444)
/home/dich3309/rnaseq-tnseq-enterococcus-analysis/analyses/04_annotation/structural/prokka_np/efaecium_e745:Prokka:EFM745_02281 (length 161)
/home/dich3309/rnaseq-tnseq-enterococcus-analysis/analyses/04_annotation/structural/prokka_np/efaecium_e745:Prokka:EFM745_02282 (length 227)
/home/dich3309/rnaseq-tnseq-enterococcus-analysis/analyses/04_annotation/structural/prokka_np/efaecium_e745:Prokka:EFM745_02283 (length 881)
/home/dich3309/rnaseq-tnseq-enterococcus-analysis/analyses/04_annotation/structural/prokka_np/efaecium_e745:Prokka:EFM745_02284 (length 278)
/home/dich3309/rnaseq-tnseq-enterococcus-analysis/analyses/04_annotation/structural/prokka_np/efaecium_e745:Prokka:EFM745_02285 (length 209)
/home/dich3309/rnaseq-tnseq-enterococcus-analysis/analyses/04_annotation/structural/prokka_np/efaecium_e745:Prokka:EFM745_02286 (length 110)
/home/dich3309/rnaseq-tnseq-enterococcus-analysis/analyses/04_annotation/structural/prokka_np/efaecium_e745:Prokka:EFM745_02287 (length 163)
/home/dich3309/rnaseq-tnseq-enterococcus-analysis/analyses/04_annotation/structural/prokka_np/efaecium_e745:Prokka:EFM745_02288 (length 457)
/home/dich3309/rnaseq-tnseq-enterococcus-analysis/analyses/04_annotation/structural/prokka_np/efaecium_e745:Prokka:EFM745_02289 (length 73)
/home/dich3309/rnaseq-tnseq-enterococcus-analysis/analyses/04_annotation/structural/prokka_np/efaecium_e745:Prokka:EFM745_02290 (length 235)
/home/dich3309/rnaseq-tnseq-enterococcus-analysis/analyses/04_annotation/structural/prokka_np/efaecium_e745:Prokka:EFM745_02291 (length 146)
/home/dich3309/rnaseq-tnseq-enterococcus-analysis/analyses/04_annotation/structural/prokka_np/efaecium_e745:Prokka:EFM745_02292 (length 431)
/home/dich3309/rnaseq-tnseq-enterococcus-analysis/analyses/04_annotation/structural/prokka_np/efaecium_e745:Prokka:EFM745_02293 (length 233)
/home/dich3309/rnaseq-tnseq-enterococcus-analysis/analyses/04_annotation/structural/prokka_np/efaecium_e745:Prokka:EFM745_02294 (length 90)
/home/dich3309/rnaseq-tnseq-enterococcus-analysis/analyses/04_annotation/structural/prokka_np/efaecium_e745:Prokka:EFM745_02295 (length 288)
/home/dich3309/rnaseq-tnseq-enterococcus-analysis/analyses/04_annotation/structural/prokka_np/efaecium_e745:Prokka:EFM745_02296 (length 410)
/home/dich3309/rnaseq-tnseq-enterococcus-analysis/analyses/04_annotation/structural/prokka_np/efaecium_e745:Prokka:EFM745_02297 (length 302)
/home/dich3309/rnaseq-tnseq-enterococcus-analysis/analyses/04_annotation/structural/prokka_np/efaecium_e745:Prokka:EFM745_02298 (length 90)
/home/dich3309/rnaseq-tnseq-enterococcus-analysis/analyses/04_annotation/structural/prokka_np/efaecium_e745:Prokka:EFM745_02299 (length 348)
/home/dich3309/rnaseq-tnseq-enterococcus-analysis/analyses/04_annotation/structural/prokka_np/efaecium_e745:Prokka:EFM745_02300 (length 869)
/home/dich3309/rnaseq-tnseq-enterococcus-analysis/analyses/04_annotation/structural/prokka_np/efaecium_e745:Prokka:EFM745_02301 (length 223)
/home/dich3309/rnaseq-tnseq-enterococcus-analysis/analyses/04_annotation/structural/prokka_np/efaecium_e745:Prokka:EFM745_02302 (length 164)
/home/dich3309/rnaseq-tnseq-enterococcus-analysis/analyses/04_annotation/structural/prokka_np/efaecium_e745:Prokka:EFM745_02303 (length 406)
/home/dich3309/rnaseq-tnseq-enterococcus-analysis/analyses/04_annotation/structural/prokka_np/efaecium_e745:Prokka:EFM745_02304 (length 611)
/home/dich3309/rnaseq-tnseq-enterococcus-analysis/analyses/04_annotation/structural/prokka_np/efaecium_e745:Prokka:EFM745_02305 (length 375)
/home/dich3309/rnaseq-tnseq-enterococcus-analysis/analyses/04_annotation/structural/prokka_np/efaecium_e745:Prokka:EFM745_02306 (length 317)
/home/dich3309/rnaseq-tnseq-enterococcus-analysis/analyses/04_annotation/structural/prokka_np/efaecium_e745:Prokka:EFM745_02307 (length 392)
/home/dich3309/rnaseq-tnseq-enterococcus-analysis/analyses/04_annotation/structural/prokka_np/efaecium_e745:Prokka:EFM745_02308 (length 137)
/home/dich3309/rnaseq-tnseq-enterococcus-analysis/analyses/04_annotation/structural/prokka_np/efaecium_e745:Prokka:EFM745_02309 (length 161)
/home/dich3309/rnaseq-tnseq-enterococcus-analysis/analyses/04_annotation/structural/prokka_np/efaecium_e745:Prokka:EFM745_02310 (length 71)
/home/dich3309/rnaseq-tnseq-enterococcus-analysis/analyses/04_annotation/structural/prokka_np/efaecium_e745:Prokka:EFM745_02311 (length 266)
/home/dich3309/rnaseq-tnseq-enterococcus-analysis/analyses/04_annotation/structural/prokka_np/efaecium_e745:Prokka:EFM745_02312 (length 622)
/home/dich3309/rnaseq-tnseq-enterococcus-analysis/analyses/04_annotation/structural/prokka_np/efaecium_e745:Prokka:EFM745_02313 (length 163)
/home/dich3309/rnaseq-tnseq-enterococcus-analysis/analyses/04_annotation/structural/prokka_np/efaecium_e745:Prokka:EFM745_02314 (length 184)
/home/dich3309/rnaseq-tnseq-enterococcus-analysis/analyses/04_annotation/structural/prokka_np/efaecium_e745:Prokka:EFM745_02315 (length 331)
/home/dich3309/rnaseq-tnseq-enterococcus-analysis/analyses/04_annotation/structural/prokka_np/efaecium_e745:Prokka:EFM745_02316 (length 416)
/home/dich3309/rnaseq-tnseq-enterococcus-analysis/analyses/04_annotation/structural/prokka_np/efaecium_e745:Prokka:EFM745_02317 (length 132)
/home/dich3309/rnaseq-tnseq-enterococcus-analysis/analyses/04_annotation/structural/prokka_np/efaecium_e745:Prokka:EFM745_02318 (length 236)
/home/dich3309/rnaseq-tnseq-enterococcus-analysis/analyses/04_annotation/structural/prokka_np/efaecium_e745:Prokka:EFM745_02320 (length 295)
/home/dich3309/rnaseq-tnseq-enterococcus-analysis/analyses/04_annotation/structural/prokka_np/efaecium_e745:Prokka:EFM745_02321 (length 279)
/home/dich3309/rnaseq-tnseq-enterococcus-analysis/analyses/04_annotation/structural/prokka_np/efaecium_e745:Prokka:EFM745_02322 (length 324)
/home/dich3309/rnaseq-tnseq-enterococcus-analysis/analyses/04_annotation/structural/prokka_np/efaecium_e745:Prokka:EFM745_02323 (length 118)
/home/dich3309/rnaseq-tnseq-enterococcus-analysis/analyses/04_annotation/structural/prokka_np/efaecium_e745:Prokka:EFM745_02324 (length 385)
/home/dich3309/rnaseq-tnseq-enterococcus-analysis/analyses/04_annotation/structural/prokka_np/efaecium_e745:Prokka:EFM745_02325 (length 146)
/home/dich3309/rnaseq-tnseq-enterococcus-analysis/analyses/04_annotation/structural/prokka_np/efaecium_e745:Prokka:EFM745_02326 (length 168)
/home/dich3309/rnaseq-tnseq-enterococcus-analysis/analyses/04_annotation/structural/prokka_np/efaecium_e745:Prokka:EFM745_02327 (length 634)
/home/dich3309/rnaseq-tnseq-enterococcus-analysis/analyses/04_annotation/structural/prokka_np/efaecium_e745:Prokka:EFM745_02328 (length 333)
/home/dich3309/rnaseq-tnseq-enterococcus-analysis/analyses/04_annotation/structural/prokka_np/efaecium_e745:Prokka:EFM745_02329 (length 68)
/home/dich3309/rnaseq-tnseq-enterococcus-analysis/analyses/04_annotation/structural/prokka_np/efaecium_e745:Prokka:EFM745_02330 (length 282)
/home/dich3309/rnaseq-tnseq-enterococcus-analysis/analyses/04_annotation/structural/prokka_np/efaecium_e745:Prokka:EFM745_02331 (length 300)
/home/dich3309/rnaseq-tnseq-enterococcus-analysis/analyses/04_annotation/structural/prokka_np/efaecium_e745:Prokka:EFM745_02332 (length 333)
/home/dich3309/rnaseq-tnseq-enterococcus-analysis/analyses/04_annotation/structural/prokka_np/efaecium_e745:Prokka:EFM745_02333 (length 90)
/home/dich3309/rnaseq-tnseq-enterococcus-analysis/analyses/04_annotation/structural/prokka_np/efaecium_e745:Prokka:EFM745_02334 (length 265)
/home/dich3309/rnaseq-tnseq-enterococcus-analysis/analyses/04_annotation/structural/prokka_np/efaecium_e745:Prokka:EFM745_02335 (length 277)
/home/dich3309/rnaseq-tnseq-enterococcus-analysis/analyses/04_annotation/structural/prokka_np/efaecium_e745:Prokka:EFM745_02336 (length 285)
/home/dich3309/rnaseq-tnseq-enterococcus-analysis/analyses/04_annotation/structural/prokka_np/efaecium_e745:Prokka:EFM745_02337 (length 169)
/home/dich3309/rnaseq-tnseq-enterococcus-analysis/analyses/04_annotation/structural/prokka_np/efaecium_e745:Prokka:EFM745_02338 (length 133)
/home/dich3309/rnaseq-tnseq-enterococcus-analysis/analyses/04_annotation/structural/prokka_np/efaecium_e745:Prokka:EFM745_02339 (length 140)
/home/dich3309/rnaseq-tnseq-enterococcus-analysis/analyses/04_annotation/structural/prokka_np/efaecium_e745:Prokka:EFM745_02340 (length 147)
/home/dich3309/rnaseq-tnseq-enterococcus-analysis/analyses/04_annotation/structural/prokka_np/efaecium_e745:Prokka:EFM745_02341 (length 361)
/home/dich3309/rnaseq-tnseq-enterococcus-analysis/analyses/04_annotation/structural/prokka_np/efaecium_e745:Prokka:EFM745_02342 (length 237)
/home/dich3309/rnaseq-tnseq-enterococcus-analysis/analyses/04_annotation/structural/prokka_np/efaecium_e745:Prokka:EFM745_02343 (length 49)
/home/dich3309/rnaseq-tnseq-enterococcus-analysis/analyses/04_annotation/structural/prokka_np/efaecium_e745:Prokka:EFM745_02345 (length 66)
/home/dich3309/rnaseq-tnseq-enterococcus-analysis/analyses/04_annotation/structural/prokka_np/efaecium_e745:Prokka:EFM745_02346 (length 32)
/home/dich3309/rnaseq-tnseq-enterococcus-analysis/analyses/04_annotation/structural/prokka_np/efaecium_e745:Prokka:EFM745_02347 (length 121)
/home/dich3309/rnaseq-tnseq-enterococcus-analysis/analyses/04_annotation/structural/prokka_np/efaecium_e745:Prokka:EFM745_02348 (length 81)
/home/dich3309/rnaseq-tnseq-enterococcus-analysis/analyses/04_annotation/structural/prokka_np/efaecium_e745:Prokka:EFM745_02349 (length 84)
/home/dich3309/rnaseq-tnseq-enterococcus-analysis/analyses/04_annotation/structural/prokka_np/efaecium_e745:Prokka:EFM745_02350 (length 101)
/home/dich3309/rnaseq-tnseq-enterococcus-analysis/analyses/04_annotation/structural/prokka_np/efaecium_e745:Prokka:EFM745_02352 (length 165)
/home/dich3309/rnaseq-tnseq-enterococcus-analysis/analyses/04_annotation/structural/prokka_np/efaecium_e745:Prokka:EFM745_02353 (length 269)
/home/dich3309/rnaseq-tnseq-enterococcus-analysis/analyses/04_annotation/structural/prokka_np/efaecium_e745:Prokka:EFM745_02354 (length 285)
/home/dich3309/rnaseq-tnseq-enterococcus-analysis/analyses/04_annotation/structural/prokka_np/efaecium_e745:Prokka:EFM745_02355 (length 300)
/home/dich3309/rnaseq-tnseq-enterococcus-analysis/analyses/04_annotation/structural/prokka_np/efaecium_e745:Prokka:EFM745_02356 (length 116)
/home/dich3309/rnaseq-tnseq-enterococcus-analysis/analyses/04_annotation/structural/prokka_np/efaecium_e745:Prokka:EFM745_02357 (length 312)
/home/dich3309/rnaseq-tnseq-enterococcus-analysis/analyses/04_annotation/structural/prokka_np/efaecium_e745:Prokka:EFM745_02358 (length 297)
/home/dich3309/rnaseq-tnseq-enterococcus-analysis/analyses/04_annotation/structural/prokka_np/efaecium_e745:Prokka:EFM745_02359 (length 187)
/home/dich3309/rnaseq-tnseq-enterococcus-analysis/analyses/04_annotation/structural/prokka_np/efaecium_e745:Prokka:EFM745_02360 (length 268)
/home/dich3309/rnaseq-tnseq-enterococcus-analysis/analyses/04_annotation/structural/prokka_np/efaecium_e745:Prokka:EFM745_02361 (length 80)
/home/dich3309/rnaseq-tnseq-enterococcus-analysis/analyses/04_annotation/structural/prokka_np/efaecium_e745:Prokka:EFM745_02362 (length 123)
/home/dich3309/rnaseq-tnseq-enterococcus-analysis/analyses/04_annotation/structural/prokka_np/efaecium_e745:Prokka:EFM745_02363 (length 75)
/home/dich3309/rnaseq-tnseq-enterococcus-analysis/analyses/04_annotation/structural/prokka_np/efaecium_e745:Prokka:EFM745_02364 (length 157)
/home/dich3309/rnaseq-tnseq-enterococcus-analysis/analyses/04_annotation/structural/prokka_np/efaecium_e745:Prokka:EFM745_02365 (length 57)
/home/dich3309/rnaseq-tnseq-enterococcus-analysis/analyses/04_annotation/structural/prokka_np/efaecium_e745:Prokka:EFM745_02366 (length 188)
/home/dich3309/rnaseq-tnseq-enterococcus-analysis/analyses/04_annotation/structural/prokka_np/efaecium_e745:Prokka:EFM745_02367 (length 62)
/home/dich3309/rnaseq-tnseq-enterococcus-analysis/analyses/04_annotation/structural/prokka_np/efaecium_e745:Prokka:EFM745_02368 (length 185)
/home/dich3309/rnaseq-tnseq-enterococcus-analysis/analyses/04_annotation/structural/prokka_np/efaecium_e745:Prokka:EFM745_02369 (length 80)
/home/dich3309/rnaseq-tnseq-enterococcus-analysis/analyses/04_annotation/structural/prokka_np/efaecium_e745:Prokka:EFM745_02370 (length 431)
/home/dich3309/rnaseq-tnseq-enterococcus-analysis/analyses/04_annotation/structural/prokka_np/efaecium_e745:Prokka:EFM745_02371 (length 404)
/home/dich3309/rnaseq-tnseq-enterococcus-analysis/analyses/04_annotation/structural/prokka_np/efaecium_e745:Prokka:EFM745_02372 (length 475)
/home/dich3309/rnaseq-tnseq-enterococcus-analysis/analyses/04_annotation/structural/prokka_np/efaecium_e745:Prokka:EFM745_02373 (length 308)
/home/dich3309/rnaseq-tnseq-enterococcus-analysis/analyses/04_annotation/structural/prokka_np/efaecium_e745:Prokka:EFM745_02374 (length 486)
/home/dich3309/rnaseq-tnseq-enterococcus-analysis/analyses/04_annotation/structural/prokka_np/efaecium_e745:Prokka:EFM745_02375 (length 587)
/home/dich3309/rnaseq-tnseq-enterococcus-analysis/analyses/04_annotation/structural/prokka_np/efaecium_e745:Prokka:EFM745_02376 (length 118)
/home/dich3309/rnaseq-tnseq-enterococcus-analysis/analyses/04_annotation/structural/prokka_np/efaecium_e745:Prokka:EFM745_02377 (length 227)
/home/dich3309/rnaseq-tnseq-enterococcus-analysis/analyses/04_annotation/structural/prokka_np/efaecium_e745:Prokka:EFM745_02378 (length 204)
/home/dich3309/rnaseq-tnseq-enterococcus-analysis/analyses/04_annotation/structural/prokka_np/efaecium_e745:Prokka:EFM745_02379 (length 68)
/home/dich3309/rnaseq-tnseq-enterococcus-analysis/analyses/04_annotation/structural/prokka_np/efaecium_e745:Prokka:EFM745_02381 (length 387)
/home/dich3309/rnaseq-tnseq-enterococcus-analysis/analyses/04_annotation/structural/prokka_np/efaecium_e745:Prokka:EFM745_02382 (length 251)
/home/dich3309/rnaseq-tnseq-enterococcus-analysis/analyses/04_annotation/structural/prokka_np/efaecium_e745:Prokka:EFM745_02383 (length 679)
/home/dich3309/rnaseq-tnseq-enterococcus-analysis/analyses/04_annotation/structural/prokka_np/efaecium_e745:Prokka:EFM745_02384 (length 202)
/home/dich3309/rnaseq-tnseq-enterococcus-analysis/analyses/04_annotation/structural/prokka_np/efaecium_e745:Prokka:EFM745_02385 (length 181)
/home/dich3309/rnaseq-tnseq-enterococcus-analysis/analyses/04_annotation/structural/prokka_np/efaecium_e745:Prokka:EFM745_02386 (length 176)
/home/dich3309/rnaseq-tnseq-enterococcus-analysis/analyses/04_annotation/structural/prokka_np/efaecium_e745:Prokka:EFM745_02387 (length 116)
/home/dich3309/rnaseq-tnseq-enterococcus-analysis/analyses/04_annotation/structural/prokka_np/efaecium_e745:Prokka:EFM745_02388 (length 343)
/home/dich3309/rnaseq-tnseq-enterococcus-analysis/analyses/04_annotation/structural/prokka_np/efaecium_e745:Prokka:EFM745_02389 (length 179)
/home/dich3309/rnaseq-tnseq-enterococcus-analysis/analyses/04_annotation/structural/prokka_np/efaecium_e745:Prokka:EFM745_02390 (length 187)
/home/dich3309/rnaseq-tnseq-enterococcus-analysis/analyses/04_annotation/structural/prokka_np/efaecium_e745:Prokka:EFM745_02391 (length 220)
/home/dich3309/rnaseq-tnseq-enterococcus-analysis/analyses/04_annotation/structural/prokka_np/efaecium_e745:Prokka:EFM745_02392 (length 661)
/home/dich3309/rnaseq-tnseq-enterococcus-analysis/analyses/04_annotation/structural/prokka_np/efaecium_e745:Prokka:EFM745_02393 (length 257)
/home/dich3309/rnaseq-tnseq-enterococcus-analysis/analyses/04_annotation/structural/prokka_np/efaecium_e745:Prokka:EFM745_02394 (length 517)
/home/dich3309/rnaseq-tnseq-enterococcus-analysis/analyses/04_annotation/structural/prokka_np/efaecium_e745:Prokka:EFM745_02395 (length 195)
/home/dich3309/rnaseq-tnseq-enterococcus-analysis/analyses/04_annotation/structural/prokka_np/efaecium_e745:Prokka:EFM745_02396 (length 196)
/home/dich3309/rnaseq-tnseq-enterococcus-analysis/analyses/04_annotation/structural/prokka_np/efaecium_e745:Prokka:EFM745_02397 (length 345)
/home/dich3309/rnaseq-tnseq-enterococcus-analysis/analyses/04_annotation/structural/prokka_np/efaecium_e745:Prokka:EFM745_02398 (length 146)
/home/dich3309/rnaseq-tnseq-enterococcus-analysis/analyses/04_annotation/structural/prokka_np/efaecium_e745:Prokka:EFM745_02399 (length 136)
/home/dich3309/rnaseq-tnseq-enterococcus-analysis/analyses/04_annotation/structural/prokka_np/efaecium_e745:Prokka:EFM745_02400 (length 144)
/home/dich3309/rnaseq-tnseq-enterococcus-analysis/analyses/04_annotation/structural/prokka_np/efaecium_e745:Prokka:EFM745_02401 (length 256)
/home/dich3309/rnaseq-tnseq-enterococcus-analysis/analyses/04_annotation/structural/prokka_np/efaecium_e745:Prokka:EFM745_02402 (length 588)
/home/dich3309/rnaseq-tnseq-enterococcus-analysis/analyses/04_annotation/structural/prokka_np/efaecium_e745:Prokka:EFM745_02403 (length 419)
/home/dich3309/rnaseq-tnseq-enterococcus-analysis/analyses/04_annotation/structural/prokka_np/efaecium_e745:Prokka:EFM745_02404 (length 433)
/home/dich3309/rnaseq-tnseq-enterococcus-analysis/analyses/04_annotation/structural/prokka_np/efaecium_e745:Prokka:EFM745_02405 (length 283)
/home/dich3309/rnaseq-tnseq-enterococcus-analysis/analyses/04_annotation/structural/prokka_np/efaecium_e745:Prokka:EFM745_02406 (length 271)
/home/dich3309/rnaseq-tnseq-enterococcus-analysis/analyses/04_annotation/structural/prokka_np/efaecium_e745:Prokka:EFM745_02407 (length 388)
/home/dich3309/rnaseq-tnseq-enterococcus-analysis/analyses/04_annotation/structural/prokka_np/efaecium_e745:Prokka:EFM745_02408 (length 215)
/home/dich3309/rnaseq-tnseq-enterococcus-analysis/analyses/04_annotation/structural/prokka_np/efaecium_e745:Prokka:EFM745_02409 (length 314)
/home/dich3309/rnaseq-tnseq-enterococcus-analysis/analyses/04_annotation/structural/prokka_np/efaecium_e745:Prokka:EFM745_02410 (length 483)
/home/dich3309/rnaseq-tnseq-enterococcus-analysis/analyses/04_annotation/structural/prokka_np/efaecium_e745:Prokka:EFM745_02411 (length 278)
/home/dich3309/rnaseq-tnseq-enterococcus-analysis/analyses/04_annotation/structural/prokka_np/efaecium_e745:Prokka:EFM745_02412 (length 219)
/home/dich3309/rnaseq-tnseq-enterococcus-analysis/analyses/04_annotation/structural/prokka_np/efaecium_e745:Prokka:EFM745_02413 (length 229)
/home/dich3309/rnaseq-tnseq-enterococcus-analysis/analyses/04_annotation/structural/prokka_np/efaecium_e745:Prokka:EFM745_02414 (length 318)
/home/dich3309/rnaseq-tnseq-enterococcus-analysis/analyses/04_annotation/structural/prokka_np/efaecium_e745:Prokka:EFM745_02415 (length 170)
/home/dich3309/rnaseq-tnseq-enterococcus-analysis/analyses/04_annotation/structural/prokka_np/efaecium_e745:Prokka:EFM745_02416 (length 182)
/home/dich3309/rnaseq-tnseq-enterococcus-analysis/analyses/04_annotation/structural/prokka_np/efaecium_e745:Prokka:EFM745_02417 (length 393)
/home/dich3309/rnaseq-tnseq-enterococcus-analysis/analyses/04_annotation/structural/prokka_np/efaecium_e745:Prokka:EFM745_02418 (length 502)
/home/dich3309/rnaseq-tnseq-enterococcus-analysis/analyses/04_annotation/structural/prokka_np/efaecium_e745:Prokka:EFM745_02419 (length 63)
/home/dich3309/rnaseq-tnseq-enterococcus-analysis/analyses/04_annotation/structural/prokka_np/efaecium_e745:Prokka:EFM745_02420 (length 305)
/home/dich3309/rnaseq-tnseq-enterococcus-analysis/analyses/04_annotation/structural/prokka_np/efaecium_e745:Prokka:EFM745_02421 (length 357)
/home/dich3309/rnaseq-tnseq-enterococcus-analysis/analyses/04_annotation/structural/prokka_np/efaecium_e745:Prokka:EFM745_02422 (length 172)
/home/dich3309/rnaseq-tnseq-enterococcus-analysis/analyses/04_annotation/structural/prokka_np/efaecium_e745:Prokka:EFM745_02423 (length 130)
/home/dich3309/rnaseq-tnseq-enterococcus-analysis/analyses/04_annotation/structural/prokka_np/efaecium_e745:Prokka:EFM745_02424 (length 311)
/home/dich3309/rnaseq-tnseq-enterococcus-analysis/analyses/04_annotation/structural/prokka_np/efaecium_e745:Prokka:EFM745_02425 (length 259)
/home/dich3309/rnaseq-tnseq-enterococcus-analysis/analyses/04_annotation/structural/prokka_np/efaecium_e745:Prokka:EFM745_02426 (length 105)
/home/dich3309/rnaseq-tnseq-enterococcus-analysis/analyses/04_annotation/structural/prokka_np/efaecium_e745:Prokka:EFM745_02427 (length 536)
/home/dich3309/rnaseq-tnseq-enterococcus-analysis/analyses/04_annotation/structural/prokka_np/efaecium_e745:Prokka:EFM745_02428 (length 282)
/home/dich3309/rnaseq-tnseq-enterococcus-analysis/analyses/04_annotation/structural/prokka_np/efaecium_e745:Prokka:EFM745_02429 (length 159)
/home/dich3309/rnaseq-tnseq-enterococcus-analysis/analyses/04_annotation/structural/prokka_np/efaecium_e745:Prokka:EFM745_02430 (length 742)
/home/dich3309/rnaseq-tnseq-enterococcus-analysis/analyses/04_annotation/structural/prokka_np/efaecium_e745:Prokka:EFM745_02431 (length 547)
/home/dich3309/rnaseq-tnseq-enterococcus-analysis/analyses/04_annotation/structural/prokka_np/efaecium_e745:Prokka:EFM745_02432 (length 181)
/home/dich3309/rnaseq-tnseq-enterococcus-analysis/analyses/04_annotation/structural/prokka_np/efaecium_e745:Prokka:EFM745_02433 (length 161)
/home/dich3309/rnaseq-tnseq-enterococcus-analysis/analyses/04_annotation/structural/prokka_np/efaecium_e745:Prokka:EFM745_02434 (length 217)
/home/dich3309/rnaseq-tnseq-enterococcus-analysis/analyses/04_annotation/structural/prokka_np/efaecium_e745:Prokka:EFM745_02435 (length 513)
/home/dich3309/rnaseq-tnseq-enterococcus-analysis/analyses/04_annotation/structural/prokka_np/efaecium_e745:Prokka:EFM745_02436 (length 343)
/home/dich3309/rnaseq-tnseq-enterococcus-analysis/analyses/04_annotation/structural/prokka_np/efaecium_e745:Prokka:EFM745_02437 (length 328)
/home/dich3309/rnaseq-tnseq-enterococcus-analysis/analyses/04_annotation/structural/prokka_np/efaecium_e745:Prokka:EFM745_02438 (length 446)
/home/dich3309/rnaseq-tnseq-enterococcus-analysis/analyses/04_annotation/structural/prokka_np/efaecium_e745:Prokka:EFM745_02439 (length 185)
/home/dich3309/rnaseq-tnseq-enterococcus-analysis/analyses/04_annotation/structural/prokka_np/efaecium_e745:Prokka:EFM745_02440 (length 357)
/home/dich3309/rnaseq-tnseq-enterococcus-analysis/analyses/04_annotation/structural/prokka_np/efaecium_e745:Prokka:EFM745_02441 (length 100)
/home/dich3309/rnaseq-tnseq-enterococcus-analysis/analyses/04_annotation/structural/prokka_np/efaecium_e745:Prokka:EFM745_02442 (length 103)
/home/dich3309/rnaseq-tnseq-enterococcus-analysis/analyses/04_annotation/structural/prokka_np/efaecium_e745:Prokka:EFM745_02443 (length 215)
/home/dich3309/rnaseq-tnseq-enterococcus-analysis/analyses/04_annotation/structural/prokka_np/efaecium_e745:Prokka:EFM745_02444 (length 463)
/home/dich3309/rnaseq-tnseq-enterococcus-analysis/analyses/04_annotation/structural/prokka_np/efaecium_e745:Prokka:EFM745_02445 (length 263)
/home/dich3309/rnaseq-tnseq-enterococcus-analysis/analyses/04_annotation/structural/prokka_np/efaecium_e745:Prokka:EFM745_02446 (length 852)
/home/dich3309/rnaseq-tnseq-enterococcus-analysis/analyses/04_annotation/structural/prokka_np/efaecium_e745:Prokka:EFM745_02447 (length 473)
/home/dich3309/rnaseq-tnseq-enterococcus-analysis/analyses/04_annotation/structural/prokka_np/efaecium_e745:Prokka:EFM745_02448 (length 625)
/home/dich3309/rnaseq-tnseq-enterococcus-analysis/analyses/04_annotation/structural/prokka_np/efaecium_e745:Prokka:EFM745_02449 (length 280)
/home/dich3309/rnaseq-tnseq-enterococcus-analysis/analyses/04_annotation/structural/prokka_np/efaecium_e745:Prokka:EFM745_02450 (length 291)
/home/dich3309/rnaseq-tnseq-enterococcus-analysis/analyses/04_annotation/structural/prokka_np/efaecium_e745:Prokka:EFM745_02451 (length 343)
/home/dich3309/rnaseq-tnseq-enterococcus-analysis/analyses/04_annotation/structural/prokka_np/efaecium_e745:Prokka:EFM745_02452 (length 96)
/home/dich3309/rnaseq-tnseq-enterococcus-analysis/analyses/04_annotation/structural/prokka_np/efaecium_e745:Prokka:EFM745_02453 (length 671)
/home/dich3309/rnaseq-tnseq-enterococcus-analysis/analyses/04_annotation/structural/prokka_np/efaecium_e745:Prokka:EFM745_02454 (length 94)
/home/dich3309/rnaseq-tnseq-enterococcus-analysis/analyses/04_annotation/structural/prokka_np/efaecium_e745:Prokka:EFM745_02455 (length 457)
/home/dich3309/rnaseq-tnseq-enterococcus-analysis/analyses/04_annotation/structural/prokka_np/efaecium_e745:Prokka:EFM745_02456 (length 671)
/home/dich3309/rnaseq-tnseq-enterococcus-analysis/analyses/04_annotation/structural/prokka_np/efaecium_e745:Prokka:EFM745_02457 (length 402)
/home/dich3309/rnaseq-tnseq-enterococcus-analysis/analyses/04_annotation/structural/prokka_np/efaecium_e745:Prokka:EFM745_02458 (length 314)
/home/dich3309/rnaseq-tnseq-enterococcus-analysis/analyses/04_annotation/structural/prokka_np/efaecium_e745:Prokka:EFM745_02459 (length 57)
/home/dich3309/rnaseq-tnseq-enterococcus-analysis/analyses/04_annotation/structural/prokka_np/efaecium_e745:Prokka:EFM745_02460 (length 314)
/home/dich3309/rnaseq-tnseq-enterococcus-analysis/analyses/04_annotation/structural/prokka_np/efaecium_e745:Prokka:EFM745_02461 (length 132)
/home/dich3309/rnaseq-tnseq-enterococcus-analysis/analyses/04_annotation/structural/prokka_np/efaecium_e745:Prokka:EFM745_02462 (length 78)
/home/dich3309/rnaseq-tnseq-enterococcus-analysis/analyses/04_annotation/structural/prokka_np/efaecium_e745:Prokka:EFM745_02463 (length 105)
/home/dich3309/rnaseq-tnseq-enterococcus-analysis/analyses/04_annotation/structural/prokka_np/efaecium_e745:Prokka:EFM745_02464 (length 742)
/home/dich3309/rnaseq-tnseq-enterococcus-analysis/analyses/04_annotation/structural/prokka_np/efaecium_e745:Prokka:EFM745_02465 (length 136)
/home/dich3309/rnaseq-tnseq-enterococcus-analysis/analyses/04_annotation/structural/prokka_np/efaecium_e745:Prokka:EFM745_02466 (length 387)
/home/dich3309/rnaseq-tnseq-enterococcus-analysis/analyses/04_annotation/structural/prokka_np/efaecium_e745:Prokka:EFM745_02467 (length 284)
/home/dich3309/rnaseq-tnseq-enterococcus-analysis/analyses/04_annotation/structural/prokka_np/efaecium_e745:Prokka:EFM745_02468 (length 256)
/home/dich3309/rnaseq-tnseq-enterococcus-analysis/analyses/04_annotation/structural/prokka_np/efaecium_e745:Prokka:EFM745_02469 (length 293)
/home/dich3309/rnaseq-tnseq-enterococcus-analysis/analyses/04_annotation/structural/prokka_np/efaecium_e745:Prokka:EFM745_02470 (length 349)
/home/dich3309/rnaseq-tnseq-enterococcus-analysis/analyses/04_annotation/structural/prokka_np/efaecium_e745:Prokka:EFM745_02471 (length 207)
/home/dich3309/rnaseq-tnseq-enterococcus-analysis/analyses/04_annotation/structural/prokka_np/efaecium_e745:Prokka:EFM745_02472 (length 317)
/home/dich3309/rnaseq-tnseq-enterococcus-analysis/analyses/04_annotation/structural/prokka_np/efaecium_e745:Prokka:EFM745_02473 (length 568)
/home/dich3309/rnaseq-tnseq-enterococcus-analysis/analyses/04_annotation/structural/prokka_np/efaecium_e745:Prokka:EFM745_02474 (length 300)
/home/dich3309/rnaseq-tnseq-enterococcus-analysis/analyses/04_annotation/structural/prokka_np/efaecium_e745:Prokka:EFM745_02475 (length 234)
/home/dich3309/rnaseq-tnseq-enterococcus-analysis/analyses/04_annotation/structural/prokka_np/efaecium_e745:Prokka:EFM745_02476 (length 213)
/home/dich3309/rnaseq-tnseq-enterococcus-analysis/analyses/04_annotation/structural/prokka_np/efaecium_e745:Prokka:EFM745_02477 (length 209)
/home/dich3309/rnaseq-tnseq-enterococcus-analysis/analyses/04_annotation/structural/prokka_np/efaecium_e745:Prokka:EFM745_02478 (length 238)
/home/dich3309/rnaseq-tnseq-enterococcus-analysis/analyses/04_annotation/structural/prokka_np/efaecium_e745:Prokka:EFM745_02479 (length 310)
/home/dich3309/rnaseq-tnseq-enterococcus-analysis/analyses/04_annotation/structural/prokka_np/efaecium_e745:Prokka:EFM745_02480 (length 117)
/home/dich3309/rnaseq-tnseq-enterococcus-analysis/analyses/04_annotation/structural/prokka_np/efaecium_e745:Prokka:EFM745_02481 (length 148)
/home/dich3309/rnaseq-tnseq-enterococcus-analysis/analyses/04_annotation/structural/prokka_np/efaecium_e745:Prokka:EFM745_02482 (length 1061)
/home/dich3309/rnaseq-tnseq-enterococcus-analysis/analyses/04_annotation/structural/prokka_np/efaecium_e745:Prokka:EFM745_02483 (length 358)
/home/dich3309/rnaseq-tnseq-enterococcus-analysis/analyses/04_annotation/structural/prokka_np/efaecium_e745:Prokka:EFM745_02484 (length 426)
/home/dich3309/rnaseq-tnseq-enterococcus-analysis/analyses/04_annotation/structural/prokka_np/efaecium_e745:Prokka:EFM745_02485 (length 308)
/home/dich3309/rnaseq-tnseq-enterococcus-analysis/analyses/04_annotation/structural/prokka_np/efaecium_e745:Prokka:EFM745_02486 (length 427)
/home/dich3309/rnaseq-tnseq-enterococcus-analysis/analyses/04_annotation/structural/prokka_np/efaecium_e745:Prokka:EFM745_02487 (length 179)
/home/dich3309/rnaseq-tnseq-enterococcus-analysis/analyses/04_annotation/structural/prokka_np/efaecium_e745:Prokka:EFM745_02489 (length 303)
/home/dich3309/rnaseq-tnseq-enterococcus-analysis/analyses/04_annotation/structural/prokka_np/efaecium_e745:Prokka:EFM745_02490 (length 154)
/home/dich3309/rnaseq-tnseq-enterococcus-analysis/analyses/04_annotation/structural/prokka_np/efaecium_e745:Prokka:EFM745_02491 (length 232)
/home/dich3309/rnaseq-tnseq-enterococcus-analysis/analyses/04_annotation/structural/prokka_np/efaecium_e745:Prokka:EFM745_02492 (length 128)
/home/dich3309/rnaseq-tnseq-enterococcus-analysis/analyses/04_annotation/structural/prokka_np/efaecium_e745:Prokka:EFM745_02493 (length 556)
/home/dich3309/rnaseq-tnseq-enterococcus-analysis/analyses/04_annotation/structural/prokka_np/efaecium_e745:Prokka:EFM745_02494 (length 77)
/home/dich3309/rnaseq-tnseq-enterococcus-analysis/analyses/04_annotation/structural/prokka_np/efaecium_e745:Prokka:EFM745_02495 (length 143)
/home/dich3309/rnaseq-tnseq-enterococcus-analysis/analyses/04_annotation/structural/prokka_np/efaecium_e745:Prokka:EFM745_02496 (length 137)
/home/dich3309/rnaseq-tnseq-enterococcus-analysis/analyses/04_annotation/structural/prokka_np/efaecium_e745:Prokka:EFM745_02497 (length 382)
/home/dich3309/rnaseq-tnseq-enterococcus-analysis/analyses/04_annotation/structural/prokka_np/efaecium_e745:Prokka:EFM745_02498 (length 198)
/home/dich3309/rnaseq-tnseq-enterococcus-analysis/analyses/04_annotation/structural/prokka_np/efaecium_e745:Prokka:EFM745_02499 (length 880)
/home/dich3309/rnaseq-tnseq-enterococcus-analysis/analyses/04_annotation/structural/prokka_np/efaecium_e745:Prokka:EFM745_02500 (length 143)
/home/dich3309/rnaseq-tnseq-enterococcus-analysis/analyses/04_annotation/structural/prokka_np/efaecium_e745:Prokka:EFM745_02501 (length 449)
/home/dich3309/rnaseq-tnseq-enterococcus-analysis/analyses/04_annotation/structural/prokka_np/efaecium_e745:Prokka:EFM745_02502 (length 387)
/home/dich3309/rnaseq-tnseq-enterococcus-analysis/analyses/04_annotation/structural/prokka_np/efaecium_e745:Prokka:EFM745_02503 (length 107)
/home/dich3309/rnaseq-tnseq-enterococcus-analysis/analyses/04_annotation/structural/prokka_np/efaecium_e745:Prokka:EFM745_02504 (length 449)
/home/dich3309/rnaseq-tnseq-enterococcus-analysis/analyses/04_annotation/structural/prokka_np/efaecium_e745:Prokka:EFM745_02505 (length 317)
/home/dich3309/rnaseq-tnseq-enterococcus-analysis/analyses/04_annotation/structural/prokka_np/efaecium_e745:Prokka:EFM745_02506 (length 396)
/home/dich3309/rnaseq-tnseq-enterococcus-analysis/analyses/04_annotation/structural/prokka_np/efaecium_e745:Prokka:EFM745_02507 (length 74)
/home/dich3309/rnaseq-tnseq-enterococcus-analysis/analyses/04_annotation/structural/prokka_np/efaecium_e745:Prokka:EFM745_02508 (length 227)
/home/dich3309/rnaseq-tnseq-enterococcus-analysis/analyses/04_annotation/structural/prokka_np/efaecium_e745:Prokka:EFM745_02509 (length 498)
/home/dich3309/rnaseq-tnseq-enterococcus-analysis/analyses/04_annotation/structural/prokka_np/efaecium_e745:Prokka:EFM745_02510 (length 388)
/home/dich3309/rnaseq-tnseq-enterococcus-analysis/analyses/04_annotation/structural/prokka_np/efaecium_e745:Prokka:EFM745_02512 (length 139)
/home/dich3309/rnaseq-tnseq-enterococcus-analysis/analyses/04_annotation/structural/prokka_np/efaecium_e745:Prokka:EFM745_02513 (length 179)
/home/dich3309/rnaseq-tnseq-enterococcus-analysis/analyses/04_annotation/structural/prokka_np/efaecium_e745:Prokka:EFM745_02514 (length 215)
/home/dich3309/rnaseq-tnseq-enterococcus-analysis/analyses/04_annotation/structural/prokka_np/efaecium_e745:Prokka:EFM745_02515 (length 793)
/home/dich3309/rnaseq-tnseq-enterococcus-analysis/analyses/04_annotation/structural/prokka_np/efaecium_e745:Prokka:EFM745_02516 (length 431)
/home/dich3309/rnaseq-tnseq-enterococcus-analysis/analyses/04_annotation/structural/prokka_np/efaecium_e745:Prokka:EFM745_02517 (length 165)
/home/dich3309/rnaseq-tnseq-enterococcus-analysis/analyses/04_annotation/structural/prokka_np/efaecium_e745:Prokka:EFM745_02518 (length 225)
/home/dich3309/rnaseq-tnseq-enterococcus-analysis/analyses/04_annotation/structural/prokka_np/efaecium_e745:Prokka:EFM745_02519 (length 232)
/home/dich3309/rnaseq-tnseq-enterococcus-analysis/analyses/04_annotation/structural/prokka_np/efaecium_e745:Prokka:EFM745_02520 (length 394)
/home/dich3309/rnaseq-tnseq-enterococcus-analysis/analyses/04_annotation/structural/prokka_np/efaecium_e745:Prokka:EFM745_02521 (length 147)
/home/dich3309/rnaseq-tnseq-enterococcus-analysis/analyses/04_annotation/structural/prokka_np/efaecium_e745:Prokka:EFM745_02522 (length 95)
/home/dich3309/rnaseq-tnseq-enterococcus-analysis/analyses/04_annotation/structural/prokka_np/efaecium_e745:Prokka:EFM745_02523 (length 450)
/home/dich3309/rnaseq-tnseq-enterococcus-analysis/analyses/04_annotation/structural/prokka_np/efaecium_e745:Prokka:EFM745_02524 (length 148)
/home/dich3309/rnaseq-tnseq-enterococcus-analysis/analyses/04_annotation/structural/prokka_np/efaecium_e745:Prokka:EFM745_02525 (length 308)
/home/dich3309/rnaseq-tnseq-enterococcus-analysis/analyses/04_annotation/structural/prokka_np/efaecium_e745:Prokka:EFM745_02526 (length 295)
/home/dich3309/rnaseq-tnseq-enterococcus-analysis/analyses/04_annotation/structural/prokka_np/efaecium_e745:Prokka:EFM745_02527 (length 317)
/home/dich3309/rnaseq-tnseq-enterococcus-analysis/analyses/04_annotation/structural/prokka_np/efaecium_e745:Prokka:EFM745_02528 (length 665)
/home/dich3309/rnaseq-tnseq-enterococcus-analysis/analyses/04_annotation/structural/prokka_np/efaecium_e745:Prokka:EFM745_02529 (length 83)
/home/dich3309/rnaseq-tnseq-enterococcus-analysis/analyses/04_annotation/structural/prokka_np/efaecium_e745:Prokka:EFM745_02530 (length 207)
/home/dich3309/rnaseq-tnseq-enterococcus-analysis/analyses/04_annotation/structural/prokka_np/efaecium_e745:Prokka:EFM745_02531 (length 72)
/home/dich3309/rnaseq-tnseq-enterococcus-analysis/analyses/04_annotation/structural/prokka_np/efaecium_e745:Prokka:EFM745_02532 (length 170)
/home/dich3309/rnaseq-tnseq-enterococcus-analysis/analyses/04_annotation/structural/prokka_np/efaecium_e745:Prokka:EFM745_02533 (length 765)
/home/dich3309/rnaseq-tnseq-enterococcus-analysis/analyses/04_annotation/structural/prokka_np/efaecium_e745:Prokka:EFM745_02534 (length 144)
/home/dich3309/rnaseq-tnseq-enterococcus-analysis/analyses/04_annotation/structural/prokka_np/efaecium_e745:Prokka:EFM745_02535 (length 262)
/home/dich3309/rnaseq-tnseq-enterococcus-analysis/analyses/04_annotation/structural/prokka_np/efaecium_e745:Prokka:EFM745_02536 (length 313)
/home/dich3309/rnaseq-tnseq-enterococcus-analysis/analyses/04_annotation/structural/prokka_np/efaecium_e745:Prokka:EFM745_02537 (length 195)
/home/dich3309/rnaseq-tnseq-enterococcus-analysis/analyses/04_annotation/structural/prokka_np/efaecium_e745:Prokka:EFM745_02538 (length 437)
/home/dich3309/rnaseq-tnseq-enterococcus-analysis/analyses/04_annotation/structural/prokka_np/efaecium_e745:Prokka:EFM745_02539 (length 336)
/home/dich3309/rnaseq-tnseq-enterococcus-analysis/analyses/04_annotation/structural/prokka_np/efaecium_e745:Prokka:EFM745_02540 (length 311)
/home/dich3309/rnaseq-tnseq-enterococcus-analysis/analyses/04_annotation/structural/prokka_np/efaecium_e745:Prokka:EFM745_02541 (length 319)
/home/dich3309/rnaseq-tnseq-enterococcus-analysis/analyses/04_annotation/structural/prokka_np/efaecium_e745:Prokka:EFM745_02542 (length 364)
/home/dich3309/rnaseq-tnseq-enterococcus-analysis/analyses/04_annotation/structural/prokka_np/efaecium_e745:Prokka:EFM745_02543 (length 253)
/home/dich3309/rnaseq-tnseq-enterococcus-analysis/analyses/04_annotation/structural/prokka_np/efaecium_e745:Prokka:EFM745_02544 (length 146)
/home/dich3309/rnaseq-tnseq-enterococcus-analysis/analyses/04_annotation/structural/prokka_np/efaecium_e745:Prokka:EFM745_02545 (length 251)
/home/dich3309/rnaseq-tnseq-enterococcus-analysis/analyses/04_annotation/structural/prokka_np/efaecium_e745:Prokka:EFM745_02546 (length 337)
/home/dich3309/rnaseq-tnseq-enterococcus-analysis/analyses/04_annotation/structural/prokka_np/efaecium_e745:Prokka:EFM745_02547 (length 306)
/home/dich3309/rnaseq-tnseq-enterococcus-analysis/analyses/04_annotation/structural/prokka_np/efaecium_e745:Prokka:EFM745_02548 (length 166)
/home/dich3309/rnaseq-tnseq-enterococcus-analysis/analyses/04_annotation/structural/prokka_np/efaecium_e745:Prokka:EFM745_02549 (length 172)
/home/dich3309/rnaseq-tnseq-enterococcus-analysis/analyses/04_annotation/structural/prokka_np/efaecium_e745:Prokka:EFM745_02550 (length 451)
/home/dich3309/rnaseq-tnseq-enterococcus-analysis/analyses/04_annotation/structural/prokka_np/efaecium_e745:Prokka:EFM745_02551 (length 277)
/home/dich3309/rnaseq-tnseq-enterococcus-analysis/analyses/04_annotation/structural/prokka_np/efaecium_e745:Prokka:EFM745_02552 (length 218)
/home/dich3309/rnaseq-tnseq-enterococcus-analysis/analyses/04_annotation/structural/prokka_np/efaecium_e745:Prokka:EFM745_02553 (length 215)
/home/dich3309/rnaseq-tnseq-enterococcus-analysis/analyses/04_annotation/structural/prokka_np/efaecium_e745:Prokka:EFM745_02554 (length 271)
/home/dich3309/rnaseq-tnseq-enterococcus-analysis/analyses/04_annotation/structural/prokka_np/efaecium_e745:Prokka:EFM745_02555 (length 245)
/home/dich3309/rnaseq-tnseq-enterococcus-analysis/analyses/04_annotation/structural/prokka_np/efaecium_e745:Prokka:EFM745_02556 (length 336)
/home/dich3309/rnaseq-tnseq-enterococcus-analysis/analyses/04_annotation/structural/prokka_np/efaecium_e745:Prokka:EFM745_02557 (length 806)
/home/dich3309/rnaseq-tnseq-enterococcus-analysis/analyses/04_annotation/structural/prokka_np/efaecium_e745:Prokka:EFM745_02558 (length 347)
/home/dich3309/rnaseq-tnseq-enterococcus-analysis/analyses/04_annotation/structural/prokka_np/efaecium_e745:Prokka:EFM745_02559 (length 113)
/home/dich3309/rnaseq-tnseq-enterococcus-analysis/analyses/04_annotation/structural/prokka_np/efaecium_e745:Prokka:EFM745_02560 (length 1240)
/home/dich3309/rnaseq-tnseq-enterococcus-analysis/analyses/04_annotation/structural/prokka_np/efaecium_e745:Prokka:EFM745_02561 (length 1175)
/home/dich3309/rnaseq-tnseq-enterococcus-analysis/analyses/04_annotation/structural/prokka_np/efaecium_e745:Prokka:EFM745_02562 (length 431)
/home/dich3309/rnaseq-tnseq-enterococcus-analysis/analyses/04_annotation/structural/prokka_np/efaecium_e745:Prokka:EFM745_02563 (length 276)
/home/dich3309/rnaseq-tnseq-enterococcus-analysis/analyses/04_annotation/structural/prokka_np/efaecium_e745:Prokka:EFM745_02564 (length 143)
/home/dich3309/rnaseq-tnseq-enterococcus-analysis/analyses/04_annotation/structural/prokka_np/efaecium_e745:Prokka:EFM745_02565 (length 198)
/home/dich3309/rnaseq-tnseq-enterococcus-analysis/analyses/04_annotation/structural/prokka_np/efaecium_e745:Prokka:EFM745_02566 (length 160)
/home/dich3309/rnaseq-tnseq-enterococcus-analysis/analyses/04_annotation/structural/prokka_np/efaecium_e745:Prokka:EFM745_02567 (length 65)
/home/dich3309/rnaseq-tnseq-enterococcus-analysis/analyses/04_annotation/structural/prokka_np/efaecium_e745:Prokka:EFM745_02568 (length 252)
/home/dich3309/rnaseq-tnseq-enterococcus-analysis/analyses/04_annotation/structural/prokka_np/efaecium_e745:Prokka:EFM745_02569 (length 142)
/home/dich3309/rnaseq-tnseq-enterococcus-analysis/analyses/04_annotation/structural/prokka_np/efaecium_e745:Prokka:EFM745_02571 (length 123)
/home/dich3309/rnaseq-tnseq-enterococcus-analysis/analyses/04_annotation/structural/prokka_np/efaecium_e745:Prokka:EFM745_02572 (length 61)
/home/dich3309/rnaseq-tnseq-enterococcus-analysis/analyses/04_annotation/structural/prokka_np/efaecium_e745:Prokka:EFM745_02573 (length 62)
/home/dich3309/rnaseq-tnseq-enterococcus-analysis/analyses/04_annotation/structural/prokka_np/efaecium_e745:Prokka:EFM745_02574 (length 87)
/home/dich3309/rnaseq-tnseq-enterococcus-analysis/analyses/04_annotation/structural/prokka_np/efaecium_e745:Prokka:EFM745_02575 (length 85)
/home/dich3309/rnaseq-tnseq-enterococcus-analysis/analyses/04_annotation/structural/prokka_np/efaecium_e745:Prokka:EFM745_02576 (length 63)
/home/dich3309/rnaseq-tnseq-enterococcus-analysis/analyses/04_annotation/structural/prokka_np/efaecium_e745:Prokka:EFM745_02577 (length 106)
/home/dich3309/rnaseq-tnseq-enterococcus-analysis/analyses/04_annotation/structural/prokka_np/efaecium_e745:Prokka:EFM745_02578 (length 144)
/home/dich3309/rnaseq-tnseq-enterococcus-analysis/analyses/04_annotation/structural/prokka_np/efaecium_e745:Prokka:EFM745_02579 (length 212)
/home/dich3309/rnaseq-tnseq-enterococcus-analysis/analyses/04_annotation/structural/prokka_np/efaecium_e745:Prokka:EFM745_02581 (length 166)
/home/dich3309/rnaseq-tnseq-enterococcus-analysis/analyses/04_annotation/structural/prokka_np/efaecium_e745:Prokka:EFM745_02582 (length 114)
/home/dich3309/rnaseq-tnseq-enterococcus-analysis/analyses/04_annotation/structural/prokka_np/efaecium_e745:Prokka:EFM745_02583 (length 312)
/home/dich3309/rnaseq-tnseq-enterococcus-analysis/analyses/04_annotation/structural/prokka_np/efaecium_e745:Prokka:EFM745_02584 (length 163)
/home/dich3309/rnaseq-tnseq-enterococcus-analysis/analyses/04_annotation/structural/prokka_np/efaecium_e745:Prokka:EFM745_02585 (length 791)
/home/dich3309/rnaseq-tnseq-enterococcus-analysis/analyses/04_annotation/structural/prokka_np/efaecium_e745:Prokka:EFM745_02586 (length 208)
/home/dich3309/rnaseq-tnseq-enterococcus-analysis/analyses/04_annotation/structural/prokka_np/efaecium_e745:Prokka:EFM745_02587 (length 234)
/home/dich3309/rnaseq-tnseq-enterococcus-analysis/analyses/04_annotation/structural/prokka_np/efaecium_e745:Prokka:EFM745_02588 (length 277)
/home/dich3309/rnaseq-tnseq-enterococcus-analysis/analyses/04_annotation/structural/prokka_np/efaecium_e745:Prokka:EFM745_02589 (length 642)
/home/dich3309/rnaseq-tnseq-enterococcus-analysis/analyses/04_annotation/structural/prokka_np/efaecium_e745:Prokka:EFM745_02590 (length 151)
/home/dich3309/rnaseq-tnseq-enterococcus-analysis/analyses/04_annotation/structural/prokka_np/efaecium_e745:Prokka:EFM745_02591 (length 89)
/home/dich3309/rnaseq-tnseq-enterococcus-analysis/analyses/04_annotation/structural/prokka_np/efaecium_e745:Prokka:EFM745_02592 (length 84)
/home/dich3309/rnaseq-tnseq-enterococcus-analysis/analyses/04_annotation/structural/prokka_np/efaecium_e745:Prokka:EFM745_02593 (length 348)
/home/dich3309/rnaseq-tnseq-enterococcus-analysis/analyses/04_annotation/structural/prokka_np/efaecium_e745:Prokka:EFM745_02594 (length 757)
/home/dich3309/rnaseq-tnseq-enterococcus-analysis/analyses/04_annotation/structural/prokka_np/efaecium_e745:Prokka:EFM745_02595 (length 179)
/home/dich3309/rnaseq-tnseq-enterococcus-analysis/analyses/04_annotation/structural/prokka_np/efaecium_e745:Prokka:EFM745_02596 (length 72)
/home/dich3309/rnaseq-tnseq-enterococcus-analysis/analyses/04_annotation/structural/prokka_np/efaecium_e745:Prokka:EFM745_02597 (length 81)
/home/dich3309/rnaseq-tnseq-enterococcus-analysis/analyses/04_annotation/structural/prokka_np/efaecium_e745:Prokka:EFM745_02598 (length 205)
/home/dich3309/rnaseq-tnseq-enterococcus-analysis/analyses/04_annotation/structural/prokka_np/efaecium_e745:Prokka:EFM745_02599 (length 347)
/home/dich3309/rnaseq-tnseq-enterococcus-analysis/analyses/04_annotation/structural/prokka_np/efaecium_e745:Prokka:EFM745_02600 (length 163)
/home/dich3309/rnaseq-tnseq-enterococcus-analysis/analyses/04_annotation/structural/prokka_np/efaecium_e745:Prokka:EFM745_02601 (length 186)
/home/dich3309/rnaseq-tnseq-enterococcus-analysis/analyses/04_annotation/structural/prokka_np/efaecium_e745:Prokka:EFM745_02602 (length 112)
/home/dich3309/rnaseq-tnseq-enterococcus-analysis/analyses/04_annotation/structural/prokka_np/efaecium_e745:Prokka:EFM745_02603 (length 148)
/home/dich3309/rnaseq-tnseq-enterococcus-analysis/analyses/04_annotation/structural/prokka_np/efaecium_e745:Prokka:EFM745_02604 (length 374)
/home/dich3309/rnaseq-tnseq-enterococcus-analysis/analyses/04_annotation/structural/prokka_np/efaecium_e745:Prokka:EFM745_02605 (length 1142)
/home/dich3309/rnaseq-tnseq-enterococcus-analysis/analyses/04_annotation/structural/prokka_np/efaecium_e745:Prokka:EFM745_02606 (length 387)
/home/dich3309/rnaseq-tnseq-enterococcus-analysis/analyses/04_annotation/structural/prokka_np/efaecium_e745:Prokka:EFM745_02607 (length 100)
/home/dich3309/rnaseq-tnseq-enterococcus-analysis/analyses/04_annotation/structural/prokka_np/efaecium_e745:Prokka:EFM745_02608 (length 590)
/home/dich3309/rnaseq-tnseq-enterococcus-analysis/analyses/04_annotation/structural/prokka_np/efaecium_e745:Prokka:EFM745_02609 (length 609)
/home/dich3309/rnaseq-tnseq-enterococcus-analysis/analyses/04_annotation/structural/prokka_np/efaecium_e745:Prokka:EFM745_02610 (length 255)
/home/dich3309/rnaseq-tnseq-enterococcus-analysis/analyses/04_annotation/structural/prokka_np/efaecium_e745:Prokka:EFM745_02611 (length 91)
/home/dich3309/rnaseq-tnseq-enterococcus-analysis/analyses/04_annotation/structural/prokka_np/efaecium_e745:Prokka:EFM745_02612 (length 468)
/home/dich3309/rnaseq-tnseq-enterococcus-analysis/analyses/04_annotation/structural/prokka_np/efaecium_e745:Prokka:EFM745_02613 (length 547)
/home/dich3309/rnaseq-tnseq-enterococcus-analysis/analyses/04_annotation/structural/prokka_np/efaecium_e745:Prokka:EFM745_02614 (length 325)
/home/dich3309/rnaseq-tnseq-enterococcus-analysis/analyses/04_annotation/structural/prokka_np/efaecium_e745:Prokka:EFM745_02615 (length 369)
/home/dich3309/rnaseq-tnseq-enterococcus-analysis/analyses/04_annotation/structural/prokka_np/efaecium_e745:Prokka:EFM745_02616 (length 474)
/home/dich3309/rnaseq-tnseq-enterococcus-analysis/analyses/04_annotation/structural/prokka_np/efaecium_e745:Prokka:EFM745_02617 (length 325)
/home/dich3309/rnaseq-tnseq-enterococcus-analysis/analyses/04_annotation/structural/prokka_np/efaecium_e745:Prokka:EFM745_02618 (length 401)
/home/dich3309/rnaseq-tnseq-enterococcus-analysis/analyses/04_annotation/structural/prokka_np/efaecium_e745:Prokka:EFM745_02619 (length 508)
/home/dich3309/rnaseq-tnseq-enterococcus-analysis/analyses/04_annotation/structural/prokka_np/efaecium_e745:Prokka:EFM745_02620 (length 362)
/home/dich3309/rnaseq-tnseq-enterococcus-analysis/analyses/04_annotation/structural/prokka_np/efaecium_e745:Prokka:EFM745_02621 (length 338)
/home/dich3309/rnaseq-tnseq-enterococcus-analysis/analyses/04_annotation/structural/prokka_np/efaecium_e745:Prokka:EFM745_02622 (length 483)
/home/dich3309/rnaseq-tnseq-enterococcus-analysis/analyses/04_annotation/structural/prokka_np/efaecium_e745:Prokka:EFM745_02623 (length 521)
/home/dich3309/rnaseq-tnseq-enterococcus-analysis/analyses/04_annotation/structural/prokka_np/efaecium_e745:Prokka:EFM745_02624 (length 304)
/home/dich3309/rnaseq-tnseq-enterococcus-analysis/analyses/04_annotation/structural/prokka_np/efaecium_e745:Prokka:EFM745_02625 (length 424)
/home/dich3309/rnaseq-tnseq-enterococcus-analysis/analyses/04_annotation/structural/prokka_np/efaecium_e745:Prokka:EFM745_02626 (length 511)
/home/dich3309/rnaseq-tnseq-enterococcus-analysis/analyses/04_annotation/structural/prokka_np/efaecium_e745:Prokka:EFM745_02627 (length 192)
/home/dich3309/rnaseq-tnseq-enterococcus-analysis/analyses/04_annotation/structural/prokka_np/efaecium_e745:Prokka:EFM745_02628 (length 350)
/home/dich3309/rnaseq-tnseq-enterococcus-analysis/analyses/04_annotation/structural/prokka_np/efaecium_e745:Prokka:EFM745_02629 (length 479)
/home/dich3309/rnaseq-tnseq-enterococcus-analysis/analyses/04_annotation/structural/prokka_np/efaecium_e745:Prokka:EFM745_02630 (length 740)
/home/dich3309/rnaseq-tnseq-enterococcus-analysis/analyses/04_annotation/structural/prokka_np/efaecium_e745:Prokka:EFM745_02631 (length 223)
/home/dich3309/rnaseq-tnseq-enterococcus-analysis/analyses/04_annotation/structural/prokka_np/efaecium_e745:Prokka:EFM745_02632 (length 84)
/home/dich3309/rnaseq-tnseq-enterococcus-analysis/analyses/04_annotation/structural/prokka_np/efaecium_e745:Prokka:EFM745_02633 (length 242)
/home/dich3309/rnaseq-tnseq-enterococcus-analysis/analyses/04_annotation/structural/prokka_np/efaecium_e745:Prokka:EFM745_02634 (length 125)
/home/dich3309/rnaseq-tnseq-enterococcus-analysis/analyses/04_annotation/structural/prokka_np/efaecium_e745:Prokka:EFM745_02635 (length 431)
/home/dich3309/rnaseq-tnseq-enterococcus-analysis/analyses/04_annotation/structural/prokka_np/efaecium_e745:Prokka:EFM745_02636 (length 374)
/home/dich3309/rnaseq-tnseq-enterococcus-analysis/analyses/04_annotation/structural/prokka_np/efaecium_e745:Prokka:EFM745_02637 (length 162)
/home/dich3309/rnaseq-tnseq-enterococcus-analysis/analyses/04_annotation/structural/prokka_np/efaecium_e745:Prokka:EFM745_02638 (length 435)
/home/dich3309/rnaseq-tnseq-enterococcus-analysis/analyses/04_annotation/structural/prokka_np/efaecium_e745:Prokka:EFM745_02639 (length 193)
/home/dich3309/rnaseq-tnseq-enterococcus-analysis/analyses/04_annotation/structural/prokka_np/efaecium_e745:Prokka:EFM745_02641 (length 430)
/home/dich3309/rnaseq-tnseq-enterococcus-analysis/analyses/04_annotation/structural/prokka_np/efaecium_e745:Prokka:EFM745_02642 (length 207)
/home/dich3309/rnaseq-tnseq-enterococcus-analysis/analyses/04_annotation/structural/prokka_np/efaecium_e745:Prokka:EFM745_02643 (length 278)
/home/dich3309/rnaseq-tnseq-enterococcus-analysis/analyses/04_annotation/structural/prokka_np/efaecium_e745:Prokka:EFM745_02644 (length 295)
/home/dich3309/rnaseq-tnseq-enterococcus-analysis/analyses/04_annotation/structural/prokka_np/efaecium_e745:Prokka:EFM745_02645 (length 427)
/home/dich3309/rnaseq-tnseq-enterococcus-analysis/analyses/04_annotation/structural/prokka_np/efaecium_e745:Prokka:EFM745_02646 (length 227)
/home/dich3309/rnaseq-tnseq-enterococcus-analysis/analyses/04_annotation/structural/prokka_np/efaecium_e745:Prokka:EFM745_02647 (length 205)
/home/dich3309/rnaseq-tnseq-enterococcus-analysis/analyses/04_annotation/structural/prokka_np/efaecium_e745:Prokka:EFM745_02648 (length 274)
/home/dich3309/rnaseq-tnseq-enterococcus-analysis/analyses/04_annotation/structural/prokka_np/efaecium_e745:Prokka:EFM745_02649 (length 186)
/home/dich3309/rnaseq-tnseq-enterococcus-analysis/analyses/04_annotation/structural/prokka_np/efaecium_e745:Prokka:EFM745_02650 (length 315)
/home/dich3309/rnaseq-tnseq-enterococcus-analysis/analyses/04_annotation/structural/prokka_np/efaecium_e745:Prokka:EFM745_02651 (length 318)
/home/dich3309/rnaseq-tnseq-enterococcus-analysis/analyses/04_annotation/structural/prokka_np/efaecium_e745:Prokka:EFM745_02652 (length 200)
/home/dich3309/rnaseq-tnseq-enterococcus-analysis/analyses/04_annotation/structural/prokka_np/efaecium_e745:Prokka:EFM745_02653 (length 499)
/home/dich3309/rnaseq-tnseq-enterococcus-analysis/analyses/04_annotation/structural/prokka_np/efaecium_e745:Prokka:EFM745_02654 (length 174)
/home/dich3309/rnaseq-tnseq-enterococcus-analysis/analyses/04_annotation/structural/prokka_np/efaecium_e745:Prokka:EFM745_02655 (length 290)
/home/dich3309/rnaseq-tnseq-enterococcus-analysis/analyses/04_annotation/structural/prokka_np/efaecium_e745:Prokka:EFM745_02656 (length 261)
/home/dich3309/rnaseq-tnseq-enterococcus-analysis/analyses/04_annotation/structural/prokka_np/efaecium_e745:Prokka:EFM745_02657 (length 238)
/home/dich3309/rnaseq-tnseq-enterococcus-analysis/analyses/04_annotation/structural/prokka_np/efaecium_e745:Prokka:EFM745_02658 (length 339)
/home/dich3309/rnaseq-tnseq-enterococcus-analysis/analyses/04_annotation/structural/prokka_np/efaecium_e745:Prokka:EFM745_02659 (length 352)
/home/dich3309/rnaseq-tnseq-enterococcus-analysis/analyses/04_annotation/structural/prokka_np/efaecium_e745:Prokka:EFM745_02660 (length 382)
/home/dich3309/rnaseq-tnseq-enterococcus-analysis/analyses/04_annotation/structural/prokka_np/efaecium_e745:Prokka:EFM745_02661 (length 278)
/home/dich3309/rnaseq-tnseq-enterococcus-analysis/analyses/04_annotation/structural/prokka_np/efaecium_e745:Prokka:EFM745_02662 (length 406)
/home/dich3309/rnaseq-tnseq-enterococcus-analysis/analyses/04_annotation/structural/prokka_np/efaecium_e745:Prokka:EFM745_02663 (length 53)
/home/dich3309/rnaseq-tnseq-enterococcus-analysis/analyses/04_annotation/structural/prokka_np/efaecium_e745:Prokka:EFM745_02665 (length 192)
/home/dich3309/rnaseq-tnseq-enterococcus-analysis/analyses/04_annotation/structural/prokka_np/efaecium_e745:Prokka:EFM745_02666 (length 128)
/home/dich3309/rnaseq-tnseq-enterococcus-analysis/analyses/04_annotation/structural/prokka_np/efaecium_e745:Prokka:EFM745_02667 (length 392)
/home/dich3309/rnaseq-tnseq-enterococcus-analysis/analyses/04_annotation/structural/prokka_np/efaecium_e745:Prokka:EFM745_02668 (length 108)
/home/dich3309/rnaseq-tnseq-enterococcus-analysis/analyses/04_annotation/structural/prokka_np/efaecium_e745:Prokka:EFM745_02669 (length 80)
/home/dich3309/rnaseq-tnseq-enterococcus-analysis/analyses/04_annotation/structural/prokka_np/efaecium_e745:Prokka:EFM745_02670 (length 96)
/home/dich3309/rnaseq-tnseq-enterococcus-analysis/analyses/04_annotation/structural/prokka_np/efaecium_e745:Prokka:EFM745_02671 (length 230)
/home/dich3309/rnaseq-tnseq-enterococcus-analysis/analyses/04_annotation/structural/prokka_np/efaecium_e745:Prokka:EFM745_02672 (length 207)
/home/dich3309/rnaseq-tnseq-enterococcus-analysis/analyses/04_annotation/structural/prokka_np/efaecium_e745:Prokka:EFM745_02673 (length 240)
/home/dich3309/rnaseq-tnseq-enterococcus-analysis/analyses/04_annotation/structural/prokka_np/efaecium_e745:Prokka:EFM745_02674 (length 245)
/home/dich3309/rnaseq-tnseq-enterococcus-analysis/analyses/04_annotation/structural/prokka_np/efaecium_e745:Prokka:EFM745_02675 (length 330)
/home/dich3309/rnaseq-tnseq-enterococcus-analysis/analyses/04_annotation/structural/prokka_np/efaecium_e745:Prokka:EFM745_02676 (length 247)
/home/dich3309/rnaseq-tnseq-enterococcus-analysis/analyses/04_annotation/structural/prokka_np/efaecium_e745:Prokka:EFM745_02678 (length 440)
/home/dich3309/rnaseq-tnseq-enterococcus-analysis/analyses/04_annotation/structural/prokka_np/efaecium_e745:Prokka:EFM745_02679 (length 102)
/home/dich3309/rnaseq-tnseq-enterococcus-analysis/analyses/04_annotation/structural/prokka_np/efaecium_e745:Prokka:EFM745_02680 (length 230)
/home/dich3309/rnaseq-tnseq-enterococcus-analysis/analyses/04_annotation/structural/prokka_np/efaecium_e745:Prokka:EFM745_02681 (length 512)
/home/dich3309/rnaseq-tnseq-enterococcus-analysis/analyses/04_annotation/structural/prokka_np/efaecium_e745:Prokka:EFM745_02682 (length 95)
/home/dich3309/rnaseq-tnseq-enterococcus-analysis/analyses/04_annotation/structural/prokka_np/efaecium_e745:Prokka:EFM745_02683 (length 222)
/home/dich3309/rnaseq-tnseq-enterococcus-analysis/analyses/04_annotation/structural/prokka_np/efaecium_e745:Prokka:EFM745_02684 (length 246)
/home/dich3309/rnaseq-tnseq-enterococcus-analysis/analyses/04_annotation/structural/prokka_np/efaecium_e745:Prokka:EFM745_02685 (length 315)
/home/dich3309/rnaseq-tnseq-enterococcus-analysis/analyses/04_annotation/structural/prokka_np/efaecium_e745:Prokka:EFM745_02686 (length 254)
/home/dich3309/rnaseq-tnseq-enterococcus-analysis/analyses/04_annotation/structural/prokka_np/efaecium_e745:Prokka:EFM745_02687 (length 129)
/home/dich3309/rnaseq-tnseq-enterococcus-analysis/analyses/04_annotation/structural/prokka_np/efaecium_e745:Prokka:EFM745_02688 (length 180)
/home/dich3309/rnaseq-tnseq-enterococcus-analysis/analyses/04_annotation/structural/prokka_np/efaecium_e745:Prokka:EFM745_02689 (length 204)
/home/dich3309/rnaseq-tnseq-enterococcus-analysis/analyses/04_annotation/structural/prokka_np/efaecium_e745:Prokka:EFM745_02690 (length 297)
/home/dich3309/rnaseq-tnseq-enterococcus-analysis/analyses/04_annotation/structural/prokka_np/efaecium_e745:Prokka:EFM745_02691 (length 308)
/home/dich3309/rnaseq-tnseq-enterococcus-analysis/analyses/04_annotation/structural/prokka_np/efaecium_e745:Prokka:EFM745_02692 (length 253)
/home/dich3309/rnaseq-tnseq-enterococcus-analysis/analyses/04_annotation/structural/prokka_np/efaecium_e745:Prokka:EFM745_02693 (length 743)
/home/dich3309/rnaseq-tnseq-enterococcus-analysis/analyses/04_annotation/structural/prokka_np/efaecium_e745:Prokka:EFM745_02694 (length 816)
/home/dich3309/rnaseq-tnseq-enterococcus-analysis/analyses/04_annotation/structural/prokka_np/efaecium_e745:Prokka:EFM745_02695 (length 681)
/home/dich3309/rnaseq-tnseq-enterococcus-analysis/analyses/04_annotation/structural/prokka_np/efaecium_e745:Prokka:EFM745_02696 (length 144)
/home/dich3309/rnaseq-tnseq-enterococcus-analysis/analyses/04_annotation/structural/prokka_np/efaecium_e745:Prokka:EFM745_02697 (length 212)
/home/dich3309/rnaseq-tnseq-enterococcus-analysis/analyses/04_annotation/structural/prokka_np/efaecium_e745:Prokka:EFM745_02698 (length 291)
/home/dich3309/rnaseq-tnseq-enterococcus-analysis/analyses/04_annotation/structural/prokka_np/efaecium_e745:Prokka:EFM745_02699 (length 263)
/home/dich3309/rnaseq-tnseq-enterococcus-analysis/analyses/04_annotation/structural/prokka_np/efaecium_e745:Prokka:EFM745_02700 (length 466)
/home/dich3309/rnaseq-tnseq-enterococcus-analysis/analyses/04_annotation/structural/prokka_np/efaecium_e745:Prokka:EFM745_02701 (length 182)
/home/dich3309/rnaseq-tnseq-enterococcus-analysis/analyses/04_annotation/structural/prokka_np/efaecium_e745:Prokka:EFM745_02702 (length 301)
/home/dich3309/rnaseq-tnseq-enterococcus-analysis/analyses/04_annotation/structural/prokka_np/efaecium_e745:Prokka:EFM745_02703 (length 441)
/home/dich3309/rnaseq-tnseq-enterococcus-analysis/analyses/04_annotation/structural/prokka_np/efaecium_e745:Prokka:EFM745_02704 (length 692)
/home/dich3309/rnaseq-tnseq-enterococcus-analysis/analyses/04_annotation/structural/prokka_np/efaecium_e745:Prokka:EFM745_02705 (length 285)
/home/dich3309/rnaseq-tnseq-enterococcus-analysis/analyses/04_annotation/structural/prokka_np/efaecium_e745:Prokka:EFM745_02706 (length 255)
/home/dich3309/rnaseq-tnseq-enterococcus-analysis/analyses/04_annotation/structural/prokka_np/efaecium_e745:Prokka:EFM745_02707 (length 286)
/home/dich3309/rnaseq-tnseq-enterococcus-analysis/analyses/04_annotation/structural/prokka_np/efaecium_e745:Prokka:EFM745_02708 (length 132)
/home/dich3309/rnaseq-tnseq-enterococcus-analysis/analyses/04_annotation/structural/prokka_np/efaecium_e745:Prokka:EFM745_02709 (length 180)
/home/dich3309/rnaseq-tnseq-enterococcus-analysis/analyses/04_annotation/structural/prokka_np/efaecium_e745:Prokka:EFM745_02710 (length 183)
/home/dich3309/rnaseq-tnseq-enterococcus-analysis/analyses/04_annotation/structural/prokka_np/efaecium_e745:Prokka:EFM745_02711 (length 75)
/home/dich3309/rnaseq-tnseq-enterococcus-analysis/analyses/04_annotation/structural/prokka_np/efaecium_e745:Prokka:EFM745_02712 (length 172)
/home/dich3309/rnaseq-tnseq-enterococcus-analysis/analyses/04_annotation/structural/prokka_np/efaecium_e745:Prokka:EFM745_02713 (length 237)
/home/dich3309/rnaseq-tnseq-enterococcus-analysis/analyses/04_annotation/structural/prokka_np/efaecium_e745:Prokka:EFM745_02714 (length 298)
/home/dich3309/rnaseq-tnseq-enterococcus-analysis/analyses/04_annotation/structural/prokka_np/efaecium_e745:Prokka:EFM745_02715 (length 280)
/home/dich3309/rnaseq-tnseq-enterococcus-analysis/analyses/04_annotation/structural/prokka_np/efaecium_e745:Prokka:EFM745_02716 (length 217)
/home/dich3309/rnaseq-tnseq-enterococcus-analysis/analyses/04_annotation/structural/prokka_np/efaecium_e745:Prokka:EFM745_02717 (length 175)
/home/dich3309/rnaseq-tnseq-enterococcus-analysis/analyses/04_annotation/structural/prokka_np/efaecium_e745:Prokka:EFM745_02718 (length 315)
/home/dich3309/rnaseq-tnseq-enterococcus-analysis/analyses/04_annotation/structural/prokka_np/efaecium_e745:Prokka:EFM745_02719 (length 628)
/home/dich3309/rnaseq-tnseq-enterococcus-analysis/analyses/04_annotation/structural/prokka_np/efaecium_e745:Prokka:EFM745_02720 (length 692)
/home/dich3309/rnaseq-tnseq-enterococcus-analysis/analyses/04_annotation/structural/prokka_np/efaecium_e745:Prokka:EFM745_02721 (length 91)
/home/dich3309/rnaseq-tnseq-enterococcus-analysis/analyses/04_annotation/structural/prokka_np/efaecium_e745:Prokka:EFM745_02722 (length 151)
/home/dich3309/rnaseq-tnseq-enterococcus-analysis/analyses/04_annotation/structural/prokka_np/efaecium_e745:Prokka:EFM745_02723 (length 402)
/home/dich3309/rnaseq-tnseq-enterococcus-analysis/analyses/04_annotation/structural/prokka_np/efaecium_e745:Prokka:EFM745_02724 (length 110)
/home/dich3309/rnaseq-tnseq-enterococcus-analysis/analyses/04_annotation/structural/prokka_np/efaecium_e745:Prokka:EFM745_02725 (length 291)
/home/dich3309/rnaseq-tnseq-enterococcus-analysis/analyses/04_annotation/structural/prokka_np/efaecium_e745:Prokka:EFM745_02726 (length 193)
/home/dich3309/rnaseq-tnseq-enterococcus-analysis/analyses/04_annotation/structural/prokka_np/efaecium_e745:Prokka:EFM745_02727 (length 419)
/home/dich3309/rnaseq-tnseq-enterococcus-analysis/analyses/04_annotation/structural/prokka_np/efaecium_e745:Prokka:EFM745_02728 (length 348)
/home/dich3309/rnaseq-tnseq-enterococcus-analysis/analyses/04_annotation/structural/prokka_np/efaecium_e745:Prokka:EFM745_02729 (length 91)
/home/dich3309/rnaseq-tnseq-enterococcus-analysis/analyses/04_annotation/structural/prokka_np/efaecium_e745:Prokka:EFM745_02730 (length 436)
/home/dich3309/rnaseq-tnseq-enterococcus-analysis/analyses/04_annotation/structural/prokka_np/efaecium_e745:Prokka:EFM745_02731 (length 409)
/home/dich3309/rnaseq-tnseq-enterococcus-analysis/analyses/04_annotation/structural/prokka_np/efaecium_e745:Prokka:EFM745_02732 (length 226)
/home/dich3309/rnaseq-tnseq-enterococcus-analysis/analyses/04_annotation/structural/prokka_np/efaecium_e745:Prokka:EFM745_02733 (length 211)
/home/dich3309/rnaseq-tnseq-enterococcus-analysis/analyses/04_annotation/structural/prokka_np/efaecium_e745:Prokka:EFM745_02734 (length 467)
/home/dich3309/rnaseq-tnseq-enterococcus-analysis/analyses/04_annotation/structural/prokka_np/efaecium_e745:Prokka:EFM745_02735 (length 343)
/home/dich3309/rnaseq-tnseq-enterococcus-analysis/analyses/04_annotation/structural/prokka_np/efaecium_e745:Prokka:EFM745_02736 (length 73)
/home/dich3309/rnaseq-tnseq-enterococcus-analysis/analyses/04_annotation/structural/prokka_np/efaecium_e745:Prokka:EFM745_02737 (length 245)
/home/dich3309/rnaseq-tnseq-enterococcus-analysis/analyses/04_annotation/structural/prokka_np/efaecium_e745:Prokka:EFM745_02738 (length 446)
/home/dich3309/rnaseq-tnseq-enterococcus-analysis/analyses/04_annotation/structural/prokka_np/efaecium_e745:Prokka:EFM745_02739 (length 507)
/home/dich3309/rnaseq-tnseq-enterococcus-analysis/analyses/04_annotation/structural/prokka_np/efaecium_e745:Prokka:EFM745_02740 (length 203)
/home/dich3309/rnaseq-tnseq-enterococcus-analysis/analyses/04_annotation/structural/prokka_np/efaecium_e745:Prokka:EFM745_02742 (length 238)
/home/dich3309/rnaseq-tnseq-enterococcus-analysis/analyses/04_annotation/structural/prokka_np/efaecium_e745:Prokka:EFM745_02743 (length 189)
/home/dich3309/rnaseq-tnseq-enterococcus-analysis/analyses/04_annotation/structural/prokka_np/efaecium_e745:Prokka:EFM745_02744 (length 265)
/home/dich3309/rnaseq-tnseq-enterococcus-analysis/analyses/04_annotation/structural/prokka_np/efaecium_e745:Prokka:EFM745_02745 (length 123)
/home/dich3309/rnaseq-tnseq-enterococcus-analysis/analyses/04_annotation/structural/prokka_np/efaecium_e745:Prokka:EFM745_02746 (length 295)
/home/dich3309/rnaseq-tnseq-enterococcus-analysis/analyses/04_annotation/structural/prokka_np/efaecium_e745:Prokka:EFM745_02747 (length 56)
/home/dich3309/rnaseq-tnseq-enterococcus-analysis/analyses/04_annotation/structural/prokka_np/efaecium_e745:Prokka:EFM745_02748 (length 155)
/home/dich3309/rnaseq-tnseq-enterococcus-analysis/analyses/04_annotation/structural/prokka_np/efaecium_e745:Prokka:EFM745_02749 (length 287)
/home/dich3309/rnaseq-tnseq-enterococcus-analysis/analyses/04_annotation/structural/prokka_np/efaecium_e745:Prokka:EFM745_02750 (length 700)
/home/dich3309/rnaseq-tnseq-enterococcus-analysis/analyses/04_annotation/structural/prokka_np/efaecium_e745:Prokka:EFM745_02751 (length 431)
/home/dich3309/rnaseq-tnseq-enterococcus-analysis/analyses/04_annotation/structural/prokka_np/efaecium_e745:Prokka:EFM745_02752 (length 369)
/home/dich3309/rnaseq-tnseq-enterococcus-analysis/analyses/04_annotation/structural/prokka_np/efaecium_e745:Prokka:EFM745_02753 (length 613)
/home/dich3309/rnaseq-tnseq-enterococcus-analysis/analyses/04_annotation/structural/prokka_np/efaecium_e745:Prokka:EFM745_02754 (length 771)
/home/dich3309/rnaseq-tnseq-enterococcus-analysis/analyses/04_annotation/structural/prokka_np/efaecium_e745:Prokka:EFM745_02755 (length 286)
/home/dich3309/rnaseq-tnseq-enterococcus-analysis/analyses/04_annotation/structural/prokka_np/efaecium_e745:Prokka:EFM745_02756 (length 113)
/home/dich3309/rnaseq-tnseq-enterococcus-analysis/analyses/04_annotation/structural/prokka_np/efaecium_e745:Prokka:EFM745_02757 (length 239)
/home/dich3309/rnaseq-tnseq-enterococcus-analysis/analyses/04_annotation/structural/prokka_np/efaecium_e745:Prokka:EFM745_02758 (length 863)
/home/dich3309/rnaseq-tnseq-enterococcus-analysis/analyses/04_annotation/structural/prokka_np/efaecium_e745:Prokka:EFM745_02759 (length 395)
/home/dich3309/rnaseq-tnseq-enterococcus-analysis/analyses/04_annotation/structural/prokka_np/efaecium_e745:Prokka:EFM745_02760 (length 118)
/home/dich3309/rnaseq-tnseq-enterococcus-analysis/analyses/04_annotation/structural/prokka_np/efaecium_e745:Prokka:EFM745_02761 (length 334)
/home/dich3309/rnaseq-tnseq-enterococcus-analysis/analyses/04_annotation/structural/prokka_np/efaecium_e745:Prokka:EFM745_02762 (length 283)
/home/dich3309/rnaseq-tnseq-enterococcus-analysis/analyses/04_annotation/structural/prokka_np/efaecium_e745:Prokka:EFM745_02763 (length 81)
/home/dich3309/rnaseq-tnseq-enterococcus-analysis/analyses/04_annotation/structural/prokka_np/efaecium_e745:Prokka:EFM745_02764 (length 234)
/home/dich3309/rnaseq-tnseq-enterococcus-analysis/analyses/04_annotation/structural/prokka_np/efaecium_e745:Prokka:EFM745_02765 (length 420)
/home/dich3309/rnaseq-tnseq-enterococcus-analysis/analyses/04_annotation/structural/prokka_np/efaecium_e745:Prokka:EFM745_02766 (length 406)
/home/dich3309/rnaseq-tnseq-enterococcus-analysis/analyses/04_annotation/structural/prokka_np/efaecium_e745:Prokka:EFM745_02767 (length 384)
/home/dich3309/rnaseq-tnseq-enterococcus-analysis/analyses/04_annotation/structural/prokka_np/efaecium_e745:Prokka:EFM745_02768 (length 250)
/home/dich3309/rnaseq-tnseq-enterococcus-analysis/analyses/04_annotation/structural/prokka_np/efaecium_e745:Prokka:EFM745_02769 (length 888)
/home/dich3309/rnaseq-tnseq-enterococcus-analysis/analyses/04_annotation/structural/prokka_np/efaecium_e745:Prokka:EFM745_02770 (length 483)
/home/dich3309/rnaseq-tnseq-enterococcus-analysis/analyses/04_annotation/structural/prokka_np/efaecium_e745:Prokka:EFM745_02771 (length 271)
/home/dich3309/rnaseq-tnseq-enterococcus-analysis/analyses/04_annotation/structural/prokka_np/efaecium_e745:Prokka:EFM745_02772 (length 91)
/home/dich3309/rnaseq-tnseq-enterococcus-analysis/analyses/04_annotation/structural/prokka_np/efaecium_e745:Prokka:EFM745_02773 (length 151)
/home/dich3309/rnaseq-tnseq-enterococcus-analysis/analyses/04_annotation/structural/prokka_np/efaecium_e745:Prokka:EFM745_02774 (length 249)
/home/dich3309/rnaseq-tnseq-enterococcus-analysis/analyses/04_annotation/structural/prokka_np/efaecium_e745:Prokka:EFM745_02775 (length 108)
/home/dich3309/rnaseq-tnseq-enterococcus-analysis/analyses/04_annotation/structural/prokka_np/efaecium_e745:Prokka:EFM745_02776 (length 146)
/home/dich3309/rnaseq-tnseq-enterococcus-analysis/analyses/04_annotation/structural/prokka_np/efaecium_e745:Prokka:EFM745_02777 (length 465)
/home/dich3309/rnaseq-tnseq-enterococcus-analysis/analyses/04_annotation/structural/prokka_np/efaecium_e745:Prokka:EFM745_02778 (length 423)
/home/dich3309/rnaseq-tnseq-enterococcus-analysis/analyses/04_annotation/structural/prokka_np/efaecium_e745:Prokka:EFM745_02779 (length 239)
/home/dich3309/rnaseq-tnseq-enterococcus-analysis/analyses/04_annotation/structural/prokka_np/efaecium_e745:Prokka:EFM745_02780 (length 324)
/home/dich3309/rnaseq-tnseq-enterococcus-analysis/analyses/04_annotation/structural/prokka_np/efaecium_e745:Prokka:EFM745_02781 (length 201)
/home/dich3309/rnaseq-tnseq-enterococcus-analysis/analyses/04_annotation/structural/prokka_np/efaecium_e745:Prokka:EFM745_02782 (length 250)
/home/dich3309/rnaseq-tnseq-enterococcus-analysis/analyses/04_annotation/structural/prokka_np/efaecium_e745:Prokka:EFM745_02783 (length 86)
/home/dich3309/rnaseq-tnseq-enterococcus-analysis/analyses/04_annotation/structural/prokka_np/efaecium_e745:Prokka:EFM745_02784 (length 453)
/home/dich3309/rnaseq-tnseq-enterococcus-analysis/analyses/04_annotation/structural/prokka_np/efaecium_e745:Prokka:EFM745_02785 (length 99)
/home/dich3309/rnaseq-tnseq-enterococcus-analysis/analyses/04_annotation/structural/prokka_np/efaecium_e745:Prokka:EFM745_02786 (length 152)
/home/dich3309/rnaseq-tnseq-enterococcus-analysis/analyses/04_annotation/structural/prokka_np/efaecium_e745:Prokka:EFM745_02787 (length 263)
/home/dich3309/rnaseq-tnseq-enterococcus-analysis/analyses/04_annotation/structural/prokka_np/efaecium_e745:Prokka:EFM745_02788 (length 317)
/home/dich3309/rnaseq-tnseq-enterococcus-analysis/analyses/04_annotation/structural/prokka_np/efaecium_e745:Prokka:EFM745_02789 (length 324)
/home/dich3309/rnaseq-tnseq-enterococcus-analysis/analyses/04_annotation/structural/prokka_np/efaecium_e745:Prokka:EFM745_02790 (length 144)
/home/dich3309/rnaseq-tnseq-enterococcus-analysis/analyses/04_annotation/structural/prokka_np/efaecium_e745:Prokka:EFM745_02791 (length 340)
/home/dich3309/rnaseq-tnseq-enterococcus-analysis/analyses/04_annotation/structural/prokka_np/efaecium_e745:Prokka:EFM745_02792 (length 140)
/home/dich3309/rnaseq-tnseq-enterococcus-analysis/analyses/04_annotation/structural/prokka_np/efaecium_e745:Prokka:EFM745_02793 (length 640)
/home/dich3309/rnaseq-tnseq-enterococcus-analysis/analyses/04_annotation/structural/prokka_np/efaecium_e745:Prokka:EFM745_02794 (length 306)
/home/dich3309/rnaseq-tnseq-enterococcus-analysis/analyses/04_annotation/structural/prokka_np/efaecium_e745:Prokka:EFM745_02795 (length 323)
/home/dich3309/rnaseq-tnseq-enterococcus-analysis/analyses/04_annotation/structural/prokka_np/efaecium_e745:Prokka:EFM745_02796 (length 246)
/home/dich3309/rnaseq-tnseq-enterococcus-analysis/analyses/04_annotation/structural/prokka_np/efaecium_e745:Prokka:EFM745_02797 (length 363)
/home/dich3309/rnaseq-tnseq-enterococcus-analysis/analyses/04_annotation/structural/prokka_np/efaecium_e745:Prokka:EFM745_02798 (length 368)
/home/dich3309/rnaseq-tnseq-enterococcus-analysis/analyses/04_annotation/structural/prokka_np/efaecium_e745:Prokka:EFM745_02799 (length 225)
/home/dich3309/rnaseq-tnseq-enterococcus-analysis/analyses/04_annotation/structural/prokka_np/efaecium_e745:Prokka:EFM745_02800 (length 259)
/home/dich3309/rnaseq-tnseq-enterococcus-analysis/analyses/04_annotation/structural/prokka_np/efaecium_e745:Prokka:EFM745_02801 (length 116)
/home/dich3309/rnaseq-tnseq-enterococcus-analysis/analyses/04_annotation/structural/prokka_np/efaecium_e745:Prokka:EFM745_02802 (length 118)
/home/dich3309/rnaseq-tnseq-enterococcus-analysis/analyses/04_annotation/structural/prokka_np/efaecium_e745:Prokka:EFM745_02803 (length 416)
/home/dich3309/rnaseq-tnseq-enterococcus-analysis/analyses/04_annotation/structural/prokka_np/efaecium_e745:Prokka:EFM745_02804 (length 110)
/home/dich3309/rnaseq-tnseq-enterococcus-analysis/analyses/04_annotation/structural/prokka_np/efaecium_e745:Prokka:EFM745_02805 (length 620)
/home/dich3309/rnaseq-tnseq-enterococcus-analysis/analyses/04_annotation/structural/prokka_np/efaecium_e745:Prokka:EFM745_02806 (length 317)
/home/dich3309/rnaseq-tnseq-enterococcus-analysis/analyses/04_annotation/structural/prokka_np/efaecium_e745:Prokka:EFM745_02807 (length 64)
/home/dich3309/rnaseq-tnseq-enterococcus-analysis/analyses/04_annotation/structural/prokka_np/efaecium_e745:Prokka:EFM745_02808 (length 99)
/home/dich3309/rnaseq-tnseq-enterococcus-analysis/analyses/04_annotation/structural/prokka_np/efaecium_e745:Prokka:EFM745_02809 (length 144)
/home/dich3309/rnaseq-tnseq-enterococcus-analysis/analyses/04_annotation/structural/prokka_np/efaecium_e745:Prokka:EFM745_02810 (length 236)
/home/dich3309/rnaseq-tnseq-enterococcus-analysis/analyses/04_annotation/structural/prokka_np/efaecium_e745:Prokka:EFM745_02811 (length 286)
/home/dich3309/rnaseq-tnseq-enterococcus-analysis/analyses/04_annotation/structural/prokka_np/efaecium_e745:Prokka:EFM745_02812 (length 212)
/home/dich3309/rnaseq-tnseq-enterococcus-analysis/analyses/04_annotation/structural/prokka_np/efaecium_e745:Prokka:EFM745_02813 (length 99)
/home/dich3309/rnaseq-tnseq-enterococcus-analysis/analyses/04_annotation/structural/prokka_np/efaecium_e745:Prokka:EFM745_02814 (length 494)
/home/dich3309/rnaseq-tnseq-enterococcus-analysis/analyses/04_annotation/structural/prokka_np/efaecium_e745:Prokka:EFM745_02815 (length 153)
/home/dich3309/rnaseq-tnseq-enterococcus-analysis/analyses/04_annotation/structural/prokka_np/efaecium_e745:Prokka:EFM745_02816 (length 355)
/home/dich3309/rnaseq-tnseq-enterococcus-analysis/analyses/04_annotation/structural/prokka_np/efaecium_e745:Prokka:EFM745_02817 (length 256)
/home/dich3309/rnaseq-tnseq-enterococcus-analysis/analyses/04_annotation/structural/prokka_np/efaecium_e745:Prokka:EFM745_02818 (length 275)
/home/dich3309/rnaseq-tnseq-enterococcus-analysis/analyses/04_annotation/structural/prokka_np/efaecium_e745:Prokka:EFM745_02819 (length 411)
/home/dich3309/rnaseq-tnseq-enterococcus-analysis/analyses/04_annotation/structural/prokka_np/efaecium_e745:Prokka:EFM745_02820 (length 86)
/home/dich3309/rnaseq-tnseq-enterococcus-analysis/analyses/04_annotation/structural/prokka_np/efaecium_e745:Prokka:EFM745_02821 (length 433)
/home/dich3309/rnaseq-tnseq-enterococcus-analysis/analyses/04_annotation/structural/prokka_np/efaecium_e745:Prokka:EFM745_02822 (length 152)
/home/dich3309/rnaseq-tnseq-enterococcus-analysis/analyses/04_annotation/structural/prokka_np/efaecium_e745:Prokka:EFM745_02823 (length 442)
/home/dich3309/rnaseq-tnseq-enterococcus-analysis/analyses/04_annotation/structural/prokka_np/efaecium_e745:Prokka:EFM745_02824 (length 470)
/home/dich3309/rnaseq-tnseq-enterococcus-analysis/analyses/04_annotation/structural/prokka_np/efaecium_e745:Prokka:EFM745_02825 (length 254)
/home/dich3309/rnaseq-tnseq-enterococcus-analysis/analyses/04_annotation/structural/prokka_np/efaecium_e745:Prokka:EFM745_02826 (length 291)
/home/dich3309/rnaseq-tnseq-enterococcus-analysis/analyses/04_annotation/structural/prokka_np/efaecium_e745:Prokka:EFM745_2 (length 218570)
/home/dich3309/rnaseq-tnseq-enterococcus-analysis/analyses/04_annotation/structural/prokka_np/efaecium_e745:Prokka:EFM745_02844 (length 234)
/home/dich3309/rnaseq-tnseq-enterococcus-analysis/analyses/04_annotation/structural/prokka_np/efaecium_e745:Prokka:EFM745_02845 (length 431)
/home/dich3309/rnaseq-tnseq-enterococcus-analysis/analyses/04_annotation/structural/prokka_np/efaecium_e745:Prokka:EFM745_02846 (length 346)
/home/dich3309/rnaseq-tnseq-enterococcus-analysis/analyses/04_annotation/structural/prokka_np/efaecium_e745:Prokka:EFM745_02847 (length 110)
/home/dich3309/rnaseq-tnseq-enterococcus-analysis/analyses/04_annotation/structural/prokka_np/efaecium_e745:Prokka:EFM745_02848 (length 51)
/home/dich3309/rnaseq-tnseq-enterococcus-analysis/analyses/04_annotation/structural/prokka_np/efaecium_e745:Prokka:EFM745_02849 (length 40)
/home/dich3309/rnaseq-tnseq-enterococcus-analysis/analyses/04_annotation/structural/prokka_np/efaecium_e745:Prokka:EFM745_02850 (length 79)
/home/dich3309/rnaseq-tnseq-enterococcus-analysis/analyses/04_annotation/structural/prokka_np/efaecium_e745:Prokka:EFM745_02851 (length 229)
/home/dich3309/rnaseq-tnseq-enterococcus-analysis/analyses/04_annotation/structural/prokka_np/efaecium_e745:Prokka:EFM745_02852 (length 357)
/home/dich3309/rnaseq-tnseq-enterococcus-analysis/analyses/04_annotation/structural/prokka_np/efaecium_e745:Prokka:EFM745_02853 (length 224)
/home/dich3309/rnaseq-tnseq-enterococcus-analysis/analyses/04_annotation/structural/prokka_np/efaecium_e745:Prokka:EFM745_02854 (length 658)
/home/dich3309/rnaseq-tnseq-enterococcus-analysis/analyses/04_annotation/structural/prokka_np/efaecium_e745:Prokka:EFM745_02855 (length 250)
/home/dich3309/rnaseq-tnseq-enterococcus-analysis/analyses/04_annotation/structural/prokka_np/efaecium_e745:Prokka:EFM745_02856 (length 251)
/home/dich3309/rnaseq-tnseq-enterococcus-analysis/analyses/04_annotation/structural/prokka_np/efaecium_e745:Prokka:EFM745_02857 (length 86)
/home/dich3309/rnaseq-tnseq-enterococcus-analysis/analyses/04_annotation/structural/prokka_np/efaecium_e745:Prokka:EFM745_02858 (length 696)
/home/dich3309/rnaseq-tnseq-enterococcus-analysis/analyses/04_annotation/structural/prokka_np/efaecium_e745:Prokka:EFM745_02859 (length 144)
/home/dich3309/rnaseq-tnseq-enterococcus-analysis/analyses/04_annotation/structural/prokka_np/efaecium_e745:Prokka:EFM745_02860 (length 80)
/home/dich3309/rnaseq-tnseq-enterococcus-analysis/analyses/04_annotation/structural/prokka_np/efaecium_e745:Prokka:EFM745_02861 (length 100)
/home/dich3309/rnaseq-tnseq-enterococcus-analysis/analyses/04_annotation/structural/prokka_np/efaecium_e745:Prokka:EFM745_02862 (length 687)
/home/dich3309/rnaseq-tnseq-enterococcus-analysis/analyses/04_annotation/structural/prokka_np/efaecium_e745:Prokka:EFM745_02863 (length 609)
/home/dich3309/rnaseq-tnseq-enterococcus-analysis/analyses/04_annotation/structural/prokka_np/efaecium_e745:Prokka:EFM745_02865 (length 632)
/home/dich3309/rnaseq-tnseq-enterococcus-analysis/analyses/04_annotation/structural/prokka_np/efaecium_e745:Prokka:EFM745_02867 (length 263)
/home/dich3309/rnaseq-tnseq-enterococcus-analysis/analyses/04_annotation/structural/prokka_np/efaecium_e745:Prokka:EFM745_02868 (length 790)
/home/dich3309/rnaseq-tnseq-enterococcus-analysis/analyses/04_annotation/structural/prokka_np/efaecium_e745:Prokka:EFM745_02869 (length 110)
/home/dich3309/rnaseq-tnseq-enterococcus-analysis/analyses/04_annotation/structural/prokka_np/efaecium_e745:Prokka:EFM745_02870 (length 197)
/home/dich3309/rnaseq-tnseq-enterococcus-analysis/analyses/04_annotation/structural/prokka_np/efaecium_e745:Prokka:EFM745_02871 (length 50)
/home/dich3309/rnaseq-tnseq-enterococcus-analysis/analyses/04_annotation/structural/prokka_np/efaecium_e745:Prokka:EFM745_02872 (length 674)
/home/dich3309/rnaseq-tnseq-enterococcus-analysis/analyses/04_annotation/structural/prokka_np/efaecium_e745:Prokka:EFM745_02873 (length 401)
/home/dich3309/rnaseq-tnseq-enterococcus-analysis/analyses/04_annotation/structural/prokka_np/efaecium_e745:Prokka:EFM745_02874 (length 214)
/home/dich3309/rnaseq-tnseq-enterococcus-analysis/analyses/04_annotation/structural/prokka_np/efaecium_e745:Prokka:EFM745_02875 (length 268)
/home/dich3309/rnaseq-tnseq-enterococcus-analysis/analyses/04_annotation/structural/prokka_np/efaecium_e745:Prokka:EFM745_02876 (length 44)
/home/dich3309/rnaseq-tnseq-enterococcus-analysis/analyses/04_annotation/structural/prokka_np/efaecium_e745:Prokka:EFM745_02877 (length 357)
/home/dich3309/rnaseq-tnseq-enterococcus-analysis/analyses/04_annotation/structural/prokka_np/efaecium_e745:Prokka:EFM745_02878 (length 89)
/home/dich3309/rnaseq-tnseq-enterococcus-analysis/analyses/04_annotation/structural/prokka_np/efaecium_e745:Prokka:EFM745_02879 (length 98)
/home/dich3309/rnaseq-tnseq-enterococcus-analysis/analyses/04_annotation/structural/prokka_np/efaecium_e745:Prokka:EFM745_02880 (length 140)
/home/dich3309/rnaseq-tnseq-enterococcus-analysis/analyses/04_annotation/structural/prokka_np/efaecium_e745:Prokka:EFM745_02881 (length 530)
/home/dich3309/rnaseq-tnseq-enterococcus-analysis/analyses/04_annotation/structural/prokka_np/efaecium_e745:Prokka:EFM745_02882 (length 111)
/home/dich3309/rnaseq-tnseq-enterococcus-analysis/analyses/04_annotation/structural/prokka_np/efaecium_e745:Prokka:EFM745_02883 (length 64)
/home/dich3309/rnaseq-tnseq-enterococcus-analysis/analyses/04_annotation/structural/prokka_np/efaecium_e745:Prokka:EFM745_02884 (length 416)
/home/dich3309/rnaseq-tnseq-enterococcus-analysis/analyses/04_annotation/structural/prokka_np/efaecium_e745:Prokka:EFM745_02885 (length 790)
/home/dich3309/rnaseq-tnseq-enterococcus-analysis/analyses/04_annotation/structural/prokka_np/efaecium_e745:Prokka:EFM745_02886 (length 489)
/home/dich3309/rnaseq-tnseq-enterococcus-analysis/analyses/04_annotation/structural/prokka_np/efaecium_e745:Prokka:EFM745_02887 (length 669)
/home/dich3309/rnaseq-tnseq-enterococcus-analysis/analyses/04_annotation/structural/prokka_np/efaecium_e745:Prokka:EFM745_02888 (length 49)
/home/dich3309/rnaseq-tnseq-enterococcus-analysis/analyses/04_annotation/structural/prokka_np/efaecium_e745:Prokka:EFM745_02889 (length 198)
/home/dich3309/rnaseq-tnseq-enterococcus-analysis/analyses/04_annotation/structural/prokka_np/efaecium_e745:Prokka:EFM745_02890 (length 299)
/home/dich3309/rnaseq-tnseq-enterococcus-analysis/analyses/04_annotation/structural/prokka_np/efaecium_e745:Prokka:EFM745_02891 (length 43)
/home/dich3309/rnaseq-tnseq-enterococcus-analysis/analyses/04_annotation/structural/prokka_np/efaecium_e745:Prokka:EFM745_02892 (length 101)
/home/dich3309/rnaseq-tnseq-enterococcus-analysis/analyses/04_annotation/structural/prokka_np/efaecium_e745:Prokka:EFM745_02893 (length 85)
/home/dich3309/rnaseq-tnseq-enterococcus-analysis/analyses/04_annotation/structural/prokka_np/efaecium_e745:Prokka:EFM745_02896 (length 68)
/home/dich3309/rnaseq-tnseq-enterococcus-analysis/analyses/04_annotation/structural/prokka_np/efaecium_e745:Prokka:EFM745_02897 (length 83)
/home/dich3309/rnaseq-tnseq-enterococcus-analysis/analyses/04_annotation/structural/prokka_np/efaecium_e745:Prokka:EFM745_02898 (length 51)
/home/dich3309/rnaseq-tnseq-enterococcus-analysis/analyses/04_annotation/structural/prokka_np/efaecium_e745:Prokka:EFM745_02899 (length 90)
/home/dich3309/rnaseq-tnseq-enterococcus-analysis/analyses/04_annotation/structural/prokka_np/efaecium_e745:Prokka:EFM745_02900 (length 59)
/home/dich3309/rnaseq-tnseq-enterococcus-analysis/analyses/04_annotation/structural/prokka_np/efaecium_e745:Prokka:EFM745_02901 (length 118)
/home/dich3309/rnaseq-tnseq-enterococcus-analysis/analyses/04_annotation/structural/prokka_np/efaecium_e745:Prokka:EFM745_02902 (length 93)
/home/dich3309/rnaseq-tnseq-enterococcus-analysis/analyses/04_annotation/structural/prokka_np/efaecium_e745:Prokka:EFM745_02903 (length 317)
/home/dich3309/rnaseq-tnseq-enterococcus-analysis/analyses/04_annotation/structural/prokka_np/efaecium_e745:Prokka:EFM745_02904 (length 87)
/home/dich3309/rnaseq-tnseq-enterococcus-analysis/analyses/04_annotation/structural/prokka_np/efaecium_e745:Prokka:EFM745_02905 (length 96)
/home/dich3309/rnaseq-tnseq-enterococcus-analysis/analyses/04_annotation/structural/prokka_np/efaecium_e745:Prokka:EFM745_02906 (length 392)
/home/dich3309/rnaseq-tnseq-enterococcus-analysis/analyses/04_annotation/structural/prokka_np/efaecium_e745:Prokka:EFM745_02907 (length 648)
/home/dich3309/rnaseq-tnseq-enterococcus-analysis/analyses/04_annotation/structural/prokka_np/efaecium_e745:Prokka:EFM745_02908 (length 151)
/home/dich3309/rnaseq-tnseq-enterococcus-analysis/analyses/04_annotation/structural/prokka_np/efaecium_e745:Prokka:EFM745_02909 (length 442)
/home/dich3309/rnaseq-tnseq-enterococcus-analysis/analyses/04_annotation/structural/prokka_np/efaecium_e745:Prokka:EFM745_02910 (length 94)
/home/dich3309/rnaseq-tnseq-enterococcus-analysis/analyses/04_annotation/structural/prokka_np/efaecium_e745:Prokka:EFM745_02911 (length 171)
/home/dich3309/rnaseq-tnseq-enterococcus-analysis/analyses/04_annotation/structural/prokka_np/efaecium_e745:Prokka:EFM745_02912 (length 220)
/home/dich3309/rnaseq-tnseq-enterococcus-analysis/analyses/04_annotation/structural/prokka_np/efaecium_e745:Prokka:EFM745_02913 (length 190)
/home/dich3309/rnaseq-tnseq-enterococcus-analysis/analyses/04_annotation/structural/prokka_np/efaecium_e745:Prokka:EFM745_02914 (length 506)
/home/dich3309/rnaseq-tnseq-enterococcus-analysis/analyses/04_annotation/structural/prokka_np/efaecium_e745:Prokka:EFM745_02915 (length 59)
/home/dich3309/rnaseq-tnseq-enterococcus-analysis/analyses/04_annotation/structural/prokka_np/efaecium_e745:Prokka:EFM745_02916 (length 60)
/home/dich3309/rnaseq-tnseq-enterococcus-analysis/analyses/04_annotation/structural/prokka_np/efaecium_e745:Prokka:EFM745_02917 (length 199)
/home/dich3309/rnaseq-tnseq-enterococcus-analysis/analyses/04_annotation/structural/prokka_np/efaecium_e745:Prokka:EFM745_02918 (length 199)
/home/dich3309/rnaseq-tnseq-enterococcus-analysis/analyses/04_annotation/structural/prokka_np/efaecium_e745:Prokka:EFM745_02919 (length 139)
/home/dich3309/rnaseq-tnseq-enterococcus-analysis/analyses/04_annotation/structural/prokka_np/efaecium_e745:Prokka:EFM745_02920 (length 94)
/home/dich3309/rnaseq-tnseq-enterococcus-analysis/analyses/04_annotation/structural/prokka_np/efaecium_e745:Prokka:EFM745_02921 (length 290)
/home/dich3309/rnaseq-tnseq-enterococcus-analysis/analyses/04_annotation/structural/prokka_np/efaecium_e745:Prokka:EFM745_02922 (length 390)
/home/dich3309/rnaseq-tnseq-enterococcus-analysis/analyses/04_annotation/structural/prokka_np/efaecium_e745:Prokka:EFM745_02923 (length 648)
/home/dich3309/rnaseq-tnseq-enterococcus-analysis/analyses/04_annotation/structural/prokka_np/efaecium_e745:Prokka:EFM745_02924 (length 479)
/home/dich3309/rnaseq-tnseq-enterococcus-analysis/analyses/04_annotation/structural/prokka_np/efaecium_e745:Prokka:EFM745_02925 (length 276)
/home/dich3309/rnaseq-tnseq-enterococcus-analysis/analyses/04_annotation/structural/prokka_np/efaecium_e745:Prokka:EFM745_02926 (length 267)
/home/dich3309/rnaseq-tnseq-enterococcus-analysis/analyses/04_annotation/structural/prokka_np/efaecium_e745:Prokka:EFM745_02927 (length 193)
/home/dich3309/rnaseq-tnseq-enterococcus-analysis/analyses/04_annotation/structural/prokka_np/efaecium_e745:Prokka:EFM745_02928 (length 151)
/home/dich3309/rnaseq-tnseq-enterococcus-analysis/analyses/04_annotation/structural/prokka_np/efaecium_e745:Prokka:EFM745_02929 (length 77)
/home/dich3309/rnaseq-tnseq-enterococcus-analysis/analyses/04_annotation/structural/prokka_np/efaecium_e745:Prokka:EFM745_02930 (length 439)
/home/dich3309/rnaseq-tnseq-enterococcus-analysis/analyses/04_annotation/structural/prokka_np/efaecium_e745:Prokka:EFM745_02931 (length 72)
/home/dich3309/rnaseq-tnseq-enterococcus-analysis/analyses/04_annotation/structural/prokka_np/efaecium_e745:Prokka:EFM745_02932 (length 272)
/home/dich3309/rnaseq-tnseq-enterococcus-analysis/analyses/04_annotation/structural/prokka_np/efaecium_e745:Prokka:EFM745_02933 (length 229)
/home/dich3309/rnaseq-tnseq-enterococcus-analysis/analyses/04_annotation/structural/prokka_np/efaecium_e745:Prokka:EFM745_02934 (length 500)
/home/dich3309/rnaseq-tnseq-enterococcus-analysis/analyses/04_annotation/structural/prokka_np/efaecium_e745:Prokka:EFM745_02935 (length 416)
/home/dich3309/rnaseq-tnseq-enterococcus-analysis/analyses/04_annotation/structural/prokka_np/efaecium_e745:Prokka:EFM745_02936 (length 158)
/home/dich3309/rnaseq-tnseq-enterococcus-analysis/analyses/04_annotation/structural/prokka_np/efaecium_e745:Prokka:EFM745_02937 (length 278)
/home/dich3309/rnaseq-tnseq-enterococcus-analysis/analyses/04_annotation/structural/prokka_np/efaecium_e745:Prokka:EFM745_02938 (length 172)
/home/dich3309/rnaseq-tnseq-enterococcus-analysis/analyses/04_annotation/structural/prokka_np/efaecium_e745:Prokka:EFM745_02940 (length 361)
/home/dich3309/rnaseq-tnseq-enterococcus-analysis/analyses/04_annotation/structural/prokka_np/efaecium_e745:Prokka:EFM745_02941 (length 317)
/home/dich3309/rnaseq-tnseq-enterococcus-analysis/analyses/04_annotation/structural/prokka_np/efaecium_e745:Prokka:EFM745_02942 (length 416)
/home/dich3309/rnaseq-tnseq-enterococcus-analysis/analyses/04_annotation/structural/prokka_np/efaecium_e745:Prokka:EFM745_02943 (length 308)
/home/dich3309/rnaseq-tnseq-enterococcus-analysis/analyses/04_annotation/structural/prokka_np/efaecium_e745:Prokka:EFM745_02944 (length 331)
/home/dich3309/rnaseq-tnseq-enterococcus-analysis/analyses/04_annotation/structural/prokka_np/efaecium_e745:Prokka:EFM745_02945 (length 389)
/home/dich3309/rnaseq-tnseq-enterococcus-analysis/analyses/04_annotation/structural/prokka_np/efaecium_e745:Prokka:EFM745_02946 (length 244)
/home/dich3309/rnaseq-tnseq-enterococcus-analysis/analyses/04_annotation/structural/prokka_np/efaecium_e745:Prokka:EFM745_02947 (length 278)
/home/dich3309/rnaseq-tnseq-enterococcus-analysis/analyses/04_annotation/structural/prokka_np/efaecium_e745:Prokka:EFM745_02948 (length 475)
/home/dich3309/rnaseq-tnseq-enterococcus-analysis/analyses/04_annotation/structural/prokka_np/efaecium_e745:Prokka:EFM745_02949 (length 134)
/home/dich3309/rnaseq-tnseq-enterococcus-analysis/analyses/04_annotation/structural/prokka_np/efaecium_e745:Prokka:EFM745_02950 (length 382)
/home/dich3309/rnaseq-tnseq-enterococcus-analysis/analyses/04_annotation/structural/prokka_np/efaecium_e745:Prokka:EFM745_02951 (length 461)
/home/dich3309/rnaseq-tnseq-enterococcus-analysis/analyses/04_annotation/structural/prokka_np/efaecium_e745:Prokka:EFM745_02952 (length 446)
/home/dich3309/rnaseq-tnseq-enterococcus-analysis/analyses/04_annotation/structural/prokka_np/efaecium_e745:Prokka:EFM745_02953 (length 284)
/home/dich3309/rnaseq-tnseq-enterococcus-analysis/analyses/04_annotation/structural/prokka_np/efaecium_e745:Prokka:EFM745_02954 (length 730)
/home/dich3309/rnaseq-tnseq-enterococcus-analysis/analyses/04_annotation/structural/prokka_np/efaecium_e745:Prokka:EFM745_02955 (length 151)
/home/dich3309/rnaseq-tnseq-enterococcus-analysis/analyses/04_annotation/structural/prokka_np/efaecium_e745:Prokka:EFM745_02956 (length 278)
/home/dich3309/rnaseq-tnseq-enterococcus-analysis/analyses/04_annotation/structural/prokka_np/efaecium_e745:Prokka:EFM745_02957 (length 96)
/home/dich3309/rnaseq-tnseq-enterococcus-analysis/analyses/04_annotation/structural/prokka_np/efaecium_e745:Prokka:EFM745_02958 (length 178)
/home/dich3309/rnaseq-tnseq-enterococcus-analysis/analyses/04_annotation/structural/prokka_np/efaecium_e745:Prokka:EFM745_02959 (length 189)
/home/dich3309/rnaseq-tnseq-enterococcus-analysis/analyses/04_annotation/structural/prokka_np/efaecium_e745:Prokka:EFM745_02960 (length 287)
/home/dich3309/rnaseq-tnseq-enterococcus-analysis/analyses/04_annotation/structural/prokka_np/efaecium_e745:Prokka:EFM745_02961 (length 125)
/home/dich3309/rnaseq-tnseq-enterococcus-analysis/analyses/04_annotation/structural/prokka_np/efaecium_e745:Prokka:EFM745_02962 (length 431)
/home/dich3309/rnaseq-tnseq-enterococcus-analysis/analyses/04_annotation/structural/prokka_np/efaecium_e745:Prokka:EFM745_02963 (length 134)
/home/dich3309/rnaseq-tnseq-enterococcus-analysis/analyses/04_annotation/structural/prokka_np/efaecium_e745:Prokka:EFM745_02964 (length 382)
/home/dich3309/rnaseq-tnseq-enterococcus-analysis/analyses/04_annotation/structural/prokka_np/efaecium_e745:Prokka:EFM745_02965 (length 86)
/home/dich3309/rnaseq-tnseq-enterococcus-analysis/analyses/04_annotation/structural/prokka_np/efaecium_e745:Prokka:EFM745_02966 (length 392)
/home/dich3309/rnaseq-tnseq-enterococcus-analysis/analyses/04_annotation/structural/prokka_np/efaecium_e745:Prokka:EFM745_02967 (length 439)
/home/dich3309/rnaseq-tnseq-enterococcus-analysis/analyses/04_annotation/structural/prokka_np/efaecium_e745:Prokka:EFM745_02968 (length 217)
/home/dich3309/rnaseq-tnseq-enterococcus-analysis/analyses/04_annotation/structural/prokka_np/efaecium_e745:Prokka:EFM745_02969 (length 424)
/home/dich3309/rnaseq-tnseq-enterococcus-analysis/analyses/04_annotation/structural/prokka_np/efaecium_e745:Prokka:EFM745_02970 (length 537)
/home/dich3309/rnaseq-tnseq-enterococcus-analysis/analyses/04_annotation/structural/prokka_np/efaecium_e745:Prokka:EFM745_02972 (length 310)
/home/dich3309/rnaseq-tnseq-enterococcus-analysis/analyses/04_annotation/structural/prokka_np/efaecium_e745:Prokka:EFM745_02973 (length 553)
/home/dich3309/rnaseq-tnseq-enterococcus-analysis/analyses/04_annotation/structural/prokka_np/efaecium_e745:Prokka:EFM745_02974 (length 993)
/home/dich3309/rnaseq-tnseq-enterococcus-analysis/analyses/04_annotation/structural/prokka_np/efaecium_e745:Prokka:EFM745_02975 (length 637)
/home/dich3309/rnaseq-tnseq-enterococcus-analysis/analyses/04_annotation/structural/prokka_np/efaecium_e745:Prokka:EFM745_02976 (length 203)
/home/dich3309/rnaseq-tnseq-enterococcus-analysis/analyses/04_annotation/structural/prokka_np/efaecium_e745:Prokka:EFM745_02977 (length 490)
/home/dich3309/rnaseq-tnseq-enterococcus-analysis/analyses/04_annotation/structural/prokka_np/efaecium_e745:Prokka:EFM745_02978 (length 303)
/home/dich3309/rnaseq-tnseq-enterococcus-analysis/analyses/04_annotation/structural/prokka_np/efaecium_e745:Prokka:EFM745_02979 (length 312)
/home/dich3309/rnaseq-tnseq-enterococcus-analysis/analyses/04_annotation/structural/prokka_np/efaecium_e745:Prokka:EFM745_02980 (length 524)
/home/dich3309/rnaseq-tnseq-enterococcus-analysis/analyses/04_annotation/structural/prokka_np/efaecium_e745:Prokka:EFM745_02981 (length 242)
/home/dich3309/rnaseq-tnseq-enterococcus-analysis/analyses/04_annotation/structural/prokka_np/efaecium_e745:Prokka:EFM745_02982 (length 424)
/home/dich3309/rnaseq-tnseq-enterococcus-analysis/analyses/04_annotation/structural/prokka_np/efaecium_e745:Prokka:EFM745_02983 (length 343)
/home/dich3309/rnaseq-tnseq-enterococcus-analysis/analyses/04_annotation/structural/prokka_np/efaecium_e745:Prokka:EFM745_02984 (length 276)
/home/dich3309/rnaseq-tnseq-enterococcus-analysis/analyses/04_annotation/structural/prokka_np/efaecium_e745:Prokka:EFM745_02985 (length 271)
/home/dich3309/rnaseq-tnseq-enterococcus-analysis/analyses/04_annotation/structural/prokka_np/efaecium_e745:Prokka:EFM745_02986 (length 274)
/home/dich3309/rnaseq-tnseq-enterococcus-analysis/analyses/04_annotation/structural/prokka_np/efaecium_e745:Prokka:EFM745_02987 (length 366)
/home/dich3309/rnaseq-tnseq-enterococcus-analysis/analyses/04_annotation/structural/prokka_np/efaecium_e745:Prokka:EFM745_02988 (length 261)
/home/dich3309/rnaseq-tnseq-enterococcus-analysis/analyses/04_annotation/structural/prokka_np/efaecium_e745:Prokka:EFM745_02989 (length 95)
/home/dich3309/rnaseq-tnseq-enterococcus-analysis/analyses/04_annotation/structural/prokka_np/efaecium_e745:Prokka:EFM745_02990 (length 78)
/home/dich3309/rnaseq-tnseq-enterococcus-analysis/analyses/04_annotation/structural/prokka_np/efaecium_e745:Prokka:EFM745_02991 (length 271)
/home/dich3309/rnaseq-tnseq-enterococcus-analysis/analyses/04_annotation/structural/prokka_np/efaecium_e745:Prokka:EFM745_02992 (length 231)
/home/dich3309/rnaseq-tnseq-enterococcus-analysis/analyses/04_annotation/structural/prokka_np/efaecium_e745:Prokka:EFM745_02993 (length 163)
/home/dich3309/rnaseq-tnseq-enterococcus-analysis/analyses/04_annotation/structural/prokka_np/efaecium_e745:Prokka:EFM745_02994 (length 431)
/home/dich3309/rnaseq-tnseq-enterococcus-analysis/analyses/04_annotation/structural/prokka_np/efaecium_e745:Prokka:EFM745_02995 (length 515)
/home/dich3309/rnaseq-tnseq-enterococcus-analysis/analyses/04_annotation/structural/prokka_np/efaecium_e745:Prokka:EFM745_02996 (length 64)
/home/dich3309/rnaseq-tnseq-enterococcus-analysis/analyses/04_annotation/structural/prokka_np/efaecium_e745:Prokka:EFM745_02997 (length 33)
/home/dich3309/rnaseq-tnseq-enterococcus-analysis/analyses/04_annotation/structural/prokka_np/efaecium_e745:Prokka:EFM745_02998 (length 458)
/home/dich3309/rnaseq-tnseq-enterococcus-analysis/analyses/04_annotation/structural/prokka_np/efaecium_e745:Prokka:EFM745_02999 (length 218)
/home/dich3309/rnaseq-tnseq-enterococcus-analysis/analyses/04_annotation/structural/prokka_np/efaecium_e745:Prokka:EFM745_03000 (length 425)
/home/dich3309/rnaseq-tnseq-enterococcus-analysis/analyses/04_annotation/structural/prokka_np/efaecium_e745:Prokka:EFM745_03001 (length 96)
/home/dich3309/rnaseq-tnseq-enterococcus-analysis/analyses/04_annotation/structural/prokka_np/efaecium_e745:Prokka:EFM745_03002 (length 278)
/home/dich3309/rnaseq-tnseq-enterococcus-analysis/analyses/04_annotation/structural/prokka_np/efaecium_e745:Prokka:EFM745_03003 (length 195)
/home/dich3309/rnaseq-tnseq-enterococcus-analysis/analyses/04_annotation/structural/prokka_np/efaecium_e745:Prokka:EFM745_03004 (length 177)
/home/dich3309/rnaseq-tnseq-enterococcus-analysis/analyses/04_annotation/structural/prokka_np/efaecium_e745:Prokka:EFM745_03005 (length 96)
/home/dich3309/rnaseq-tnseq-enterococcus-analysis/analyses/04_annotation/structural/prokka_np/efaecium_e745:Prokka:EFM745_03006 (length 278)
/home/dich3309/rnaseq-tnseq-enterococcus-analysis/analyses/04_annotation/structural/prokka_np/efaecium_e745:Prokka:EFM745_03007 (length 106)
/home/dich3309/rnaseq-tnseq-enterococcus-analysis/analyses/04_annotation/structural/prokka_np/efaecium_e745:Prokka:EFM745_03008 (length 319)
/home/dich3309/rnaseq-tnseq-enterococcus-analysis/analyses/04_annotation/structural/prokka_np/efaecium_e745:Prokka:EFM745_03009 (length 141)
/home/dich3309/rnaseq-tnseq-enterococcus-analysis/analyses/04_annotation/structural/prokka_np/efaecium_e745:Prokka:EFM745_03010 (length 382)
/home/dich3309/rnaseq-tnseq-enterococcus-analysis/analyses/04_annotation/structural/prokka_np/efaecium_e745:Prokka:EFM745_03011 (length 134)
/home/dich3309/rnaseq-tnseq-enterococcus-analysis/analyses/04_annotation/structural/prokka_np/efaecium_e745:Prokka:EFM745_03012 (length 184)
/home/dich3309/rnaseq-tnseq-enterococcus-analysis/analyses/04_annotation/structural/prokka_np/efaecium_e745:Prokka:EFM745_03013 (length 302)
/home/dich3309/rnaseq-tnseq-enterococcus-analysis/analyses/04_annotation/structural/prokka_np/efaecium_e745:Prokka:EFM745_03014 (length 201)
/home/dich3309/rnaseq-tnseq-enterococcus-analysis/analyses/04_annotation/structural/prokka_np/efaecium_e745:Prokka:EFM745_03015 (length 99)
/home/dich3309/rnaseq-tnseq-enterococcus-analysis/analyses/04_annotation/structural/prokka_np/efaecium_e745:Prokka:EFM745_03016 (length 317)
/home/dich3309/rnaseq-tnseq-enterococcus-analysis/analyses/04_annotation/structural/prokka_np/efaecium_e745:Prokka:EFM745_03017 (length 216)
/home/dich3309/rnaseq-tnseq-enterococcus-analysis/analyses/04_annotation/structural/prokka_np/efaecium_e745:Prokka:EFM745_03018 (length 169)
/home/dich3309/rnaseq-tnseq-enterococcus-analysis/analyses/04_annotation/structural/prokka_np/efaecium_e745:Prokka:EFM745_03019 (length 187)
/home/dich3309/rnaseq-tnseq-enterococcus-analysis/analyses/04_annotation/structural/prokka_np/efaecium_e745:Prokka:EFM745_03020 (length 347)
/home/dich3309/rnaseq-tnseq-enterococcus-analysis/analyses/04_annotation/structural/prokka_np/efaecium_e745:Prokka:EFM745_03021 (length 134)
/home/dich3309/rnaseq-tnseq-enterococcus-analysis/analyses/04_annotation/structural/prokka_np/efaecium_e745:Prokka:EFM745_03022 (length 82)
/home/dich3309/rnaseq-tnseq-enterococcus-analysis/analyses/04_annotation/structural/prokka_np/efaecium_e745:Prokka:EFM745_03023 (length 392)
/home/dich3309/rnaseq-tnseq-enterococcus-analysis/analyses/04_annotation/structural/prokka_np/efaecium_e745:Prokka:EFM745_03024 (length 203)
/home/dich3309/rnaseq-tnseq-enterococcus-analysis/analyses/04_annotation/structural/prokka_np/efaecium_e745:Prokka:EFM745_03025 (length 392)
/home/dich3309/rnaseq-tnseq-enterococcus-analysis/analyses/04_annotation/structural/prokka_np/efaecium_e745:Prokka:EFM745_03026 (length 98)
/home/dich3309/rnaseq-tnseq-enterococcus-analysis/analyses/04_annotation/structural/prokka_np/efaecium_e745:Prokka:EFM745_03027 (length 292)
/home/dich3309/rnaseq-tnseq-enterococcus-analysis/analyses/04_annotation/structural/prokka_np/efaecium_e745:Prokka:EFM745_03028 (length 319)
/home/dich3309/rnaseq-tnseq-enterococcus-analysis/analyses/04_annotation/structural/prokka_np/efaecium_e745:Prokka:EFM745_03029 (length 223)
/home/dich3309/rnaseq-tnseq-enterococcus-analysis/analyses/04_annotation/structural/prokka_np/efaecium_e745:Prokka:EFM745_03030 (length 476)
/home/dich3309/rnaseq-tnseq-enterococcus-analysis/analyses/04_annotation/structural/prokka_np/efaecium_e745:Prokka:EFM745_03031 (length 431)
/home/dich3309/rnaseq-tnseq-enterococcus-analysis/analyses/04_annotation/structural/prokka_np/efaecium_e745:Prokka:EFM745_03032 (length 280)
/home/dich3309/rnaseq-tnseq-enterococcus-analysis/analyses/04_annotation/structural/prokka_np/efaecium_e745:Prokka:EFM745_03033 (length 488)
/home/dich3309/rnaseq-tnseq-enterococcus-analysis/analyses/04_annotation/structural/prokka_np/efaecium_e745:Prokka:EFM745_03034 (length 614)
/home/dich3309/rnaseq-tnseq-enterococcus-analysis/analyses/04_annotation/structural/prokka_np/efaecium_e745:Prokka:EFM745_03035 (length 226)
/home/dich3309/rnaseq-tnseq-enterococcus-analysis/analyses/04_annotation/structural/prokka_np/efaecium_e745:Prokka:EFM745_03036 (length 269)
/home/dich3309/rnaseq-tnseq-enterococcus-analysis/analyses/04_annotation/structural/prokka_np/efaecium_e745:Prokka:EFM745_03037 (length 248)
/home/dich3309/rnaseq-tnseq-enterococcus-analysis/analyses/04_annotation/structural/prokka_np/efaecium_e745:Prokka:EFM745_03038 (length 177)
/home/dich3309/rnaseq-tnseq-enterococcus-analysis/analyses/04_annotation/structural/prokka_np/efaecium_e745:Prokka:EFM745_03039 (length 85)
/home/dich3309/rnaseq-tnseq-enterococcus-analysis/analyses/04_annotation/structural/prokka_np/efaecium_e745:Prokka:EFM745_03040 (length 337)
/home/dich3309/rnaseq-tnseq-enterococcus-analysis/analyses/04_annotation/structural/prokka_np/efaecium_e745:Prokka:EFM745_03041 (length 93)
/home/dich3309/rnaseq-tnseq-enterococcus-analysis/analyses/04_annotation/structural/prokka_np/efaecium_e745:Prokka:EFM745_03042 (length 392)
/home/dich3309/rnaseq-tnseq-enterococcus-analysis/analyses/04_annotation/structural/prokka_np/efaecium_e745:Prokka:EFM745_03043 (length 51)
/home/dich3309/rnaseq-tnseq-enterococcus-analysis/analyses/04_annotation/structural/prokka_np/efaecium_e745:Prokka:EFM745_03044 (length 152)
/home/dich3309/rnaseq-tnseq-enterococcus-analysis/analyses/04_annotation/structural/prokka_np/efaecium_e745:Prokka:EFM745_03045 (length 169)
/home/dich3309/rnaseq-tnseq-enterococcus-analysis/analyses/04_annotation/structural/prokka_np/efaecium_e745:Prokka:EFM745_03046 (length 106)
/home/dich3309/rnaseq-tnseq-enterococcus-analysis/analyses/04_annotation/structural/prokka_np/efaecium_e745:Prokka:EFM745_03047 (length 186)
/home/dich3309/rnaseq-tnseq-enterococcus-analysis/analyses/04_annotation/structural/prokka_np/efaecium_e745:Prokka:EFM745_03048 (length 803)
/home/dich3309/rnaseq-tnseq-enterococcus-analysis/analyses/04_annotation/structural/prokka_np/efaecium_e745:Prokka:EFM745_03049 (length 94)
/home/dich3309/rnaseq-tnseq-enterococcus-analysis/analyses/04_annotation/structural/prokka_np/efaecium_e745:Prokka:EFM745_03050 (length 289)
/home/dich3309/rnaseq-tnseq-enterococcus-analysis/analyses/04_annotation/structural/prokka_np/efaecium_e745:Prokka:EFM745_03051 (length 102)
/home/dich3309/rnaseq-tnseq-enterococcus-analysis/analyses/04_annotation/structural/prokka_np/efaecium_e745:Prokka:EFM745_03052 (length 174)
/home/dich3309/rnaseq-tnseq-enterococcus-analysis/analyses/04_annotation/structural/prokka_np/efaecium_e745:Prokka:EFM745_03053 (length 257)
/home/dich3309/rnaseq-tnseq-enterococcus-analysis/analyses/04_annotation/structural/prokka_np/efaecium_e745:Prokka:EFM745_03054 (length 156)
/home/dich3309/rnaseq-tnseq-enterococcus-analysis/analyses/04_annotation/structural/prokka_np/efaecium_e745:Prokka:EFM745_03055 (length 138)
/home/dich3309/rnaseq-tnseq-enterococcus-analysis/analyses/04_annotation/structural/prokka_np/efaecium_e745:Prokka:EFM745_03056 (length 86)
/home/dich3309/rnaseq-tnseq-enterococcus-analysis/analyses/04_annotation/structural/prokka_np/efaecium_e745:Prokka:EFM745_03057 (length 161)
/home/dich3309/rnaseq-tnseq-enterococcus-analysis/analyses/04_annotation/structural/prokka_np/efaecium_e745:Prokka:EFM745_03058 (length 382)
/home/dich3309/rnaseq-tnseq-enterococcus-analysis/analyses/04_annotation/structural/prokka_np/efaecium_e745:Prokka:EFM745_03059 (length 134)
/home/dich3309/rnaseq-tnseq-enterococcus-analysis/analyses/04_annotation/structural/prokka_np/efaecium_e745:Prokka:EFM745_03060 (length 474)
/home/dich3309/rnaseq-tnseq-enterococcus-analysis/analyses/04_annotation/structural/prokka_np/efaecium_e745:Prokka:EFM745_03061 (length 201)
/home/dich3309/rnaseq-tnseq-enterococcus-analysis/analyses/04_annotation/structural/prokka_np/efaecium_e745:Prokka:EFM745_03062 (length 106)
/home/dich3309/rnaseq-tnseq-enterococcus-analysis/analyses/04_annotation/structural/prokka_np/efaecium_e745:Prokka:EFM745_03063 (length 119)
/home/dich3309/rnaseq-tnseq-enterococcus-analysis/analyses/04_annotation/structural/prokka_np/efaecium_e745:Prokka:EFM745_03064 (length 475)
/home/dich3309/rnaseq-tnseq-enterococcus-analysis/analyses/04_annotation/structural/prokka_np/efaecium_e745:Prokka:EFM745_03065 (length 186)
/home/dich3309/rnaseq-tnseq-enterococcus-analysis/analyses/04_annotation/structural/prokka_np/efaecium_e745:Prokka:EFM745_03066 (length 66)
/home/dich3309/rnaseq-tnseq-enterococcus-analysis/analyses/04_annotation/structural/prokka_np/efaecium_e745:Prokka:EFM745_03067 (length 87)
/home/dich3309/rnaseq-tnseq-enterococcus-analysis/analyses/04_annotation/structural/prokka_np/efaecium_e745:Prokka:EFM745_3 (length 28879)
/home/dich3309/rnaseq-tnseq-enterococcus-analysis/analyses/04_annotation/structural/prokka_np/efaecium_e745:Prokka:EFM745_03068 (length 82)
/home/dich3309/rnaseq-tnseq-enterococcus-analysis/analyses/04_annotation/structural/prokka_np/efaecium_e745:Prokka:EFM745_03069 (length 217)
/home/dich3309/rnaseq-tnseq-enterococcus-analysis/analyses/04_annotation/structural/prokka_np/efaecium_e745:Prokka:EFM745_03070 (length 251)
/home/dich3309/rnaseq-tnseq-enterococcus-analysis/analyses/04_annotation/structural/prokka_np/efaecium_e745:Prokka:EFM745_03071 (length 658)
/home/dich3309/rnaseq-tnseq-enterococcus-analysis/analyses/04_annotation/structural/prokka_np/efaecium_e745:Prokka:EFM745_03072 (length 205)
/home/dich3309/rnaseq-tnseq-enterococcus-analysis/analyses/04_annotation/structural/prokka_np/efaecium_e745:Prokka:EFM745_03073 (length 79)
/home/dich3309/rnaseq-tnseq-enterococcus-analysis/analyses/04_annotation/structural/prokka_np/efaecium_e745:Prokka:EFM745_03074 (length 79)
/home/dich3309/rnaseq-tnseq-enterococcus-analysis/analyses/04_annotation/structural/prokka_np/efaecium_e745:Prokka:EFM745_03075 (length 113)
/home/dich3309/rnaseq-tnseq-enterococcus-analysis/analyses/04_annotation/structural/prokka_np/efaecium_e745:Prokka:EFM745_03076 (length 102)
/home/dich3309/rnaseq-tnseq-enterococcus-analysis/analyses/04_annotation/structural/prokka_np/efaecium_e745:Prokka:EFM745_03077 (length 110)
/home/dich3309/rnaseq-tnseq-enterococcus-analysis/analyses/04_annotation/structural/prokka_np/efaecium_e745:Prokka:EFM745_03078 (length 317)
/home/dich3309/rnaseq-tnseq-enterococcus-analysis/analyses/04_annotation/structural/prokka_np/efaecium_e745:Prokka:EFM745_03079 (length 33)
/home/dich3309/rnaseq-tnseq-enterococcus-analysis/analyses/04_annotation/structural/prokka_np/efaecium_e745:Prokka:EFM745_03080 (length 184)
/home/dich3309/rnaseq-tnseq-enterococcus-analysis/analyses/04_annotation/structural/prokka_np/efaecium_e745:Prokka:EFM745_03081 (length 230)
/home/dich3309/rnaseq-tnseq-enterococcus-analysis/analyses/04_annotation/structural/prokka_np/efaecium_e745:Prokka:EFM745_03082 (length 38)
/home/dich3309/rnaseq-tnseq-enterococcus-analysis/analyses/04_annotation/structural/prokka_np/efaecium_e745:Prokka:EFM745_03083 (length 97)
/home/dich3309/rnaseq-tnseq-enterococcus-analysis/analyses/04_annotation/structural/prokka_np/efaecium_e745:Prokka:EFM745_03084 (length 34)
/home/dich3309/rnaseq-tnseq-enterococcus-analysis/analyses/04_annotation/structural/prokka_np/efaecium_e745:Prokka:EFM745_03085 (length 116)
/home/dich3309/rnaseq-tnseq-enterococcus-analysis/analyses/04_annotation/structural/prokka_np/efaecium_e745:Prokka:EFM745_03086 (length 441)
/home/dich3309/rnaseq-tnseq-enterococcus-analysis/analyses/04_annotation/structural/prokka_np/efaecium_e745:Prokka:EFM745_03087 (length 204)
/home/dich3309/rnaseq-tnseq-enterococcus-analysis/analyses/04_annotation/structural/prokka_np/efaecium_e745:Prokka:EFM745_03088 (length 116)
/home/dich3309/rnaseq-tnseq-enterococcus-analysis/analyses/04_annotation/structural/prokka_np/efaecium_e745:Prokka:EFM745_03089 (length 87)
/home/dich3309/rnaseq-tnseq-enterococcus-analysis/analyses/04_annotation/structural/prokka_np/efaecium_e745:Prokka:EFM745_03090 (length 49)
/home/dich3309/rnaseq-tnseq-enterococcus-analysis/analyses/04_annotation/structural/prokka_np/efaecium_e745:Prokka:EFM745_03091 (length 59)
/home/dich3309/rnaseq-tnseq-enterococcus-analysis/analyses/04_annotation/structural/prokka_np/efaecium_e745:Prokka:EFM745_03092 (length 66)
/home/dich3309/rnaseq-tnseq-enterococcus-analysis/analyses/04_annotation/structural/prokka_np/efaecium_e745:Prokka:EFM745_03093 (length 235)
/home/dich3309/rnaseq-tnseq-enterococcus-analysis/analyses/04_annotation/structural/prokka_np/efaecium_e745:Prokka:EFM745_03094 (length 145)
/home/dich3309/rnaseq-tnseq-enterococcus-analysis/analyses/04_annotation/structural/prokka_np/efaecium_e745:Prokka:EFM745_03095 (length 83)
/home/dich3309/rnaseq-tnseq-enterococcus-analysis/analyses/04_annotation/structural/prokka_np/efaecium_e745:Prokka:EFM745_03096 (length 68)
/home/dich3309/rnaseq-tnseq-enterococcus-analysis/analyses/04_annotation/structural/prokka_np/efaecium_e745:Prokka:EFM745_03097 (length 86)
/home/dich3309/rnaseq-tnseq-enterococcus-analysis/analyses/04_annotation/structural/prokka_np/efaecium_e745:Prokka:EFM745_03099 (length 161)
/home/dich3309/rnaseq-tnseq-enterococcus-analysis/analyses/04_annotation/structural/prokka_np/efaecium_e745:Prokka:EFM745_03100 (length 299)
/home/dich3309/rnaseq-tnseq-enterococcus-analysis/analyses/04_annotation/structural/prokka_np/efaecium_e745:Prokka:EFM745_03101 (length 197)
/home/dich3309/rnaseq-tnseq-enterococcus-analysis/analyses/04_annotation/structural/prokka_np/efaecium_e745:Prokka:EFM745_03102 (length 49)
/home/dich3309/rnaseq-tnseq-enterococcus-analysis/analyses/04_annotation/structural/prokka_np/efaecium_e745:Prokka:EFM745_03103 (length 734)
/home/dich3309/rnaseq-tnseq-enterococcus-analysis/analyses/04_annotation/structural/prokka_np/efaecium_e745:Prokka:EFM745_03104 (length 486)
/home/dich3309/rnaseq-tnseq-enterococcus-analysis/analyses/04_annotation/structural/prokka_np/efaecium_e745:Prokka:EFM745_03105 (length 725)
/home/dich3309/rnaseq-tnseq-enterococcus-analysis/analyses/04_annotation/structural/prokka_np/efaecium_e745:Prokka:EFM745_03106 (length 45)
/home/dich3309/rnaseq-tnseq-enterococcus-analysis/analyses/04_annotation/structural/prokka_np/efaecium_e745:Prokka:EFM745_03107 (length 151)
/home/dich3309/rnaseq-tnseq-enterococcus-analysis/analyses/04_annotation/structural/prokka_np/efaecium_e745:Prokka:EFM745_4 (length 14734)
/home/dich3309/rnaseq-tnseq-enterococcus-analysis/analyses/04_annotation/structural/prokka_np/efaecium_e745:Prokka:EFM745_03108 (length 133)
/home/dich3309/rnaseq-tnseq-enterococcus-analysis/analyses/04_annotation/structural/prokka_np/efaecium_e745:Prokka:EFM745_03109 (length 245)
/home/dich3309/rnaseq-tnseq-enterococcus-analysis/analyses/04_annotation/structural/prokka_np/efaecium_e745:Prokka:EFM745_03110 (length 416)
/home/dich3309/rnaseq-tnseq-enterococcus-analysis/analyses/04_annotation/structural/prokka_np/efaecium_e745:Prokka:EFM745_03111 (length 64)
/home/dich3309/rnaseq-tnseq-enterococcus-analysis/analyses/04_annotation/structural/prokka_np/efaecium_e745:Prokka:EFM745_03112 (length 218)
/home/dich3309/rnaseq-tnseq-enterococcus-analysis/analyses/04_annotation/structural/prokka_np/efaecium_e745:Prokka:EFM745_03113 (length 109)
/home/dich3309/rnaseq-tnseq-enterococcus-analysis/analyses/04_annotation/structural/prokka_np/efaecium_e745:Prokka:EFM745_03114 (length 159)
/home/dich3309/rnaseq-tnseq-enterococcus-analysis/analyses/04_annotation/structural/prokka_np/efaecium_e745:Prokka:EFM745_03115 (length 80)
/home/dich3309/rnaseq-tnseq-enterococcus-analysis/analyses/04_annotation/structural/prokka_np/efaecium_e745:Prokka:EFM745_03116 (length 50)
/home/dich3309/rnaseq-tnseq-enterococcus-analysis/analyses/04_annotation/structural/prokka_np/efaecium_e745:Prokka:EFM745_03117 (length 102)
/home/dich3309/rnaseq-tnseq-enterococcus-analysis/analyses/04_annotation/structural/prokka_np/efaecium_e745:Prokka:EFM745_03118 (length 76)
/home/dich3309/rnaseq-tnseq-enterococcus-analysis/analyses/04_annotation/structural/prokka_np/efaecium_e745:Prokka:EFM745_03119 (length 120)
/home/dich3309/rnaseq-tnseq-enterococcus-analysis/analyses/04_annotation/structural/prokka_np/efaecium_e745:Prokka:EFM745_03120 (length 154)
/home/dich3309/rnaseq-tnseq-enterococcus-analysis/analyses/04_annotation/structural/prokka_np/efaecium_e745:Prokka:EFM745_03121 (length 214)
/home/dich3309/rnaseq-tnseq-enterococcus-analysis/analyses/04_annotation/structural/prokka_np/efaecium_e745:Prokka:EFM745_03122 (length 174)
/home/dich3309/rnaseq-tnseq-enterococcus-analysis/analyses/04_annotation/structural/prokka_np/efaecium_e745:Prokka:EFM745_03123 (length 44)
/home/dich3309/rnaseq-tnseq-enterococcus-analysis/analyses/04_annotation/structural/prokka_np/efaecium_e745:Prokka:EFM745_03124 (length 182)
/home/dich3309/rnaseq-tnseq-enterococcus-analysis/analyses/04_annotation/structural/prokka_np/efaecium_e745:Prokka:EFM745_03125 (length 106)
/home/dich3309/rnaseq-tnseq-enterococcus-analysis/analyses/04_annotation/structural/prokka_np/efaecium_e745:Prokka:EFM745_03126 (length 68)
/home/dich3309/rnaseq-tnseq-enterococcus-analysis/analyses/04_annotation/structural/prokka_np/efaecium_e745:Prokka:EFM745_03127 (length 116)
/home/dich3309/rnaseq-tnseq-enterococcus-analysis/analyses/04_annotation/structural/prokka_np/efaecium_e745:Prokka:EFM745_03128 (length 39)
/home/dich3309/rnaseq-tnseq-enterococcus-analysis/analyses/04_annotation/structural/prokka_np/efaecium_e745:Prokka:EFM745_03129 (length 163)
/home/dich3309/rnaseq-tnseq-enterococcus-analysis/analyses/04_annotation/structural/prokka_np/efaecium_e745:Prokka:EFM745_03130 (length 46)
/home/dich3309/rnaseq-tnseq-enterococcus-analysis/analyses/04_annotation/structural/prokka_np/efaecium_e745:Prokka:EFM745_03131 (length 62)
/home/dich3309/rnaseq-tnseq-enterococcus-analysis/analyses/04_annotation/structural/prokka_np/efaecium_e745:Prokka:EFM745_03132 (length 107)
/home/dich3309/rnaseq-tnseq-enterococcus-analysis/analyses/04_annotation/structural/prokka_np/efaecium_e745:Prokka:EFM745_03133 (length 74)
/home/dich3309/rnaseq-tnseq-enterococcus-analysis/analyses/04_annotation/structural/prokka_np/efaecium_e745:Prokka:EFM745_03134 (length 88)
/home/dich3309/rnaseq-tnseq-enterococcus-analysis/analyses/04_annotation/structural/prokka_np/efaecium_e745:Prokka:EFM745_03135 (length 70)
/home/dich3309/rnaseq-tnseq-enterococcus-analysis/analyses/04_annotation/structural/prokka_np/efaecium_e745:Prokka:EFM745_5 (length 40013)
/home/dich3309/rnaseq-tnseq-enterococcus-analysis/analyses/04_annotation/structural/prokka_np/efaecium_e745:Prokka:EFM745_03136 (length 74)
/home/dich3309/rnaseq-tnseq-enterococcus-analysis/analyses/04_annotation/structural/prokka_np/efaecium_e745:Prokka:EFM745_03137 (length 95)
/home/dich3309/rnaseq-tnseq-enterococcus-analysis/analyses/04_annotation/structural/prokka_np/efaecium_e745:Prokka:EFM745_03138 (length 294)
/home/dich3309/rnaseq-tnseq-enterococcus-analysis/analyses/04_annotation/structural/prokka_np/efaecium_e745:Prokka:EFM745_03139 (length 98)
/home/dich3309/rnaseq-tnseq-enterococcus-analysis/analyses/04_annotation/structural/prokka_np/efaecium_e745:Prokka:EFM745_03140 (length 226)
/home/dich3309/rnaseq-tnseq-enterococcus-analysis/analyses/04_annotation/structural/prokka_np/efaecium_e745:Prokka:EFM745_03141 (length 231)
/home/dich3309/rnaseq-tnseq-enterococcus-analysis/analyses/04_annotation/structural/prokka_np/efaecium_e745:Prokka:EFM745_03142 (length 364)
/home/dich3309/rnaseq-tnseq-enterococcus-analysis/analyses/04_annotation/structural/prokka_np/efaecium_e745:Prokka:EFM745_03143 (length 322)
/home/dich3309/rnaseq-tnseq-enterococcus-analysis/analyses/04_annotation/structural/prokka_np/efaecium_e745:Prokka:EFM745_03144 (length 343)
/home/dich3309/rnaseq-tnseq-enterococcus-analysis/analyses/04_annotation/structural/prokka_np/efaecium_e745:Prokka:EFM745_03145 (length 202)
/home/dich3309/rnaseq-tnseq-enterococcus-analysis/analyses/04_annotation/structural/prokka_np/efaecium_e745:Prokka:EFM745_03146 (length 226)
/home/dich3309/rnaseq-tnseq-enterococcus-analysis/analyses/04_annotation/structural/prokka_np/efaecium_e745:Prokka:EFM745_03147 (length 132)
/home/dich3309/rnaseq-tnseq-enterococcus-analysis/analyses/04_annotation/structural/prokka_np/efaecium_e745:Prokka:EFM745_03148 (length 94)
/home/dich3309/rnaseq-tnseq-enterococcus-analysis/analyses/04_annotation/structural/prokka_np/efaecium_e745:Prokka:EFM745_03149 (length 99)
/home/dich3309/rnaseq-tnseq-enterococcus-analysis/analyses/04_annotation/structural/prokka_np/efaecium_e745:Prokka:EFM745_03150 (length 496)
/home/dich3309/rnaseq-tnseq-enterococcus-analysis/analyses/04_annotation/structural/prokka_np/efaecium_e745:Prokka:EFM745_03151 (length 56)
/home/dich3309/rnaseq-tnseq-enterococcus-analysis/analyses/04_annotation/structural/prokka_np/efaecium_e745:Prokka:EFM745_03152 (length 205)
/home/dich3309/rnaseq-tnseq-enterococcus-analysis/analyses/04_annotation/structural/prokka_np/efaecium_e745:Prokka:EFM745_03153 (length 30)
/home/dich3309/rnaseq-tnseq-enterococcus-analysis/analyses/04_annotation/structural/prokka_np/efaecium_e745:Prokka:EFM745_03154 (length 226)
/home/dich3309/rnaseq-tnseq-enterococcus-analysis/analyses/04_annotation/structural/prokka_np/efaecium_e745:Prokka:EFM745_03155 (length 150)
/home/dich3309/rnaseq-tnseq-enterococcus-analysis/analyses/04_annotation/structural/prokka_np/efaecium_e745:Prokka:EFM745_03156 (length 229)
/home/dich3309/rnaseq-tnseq-enterococcus-analysis/analyses/04_annotation/structural/prokka_np/efaecium_e745:Prokka:EFM745_03157 (length 783)
/home/dich3309/rnaseq-tnseq-enterococcus-analysis/analyses/04_annotation/structural/prokka_np/efaecium_e745:Prokka:EFM745_03158 (length 128)
/home/dich3309/rnaseq-tnseq-enterococcus-analysis/analyses/04_annotation/structural/prokka_np/efaecium_e745:Prokka:EFM745_03159 (length 205)
/home/dich3309/rnaseq-tnseq-enterococcus-analysis/analyses/04_annotation/structural/prokka_np/efaecium_e745:Prokka:EFM745_03160 (length 99)
/home/dich3309/rnaseq-tnseq-enterococcus-analysis/analyses/04_annotation/structural/prokka_np/efaecium_e745:Prokka:EFM745_03161 (length 55)
/home/dich3309/rnaseq-tnseq-enterococcus-analysis/analyses/04_annotation/structural/prokka_np/efaecium_e745:Prokka:EFM745_03162 (length 201)
/home/dich3309/rnaseq-tnseq-enterococcus-analysis/analyses/04_annotation/structural/prokka_np/efaecium_e745:Prokka:EFM745_03163 (length 456)
/home/dich3309/rnaseq-tnseq-enterococcus-analysis/analyses/04_annotation/structural/prokka_np/efaecium_e745:Prokka:EFM745_03164 (length 226)
/home/dich3309/rnaseq-tnseq-enterococcus-analysis/analyses/04_annotation/structural/prokka_np/efaecium_e745:Prokka:EFM745_03165 (length 105)
/home/dich3309/rnaseq-tnseq-enterococcus-analysis/analyses/04_annotation/structural/prokka_np/efaecium_e745:Prokka:EFM745_03166 (length 197)
/home/dich3309/rnaseq-tnseq-enterococcus-analysis/analyses/04_annotation/structural/prokka_np/efaecium_e745:Prokka:EFM745_03167 (length 226)
/home/dich3309/rnaseq-tnseq-enterococcus-analysis/analyses/04_annotation/structural/prokka_np/efaecium_e745:Prokka:EFM745_03168 (length 174)
/home/dich3309/rnaseq-tnseq-enterococcus-analysis/analyses/04_annotation/structural/prokka_np/efaecium_e745:Prokka:EFM745_03170 (length 471)
/home/dich3309/rnaseq-tnseq-enterococcus-analysis/analyses/04_annotation/structural/prokka_np/efaecium_e745:Prokka:EFM745_03171 (length 120)
/home/dich3309/rnaseq-tnseq-enterococcus-analysis/analyses/04_annotation/structural/prokka_np/efaecium_e745:Prokka:EFM745_03172 (length 105)
/home/dich3309/rnaseq-tnseq-enterococcus-analysis/analyses/04_annotation/structural/prokka_np/efaecium_e745:Prokka:EFM745_03173 (length 139)
/home/dich3309/rnaseq-tnseq-enterococcus-analysis/analyses/04_annotation/structural/prokka_np/efaecium_e745:Prokka:EFM745_03174 (length 163)
/home/dich3309/rnaseq-tnseq-enterococcus-analysis/analyses/04_annotation/structural/prokka_np/efaecium_e745:Prokka:EFM745_03175 (length 226)
/home/dich3309/rnaseq-tnseq-enterococcus-analysis/analyses/04_annotation/structural/prokka_np/efaecium_e745:Prokka:EFM745_03176 (length 78)
/home/dich3309/rnaseq-tnseq-enterococcus-analysis/analyses/04_annotation/structural/prokka_np/efaecium_e745:Prokka:EFM745_03177 (length 91)
/home/dich3309/rnaseq-tnseq-enterococcus-analysis/analyses/04_annotation/structural/prokka_np/efaecium_e745:Prokka:EFM745_03178 (length 317)
/home/dich3309/rnaseq-tnseq-enterococcus-analysis/analyses/04_annotation/structural/prokka_np/efaecium_e745:Prokka:EFM745_03179 (length 497)
/home/dich3309/rnaseq-tnseq-enterococcus-analysis/analyses/04_annotation/structural/prokka_np/efaecium_e745:Prokka:EFM745_03180 (length 98)
/home/dich3309/rnaseq-tnseq-enterococcus-analysis/analyses/04_annotation/structural/prokka_np/efaecium_e745:Prokka:EFM745_03181 (length 226)
/home/dich3309/rnaseq-tnseq-enterococcus-analysis/analyses/04_annotation/structural/prokka_np/efaecium_e745:Prokka:EFM745_03182 (length 485)
/home/dich3309/rnaseq-tnseq-enterococcus-analysis/analyses/04_annotation/structural/prokka_np/efaecium_e745:Prokka:EFM745_03183 (length 121)
/home/dich3309/rnaseq-tnseq-enterococcus-analysis/analyses/04_annotation/structural/prokka_np/efaecium_e745:Prokka:EFM745_03184 (length 322)
/home/dich3309/rnaseq-tnseq-enterococcus-analysis/analyses/04_annotation/structural/prokka_np/efaecium_e745:Prokka:EFM745_03185 (length 343)
/home/dich3309/rnaseq-tnseq-enterococcus-analysis/analyses/04_annotation/structural/prokka_np/efaecium_e745:Prokka:EFM745_6 (length 15017)
/home/dich3309/rnaseq-tnseq-enterococcus-analysis/analyses/04_annotation/structural/prokka_np/efaecium_e745:Prokka:EFM745_03186 (length 37)
/home/dich3309/rnaseq-tnseq-enterococcus-analysis/analyses/04_annotation/structural/prokka_np/efaecium_e745:Prokka:EFM745_03187 (length 132)
/home/dich3309/rnaseq-tnseq-enterococcus-analysis/analyses/04_annotation/structural/prokka_np/efaecium_e745:Prokka:EFM745_03188 (length 178)
/home/dich3309/rnaseq-tnseq-enterococcus-analysis/analyses/04_annotation/structural/prokka_np/efaecium_e745:Prokka:EFM745_03189 (length 86)
/home/dich3309/rnaseq-tnseq-enterococcus-analysis/analyses/04_annotation/structural/prokka_np/efaecium_e745:Prokka:EFM745_03190 (length 674)
/home/dich3309/rnaseq-tnseq-enterococcus-analysis/analyses/04_annotation/structural/prokka_np/efaecium_e745:Prokka:EFM745_03191 (length 50)
/home/dich3309/rnaseq-tnseq-enterococcus-analysis/analyses/04_annotation/structural/prokka_np/efaecium_e745:Prokka:EFM745_03192 (length 197)
/home/dich3309/rnaseq-tnseq-enterococcus-analysis/analyses/04_annotation/structural/prokka_np/efaecium_e745:Prokka:EFM745_03193 (length 110)
/home/dich3309/rnaseq-tnseq-enterococcus-analysis/analyses/04_annotation/structural/prokka_np/efaecium_e745:Prokka:EFM745_03194 (length 790)
/home/dich3309/rnaseq-tnseq-enterococcus-analysis/analyses/04_annotation/structural/prokka_np/efaecium_e745:Prokka:EFM745_03195 (length 263)
/home/dich3309/rnaseq-tnseq-enterococcus-analysis/analyses/04_annotation/structural/prokka_np/efaecium_e745:Prokka:EFM745_03197 (length 632)
/home/dich3309/rnaseq-tnseq-enterococcus-analysis/analyses/04_annotation/structural/prokka_np/efaecium_e745:Prokka:EFM745_03199 (length 404)
/home/dich3309/rnaseq-tnseq-enterococcus-analysis/analyses/04_annotation/structural/prokka_np/efaecium_e745:Prokka:EFM745_03200 (length 119)
/home/dich3309/rnaseq-tnseq-enterococcus-analysis/analyses/04_annotation/structural/prokka_np/efaecium_e745:Prokka:EFM745_03201 (length 80)
/home/dich3309/rnaseq-tnseq-enterococcus-analysis/analyses/04_annotation/structural/prokka_np/efaecium_e745:Prokka:EFM745_03202 (length 623)
/home/dich3309/rnaseq-tnseq-enterococcus-analysis/analyses/04_annotation/structural/prokka_np/efaecium_e745:Prokka:EFM745_03203 (length 47)
/home/dich3309/rnaseq-tnseq-enterococcus-analysis/analyses/04_annotation/structural/prokka_np/efaecium_e745:Prokka:EFM745_7 (length 16122)
/home/dich3309/rnaseq-tnseq-enterococcus-analysis/analyses/04_annotation/structural/prokka_np/efaecium_e745:Prokka:EFM745_03204 (length 274)
/home/dich3309/rnaseq-tnseq-enterococcus-analysis/analyses/04_annotation/structural/prokka_np/efaecium_e745:Prokka:EFM745_03205 (length 138)
/home/dich3309/rnaseq-tnseq-enterococcus-analysis/analyses/04_annotation/structural/prokka_np/efaecium_e745:Prokka:EFM745_03206 (length 97)
/home/dich3309/rnaseq-tnseq-enterococcus-analysis/analyses/04_annotation/structural/prokka_np/efaecium_e745:Prokka:EFM745_03207 (length 231)
/home/dich3309/rnaseq-tnseq-enterococcus-analysis/analyses/04_annotation/structural/prokka_np/efaecium_e745:Prokka:EFM745_03208 (length 66)
/home/dich3309/rnaseq-tnseq-enterococcus-analysis/analyses/04_annotation/structural/prokka_np/efaecium_e745:Prokka:EFM745_03209 (length 59)
/home/dich3309/rnaseq-tnseq-enterococcus-analysis/analyses/04_annotation/structural/prokka_np/efaecium_e745:Prokka:EFM745_03210 (length 89)
/home/dich3309/rnaseq-tnseq-enterococcus-analysis/analyses/04_annotation/structural/prokka_np/efaecium_e745:Prokka:EFM745_03211 (length 85)
/home/dich3309/rnaseq-tnseq-enterococcus-analysis/analyses/04_annotation/structural/prokka_np/efaecium_e745:Prokka:EFM745_03212 (length 34)
/home/dich3309/rnaseq-tnseq-enterococcus-analysis/analyses/04_annotation/structural/prokka_np/efaecium_e745:Prokka:EFM745_03213 (length 96)
/home/dich3309/rnaseq-tnseq-enterococcus-analysis/analyses/04_annotation/structural/prokka_np/efaecium_e745:Prokka:EFM745_03214 (length 140)
/home/dich3309/rnaseq-tnseq-enterococcus-analysis/analyses/04_annotation/structural/prokka_np/efaecium_e745:Prokka:EFM745_03215 (length 204)
/home/dich3309/rnaseq-tnseq-enterococcus-analysis/analyses/04_annotation/structural/prokka_np/efaecium_e745:Prokka:EFM745_03216 (length 441)
/home/dich3309/rnaseq-tnseq-enterococcus-analysis/analyses/04_annotation/structural/prokka_np/efaecium_e745:Prokka:EFM745_03217 (length 116)
/home/dich3309/rnaseq-tnseq-enterococcus-analysis/analyses/04_annotation/structural/prokka_np/efaecium_e745:Prokka:EFM745_03218 (length 59)
/home/dich3309/rnaseq-tnseq-enterococcus-analysis/analyses/04_annotation/structural/prokka_np/efaecium_e745:Prokka:EFM745_03219 (length 113)
/home/dich3309/rnaseq-tnseq-enterococcus-analysis/analyses/04_annotation/structural/prokka_np/efaecium_e745:Prokka:EFM745_03220 (length 262)
/home/dich3309/rnaseq-tnseq-enterococcus-analysis/analyses/04_annotation/structural/prokka_np/efaecium_e745:Prokka:EFM745_03221 (length 108)
/home/dich3309/rnaseq-tnseq-enterococcus-analysis/analyses/04_annotation/structural/prokka_np/efaecium_e745:Prokka:EFM745_03222 (length 346)
/home/dich3309/rnaseq-tnseq-enterococcus-analysis/analyses/04_annotation/structural/prokka_np/efaecium_e745:Prokka:EFM745_03223 (length 106)
/home/dich3309/rnaseq-tnseq-enterococcus-analysis/analyses/04_annotation/structural/prokka_np/efaecium_e745:Prokka:EFM745_03224 (length 75)
/home/dich3309/rnaseq-tnseq-enterococcus-analysis/analyses/04_annotation/structural/prokka_np/efaecium_e745:Prokka:EFM745_03225 (length 231)
/home/dich3309/rnaseq-tnseq-enterococcus-analysis/analyses/04_annotation/structural/prokka_np/efaecium_e745:Prokka:EFM745_03226 (length 66)
/home/dich3309/rnaseq-tnseq-enterococcus-analysis/analyses/04_annotation/structural/prokka_np/efaecium_e745:Prokka:EFM745_03227 (length 59)
/home/dich3309/rnaseq-tnseq-enterococcus-analysis/analyses/04_annotation/structural/prokka_np/efaecium_e745:Prokka:EFM745_03228 (length 45)
/home/dich3309/rnaseq-tnseq-enterococcus-analysis/analyses/04_annotation/structural/prokka_np/efaecium_e745:Prokka:EFM745_03229 (length 85)
/home/dich3309/rnaseq-tnseq-enterococcus-analysis/analyses/04_annotation/structural/prokka_np/efaecium_e745:Prokka:EFM745_03230 (length 51)
/home/dich3309/rnaseq-tnseq-enterococcus-analysis/analyses/04_annotation/structural/prokka_np/efaecium_e745:Prokka:EFM745_03231 (length 96)
/home/dich3309/rnaseq-tnseq-enterococcus-analysis/analyses/04_annotation/structural/prokka_np/efaecium_e745:Prokka:EFM745_8 (length 24832)
/home/dich3309/rnaseq-tnseq-enterococcus-analysis/analyses/04_annotation/structural/prokka_np/efaecium_e745:Prokka:EFM745_03232 (length 230)
/home/dich3309/rnaseq-tnseq-enterococcus-analysis/analyses/04_annotation/structural/prokka_np/efaecium_e745:Prokka:EFM745_03233 (length 211)
/home/dich3309/rnaseq-tnseq-enterococcus-analysis/analyses/04_annotation/structural/prokka_np/efaecium_e745:Prokka:EFM745_03234 (length 50)
/home/dich3309/rnaseq-tnseq-enterococcus-analysis/analyses/04_annotation/structural/prokka_np/efaecium_e745:Prokka:EFM745_03235 (length 109)
/home/dich3309/rnaseq-tnseq-enterococcus-analysis/analyses/04_annotation/structural/prokka_np/efaecium_e745:Prokka:EFM745_03236 (length 50)
/home/dich3309/rnaseq-tnseq-enterococcus-analysis/analyses/04_annotation/structural/prokka_np/efaecium_e745:Prokka:EFM745_03237 (length 139)
/home/dich3309/rnaseq-tnseq-enterococcus-analysis/analyses/04_annotation/structural/prokka_np/efaecium_e745:Prokka:EFM745_03238 (length 171)
/home/dich3309/rnaseq-tnseq-enterococcus-analysis/analyses/04_annotation/structural/prokka_np/efaecium_e745:Prokka:EFM745_03239 (length 276)
/home/dich3309/rnaseq-tnseq-enterococcus-analysis/analyses/04_annotation/structural/prokka_np/efaecium_e745:Prokka:EFM745_03240 (length 249)
/home/dich3309/rnaseq-tnseq-enterococcus-analysis/analyses/04_annotation/structural/prokka_np/efaecium_e745:Prokka:EFM745_03241 (length 109)
/home/dich3309/rnaseq-tnseq-enterococcus-analysis/analyses/04_annotation/structural/prokka_np/efaecium_e745:Prokka:EFM745_03242 (length 48)
/home/dich3309/rnaseq-tnseq-enterococcus-analysis/analyses/04_annotation/structural/prokka_np/efaecium_e745:Prokka:EFM745_03243 (length 73)
/home/dich3309/rnaseq-tnseq-enterococcus-analysis/analyses/04_annotation/structural/prokka_np/efaecium_e745:Prokka:EFM745_03244 (length 36)
/home/dich3309/rnaseq-tnseq-enterococcus-analysis/analyses/04_annotation/structural/prokka_np/efaecium_e745:Prokka:EFM745_03245 (length 556)
/home/dich3309/rnaseq-tnseq-enterococcus-analysis/analyses/04_annotation/structural/prokka_np/efaecium_e745:Prokka:EFM745_03246 (length 238)
/home/dich3309/rnaseq-tnseq-enterococcus-analysis/analyses/04_annotation/structural/prokka_np/efaecium_e745:Prokka:EFM745_03247 (length 605)
/home/dich3309/rnaseq-tnseq-enterococcus-analysis/analyses/04_annotation/structural/prokka_np/efaecium_e745:Prokka:EFM745_03249 (length 632)
/home/dich3309/rnaseq-tnseq-enterococcus-analysis/analyses/04_annotation/structural/prokka_np/efaecium_e745:Prokka:EFM745_03251 (length 335)
/home/dich3309/rnaseq-tnseq-enterococcus-analysis/analyses/04_annotation/structural/prokka_np/efaecium_e745:Prokka:EFM745_03252 (length 889)
/home/dich3309/rnaseq-tnseq-enterococcus-analysis/analyses/04_annotation/structural/prokka_np/efaecium_e745:Prokka:EFM745_03253 (length 111)
/home/dich3309/rnaseq-tnseq-enterococcus-analysis/analyses/04_annotation/structural/prokka_np/efaecium_e745:Prokka:EFM745_03254 (length 38)
/home/dich3309/rnaseq-tnseq-enterococcus-analysis/analyses/04_annotation/structural/prokka_np/efaecium_e745:Prokka:EFM745_03255 (length 167)
/home/dich3309/rnaseq-tnseq-enterococcus-analysis/analyses/04_annotation/structural/prokka_np/efaecium_e745:Prokka:EFM745_03256 (length 155)
/home/dich3309/rnaseq-tnseq-enterococcus-analysis/analyses/04_annotation/structural/prokka_np/efaecium_e745:Prokka:EFM745_03257 (length 300)
/home/dich3309/rnaseq-tnseq-enterococcus-analysis/analyses/04_annotation/structural/prokka_np/efaecium_e745:Prokka:EFM745_03258 (length 167)
/home/dich3309/rnaseq-tnseq-enterococcus-analysis/analyses/04_annotation/structural/prokka_np/efaecium_e745:Prokka:EFM745_03259 (length 54)
/home/dich3309/rnaseq-tnseq-enterococcus-analysis/analyses/04_annotation/structural/prokka_np/efaecium_e745:Prokka:EFM745_03260 (length 32)
/home/dich3309/rnaseq-tnseq-enterococcus-analysis/analyses/04_annotation/structural/prokka_np/efaecium_e745:Prokka:EFM745_03261 (length 337)
/home/dich3309/rnaseq-tnseq-enterococcus-analysis/analyses/04_annotation/structural/prokka_np/efaecium_e745:Prokka:EFM745_03262 (length 216)
/home/dich3309/rnaseq-tnseq-enterococcus-analysis/analyses/04_annotation/structural/prokka_np/efaecium_e745:Prokka:EFM745_03263 (length 298)
/home/dich3309/rnaseq-tnseq-enterococcus-analysis/analyses/04_annotation/structural/prokka_np/efaecium_e745:Prokka:EFM745_03264 (length 46)
/home/dich3309/rnaseq-tnseq-enterococcus-analysis/analyses/04_annotation/structural/prokka_np/efaecium_e745:Prokka:EFM745_03265 (length 44)
/home/dich3309/rnaseq-tnseq-enterococcus-analysis/analyses/04_annotation/structural/prokka_np/efaecium_e745:Prokka:EFM745_9 (length 15455)
/home/dich3309/rnaseq-tnseq-enterococcus-analysis/analyses/04_annotation/structural/prokka_np/efaecium_e745:Prokka:EFM745_03266 (length 153)
/home/dich3309/rnaseq-tnseq-enterococcus-analysis/analyses/04_annotation/structural/prokka_np/efaecium_e745:Prokka:EFM745_03267 (length 56)
/home/dich3309/rnaseq-tnseq-enterococcus-analysis/analyses/04_annotation/structural/prokka_np/efaecium_e745:Prokka:EFM745_03268 (length 179)
/home/dich3309/rnaseq-tnseq-enterococcus-analysis/analyses/04_annotation/structural/prokka_np/efaecium_e745:Prokka:EFM745_03269 (length 245)
/home/dich3309/rnaseq-tnseq-enterococcus-analysis/analyses/04_annotation/structural/prokka_np/efaecium_e745:Prokka:EFM745_03270 (length 229)
/home/dich3309/rnaseq-tnseq-enterococcus-analysis/analyses/04_annotation/structural/prokka_np/efaecium_e745:Prokka:EFM745_03271 (length 304)
/home/dich3309/rnaseq-tnseq-enterococcus-analysis/analyses/04_annotation/structural/prokka_np/efaecium_e745:Prokka:EFM745_03272 (length 126)
/home/dich3309/rnaseq-tnseq-enterococcus-analysis/analyses/04_annotation/structural/prokka_np/efaecium_e745:Prokka:EFM745_03273 (length 45)
/home/dich3309/rnaseq-tnseq-enterococcus-analysis/analyses/04_annotation/structural/prokka_np/efaecium_e745:Prokka:EFM745_03274 (length 206)
/home/dich3309/rnaseq-tnseq-enterococcus-analysis/analyses/04_annotation/structural/prokka_np/efaecium_e745:Prokka:EFM745_03275 (length 708)
/home/dich3309/rnaseq-tnseq-enterococcus-analysis/analyses/04_annotation/structural/prokka_np/efaecium_e745:Prokka:EFM745_03276 (length 124)
/home/dich3309/rnaseq-tnseq-enterococcus-analysis/analyses/04_annotation/structural/prokka_np/efaecium_e745:Prokka:EFM745_03277 (length 153)
/home/dich3309/rnaseq-tnseq-enterococcus-analysis/analyses/04_annotation/structural/prokka_np/efaecium_e745:Prokka:EFM745_03278 (length 56)
/home/dich3309/rnaseq-tnseq-enterococcus-analysis/analyses/04_annotation/structural/prokka_np/efaecium_e745:Prokka:EFM745_03279 (length 179)
/home/dich3309/rnaseq-tnseq-enterococcus-analysis/analyses/04_annotation/structural/prokka_np/efaecium_e745:Prokka:EFM745_03280 (length 245)
/home/dich3309/rnaseq-tnseq-enterococcus-analysis/analyses/04_annotation/structural/prokka_np/efaecium_e745:Prokka:EFM745_03281 (length 229)
/home/dich3309/rnaseq-tnseq-enterococcus-analysis/analyses/04_annotation/structural/prokka_np/efaecium_e745:Prokka:EFM745_03282 (length 134)
/home/dich3309/rnaseq-tnseq-enterococcus-analysis/analyses/04_annotation/structural/prokka_np/efaecium_e745:Prokka:EFM745_03283 (length 72)
/home/dich3309/rnaseq-tnseq-enterococcus-analysis/analyses/04_annotation/structural/prokka_np/efaecium_e745:Prokka:EFM745_03284 (length 127)
/home/dich3309/rnaseq-tnseq-enterococcus-analysis/analyses/04_annotation/structural/prokka_np/efaecium_e745:Prokka:EFM745_10 (length 7042)
/home/dich3309/rnaseq-tnseq-enterococcus-analysis/analyses/04_annotation/structural/prokka_np/efaecium_e745:Prokka:EFM745_03285 (length 61)
/home/dich3309/rnaseq-tnseq-enterococcus-analysis/analyses/04_annotation/structural/prokka_np/efaecium_e745:Prokka:EFM745_03286 (length 114)
/home/dich3309/rnaseq-tnseq-enterococcus-analysis/analyses/04_annotation/structural/prokka_np/efaecium_e745:Prokka:EFM745_03287 (length 144)
/home/dich3309/rnaseq-tnseq-enterococcus-analysis/analyses/04_annotation/structural/prokka_np/efaecium_e745:Prokka:EFM745_03288 (length 56)
/home/dich3309/rnaseq-tnseq-enterococcus-analysis/analyses/04_annotation/structural/prokka_np/efaecium_e745:Prokka:EFM745_03289 (length 179)
/home/dich3309/rnaseq-tnseq-enterococcus-analysis/analyses/04_annotation/structural/prokka_np/efaecium_e745:Prokka:EFM745_03290 (length 245)
/home/dich3309/rnaseq-tnseq-enterococcus-analysis/analyses/04_annotation/structural/prokka_np/efaecium_e745:Prokka:EFM745_03291 (length 229)
/home/dich3309/rnaseq-tnseq-enterococcus-analysis/analyses/04_annotation/structural/prokka_np/efaecium_e745:Prokka:EFM745_03292 (length 304)
/home/dich3309/rnaseq-tnseq-enterococcus-analysis/analyses/04_annotation/structural/prokka_np/efaecium_e745:Prokka:EFM745_03293 (length 126)
/home/dich3309/rnaseq-tnseq-enterococcus-analysis/analyses/04_annotation/structural/prokka_np/efaecium_e745:Prokka:EFM745_03294 (length 45)
/home/dich3309/rnaseq-tnseq-enterococcus-analysis/analyses/04_annotation/structural/prokka_np/efaecium_e745:Prokka:EFM745_03295 (length 85)

FATAL: DiscRep_ALL:RRNA_NAME_CONFLICTS::1 rRNA prames are not stanot standard. Correct the names to the standard format, eg "16S ribosomal RNA"
/home/dich3309/rnaseq-tnseq-enterococcus-analysis/analyses/04_annotation/structural/prokka_np/efaecium_e745:rRNA	23S ribosomal RNA (partial)	EFM745_1:c2775136-2772832	EFM745_02843

DiscRep_ALL:DISC_INCONSISTENT_MOLINFO_TECH::Molinfo Technique Report (some missing, all same)
DiscRep_SUB:DISC_INCONSISTENT_MOLINFO_TECH::technique (all missing)
DiscRep_SUB:DISC_INCONSISTENT_MOLINFO_TECH::10 Molinfos are missing field technique
/home/dich3309/rnaseq-tnseq-enterococcus-analysis/analyses/04_annotation/structural/prokka_np/efaecium_e745:Prokka:EFM745_1 (length 2775137)
/home/dich3309/rnaseq-tnseq-enterococcus-analysis/analyses/04_annotation/structural/prokka_np/efaecium_e745:Prokka:EFM745_2 (length 218570)
/home/dich3309/rnaseq-tnseq-enterococcus-analysis/analyses/04_annotation/structural/prokka_np/efaecium_e745:Prokka:EFM745_3 (length 28879)
/home/dich3309/rnaseq-tnseq-enterococcus-analysis/analyses/04_annotation/structural/prokka_np/efaecium_e745:Prokka:EFM745_4 (length 14734)
/home/dich3309/rnaseq-tnseq-enterococcus-analysis/analyses/04_annotation/structural/prokka_np/efaecium_e745:Prokka:EFM745_5 (length 40013)
/home/dich3309/rnaseq-tnseq-enterococcus-analysis/analyses/04_annotation/structural/prokka_np/efaecium_e745:Prokka:EFM745_6 (length 15017)
/home/dich3309/rnaseq-tnseq-enterococcus-analysis/analyses/04_annotation/structural/prokka_np/efaecium_e745:Prokka:EFM745_7 (length 16122)
/home/dich3309/rnaseq-tnseq-enterococcus-analysis/analyses/04_annotation/structural/prokka_np/efaecium_e745:Prokka:EFM745_8 (length 24832)
/home/dich3309/rnaseq-tnseq-enterococcus-analysis/analyses/04_annotation/structural/prokka_np/efaecium_e745:Prokka:EFM745_9 (length 15455)
/home/dich3309/rnaseq-tnseq-enterococcus-analysis/analyses/04_annotation/structural/prokka_np/efaecium_e745:Prokka:EFM745_10 (length 7042)

