Discrepancy Report Results

Summary
DISC_SOURCE_QUALS_ASNDISC:strain (all present, all same)
DISC_SOURCE_QUALS_ASNDISC:taxname (all present, all same)
DISC_FEATURE_COUNT:gene: 3249 present
DISC_FEATURE_COUNT:CDS: 3079 present
DISC_FEATURE_COUNT:tRNA: 85 present
DISC_FEATURE_COUNT:rRNA: 20 present
DISC_FEATURE_COUNT:misc_RNA: 64 present
DISC_FEATURE_COUNT:tmRNA: 1 present
DISC_COUNT_NUCLEOTIDES:10 nucleotide Bioseqs are present
OVERLAPPING_GENES:799 genes overlap another gene on the same strand.
OVERLAPPING_CDS:18 coding regions overlap another coding region with a similar or identical name.
RNA_CDS_OVERLAP:13 coding regions overlap RNA features
SUSPECT_PRODUCT_NAMES:15 product_names contain suspect phrase or characters
	May contain database identifier more appropriate in note; remove from product name
		8 features contains three or more numbers together that may be identifiers more appropriate in note
		2 features Contains underscore
	Use short product name instead of descriptive phrase
		2 features Is longer than 100 characters. Remove descriptive phrases or synonyms from product names. Keep valid long product names, eg long enzyme names
	use protein instead of gene as appropriate
		2 features contains 'gene'
		1 features contains 'genes'
DISC_QUALITY_SCORES:Quality scores are missing on all sequences.
FATAL: DISC_SUSPECT_RRNA_PRODUCTS:1 rRNA product names contain suspect phrase
DISC_BAD_BACTERIAL_GENE_NAME:4 bacterial genes do not start with lowercase letters
ONCALLER_COMMENT_PRESENT:10 comment descriptors were found (all same)
SHORT_PROT_SEQUENCES:54 protein sequences are shorter than 50 aa.
MISSING_GENOMEASSEMBLY_COMMENTS:10 bioseqs are missing GenomeAssembly structured comments
TEST_UNUSUAL_MISC_RNA:64 unexpected misc_RNA features found.  misc_RNAs are unusual in a genome, consider using ncRNA, misc_binding, or misc_feature as appropriate.
FIND_OVERLAPPED_GENES:2 genes completely overlapped by other genes
MOLTYPE_NOT_MRNA:10 molecule types are not set as mRNA.
TECHNIQUE_NOT_TSA:10 technique are not set as TSA
MISSING_STRUCTURED_COMMENT:10 sequences do not include structured comments.
MISSING_PROJECT:3089 sequences do not include project.
FATAL: RRNA_NAME_CONFLICTS:1 rRNA product names are not standard. Correct the names to the standard format, eg "16S ribosomal RNA"
DISC_INCONSISTENT_MOLINFO_TECH:Molinfo Technique Report (some missing, all same)


Detailed Report

DiscRep_ALL:DISC_SOURCE_QUALS_ASNDISC::strain (all present, all same)
DiscRep_SUB:DISC_SOURCE_QUALS_ASNDISC::10 sources have 'E745' for strain
DiscRep_ALL:DISC_SOURCE_QUALS_ASNDISC::taxname (all present, all same)
DiscRep_SUB:DISC_SOURCE_QUALS_ASNDISC::10 sources have 'Enterococcus faecium' for taxname
DiscRep_ALL:DISC_FEATURE_COUNT::gene: 3249 present
DiscRep_ALL:DISC_FEATURE_COUNT::CDS: 3079 present
DiscRep_ALL:DISC_FEATURE_COUNT::tRNA: 85 present
DiscRep_ALL:DISC_FEATURE_COUNT::rRNA: 20 present
DiscRep_ALL:DISC_FEATURE_COUNT::misc_RNA: 64 present
DiscRep_ALL:DISC_FEATURE_COUNT::tmRNA: 1 present
DiscRep_ALL:DISC_COUNT_NUCLEOTIDES::10 nucleotide Bioseqs are present
/home/dich3309/rnaseq-tnseq-enterococcus-analysis/analyses/04_annotation/structural/prokka/efaecium_e745:Prokka:EFM745_1 (length 2775212)
/home/dich3309/rnaseq-tnseq-enterococcus-analysis/analyses/04_annotation/structural/prokka/efaecium_e745:Prokka:EFM745_2 (length 218577)
/home/dich3309/rnaseq-tnseq-enterococcus-analysis/analyses/04_annotation/structural/prokka/efaecium_e745:Prokka:EFM745_3 (length 28887)
/home/dich3309/rnaseq-tnseq-enterococcus-analysis/analyses/04_annotation/structural/prokka/efaecium_e745:Prokka:EFM745_4 (length 14737)
/home/dich3309/rnaseq-tnseq-enterococcus-analysis/analyses/04_annotation/structural/prokka/efaecium_e745:Prokka:EFM745_5 (length 40013)
/home/dich3309/rnaseq-tnseq-enterococcus-analysis/analyses/04_annotation/structural/prokka/efaecium_e745:Prokka:EFM745_6 (length 15021)
/home/dich3309/rnaseq-tnseq-enterococcus-analysis/analyses/04_annotation/structural/prokka/efaecium_e745:Prokka:EFM745_7 (length 16127)
/home/dich3309/rnaseq-tnseq-enterococcus-analysis/analyses/04_annotation/structural/prokka/efaecium_e745:Prokka:EFM745_8 (length 24852)
/home/dich3309/rnaseq-tnseq-enterococcus-analysis/analyses/04_annotation/structural/prokka/efaecium_e745:Prokka:EFM745_9 (length 15455)
/home/dich3309/rnaseq-tnseq-enterococcus-analysis/analyses/04_annotation/structural/prokka/efaecium_e745:Prokka:EFM745_10 (length 7042)

DiscRep_ALL:OVERLAPPING_GENES::799 genes overlap another gene on the same strand.
/home/dich3309/rnaseq-tnseq-enterococcus-analysis/analyses/04_annotation/structural/prokka/efaecium_e745:Gene	sasA_1	EFM745_1:c15011-13506	EFM745_00026
/home/dich3309/rnaseq-tnseq-enterococcus-analysis/analyses/04_annotation/structural/prokka/efaecium_e745:Gene	arlR_1	EFM745_1:c15694-15008	EFM745_00027
/home/dich3309/rnaseq-tnseq-enterococcus-analysis/analyses/04_annotation/structural/prokka/efaecium_e745:Gene	EFM745_00053	EFM745_1:c50088-49495	EFM745_00053
/home/dich3309/rnaseq-tnseq-enterococcus-analysis/analyses/04_annotation/structural/prokka/efaecium_e745:Gene	nadD	EFM745_1:c50722-50072	EFM745_00054
/home/dich3309/rnaseq-tnseq-enterococcus-analysis/analyses/04_annotation/structural/prokka/efaecium_e745:Gene	yqeH	EFM745_1:c52168-51059	EFM745_00056
/home/dich3309/rnaseq-tnseq-enterococcus-analysis/analyses/04_annotation/structural/prokka/efaecium_e745:Gene	EFM745_00057	EFM745_1:c52692-52165	EFM745_00057
/home/dich3309/rnaseq-tnseq-enterococcus-analysis/analyses/04_annotation/structural/prokka/efaecium_e745:Gene	accA	EFM745_1:c53657-52872	EFM745_00058
/home/dich3309/rnaseq-tnseq-enterococcus-analysis/analyses/04_annotation/structural/prokka/efaecium_e745:Gene	accD	EFM745_1:c54519-53650	EFM745_00059
/home/dich3309/rnaseq-tnseq-enterococcus-analysis/analyses/04_annotation/structural/prokka/efaecium_e745:Gene	ptsI	EFM745_1:c68343-66616	EFM745_00074
/home/dich3309/rnaseq-tnseq-enterococcus-analysis/analyses/04_annotation/structural/prokka/efaecium_e745:Gene	ptsH	EFM745_1:c68609-68343	EFM745_00075
/home/dich3309/rnaseq-tnseq-enterococcus-analysis/analyses/04_annotation/structural/prokka/efaecium_e745:Gene	mutY	EFM745_1:c79479-78301	EFM745_00084
/home/dich3309/rnaseq-tnseq-enterococcus-analysis/analyses/04_annotation/structural/prokka/efaecium_e745:Gene	recX	EFM745_1:c80269-79472	EFM745_00085
/home/dich3309/rnaseq-tnseq-enterococcus-analysis/analyses/04_annotation/structural/prokka/efaecium_e745:Gene	EFM745_00097	EFM745_1:c92034-91681	EFM745_00097
/home/dich3309/rnaseq-tnseq-enterococcus-analysis/analyses/04_annotation/structural/prokka/efaecium_e745:Gene	EFM745_00098	EFM745_1:c92218-92024	EFM745_00098
/home/dich3309/rnaseq-tnseq-enterococcus-analysis/analyses/04_annotation/structural/prokka/efaecium_e745:Gene	liaS	EFM745_1:c95306-94239	EFM745_00102
/home/dich3309/rnaseq-tnseq-enterococcus-analysis/analyses/04_annotation/structural/prokka/efaecium_e745:Gene	EFM745_00103	EFM745_1:c96034-95303	EFM745_00103
/home/dich3309/rnaseq-tnseq-enterococcus-analysis/analyses/04_annotation/structural/prokka/efaecium_e745:Gene	EFM745_00109	EFM745_1:c103309-101894	EFM745_00109
/home/dich3309/rnaseq-tnseq-enterococcus-analysis/analyses/04_annotation/structural/prokka/efaecium_e745:Gene	pglH_1	EFM745_1:c104454-103306	EFM745_00110
/home/dich3309/rnaseq-tnseq-enterococcus-analysis/analyses/04_annotation/structural/prokka/efaecium_e745:Gene	arnC_2	EFM745_1:c108020-107055	EFM745_00113
/home/dich3309/rnaseq-tnseq-enterococcus-analysis/analyses/04_annotation/structural/prokka/efaecium_e745:Gene	rfbB	EFM745_1:c109080-108013	EFM745_00114
/home/dich3309/rnaseq-tnseq-enterococcus-analysis/analyses/04_annotation/structural/prokka/efaecium_e745:Gene	ispD	EFM745_1:c109789-109088	EFM745_00115
/home/dich3309/rnaseq-tnseq-enterococcus-analysis/analyses/04_annotation/structural/prokka/efaecium_e745:Gene	EFM745_00116	EFM745_1:c110661-109786	EFM745_00116
/home/dich3309/rnaseq-tnseq-enterococcus-analysis/analyses/04_annotation/structural/prokka/efaecium_e745:Gene	EFM745_00121	EFM745_1:c118051-116465	EFM745_00121
/home/dich3309/rnaseq-tnseq-enterococcus-analysis/analyses/04_annotation/structural/prokka/efaecium_e745:Gene	btuD_1	EFM745_1:c119261-118041	EFM745_00122
/home/dich3309/rnaseq-tnseq-enterococcus-analysis/analyses/04_annotation/structural/prokka/efaecium_e745:Gene	EFM745_00131	EFM745_1:c128771-127944	EFM745_00131
/home/dich3309/rnaseq-tnseq-enterococcus-analysis/analyses/04_annotation/structural/prokka/efaecium_e745:Gene	EFM745_00132	EFM745_1:c129571-128771	EFM745_00132
/home/dich3309/rnaseq-tnseq-enterococcus-analysis/analyses/04_annotation/structural/prokka/efaecium_e745:Gene	tagO	EFM745_1:c130703-129564	EFM745_00133
/home/dich3309/rnaseq-tnseq-enterococcus-analysis/analyses/04_annotation/structural/prokka/efaecium_e745:Gene	EFM745_00147	EFM745_1:c141667-140642	EFM745_00147
/home/dich3309/rnaseq-tnseq-enterococcus-analysis/analyses/04_annotation/structural/prokka/efaecium_e745:Gene	EFM745_00148	EFM745_1:c141888-141664	EFM745_00148
/home/dich3309/rnaseq-tnseq-enterococcus-analysis/analyses/04_annotation/structural/prokka/efaecium_e745:Gene	EFM745_00149	EFM745_1:c142178-141885	EFM745_00149
/home/dich3309/rnaseq-tnseq-enterococcus-analysis/analyses/04_annotation/structural/prokka/efaecium_e745:Gene	EFM745_00152	EFM745_1:c144868-142802	EFM745_00152
/home/dich3309/rnaseq-tnseq-enterococcus-analysis/analyses/04_annotation/structural/prokka/efaecium_e745:Gene	EFM745_00153	EFM745_1:c145650-144868	EFM745_00153
/home/dich3309/rnaseq-tnseq-enterococcus-analysis/analyses/04_annotation/structural/prokka/efaecium_e745:Gene	EFM745_00155	EFM745_1:c150230-147399	EFM745_00155
/home/dich3309/rnaseq-tnseq-enterococcus-analysis/analyses/04_annotation/structural/prokka/efaecium_e745:Gene	EFM745_00156	EFM745_1:c151015-150227	EFM745_00156
/home/dich3309/rnaseq-tnseq-enterococcus-analysis/analyses/04_annotation/structural/prokka/efaecium_e745:Gene	EFM745_00161	EFM745_1:c155833-155441	EFM745_00161
/home/dich3309/rnaseq-tnseq-enterococcus-analysis/analyses/04_annotation/structural/prokka/efaecium_e745:Gene	EFM745_00162	EFM745_1:c156201-155830	EFM745_00162
/home/dich3309/rnaseq-tnseq-enterococcus-analysis/analyses/04_annotation/structural/prokka/efaecium_e745:Gene	EFM745_00163	EFM745_1:c156524-156198	EFM745_00163
/home/dich3309/rnaseq-tnseq-enterococcus-analysis/analyses/04_annotation/structural/prokka/efaecium_e745:Gene	EFM745_00164	EFM745_1:c156859-156521	EFM745_00164
/home/dich3309/rnaseq-tnseq-enterococcus-analysis/analyses/04_annotation/structural/prokka/efaecium_e745:Gene	EFM745_00172	EFM745_1:c161253-161023	EFM745_00172
/home/dich3309/rnaseq-tnseq-enterococcus-analysis/analyses/04_annotation/structural/prokka/efaecium_e745:Gene	EFM745_00173	EFM745_1:c162841-161207	EFM745_00173
/home/dich3309/rnaseq-tnseq-enterococcus-analysis/analyses/04_annotation/structural/prokka/efaecium_e745:Gene	EFM745_00174	EFM745_1:c164153-162852	EFM745_00174
/home/dich3309/rnaseq-tnseq-enterococcus-analysis/analyses/04_annotation/structural/prokka/efaecium_e745:Gene	EFM745_00175	EFM745_1:c164598-164143	EFM745_00175
/home/dich3309/rnaseq-tnseq-enterococcus-analysis/analyses/04_annotation/structural/prokka/efaecium_e745:Gene	EFM745_00182	EFM745_1:c167742-167446	EFM745_00182
/home/dich3309/rnaseq-tnseq-enterococcus-analysis/analyses/04_annotation/structural/prokka/efaecium_e745:Gene	EFM745_00183	EFM745_1:c168296-167739	EFM745_00183
/home/dich3309/rnaseq-tnseq-enterococcus-analysis/analyses/04_annotation/structural/prokka/efaecium_e745:Gene	EFM745_00184	EFM745_1:c168688-168293	EFM745_00184
/home/dich3309/rnaseq-tnseq-enterococcus-analysis/analyses/04_annotation/structural/prokka/efaecium_e745:Gene	EFM745_00185	EFM745_1:c168858-168685	EFM745_00185
/home/dich3309/rnaseq-tnseq-enterococcus-analysis/analyses/04_annotation/structural/prokka/efaecium_e745:Gene	EFM745_00186	EFM745_1:c169166-168855	EFM745_00186
/home/dich3309/rnaseq-tnseq-enterococcus-analysis/analyses/04_annotation/structural/prokka/efaecium_e745:Gene	EFM745_00187	EFM745_1:c169456-169166	EFM745_00187
/home/dich3309/rnaseq-tnseq-enterococcus-analysis/analyses/04_annotation/structural/prokka/efaecium_e745:Gene	EFM745_00188	EFM745_1:c169761-169450	EFM745_00188
/home/dich3309/rnaseq-tnseq-enterococcus-analysis/analyses/04_annotation/structural/prokka/efaecium_e745:Gene	EFM745_00189	EFM745_1:c169919-169758	EFM745_00189
/home/dich3309/rnaseq-tnseq-enterococcus-analysis/analyses/04_annotation/structural/prokka/efaecium_e745:Gene	EFM745_00190	EFM745_1:c170218-169916	EFM745_00190
/home/dich3309/rnaseq-tnseq-enterococcus-analysis/analyses/04_annotation/structural/prokka/efaecium_e745:Gene	EFM745_00191	EFM745_1:c170375-170211	EFM745_00191
/home/dich3309/rnaseq-tnseq-enterococcus-analysis/analyses/04_annotation/structural/prokka/efaecium_e745:Gene	EFM745_00196	EFM745_1:c173513-172842	EFM745_00196
/home/dich3309/rnaseq-tnseq-enterococcus-analysis/analyses/04_annotation/structural/prokka/efaecium_e745:Gene	EFM745_00197	EFM745_1:c173847-173506	EFM745_00197
/home/dich3309/rnaseq-tnseq-enterococcus-analysis/analyses/04_annotation/structural/prokka/efaecium_e745:Gene	EFM745_00198	EFM745_1:c174030-173884	EFM745_00198
/home/dich3309/rnaseq-tnseq-enterococcus-analysis/analyses/04_annotation/structural/prokka/efaecium_e745:Gene	EFM745_00199	EFM745_1:c174172-173999	EFM745_00199
/home/dich3309/rnaseq-tnseq-enterococcus-analysis/analyses/04_annotation/structural/prokka/efaecium_e745:Gene	EFM745_00200	EFM745_1:c174357-174169	EFM745_00200
/home/dich3309/rnaseq-tnseq-enterococcus-analysis/analyses/04_annotation/structural/prokka/efaecium_e745:Gene	EFM745_00220	EFM745_1:c187793-186477	EFM745_00220
/home/dich3309/rnaseq-tnseq-enterococcus-analysis/analyses/04_annotation/structural/prokka/efaecium_e745:Gene	walK_1	EFM745_1:c189625-187790	EFM745_00221
/home/dich3309/rnaseq-tnseq-enterococcus-analysis/analyses/04_annotation/structural/prokka/efaecium_e745:Gene	EFM745_00223	EFM745_1:c191384-190524	EFM745_00223
/home/dich3309/rnaseq-tnseq-enterococcus-analysis/analyses/04_annotation/structural/prokka/efaecium_e745:Gene	EFM745_00224	EFM745_1:c191940-191371	EFM745_00224
/home/dich3309/rnaseq-tnseq-enterococcus-analysis/analyses/04_annotation/structural/prokka/efaecium_e745:Gene	EFM745_00229	EFM745_1:c194110-193772	EFM745_00229
/home/dich3309/rnaseq-tnseq-enterococcus-analysis/analyses/04_annotation/structural/prokka/efaecium_e745:Gene	pisA	EFM745_1:c194282-194085	EFM745_00230
/home/dich3309/rnaseq-tnseq-enterococcus-analysis/analyses/04_annotation/structural/prokka/efaecium_e745:Gene	EFM745_00231	EFM745_1:c196403-194676	EFM745_00231
/home/dich3309/rnaseq-tnseq-enterococcus-analysis/analyses/04_annotation/structural/prokka/efaecium_e745:Gene	opuAA	EFM745_1:c197589-196396	EFM745_00232
/home/dich3309/rnaseq-tnseq-enterococcus-analysis/analyses/04_annotation/structural/prokka/efaecium_e745:Gene	feoB	EFM745_1:c200782-198650	EFM745_00235
/home/dich3309/rnaseq-tnseq-enterococcus-analysis/analyses/04_annotation/structural/prokka/efaecium_e745:Gene	EFM745_00236	EFM745_1:c201252-200779	EFM745_00236
/home/dich3309/rnaseq-tnseq-enterococcus-analysis/analyses/04_annotation/structural/prokka/efaecium_e745:Gene	EFM745_00263	EFM745_1:c225381-224209	EFM745_00263
/home/dich3309/rnaseq-tnseq-enterococcus-analysis/analyses/04_annotation/structural/prokka/efaecium_e745:Gene	EFM745_00264	EFM745_1:c226513-225368	EFM745_00264
/home/dich3309/rnaseq-tnseq-enterococcus-analysis/analyses/04_annotation/structural/prokka/efaecium_e745:Gene	EFM745_00266	EFM745_1:227576-228655	EFM745_00266
/home/dich3309/rnaseq-tnseq-enterococcus-analysis/analyses/04_annotation/structural/prokka/efaecium_e745:Gene	lnrK	EFM745_1:228652-229281	EFM745_00267
/home/dich3309/rnaseq-tnseq-enterococcus-analysis/analyses/04_annotation/structural/prokka/efaecium_e745:Gene	ppnKA	EFM745_1:c238516-237719	EFM745_00277
/home/dich3309/rnaseq-tnseq-enterococcus-analysis/analyses/04_annotation/structural/prokka/efaecium_e745:Gene	yjbM	EFM745_1:c239198-238494	EFM745_00278
/home/dich3309/rnaseq-tnseq-enterococcus-analysis/analyses/04_annotation/structural/prokka/efaecium_e745:Gene	yfiC	EFM745_1:256911-257645	EFM745_00291
/home/dich3309/rnaseq-tnseq-enterococcus-analysis/analyses/04_annotation/structural/prokka/efaecium_e745:Gene	EFM745_00292	EFM745_1:257635-257919	EFM745_00292
/home/dich3309/rnaseq-tnseq-enterococcus-analysis/analyses/04_annotation/structural/prokka/efaecium_e745:Gene	EFM745_00303	EFM745_1:c272179-271691	EFM745_00303
/home/dich3309/rnaseq-tnseq-enterococcus-analysis/analyses/04_annotation/structural/prokka/efaecium_e745:Gene	EFM745_00304	EFM745_1:c272816-272145	EFM745_00304
/home/dich3309/rnaseq-tnseq-enterococcus-analysis/analyses/04_annotation/structural/prokka/efaecium_e745:Gene	EFM745_00313	EFM745_1:c281131-280772	EFM745_00313
/home/dich3309/rnaseq-tnseq-enterococcus-analysis/analyses/04_annotation/structural/prokka/efaecium_e745:Gene	EFM745_00314	EFM745_1:c281528-281103	EFM745_00314
/home/dich3309/rnaseq-tnseq-enterococcus-analysis/analyses/04_annotation/structural/prokka/efaecium_e745:Gene	EFM745_00315	EFM745_1:c281793-281491	EFM745_00315
/home/dich3309/rnaseq-tnseq-enterococcus-analysis/analyses/04_annotation/structural/prokka/efaecium_e745:Gene	EFM745_00316	EFM745_1:c282304-281810	EFM745_00316
/home/dich3309/rnaseq-tnseq-enterococcus-analysis/analyses/04_annotation/structural/prokka/efaecium_e745:Gene	EFM745_00317	EFM745_1:c282533-282255	EFM745_00317
/home/dich3309/rnaseq-tnseq-enterococcus-analysis/analyses/04_annotation/structural/prokka/efaecium_e745:Gene	EFM745_00318	EFM745_1:c283579-282530	EFM745_00318
/home/dich3309/rnaseq-tnseq-enterococcus-analysis/analyses/04_annotation/structural/prokka/efaecium_e745:Gene	comGA	EFM745_1:c284465-283536	EFM745_00319
/home/dich3309/rnaseq-tnseq-enterococcus-analysis/analyses/04_annotation/structural/prokka/efaecium_e745:Gene	EFM745_00323	EFM745_1:c289378-288167	EFM745_00323
/home/dich3309/rnaseq-tnseq-enterococcus-analysis/analyses/04_annotation/structural/prokka/efaecium_e745:Gene	ecsA	EFM745_1:c290108-289371	EFM745_00324
/home/dich3309/rnaseq-tnseq-enterococcus-analysis/analyses/04_annotation/structural/prokka/efaecium_e745:Gene	hit	EFM745_1:290246-290680	EFM745_00325
/home/dich3309/rnaseq-tnseq-enterococcus-analysis/analyses/04_annotation/structural/prokka/efaecium_e745:Gene	EFM745_00326	EFM745_1:290673-291017	EFM745_00326
/home/dich3309/rnaseq-tnseq-enterococcus-analysis/analyses/04_annotation/structural/prokka/efaecium_e745:Gene	yhaM	EFM745_1:c293220-292276	EFM745_00328
/home/dich3309/rnaseq-tnseq-enterococcus-analysis/analyses/04_annotation/structural/prokka/efaecium_e745:Gene	EFM745_00329	EFM745_1:c295924-293204	EFM745_00329
/home/dich3309/rnaseq-tnseq-enterococcus-analysis/analyses/04_annotation/structural/prokka/efaecium_e745:Gene	EFM745_00330	EFM745_1:c297141-295921	EFM745_00330
/home/dich3309/rnaseq-tnseq-enterococcus-analysis/analyses/04_annotation/structural/prokka/efaecium_e745:Gene	EFM745_00338	EFM745_1:c309111-308701	EFM745_00338
/home/dich3309/rnaseq-tnseq-enterococcus-analysis/analyses/04_annotation/structural/prokka/efaecium_e745:Gene	pemA	EFM745_1:c310031-309108	EFM745_00339
/home/dich3309/rnaseq-tnseq-enterococcus-analysis/analyses/04_annotation/structural/prokka/efaecium_e745:Gene	EFM745_00340	EFM745_1:c310927-310028	EFM745_00340
/home/dich3309/rnaseq-tnseq-enterococcus-analysis/analyses/04_annotation/structural/prokka/efaecium_e745:Gene	EFM745_00341	EFM745_1:c312230-310893	EFM745_00341
/home/dich3309/rnaseq-tnseq-enterococcus-analysis/analyses/04_annotation/structural/prokka/efaecium_e745:Gene	lipO	EFM745_1:c314918-313410	EFM745_00343
/home/dich3309/rnaseq-tnseq-enterococcus-analysis/analyses/04_annotation/structural/prokka/efaecium_e745:Gene	EFM745_00344	EFM745_1:c315576-314884	EFM745_00344
/home/dich3309/rnaseq-tnseq-enterococcus-analysis/analyses/04_annotation/structural/prokka/efaecium_e745:Gene	uxaB	EFM745_1:321686-323107	EFM745_00349
/home/dich3309/rnaseq-tnseq-enterococcus-analysis/analyses/04_annotation/structural/prokka/efaecium_e745:Gene	uxaA	EFM745_1:323100-324599	EFM745_00350
/home/dich3309/rnaseq-tnseq-enterococcus-analysis/analyses/04_annotation/structural/prokka/efaecium_e745:Gene	gmuE_1	EFM745_1:c334329-333472	EFM745_00358
/home/dich3309/rnaseq-tnseq-enterococcus-analysis/analyses/04_annotation/structural/prokka/efaecium_e745:Gene	mngB	EFM745_1:c337016-334314	EFM745_00359
/home/dich3309/rnaseq-tnseq-enterococcus-analysis/analyses/04_annotation/structural/prokka/efaecium_e745:Gene	EFM745_00364	EFM745_1:c345314-343590	EFM745_00364
/home/dich3309/rnaseq-tnseq-enterococcus-analysis/analyses/04_annotation/structural/prokka/efaecium_e745:Gene	EFM745_00365	EFM745_1:c345921-345307	EFM745_00365
/home/dich3309/rnaseq-tnseq-enterococcus-analysis/analyses/04_annotation/structural/prokka/efaecium_e745:Gene	licC_2	EFM745_1:c356338-354986	EFM745_00373
/home/dich3309/rnaseq-tnseq-enterococcus-analysis/analyses/04_annotation/structural/prokka/efaecium_e745:Gene	EFM745_00374	EFM745_1:c356856-356338	EFM745_00374
/home/dich3309/rnaseq-tnseq-enterococcus-analysis/analyses/04_annotation/structural/prokka/efaecium_e745:Gene	EFM745_00390	EFM745_1:380287-380943	EFM745_00390
/home/dich3309/rnaseq-tnseq-enterococcus-analysis/analyses/04_annotation/structural/prokka/efaecium_e745:Gene	EFM745_00391	EFM745_1:380943-381899	EFM745_00391
/home/dich3309/rnaseq-tnseq-enterococcus-analysis/analyses/04_annotation/structural/prokka/efaecium_e745:Gene	EFM745_00392	EFM745_1:381899-382465	EFM745_00392
/home/dich3309/rnaseq-tnseq-enterococcus-analysis/analyses/04_annotation/structural/prokka/efaecium_e745:Gene	metK	EFM745_1:c392192-390999	EFM745_00399
/home/dich3309/rnaseq-tnseq-enterococcus-analysis/analyses/04_annotation/structural/prokka/efaecium_e745:Gene	EFM745_00400	EFM745_1:c392269-392190	EFM745_00400
/home/dich3309/rnaseq-tnseq-enterococcus-analysis/analyses/04_annotation/structural/prokka/efaecium_e745:Gene	hpt	EFM745_1:c408487-407942	EFM745_00435
/home/dich3309/rnaseq-tnseq-enterococcus-analysis/analyses/04_annotation/structural/prokka/efaecium_e745:Gene	tilS	EFM745_1:c409941-408487	EFM745_00436
/home/dich3309/rnaseq-tnseq-enterococcus-analysis/analyses/04_annotation/structural/prokka/efaecium_e745:Gene	prkC	EFM745_1:c431106-429037	EFM745_00454
/home/dich3309/rnaseq-tnseq-enterococcus-analysis/analyses/04_annotation/structural/prokka/efaecium_e745:Gene	stp	EFM745_1:c431843-431103	EFM745_00455
/home/dich3309/rnaseq-tnseq-enterococcus-analysis/analyses/04_annotation/structural/prokka/efaecium_e745:Gene	rsmB	EFM745_1:c433214-431856	EFM745_00456
/home/dich3309/rnaseq-tnseq-enterococcus-analysis/analyses/04_annotation/structural/prokka/efaecium_e745:Gene	fmt	EFM745_1:c434152-433214	EFM745_00457
/home/dich3309/rnaseq-tnseq-enterococcus-analysis/analyses/04_annotation/structural/prokka/efaecium_e745:Gene	def_1	EFM745_1:c434636-434145	EFM745_00458
/home/dich3309/rnaseq-tnseq-enterococcus-analysis/analyses/04_annotation/structural/prokka/efaecium_e745:Gene	EFM745_00464	EFM745_1:c440153-439935	EFM745_00464
/home/dich3309/rnaseq-tnseq-enterococcus-analysis/analyses/04_annotation/structural/prokka/efaecium_e745:Gene	EFM745_00465	EFM745_1:c441823-440123	EFM745_00465
/home/dich3309/rnaseq-tnseq-enterococcus-analysis/analyses/04_annotation/structural/prokka/efaecium_e745:Gene	znuB	EFM745_1:c448436-447612	EFM745_00472
/home/dich3309/rnaseq-tnseq-enterococcus-analysis/analyses/04_annotation/structural/prokka/efaecium_e745:Gene	znuC	EFM745_1:c449089-448409	EFM745_00473
/home/dich3309/rnaseq-tnseq-enterococcus-analysis/analyses/04_annotation/structural/prokka/efaecium_e745:Gene	EFM745_00483	EFM745_1:c463240-461954	EFM745_00483
/home/dich3309/rnaseq-tnseq-enterococcus-analysis/analyses/04_annotation/structural/prokka/efaecium_e745:Gene	EFM745_00484	EFM745_1:c464501-463233	EFM745_00484
/home/dich3309/rnaseq-tnseq-enterococcus-analysis/analyses/04_annotation/structural/prokka/efaecium_e745:Gene	EFM745_00490	EFM745_1:c468221-467361	EFM745_00490
/home/dich3309/rnaseq-tnseq-enterococcus-analysis/analyses/04_annotation/structural/prokka/efaecium_e745:Gene	mrnC	EFM745_1:c468609-468214	EFM745_00491
/home/dich3309/rnaseq-tnseq-enterococcus-analysis/analyses/04_annotation/structural/prokka/efaecium_e745:Gene	cysS	EFM745_1:c470018-468606	EFM745_00492
/home/dich3309/rnaseq-tnseq-enterococcus-analysis/analyses/04_annotation/structural/prokka/efaecium_e745:Gene	cysE	EFM745_1:c470551-470015	EFM745_00493
/home/dich3309/rnaseq-tnseq-enterococcus-analysis/analyses/04_annotation/structural/prokka/efaecium_e745:Gene	EFM745_00494	EFM745_1:c470876-470637	EFM745_00494
/home/dich3309/rnaseq-tnseq-enterococcus-analysis/analyses/04_annotation/structural/prokka/efaecium_e745:Gene	gltX	EFM745_1:c472333-470873	EFM745_00495
/home/dich3309/rnaseq-tnseq-enterococcus-analysis/analyses/04_annotation/structural/prokka/efaecium_e745:Gene	proB	EFM745_1:475884-476690	EFM745_00499
/home/dich3309/rnaseq-tnseq-enterococcus-analysis/analyses/04_annotation/structural/prokka/efaecium_e745:Gene	proA	EFM745_1:476687-477934	EFM745_00500
/home/dich3309/rnaseq-tnseq-enterococcus-analysis/analyses/04_annotation/structural/prokka/efaecium_e745:Gene	yfmO_1	EFM745_1:c480102-479170	EFM745_00503
/home/dich3309/rnaseq-tnseq-enterococcus-analysis/analyses/04_annotation/structural/prokka/efaecium_e745:Gene	yfmO_2	EFM745_1:c480371-480102	EFM745_00504
/home/dich3309/rnaseq-tnseq-enterococcus-analysis/analyses/04_annotation/structural/prokka/efaecium_e745:Gene	yodC_1	EFM745_1:c483766-483527	EFM745_00508
/home/dich3309/rnaseq-tnseq-enterococcus-analysis/analyses/04_annotation/structural/prokka/efaecium_e745:Gene	yodC_2	EFM745_1:c484155-483763	EFM745_00509
/home/dich3309/rnaseq-tnseq-enterococcus-analysis/analyses/04_annotation/structural/prokka/efaecium_e745:Gene	EFM745_00510	EFM745_1:c484603-484139	EFM745_00510
/home/dich3309/rnaseq-tnseq-enterococcus-analysis/analyses/04_annotation/structural/prokka/efaecium_e745:Gene	sacY	EFM745_1:489304-490176	EFM745_00515
/home/dich3309/rnaseq-tnseq-enterococcus-analysis/analyses/04_annotation/structural/prokka/efaecium_e745:Gene	ptsG_2	EFM745_1:490173-492131	EFM745_00516
/home/dich3309/rnaseq-tnseq-enterococcus-analysis/analyses/04_annotation/structural/prokka/efaecium_e745:Gene	EFM745_00517	EFM745_1:c492382-492284	EFM745_00517
/home/dich3309/rnaseq-tnseq-enterococcus-analysis/analyses/04_annotation/structural/prokka/efaecium_e745:Gene	qorB	EFM745_1:c493233-492382	EFM745_00518
/home/dich3309/rnaseq-tnseq-enterococcus-analysis/analyses/04_annotation/structural/prokka/efaecium_e745:Gene	ygaZ_1	EFM745_1:497575-498282	EFM745_00524
/home/dich3309/rnaseq-tnseq-enterococcus-analysis/analyses/04_annotation/structural/prokka/efaecium_e745:Gene	EFM745_00525	EFM745_1:498269-498592	EFM745_00525
/home/dich3309/rnaseq-tnseq-enterococcus-analysis/analyses/04_annotation/structural/prokka/efaecium_e745:Gene	yadH	EFM745_1:c502334-501564	EFM745_00528
/home/dich3309/rnaseq-tnseq-enterococcus-analysis/analyses/04_annotation/structural/prokka/efaecium_e745:Gene	yadG	EFM745_1:c503262-502327	EFM745_00529
/home/dich3309/rnaseq-tnseq-enterococcus-analysis/analyses/04_annotation/structural/prokka/efaecium_e745:Gene	phoR_1	EFM745_1:c506596-505700	EFM745_00532
/home/dich3309/rnaseq-tnseq-enterococcus-analysis/analyses/04_annotation/structural/prokka/efaecium_e745:Gene	arlR_2	EFM745_1:c507248-506589	EFM745_00533
/home/dich3309/rnaseq-tnseq-enterococcus-analysis/analyses/04_annotation/structural/prokka/efaecium_e745:Gene	EFM745_00534	EFM745_1:c508052-507270	EFM745_00534
/home/dich3309/rnaseq-tnseq-enterococcus-analysis/analyses/04_annotation/structural/prokka/efaecium_e745:Gene	bcrA_1	EFM745_1:c508962-508045	EFM745_00535
/home/dich3309/rnaseq-tnseq-enterococcus-analysis/analyses/04_annotation/structural/prokka/efaecium_e745:Gene	EFM745_00544	EFM745_1:518262-518346	EFM745_00544
/home/dich3309/rnaseq-tnseq-enterococcus-analysis/analyses/04_annotation/structural/prokka/efaecium_e745:Gene	EFM745_00545	EFM745_1:518319-518558	EFM745_00545
/home/dich3309/rnaseq-tnseq-enterococcus-analysis/analyses/04_annotation/structural/prokka/efaecium_e745:Gene	EFM745_00546	EFM745_1:518636-519310	EFM745_00546
/home/dich3309/rnaseq-tnseq-enterococcus-analysis/analyses/04_annotation/structural/prokka/efaecium_e745:Gene	EFM745_00547	EFM745_1:519303-519467	EFM745_00547
/home/dich3309/rnaseq-tnseq-enterococcus-analysis/analyses/04_annotation/structural/prokka/efaecium_e745:Gene	EFM745_00549	EFM745_1:519978-520685	EFM745_00549
/home/dich3309/rnaseq-tnseq-enterococcus-analysis/analyses/04_annotation/structural/prokka/efaecium_e745:Gene	EFM745_00550	EFM745_1:520675-520965	EFM745_00550
/home/dich3309/rnaseq-tnseq-enterococcus-analysis/analyses/04_annotation/structural/prokka/efaecium_e745:Gene	EFM745_00551	EFM745_1:521224-522408	EFM745_00551
/home/dich3309/rnaseq-tnseq-enterococcus-analysis/analyses/04_annotation/structural/prokka/efaecium_e745:Gene	EFM745_00552	EFM745_1:522405-522542	EFM745_00552
/home/dich3309/rnaseq-tnseq-enterococcus-analysis/analyses/04_annotation/structural/prokka/efaecium_e745:Gene	EFM745_00557	EFM745_1:526102-526491	EFM745_00557
/home/dich3309/rnaseq-tnseq-enterococcus-analysis/analyses/04_annotation/structural/prokka/efaecium_e745:Gene	EFM745_00558	EFM745_1:526478-528925	EFM745_00558
/home/dich3309/rnaseq-tnseq-enterococcus-analysis/analyses/04_annotation/structural/prokka/efaecium_e745:Gene	EFM745_00559	EFM745_1:528930-531053	EFM745_00559
/home/dich3309/rnaseq-tnseq-enterococcus-analysis/analyses/04_annotation/structural/prokka/efaecium_e745:Gene	EFM745_00560	EFM745_1:531050-532054	EFM745_00560
/home/dich3309/rnaseq-tnseq-enterococcus-analysis/analyses/04_annotation/structural/prokka/efaecium_e745:Gene	ndvA	EFM745_1:c562460-560718	EFM745_00585
/home/dich3309/rnaseq-tnseq-enterococcus-analysis/analyses/04_annotation/structural/prokka/efaecium_e745:Gene	btuD_2	EFM745_1:c564198-562444	EFM745_00586
/home/dich3309/rnaseq-tnseq-enterococcus-analysis/analyses/04_annotation/structural/prokka/efaecium_e745:Gene	ssaB_1	EFM745_1:c569233-568283	EFM745_00593
/home/dich3309/rnaseq-tnseq-enterococcus-analysis/analyses/04_annotation/structural/prokka/efaecium_e745:Gene	mntD	EFM745_1:c569637-569230	EFM745_00594
/home/dich3309/rnaseq-tnseq-enterococcus-analysis/analyses/04_annotation/structural/prokka/efaecium_e745:Gene	yvdM_1	EFM745_1:c580395-579718	EFM745_00606
/home/dich3309/rnaseq-tnseq-enterococcus-analysis/analyses/04_annotation/structural/prokka/efaecium_e745:Gene	glxK	EFM745_1:c581522-580392	EFM745_00607
/home/dich3309/rnaseq-tnseq-enterococcus-analysis/analyses/04_annotation/structural/prokka/efaecium_e745:Gene	ycjT	EFM745_1:c583705-581522	EFM745_00608
/home/dich3309/rnaseq-tnseq-enterococcus-analysis/analyses/04_annotation/structural/prokka/efaecium_e745:Gene	rifL	EFM745_1:c584727-583702	EFM745_00609
/home/dich3309/rnaseq-tnseq-enterococcus-analysis/analyses/04_annotation/structural/prokka/efaecium_e745:Gene	EFM745_00610	EFM745_1:c585599-584772	EFM745_00610
/home/dich3309/rnaseq-tnseq-enterococcus-analysis/analyses/04_annotation/structural/prokka/efaecium_e745:Gene	tdh	EFM745_1:c586663-585596	EFM745_00611
/home/dich3309/rnaseq-tnseq-enterococcus-analysis/analyses/04_annotation/structural/prokka/efaecium_e745:Gene	ycjP	EFM745_1:c587525-586689	EFM745_00612
/home/dich3309/rnaseq-tnseq-enterococcus-analysis/analyses/04_annotation/structural/prokka/efaecium_e745:Gene	ycjO	EFM745_1:c588391-587522	EFM745_00613
/home/dich3309/rnaseq-tnseq-enterococcus-analysis/analyses/04_annotation/structural/prokka/efaecium_e745:Gene	EFM745_00622	EFM745_1:602401-603306	EFM745_00622
/home/dich3309/rnaseq-tnseq-enterococcus-analysis/analyses/04_annotation/structural/prokka/efaecium_e745:Gene	yxdL_1	EFM745_1:603303-604109	EFM745_00623
/home/dich3309/rnaseq-tnseq-enterococcus-analysis/analyses/04_annotation/structural/prokka/efaecium_e745:Gene	srrA_1	EFM745_1:630817-631506	EFM745_00651
/home/dich3309/rnaseq-tnseq-enterococcus-analysis/analyses/04_annotation/structural/prokka/efaecium_e745:Gene	rcsC_1	EFM745_1:631493-632701	EFM745_00652
/home/dich3309/rnaseq-tnseq-enterococcus-analysis/analyses/04_annotation/structural/prokka/efaecium_e745:Gene	spo0J	EFM745_1:c639800-638910	EFM745_00658
/home/dich3309/rnaseq-tnseq-enterococcus-analysis/analyses/04_annotation/structural/prokka/efaecium_e745:Gene	soj_1	EFM745_1:c640554-639787	EFM745_00659
/home/dich3309/rnaseq-tnseq-enterococcus-analysis/analyses/04_annotation/structural/prokka/efaecium_e745:Gene	misCA	EFM745_1:c647270-646452	EFM745_00665
/home/dich3309/rnaseq-tnseq-enterococcus-analysis/analyses/04_annotation/structural/prokka/efaecium_e745:Gene	rnpA	EFM745_1:c647623-647267	EFM745_00666
/home/dich3309/rnaseq-tnseq-enterococcus-analysis/analyses/04_annotation/structural/prokka/efaecium_e745:Gene	EFM745_00670	EFM745_1:651223-651531	EFM745_00670
/home/dich3309/rnaseq-tnseq-enterococcus-analysis/analyses/04_annotation/structural/prokka/efaecium_e745:Gene	recF	EFM745_1:651518-652642	EFM745_00671
/home/dich3309/rnaseq-tnseq-enterococcus-analysis/analyses/04_annotation/structural/prokka/efaecium_e745:Gene	gyrB	EFM745_1:652639-654585	EFM745_00672
/home/dich3309/rnaseq-tnseq-enterococcus-analysis/analyses/04_annotation/structural/prokka/efaecium_e745:Gene	EFM745_00702	EFM745_1:c687494-687353	EFM745_00702
/home/dich3309/rnaseq-tnseq-enterococcus-analysis/analyses/04_annotation/structural/prokka/efaecium_e745:Gene	guaA_1	EFM745_1:c689045-687480	EFM745_00703
/home/dich3309/rnaseq-tnseq-enterococcus-analysis/analyses/04_annotation/structural/prokka/efaecium_e745:Gene	mglA	EFM745_1:696081-697643	EFM745_00711
/home/dich3309/rnaseq-tnseq-enterococcus-analysis/analyses/04_annotation/structural/prokka/efaecium_e745:Gene	EFM745_00712	EFM745_1:697636-698769	EFM745_00712
/home/dich3309/rnaseq-tnseq-enterococcus-analysis/analyses/04_annotation/structural/prokka/efaecium_e745:Gene	EFM745_00713	EFM745_1:698769-699725	EFM745_00713
/home/dich3309/rnaseq-tnseq-enterococcus-analysis/analyses/04_annotation/structural/prokka/efaecium_e745:Gene	rplD	EFM745_1:711337-711960	EFM745_00726
/home/dich3309/rnaseq-tnseq-enterococcus-analysis/analyses/04_annotation/structural/prokka/efaecium_e745:Gene	rplW	EFM745_1:711960-712250	EFM745_00727
/home/dich3309/rnaseq-tnseq-enterococcus-analysis/analyses/04_annotation/structural/prokka/efaecium_e745:Gene	rplP	EFM745_1:714486-714920	EFM745_00732
/home/dich3309/rnaseq-tnseq-enterococcus-analysis/analyses/04_annotation/structural/prokka/efaecium_e745:Gene	rpmC	EFM745_1:714910-715098	EFM745_00733
/home/dich3309/rnaseq-tnseq-enterococcus-analysis/analyses/04_annotation/structural/prokka/efaecium_e745:Gene	rplO	EFM745_1:719209-719649	EFM745_00744
/home/dich3309/rnaseq-tnseq-enterococcus-analysis/analyses/04_annotation/structural/prokka/efaecium_e745:Gene	secY	EFM745_1:719649-720944	EFM745_00745
/home/dich3309/rnaseq-tnseq-enterococcus-analysis/analyses/04_annotation/structural/prokka/efaecium_e745:Gene	ecfA1	EFM745_1:724709-725548	EFM745_00754
/home/dich3309/rnaseq-tnseq-enterococcus-analysis/analyses/04_annotation/structural/prokka/efaecium_e745:Gene	ecfA2_1	EFM745_1:725524-726393	EFM745_00755
/home/dich3309/rnaseq-tnseq-enterococcus-analysis/analyses/04_annotation/structural/prokka/efaecium_e745:Gene	ecfT	EFM745_1:726383-727180	EFM745_00756
/home/dich3309/rnaseq-tnseq-enterococcus-analysis/analyses/04_annotation/structural/prokka/efaecium_e745:Gene	EFM745_00762	EFM745_1:c733821-733483	EFM745_00762
/home/dich3309/rnaseq-tnseq-enterococcus-analysis/analyses/04_annotation/structural/prokka/efaecium_e745:Gene	EFM745_00763	EFM745_1:c734366-733818	EFM745_00763
/home/dich3309/rnaseq-tnseq-enterococcus-analysis/analyses/04_annotation/structural/prokka/efaecium_e745:Gene	oppF_1	EFM745_1:748149-749093	EFM745_00775
/home/dich3309/rnaseq-tnseq-enterococcus-analysis/analyses/04_annotation/structural/prokka/efaecium_e745:Gene	gsiC	EFM745_1:749093-750055	EFM745_00776
/home/dich3309/rnaseq-tnseq-enterococcus-analysis/analyses/04_annotation/structural/prokka/efaecium_e745:Gene	yclN	EFM745_1:762409-763359	EFM745_00785
/home/dich3309/rnaseq-tnseq-enterococcus-analysis/analyses/04_annotation/structural/prokka/efaecium_e745:Gene	yclO	EFM745_1:763352-764311	EFM745_00786
/home/dich3309/rnaseq-tnseq-enterococcus-analysis/analyses/04_annotation/structural/prokka/efaecium_e745:Gene	yclP	EFM745_1:764308-765063	EFM745_00787
/home/dich3309/rnaseq-tnseq-enterococcus-analysis/analyses/04_annotation/structural/prokka/efaecium_e745:Gene	cidA	EFM745_1:777156-777566	EFM745_00800
/home/dich3309/rnaseq-tnseq-enterococcus-analysis/analyses/04_annotation/structural/prokka/efaecium_e745:Gene	yohK	EFM745_1:777559-778260	EFM745_00801
/home/dich3309/rnaseq-tnseq-enterococcus-analysis/analyses/04_annotation/structural/prokka/efaecium_e745:Gene	EFM745_00802	EFM745_1:778260-779843	EFM745_00802
/home/dich3309/rnaseq-tnseq-enterococcus-analysis/analyses/04_annotation/structural/prokka/efaecium_e745:Gene	EFM745_00803	EFM745_1:779862-780083	EFM745_00803
/home/dich3309/rnaseq-tnseq-enterococcus-analysis/analyses/04_annotation/structural/prokka/efaecium_e745:Gene	EFM745_00804	EFM745_1:780080-780841	EFM745_00804
/home/dich3309/rnaseq-tnseq-enterococcus-analysis/analyses/04_annotation/structural/prokka/efaecium_e745:Gene	EFM745_00812	EFM745_1:786886-787260	EFM745_00812
/home/dich3309/rnaseq-tnseq-enterococcus-analysis/analyses/04_annotation/structural/prokka/efaecium_e745:Gene	mutS_2	EFM745_1:787244-789889	EFM745_00813
/home/dich3309/rnaseq-tnseq-enterococcus-analysis/analyses/04_annotation/structural/prokka/efaecium_e745:Gene	EFM745_00830	EFM745_1:c807536-807345	EFM745_00830
/home/dich3309/rnaseq-tnseq-enterococcus-analysis/analyses/04_annotation/structural/prokka/efaecium_e745:Gene	EFM745_00831	EFM745_1:c807618-807444	EFM745_00831
/home/dich3309/rnaseq-tnseq-enterococcus-analysis/analyses/04_annotation/structural/prokka/efaecium_e745:Gene	cobB	EFM745_1:808346-809071	EFM745_00833
/home/dich3309/rnaseq-tnseq-enterococcus-analysis/analyses/04_annotation/structural/prokka/efaecium_e745:Gene	dapH_1	EFM745_1:809064-809906	EFM745_00834
/home/dich3309/rnaseq-tnseq-enterococcus-analysis/analyses/04_annotation/structural/prokka/efaecium_e745:Gene	EFM745_00849	EFM745_1:824556-825092	EFM745_00849
/home/dich3309/rnaseq-tnseq-enterococcus-analysis/analyses/04_annotation/structural/prokka/efaecium_e745:Gene	EFM745_00850	EFM745_1:825089-825601	EFM745_00850
/home/dich3309/rnaseq-tnseq-enterococcus-analysis/analyses/04_annotation/structural/prokka/efaecium_e745:Gene	EFM745_00854	EFM745_1:827399-828772	EFM745_00854
/home/dich3309/rnaseq-tnseq-enterococcus-analysis/analyses/04_annotation/structural/prokka/efaecium_e745:Gene	EFM745_00855	EFM745_1:828756-829223	EFM745_00855
/home/dich3309/rnaseq-tnseq-enterococcus-analysis/analyses/04_annotation/structural/prokka/efaecium_e745:Gene	EFM745_00867	EFM745_1:845631-845894	EFM745_00867
/home/dich3309/rnaseq-tnseq-enterococcus-analysis/analyses/04_annotation/structural/prokka/efaecium_e745:Gene	EFM745_00868	EFM745_1:845894-846160	EFM745_00868
/home/dich3309/rnaseq-tnseq-enterococcus-analysis/analyses/04_annotation/structural/prokka/efaecium_e745:Gene	opuCD	EFM745_1:c848062-847391	EFM745_00871
/home/dich3309/rnaseq-tnseq-enterococcus-analysis/analyses/04_annotation/structural/prokka/efaecium_e745:Gene	opuCC	EFM745_1:c848976-848059	EFM745_00872
/home/dich3309/rnaseq-tnseq-enterococcus-analysis/analyses/04_annotation/structural/prokka/efaecium_e745:Gene	opuCB	EFM745_1:c849614-848973	EFM745_00873
/home/dich3309/rnaseq-tnseq-enterococcus-analysis/analyses/04_annotation/structural/prokka/efaecium_e745:Gene	rhaB	EFM745_1:864137-865597	EFM745_00885
/home/dich3309/rnaseq-tnseq-enterococcus-analysis/analyses/04_annotation/structural/prokka/efaecium_e745:Gene	rhaA	EFM745_1:865594-866850	EFM745_00886
/home/dich3309/rnaseq-tnseq-enterococcus-analysis/analyses/04_annotation/structural/prokka/efaecium_e745:Gene	EFM745_00894	EFM745_1:872773-872907	EFM745_00894
/home/dich3309/rnaseq-tnseq-enterococcus-analysis/analyses/04_annotation/structural/prokka/efaecium_e745:Gene	kduD	EFM745_1:872904-873578	EFM745_00895
/home/dich3309/rnaseq-tnseq-enterococcus-analysis/analyses/04_annotation/structural/prokka/efaecium_e745:Gene	fni	EFM745_1:c874891-873827	EFM745_00896
/home/dich3309/rnaseq-tnseq-enterococcus-analysis/analyses/04_annotation/structural/prokka/efaecium_e745:Gene	EFM745_00897	EFM745_1:c875973-874888	EFM745_00897
/home/dich3309/rnaseq-tnseq-enterococcus-analysis/analyses/04_annotation/structural/prokka/efaecium_e745:Gene	EFM745_00898	EFM745_1:c876963-875986	EFM745_00898
/home/dich3309/rnaseq-tnseq-enterococcus-analysis/analyses/04_annotation/structural/prokka/efaecium_e745:Gene	galK_1	EFM745_1:c877900-876956	EFM745_00899
/home/dich3309/rnaseq-tnseq-enterococcus-analysis/analyses/04_annotation/structural/prokka/efaecium_e745:Gene	EFM745_00908	EFM745_1:883664-885793	EFM745_00908
/home/dich3309/rnaseq-tnseq-enterococcus-analysis/analyses/04_annotation/structural/prokka/efaecium_e745:Gene	EFM745_00909	EFM745_1:885768-886457	EFM745_00909
/home/dich3309/rnaseq-tnseq-enterococcus-analysis/analyses/04_annotation/structural/prokka/efaecium_e745:Gene	EFM745_00933	EFM745_1:908927-909286	EFM745_00933
/home/dich3309/rnaseq-tnseq-enterococcus-analysis/analyses/04_annotation/structural/prokka/efaecium_e745:Gene	EFM745_00934	EFM745_1:909265-910104	EFM745_00934
/home/dich3309/rnaseq-tnseq-enterococcus-analysis/analyses/04_annotation/structural/prokka/efaecium_e745:Gene	EFM745_00939	EFM745_1:913482-913775	EFM745_00939
/home/dich3309/rnaseq-tnseq-enterococcus-analysis/analyses/04_annotation/structural/prokka/efaecium_e745:Gene	EFM745_00940	EFM745_1:913768-914064	EFM745_00940
/home/dich3309/rnaseq-tnseq-enterococcus-analysis/analyses/04_annotation/structural/prokka/efaecium_e745:Gene	manR_1	EFM745_1:938792-940426	EFM745_00965
/home/dich3309/rnaseq-tnseq-enterococcus-analysis/analyses/04_annotation/structural/prokka/efaecium_e745:Gene	EFM745_00966	EFM745_1:940423-940854	EFM745_00966
/home/dich3309/rnaseq-tnseq-enterococcus-analysis/analyses/04_annotation/structural/prokka/efaecium_e745:Gene	npr_1	EFM745_1:952802-954097	EFM745_00980
/home/dich3309/rnaseq-tnseq-enterococcus-analysis/analyses/04_annotation/structural/prokka/efaecium_e745:Gene	EFM745_00981	EFM745_1:954087-955547	EFM745_00981
/home/dich3309/rnaseq-tnseq-enterococcus-analysis/analyses/04_annotation/structural/prokka/efaecium_e745:Gene	helD_2	EFM745_1:966067-967917	EFM745_00991
/home/dich3309/rnaseq-tnseq-enterococcus-analysis/analyses/04_annotation/structural/prokka/efaecium_e745:Gene	EFM745_00992	EFM745_1:967914-968201	EFM745_00992
/home/dich3309/rnaseq-tnseq-enterococcus-analysis/analyses/04_annotation/structural/prokka/efaecium_e745:Gene	dhaM-2	EFM745_1:971736-972131	EFM745_00997
/home/dich3309/rnaseq-tnseq-enterococcus-analysis/analyses/04_annotation/structural/prokka/efaecium_e745:Gene	dhaK	EFM745_1:972106-973116	EFM745_00998
/home/dich3309/rnaseq-tnseq-enterococcus-analysis/analyses/04_annotation/structural/prokka/efaecium_e745:Gene	mro_1	EFM745_1:c990847-989840	EFM745_01015
/home/dich3309/rnaseq-tnseq-enterococcus-analysis/analyses/04_annotation/structural/prokka/efaecium_e745:Gene	pgmB	EFM745_1:c991505-990840	EFM745_01016
/home/dich3309/rnaseq-tnseq-enterococcus-analysis/analyses/04_annotation/structural/prokka/efaecium_e745:Gene	malP	EFM745_1:c993792-991498	EFM745_01017
/home/dich3309/rnaseq-tnseq-enterococcus-analysis/analyses/04_annotation/structural/prokka/efaecium_e745:Gene	emrB	EFM745_1:1005524-1006996	EFM745_01027
/home/dich3309/rnaseq-tnseq-enterococcus-analysis/analyses/04_annotation/structural/prokka/efaecium_e745:Gene	EFM745_01028	EFM745_1:1006993-1007658	EFM745_01028
/home/dich3309/rnaseq-tnseq-enterococcus-analysis/analyses/04_annotation/structural/prokka/efaecium_e745:Gene	EFM745_01039	EFM745_1:1018107-1018424	EFM745_01039
/home/dich3309/rnaseq-tnseq-enterococcus-analysis/analyses/04_annotation/structural/prokka/efaecium_e745:Gene	EFM745_01040	EFM745_1:1018417-1019025	EFM745_01040
/home/dich3309/rnaseq-tnseq-enterococcus-analysis/analyses/04_annotation/structural/prokka/efaecium_e745:Gene	bglF_1	EFM745_1:c1029778-1028405	EFM745_01049
/home/dich3309/rnaseq-tnseq-enterococcus-analysis/analyses/04_annotation/structural/prokka/efaecium_e745:Gene	rbsD	EFM745_1:c1030173-1029778	EFM745_01050
/home/dich3309/rnaseq-tnseq-enterococcus-analysis/analyses/04_annotation/structural/prokka/efaecium_e745:Gene	EFM745_01061	EFM745_1:c1043878-1043768	EFM745_01061
/home/dich3309/rnaseq-tnseq-enterococcus-analysis/analyses/04_annotation/structural/prokka/efaecium_e745:Gene	agrB	EFM745_1:c1044461-1043859	EFM745_01062
/home/dich3309/rnaseq-tnseq-enterococcus-analysis/analyses/04_annotation/structural/prokka/efaecium_e745:Gene	lysA	EFM745_1:1060801-1062060	EFM745_01077
/home/dich3309/rnaseq-tnseq-enterococcus-analysis/analyses/04_annotation/structural/prokka/efaecium_e745:Gene	dapF	EFM745_1:1062047-1062847	EFM745_01078
/home/dich3309/rnaseq-tnseq-enterococcus-analysis/analyses/04_annotation/structural/prokka/efaecium_e745:Gene	dapA	EFM745_1:1062850-1063731	EFM745_01079
/home/dich3309/rnaseq-tnseq-enterococcus-analysis/analyses/04_annotation/structural/prokka/efaecium_e745:Gene	dapB	EFM745_1:1063728-1064444	EFM745_01080
/home/dich3309/rnaseq-tnseq-enterococcus-analysis/analyses/04_annotation/structural/prokka/efaecium_e745:Gene	asd	EFM745_1:1065161-1066162	EFM745_01082
/home/dich3309/rnaseq-tnseq-enterococcus-analysis/analyses/04_annotation/structural/prokka/efaecium_e745:Gene	yclM	EFM745_1:1066159-1067520	EFM745_01083
/home/dich3309/rnaseq-tnseq-enterococcus-analysis/analyses/04_annotation/structural/prokka/efaecium_e745:Gene	scmP	EFM745_1:1067480-1068631	EFM745_01084
/home/dich3309/rnaseq-tnseq-enterococcus-analysis/analyses/04_annotation/structural/prokka/efaecium_e745:Gene	dapX	EFM745_1:1068606-1069775	EFM745_01085
/home/dich3309/rnaseq-tnseq-enterococcus-analysis/analyses/04_annotation/structural/prokka/efaecium_e745:Gene	EFM745_01087	EFM745_1:1071557-1071709	EFM745_01087
/home/dich3309/rnaseq-tnseq-enterococcus-analysis/analyses/04_annotation/structural/prokka/efaecium_e745:Gene	EFM745_01088	EFM745_1:1071706-1072407	EFM745_01088
/home/dich3309/rnaseq-tnseq-enterococcus-analysis/analyses/04_annotation/structural/prokka/efaecium_e745:Gene	kefG	EFM745_1:1080224-1080901	EFM745_01096
/home/dich3309/rnaseq-tnseq-enterococcus-analysis/analyses/04_annotation/structural/prokka/efaecium_e745:Gene	EFM745_01097	EFM745_1:1080898-1081068	EFM745_01097
/home/dich3309/rnaseq-tnseq-enterococcus-analysis/analyses/04_annotation/structural/prokka/efaecium_e745:Gene	scaC_2	EFM745_1:1083741-1084487	EFM745_01100
/home/dich3309/rnaseq-tnseq-enterococcus-analysis/analyses/04_annotation/structural/prokka/efaecium_e745:Gene	mntB	EFM745_1:1084484-1085323	EFM745_01101
/home/dich3309/rnaseq-tnseq-enterococcus-analysis/analyses/04_annotation/structural/prokka/efaecium_e745:Gene	EFM745_01117	EFM745_1:1101095-1101442	EFM745_01117
/home/dich3309/rnaseq-tnseq-enterococcus-analysis/analyses/04_annotation/structural/prokka/efaecium_e745:Gene	EFM745_01118	EFM745_1:1101442-1101657	EFM745_01118
/home/dich3309/rnaseq-tnseq-enterococcus-analysis/analyses/04_annotation/structural/prokka/efaecium_e745:Gene	EFM745_01120	EFM745_1:1102487-1102717	EFM745_01120
/home/dich3309/rnaseq-tnseq-enterococcus-analysis/analyses/04_annotation/structural/prokka/efaecium_e745:Gene	mazF	EFM745_1:1102717-1103058	EFM745_01121
/home/dich3309/rnaseq-tnseq-enterococcus-analysis/analyses/04_annotation/structural/prokka/efaecium_e745:Gene	lacF_2	EFM745_1:1107889-1108800	EFM745_01126
/home/dich3309/rnaseq-tnseq-enterococcus-analysis/analyses/04_annotation/structural/prokka/efaecium_e745:Gene	araQ_3	EFM745_1:1108797-1109651	EFM745_01127
/home/dich3309/rnaseq-tnseq-enterococcus-analysis/analyses/04_annotation/structural/prokka/efaecium_e745:Gene	EFM745_01128	EFM745_1:1109648-1110265	EFM745_01128
/home/dich3309/rnaseq-tnseq-enterococcus-analysis/analyses/04_annotation/structural/prokka/efaecium_e745:Gene	EFM745_01131	EFM745_1:1111554-1115591	EFM745_01131
/home/dich3309/rnaseq-tnseq-enterococcus-analysis/analyses/04_annotation/structural/prokka/efaecium_e745:Gene	EFM745_01132	EFM745_1:1115591-1116904	EFM745_01132
/home/dich3309/rnaseq-tnseq-enterococcus-analysis/analyses/04_annotation/structural/prokka/efaecium_e745:Gene	EFM745_01133	EFM745_1:1116897-1118594	EFM745_01133
/home/dich3309/rnaseq-tnseq-enterococcus-analysis/analyses/04_annotation/structural/prokka/efaecium_e745:Gene	metN2	EFM745_1:1157182-1158225	EFM745_01169
/home/dich3309/rnaseq-tnseq-enterococcus-analysis/analyses/04_annotation/structural/prokka/efaecium_e745:Gene	metP_1	EFM745_1:1158218-1158904	EFM745_01170
/home/dich3309/rnaseq-tnseq-enterococcus-analysis/analyses/04_annotation/structural/prokka/efaecium_e745:Gene	EFM745_01173	EFM745_1:1160759-1162045	EFM745_01173
/home/dich3309/rnaseq-tnseq-enterococcus-analysis/analyses/04_annotation/structural/prokka/efaecium_e745:Gene	sufS	EFM745_1:1162042-1163277	EFM745_01174
/home/dich3309/rnaseq-tnseq-enterococcus-analysis/analyses/04_annotation/structural/prokka/efaecium_e745:Gene	iscU	EFM745_1:1163264-1163734	EFM745_01175
/home/dich3309/rnaseq-tnseq-enterococcus-analysis/analyses/04_annotation/structural/prokka/efaecium_e745:Gene	xerC_3	EFM745_1:c1166406-1165225	EFM745_01177
/home/dich3309/rnaseq-tnseq-enterococcus-analysis/analyses/04_annotation/structural/prokka/efaecium_e745:Gene	EFM745_01178	EFM745_1:c1167140-1166406	EFM745_01178
/home/dich3309/rnaseq-tnseq-enterococcus-analysis/analyses/04_annotation/structural/prokka/efaecium_e745:Gene	EFM745_01186	EFM745_1:1172651-1174243	EFM745_01186
/home/dich3309/rnaseq-tnseq-enterococcus-analysis/analyses/04_annotation/structural/prokka/efaecium_e745:Gene	EFM745_01187	EFM745_1:1174236-1175480	EFM745_01187
/home/dich3309/rnaseq-tnseq-enterococcus-analysis/analyses/04_annotation/structural/prokka/efaecium_e745:Gene	EFM745_01199	EFM745_1:1193047-1193502	EFM745_01199
/home/dich3309/rnaseq-tnseq-enterococcus-analysis/analyses/04_annotation/structural/prokka/efaecium_e745:Gene	EFM745_01200	EFM745_1:1193499-1194257	EFM745_01200
/home/dich3309/rnaseq-tnseq-enterococcus-analysis/analyses/04_annotation/structural/prokka/efaecium_e745:Gene	EFM745_01207	EFM745_1:1199351-1199500	EFM745_01207
/home/dich3309/rnaseq-tnseq-enterococcus-analysis/analyses/04_annotation/structural/prokka/efaecium_e745:Gene	bglF_2	EFM745_1:1199458-1201323	EFM745_01208
/home/dich3309/rnaseq-tnseq-enterococcus-analysis/analyses/04_annotation/structural/prokka/efaecium_e745:Gene	yvdD	EFM745_1:1205073-1205648	EFM745_01213
/home/dich3309/rnaseq-tnseq-enterococcus-analysis/analyses/04_annotation/structural/prokka/efaecium_e745:Gene	EFM745_01214	EFM745_1:1205648-1206088	EFM745_01214
/home/dich3309/rnaseq-tnseq-enterococcus-analysis/analyses/04_annotation/structural/prokka/efaecium_e745:Gene	EFM745_01247	EFM745_1:c1241657-1240884	EFM745_01247
/home/dich3309/rnaseq-tnseq-enterococcus-analysis/analyses/04_annotation/structural/prokka/efaecium_e745:Gene	bcrA_2	EFM745_1:c1242559-1241654	EFM745_01248
/home/dich3309/rnaseq-tnseq-enterococcus-analysis/analyses/04_annotation/structural/prokka/efaecium_e745:Gene	tsaE	EFM745_1:1253979-1254452	EFM745_01263
/home/dich3309/rnaseq-tnseq-enterococcus-analysis/analyses/04_annotation/structural/prokka/efaecium_e745:Gene	EFM745_01264	EFM745_1:1254445-1254969	EFM745_01264
/home/dich3309/rnaseq-tnseq-enterococcus-analysis/analyses/04_annotation/structural/prokka/efaecium_e745:Gene	coaBC_1	EFM745_1:c1270369-1269818	EFM745_01277
/home/dich3309/rnaseq-tnseq-enterococcus-analysis/analyses/04_annotation/structural/prokka/efaecium_e745:Gene	coaBC_2	EFM745_1:c1271103-1270366	EFM745_01278
/home/dich3309/rnaseq-tnseq-enterococcus-analysis/analyses/04_annotation/structural/prokka/efaecium_e745:Gene	acuI	EFM745_1:c1272089-1271100	EFM745_01279
/home/dich3309/rnaseq-tnseq-enterococcus-analysis/analyses/04_annotation/structural/prokka/efaecium_e745:Gene	ydcV	EFM745_1:1274810-1275637	EFM745_01283
/home/dich3309/rnaseq-tnseq-enterococcus-analysis/analyses/04_annotation/structural/prokka/efaecium_e745:Gene	potD	EFM745_1:1275634-1276707	EFM745_01284
/home/dich3309/rnaseq-tnseq-enterococcus-analysis/analyses/04_annotation/structural/prokka/efaecium_e745:Gene	EFM745_01288	EFM745_1:1280923-1281732	EFM745_01288
/home/dich3309/rnaseq-tnseq-enterococcus-analysis/analyses/04_annotation/structural/prokka/efaecium_e745:Gene	manZ_2	EFM745_1:1281729-1282550	EFM745_01289
/home/dich3309/rnaseq-tnseq-enterococcus-analysis/analyses/04_annotation/structural/prokka/efaecium_e745:Gene	EFM745_01290	EFM745_1:1282601-1284700	EFM745_01290
/home/dich3309/rnaseq-tnseq-enterococcus-analysis/analyses/04_annotation/structural/prokka/efaecium_e745:Gene	EFM745_01291	EFM745_1:1284697-1285815	EFM745_01291
/home/dich3309/rnaseq-tnseq-enterococcus-analysis/analyses/04_annotation/structural/prokka/efaecium_e745:Gene	murA1_1	EFM745_1:1300956-1302227	EFM745_01306
/home/dich3309/rnaseq-tnseq-enterococcus-analysis/analyses/04_annotation/structural/prokka/efaecium_e745:Gene	rho	EFM745_1:1302224-1303519	EFM745_01307
/home/dich3309/rnaseq-tnseq-enterococcus-analysis/analyses/04_annotation/structural/prokka/efaecium_e745:Gene	fruA_3	EFM745_1:1304832-1306250	EFM745_01310
/home/dich3309/rnaseq-tnseq-enterococcus-analysis/analyses/04_annotation/structural/prokka/efaecium_e745:Gene	kbaY	EFM745_1:1306250-1307110	EFM745_01311
/home/dich3309/rnaseq-tnseq-enterococcus-analysis/analyses/04_annotation/structural/prokka/efaecium_e745:Gene	EFM745_01317	EFM745_1:c1312310-1311513	EFM745_01317
/home/dich3309/rnaseq-tnseq-enterococcus-analysis/analyses/04_annotation/structural/prokka/efaecium_e745:Gene	EFM745_01318	EFM745_1:c1313491-1312307	EFM745_01318
/home/dich3309/rnaseq-tnseq-enterococcus-analysis/analyses/04_annotation/structural/prokka/efaecium_e745:Gene	EFM745_01326	EFM745_1:1319718-1320542	EFM745_01326
/home/dich3309/rnaseq-tnseq-enterococcus-analysis/analyses/04_annotation/structural/prokka/efaecium_e745:Gene	yabA	EFM745_1:1320535-1320882	EFM745_01327
/home/dich3309/rnaseq-tnseq-enterococcus-analysis/analyses/04_annotation/structural/prokka/efaecium_e745:Gene	bceA_2	EFM745_1:1326539-1327306	EFM745_01332
/home/dich3309/rnaseq-tnseq-enterococcus-analysis/analyses/04_annotation/structural/prokka/efaecium_e745:Gene	bceB_2	EFM745_1:1327296-1329338	EFM745_01333
/home/dich3309/rnaseq-tnseq-enterococcus-analysis/analyses/04_annotation/structural/prokka/efaecium_e745:Gene	dltA	EFM745_1:1329779-1331293	EFM745_01335
/home/dich3309/rnaseq-tnseq-enterococcus-analysis/analyses/04_annotation/structural/prokka/efaecium_e745:Gene	EFM745_01336	EFM745_1:1331290-1332495	EFM745_01336
/home/dich3309/rnaseq-tnseq-enterococcus-analysis/analyses/04_annotation/structural/prokka/efaecium_e745:Gene	ysdC	EFM745_1:1334185-1335267	EFM745_01339
/home/dich3309/rnaseq-tnseq-enterococcus-analysis/analyses/04_annotation/structural/prokka/efaecium_e745:Gene	EFM745_01340	EFM745_1:1335267-1336070	EFM745_01340
/home/dich3309/rnaseq-tnseq-enterococcus-analysis/analyses/04_annotation/structural/prokka/efaecium_e745:Gene	EFM745_01362	EFM745_1:1355058-1355483	EFM745_01362
/home/dich3309/rnaseq-tnseq-enterococcus-analysis/analyses/04_annotation/structural/prokka/efaecium_e745:Gene	nusB	EFM745_1:1355476-1355925	EFM745_01363
/home/dich3309/rnaseq-tnseq-enterococcus-analysis/analyses/04_annotation/structural/prokka/efaecium_e745:Gene	iolU_1	EFM745_1:1385693-1386706	EFM745_01393
/home/dich3309/rnaseq-tnseq-enterococcus-analysis/analyses/04_annotation/structural/prokka/efaecium_e745:Gene	yfmL	EFM745_1:1386706-1387983	EFM745_01394
/home/dich3309/rnaseq-tnseq-enterococcus-analysis/analyses/04_annotation/structural/prokka/efaecium_e745:Gene	EFM745_01400	EFM745_1:1393455-1393637	EFM745_01400
/home/dich3309/rnaseq-tnseq-enterococcus-analysis/analyses/04_annotation/structural/prokka/efaecium_e745:Gene	EFM745_01401	EFM745_1:1393637-1394050	EFM745_01401
/home/dich3309/rnaseq-tnseq-enterococcus-analysis/analyses/04_annotation/structural/prokka/efaecium_e745:Gene	EFM745_01414	EFM745_1:1401409-1401747	EFM745_01414
/home/dich3309/rnaseq-tnseq-enterococcus-analysis/analyses/04_annotation/structural/prokka/efaecium_e745:Gene	EFM745_01415	EFM745_1:1401734-1401913	EFM745_01415
/home/dich3309/rnaseq-tnseq-enterococcus-analysis/analyses/04_annotation/structural/prokka/efaecium_e745:Gene	EFM745_01418	EFM745_1:1403389-1403730	EFM745_01418
/home/dich3309/rnaseq-tnseq-enterococcus-analysis/analyses/04_annotation/structural/prokka/efaecium_e745:Gene	EFM745_01419	EFM745_1:1403723-1404394	EFM745_01419
/home/dich3309/rnaseq-tnseq-enterococcus-analysis/analyses/04_annotation/structural/prokka/efaecium_e745:Gene	EFM745_01423	EFM745_1:1406124-1406288	EFM745_01423
/home/dich3309/rnaseq-tnseq-enterococcus-analysis/analyses/04_annotation/structural/prokka/efaecium_e745:Gene	EFM745_01424	EFM745_1:1406281-1406583	EFM745_01424
/home/dich3309/rnaseq-tnseq-enterococcus-analysis/analyses/04_annotation/structural/prokka/efaecium_e745:Gene	EFM745_01425	EFM745_1:1406580-1406741	EFM745_01425
/home/dich3309/rnaseq-tnseq-enterococcus-analysis/analyses/04_annotation/structural/prokka/efaecium_e745:Gene	EFM745_01426	EFM745_1:1406744-1407043	EFM745_01426
/home/dich3309/rnaseq-tnseq-enterococcus-analysis/analyses/04_annotation/structural/prokka/efaecium_e745:Gene	EFM745_01427	EFM745_1:1407043-1407399	EFM745_01427
/home/dich3309/rnaseq-tnseq-enterococcus-analysis/analyses/04_annotation/structural/prokka/efaecium_e745:Gene	EFM745_01428	EFM745_1:1407359-1407604	EFM745_01428
/home/dich3309/rnaseq-tnseq-enterococcus-analysis/analyses/04_annotation/structural/prokka/efaecium_e745:Gene	EFM745_01429	EFM745_1:1407601-1408020	EFM745_01429
/home/dich3309/rnaseq-tnseq-enterococcus-analysis/analyses/04_annotation/structural/prokka/efaecium_e745:Gene	EFM745_01430	EFM745_1:1408017-1408574	EFM745_01430
/home/dich3309/rnaseq-tnseq-enterococcus-analysis/analyses/04_annotation/structural/prokka/efaecium_e745:Gene	EFM745_01431	EFM745_1:1408571-1408867	EFM745_01431
/home/dich3309/rnaseq-tnseq-enterococcus-analysis/analyses/04_annotation/structural/prokka/efaecium_e745:Gene	EFM745_01438	EFM745_1:1411872-1412186	EFM745_01438
/home/dich3309/rnaseq-tnseq-enterococcus-analysis/analyses/04_annotation/structural/prokka/efaecium_e745:Gene	EFM745_01439	EFM745_1:1412164-1413858	EFM745_01439
/home/dich3309/rnaseq-tnseq-enterococcus-analysis/analyses/04_annotation/structural/prokka/efaecium_e745:Gene	EFM745_01440	EFM745_1:1413878-1415056	EFM745_01440
/home/dich3309/rnaseq-tnseq-enterococcus-analysis/analyses/04_annotation/structural/prokka/efaecium_e745:Gene	clpP_1	EFM745_1:1415019-1415705	EFM745_01441
/home/dich3309/rnaseq-tnseq-enterococcus-analysis/analyses/04_annotation/structural/prokka/efaecium_e745:Gene	EFM745_01442	EFM745_1:1415705-1416865	EFM745_01442
/home/dich3309/rnaseq-tnseq-enterococcus-analysis/analyses/04_annotation/structural/prokka/efaecium_e745:Gene	EFM745_01443	EFM745_1:1416875-1417750	EFM745_01443
/home/dich3309/rnaseq-tnseq-enterococcus-analysis/analyses/04_annotation/structural/prokka/efaecium_e745:Gene	EFM745_01444	EFM745_1:1417747-1418058	EFM745_01444
/home/dich3309/rnaseq-tnseq-enterococcus-analysis/analyses/04_annotation/structural/prokka/efaecium_e745:Gene	EFM745_01445	EFM745_1:1418048-1418401	EFM745_01445
/home/dich3309/rnaseq-tnseq-enterococcus-analysis/analyses/04_annotation/structural/prokka/efaecium_e745:Gene	EFM745_01446	EFM745_1:1418391-1418792	EFM745_01446
/home/dich3309/rnaseq-tnseq-enterococcus-analysis/analyses/04_annotation/structural/prokka/efaecium_e745:Gene	EFM745_01447	EFM745_1:1418776-1419189	EFM745_01447
/home/dich3309/rnaseq-tnseq-enterococcus-analysis/analyses/04_annotation/structural/prokka/efaecium_e745:Gene	EFM745_01457	EFM745_1:1431371-1431664	EFM745_01457
/home/dich3309/rnaseq-tnseq-enterococcus-analysis/analyses/04_annotation/structural/prokka/efaecium_e745:Gene	EFM745_01458	EFM745_1:1431661-1431885	EFM745_01458
/home/dich3309/rnaseq-tnseq-enterococcus-analysis/analyses/04_annotation/structural/prokka/efaecium_e745:Gene	EFM745_01459	EFM745_1:1431882-1432460	EFM745_01459
/home/dich3309/rnaseq-tnseq-enterococcus-analysis/analyses/04_annotation/structural/prokka/efaecium_e745:Gene	EFM745_01460	EFM745_1:1432424-1432906	EFM745_01460
/home/dich3309/rnaseq-tnseq-enterococcus-analysis/analyses/04_annotation/structural/prokka/efaecium_e745:Gene	abfA_1	EFM745_1:1446641-1448158	EFM745_01478
/home/dich3309/rnaseq-tnseq-enterococcus-analysis/analyses/04_annotation/structural/prokka/efaecium_e745:Gene	ugpB	EFM745_1:1448148-1449419	EFM745_01479
/home/dich3309/rnaseq-tnseq-enterococcus-analysis/analyses/04_annotation/structural/prokka/efaecium_e745:Gene	xylB_3	EFM745_1:1457475-1459136	EFM745_01487
/home/dich3309/rnaseq-tnseq-enterococcus-analysis/analyses/04_annotation/structural/prokka/efaecium_e745:Gene	sgbE	EFM745_1:1459093-1459791	EFM745_01488
/home/dich3309/rnaseq-tnseq-enterococcus-analysis/analyses/04_annotation/structural/prokka/efaecium_e745:Gene	EFM745_01501	EFM745_1:1470409-1472136	EFM745_01501
/home/dich3309/rnaseq-tnseq-enterococcus-analysis/analyses/04_annotation/structural/prokka/efaecium_e745:Gene	EFM745_01502	EFM745_1:1472133-1472387	EFM745_01502
/home/dich3309/rnaseq-tnseq-enterococcus-analysis/analyses/04_annotation/structural/prokka/efaecium_e745:Gene	EFM745_01503	EFM745_1:1472387-1474024	EFM745_01503
/home/dich3309/rnaseq-tnseq-enterococcus-analysis/analyses/04_annotation/structural/prokka/efaecium_e745:Gene	mtlA	EFM745_1:1477956-1478306	EFM745_01507
/home/dich3309/rnaseq-tnseq-enterococcus-analysis/analyses/04_annotation/structural/prokka/efaecium_e745:Gene	EFM745_01508	EFM745_1:1478303-1479622	EFM745_01508
/home/dich3309/rnaseq-tnseq-enterococcus-analysis/analyses/04_annotation/structural/prokka/efaecium_e745:Gene	gatD	EFM745_1:c1488521-1487823	EFM745_01516
/home/dich3309/rnaseq-tnseq-enterococcus-analysis/analyses/04_annotation/structural/prokka/efaecium_e745:Gene	murT	EFM745_1:c1489866-1488514	EFM745_01517
/home/dich3309/rnaseq-tnseq-enterococcus-analysis/analyses/04_annotation/structural/prokka/efaecium_e745:Gene	EFM745_01520	EFM745_1:1492512-1492991	EFM745_01520
/home/dich3309/rnaseq-tnseq-enterococcus-analysis/analyses/04_annotation/structural/prokka/efaecium_e745:Gene	EFM745_01521	EFM745_1:1492988-1493755	EFM745_01521
/home/dich3309/rnaseq-tnseq-enterococcus-analysis/analyses/04_annotation/structural/prokka/efaecium_e745:Gene	EFM745_01524	EFM745_1:1495366-1495596	EFM745_01524
/home/dich3309/rnaseq-tnseq-enterococcus-analysis/analyses/04_annotation/structural/prokka/efaecium_e745:Gene	EFM745_01525	EFM745_1:1495587-1495835	EFM745_01525
/home/dich3309/rnaseq-tnseq-enterococcus-analysis/analyses/04_annotation/structural/prokka/efaecium_e745:Gene	prfA	EFM745_1:1496528-1497601	EFM745_01527
/home/dich3309/rnaseq-tnseq-enterococcus-analysis/analyses/04_annotation/structural/prokka/efaecium_e745:Gene	prmC	EFM745_1:1497594-1498433	EFM745_01528
/home/dich3309/rnaseq-tnseq-enterococcus-analysis/analyses/04_annotation/structural/prokka/efaecium_e745:Gene	ywlC	EFM745_1:1498627-1499652	EFM745_01529
/home/dich3309/rnaseq-tnseq-enterococcus-analysis/analyses/04_annotation/structural/prokka/efaecium_e745:Gene	EFM745_01530	EFM745_1:1499649-1499810	EFM745_01530
/home/dich3309/rnaseq-tnseq-enterococcus-analysis/analyses/04_annotation/structural/prokka/efaecium_e745:Gene	oppD_2	EFM745_1:1524479-1525549	EFM745_01554
/home/dich3309/rnaseq-tnseq-enterococcus-analysis/analyses/04_annotation/structural/prokka/efaecium_e745:Gene	oppF_2	EFM745_1:1525539-1526492	EFM745_01555
/home/dich3309/rnaseq-tnseq-enterococcus-analysis/analyses/04_annotation/structural/prokka/efaecium_e745:Gene	dtd3	EFM745_1:1533990-1534766	EFM745_01562
/home/dich3309/rnaseq-tnseq-enterococcus-analysis/analyses/04_annotation/structural/prokka/efaecium_e745:Gene	rnmV	EFM745_1:1534759-1535328	EFM745_01563
/home/dich3309/rnaseq-tnseq-enterococcus-analysis/analyses/04_annotation/structural/prokka/efaecium_e745:Gene	rsmA	EFM745_1:1535321-1536205	EFM745_01564
/home/dich3309/rnaseq-tnseq-enterococcus-analysis/analyses/04_annotation/structural/prokka/efaecium_e745:Gene	sorA_2	EFM745_1:1548499-1549278	EFM745_01576
/home/dich3309/rnaseq-tnseq-enterococcus-analysis/analyses/04_annotation/structural/prokka/efaecium_e745:Gene	manZ_4	EFM745_1:1549265-1550086	EFM745_01577
/home/dich3309/rnaseq-tnseq-enterococcus-analysis/analyses/04_annotation/structural/prokka/efaecium_e745:Gene	EFM745_01603	EFM745_1:1578015-1578099	EFM745_01603
/home/dich3309/rnaseq-tnseq-enterococcus-analysis/analyses/04_annotation/structural/prokka/efaecium_e745:Gene	EFM745_01604	EFM745_1:1578086-1578340	EFM745_01604
/home/dich3309/rnaseq-tnseq-enterococcus-analysis/analyses/04_annotation/structural/prokka/efaecium_e745:Gene	EFM745_01605	EFM745_1:1578309-1579694	EFM745_01605
/home/dich3309/rnaseq-tnseq-enterococcus-analysis/analyses/04_annotation/structural/prokka/efaecium_e745:Gene	fpgS	EFM745_1:1611962-1613275	EFM745_01639
/home/dich3309/rnaseq-tnseq-enterococcus-analysis/analyses/04_annotation/structural/prokka/efaecium_e745:Gene	EFM745_01640	EFM745_1:1613265-1613918	EFM745_01640
/home/dich3309/rnaseq-tnseq-enterococcus-analysis/analyses/04_annotation/structural/prokka/efaecium_e745:Gene	EFM745_01645	EFM745_1:1617555-1619285	EFM745_01645
/home/dich3309/rnaseq-tnseq-enterococcus-analysis/analyses/04_annotation/structural/prokka/efaecium_e745:Gene	EFM745_01646	EFM745_1:1619282-1621042	EFM745_01646
/home/dich3309/rnaseq-tnseq-enterococcus-analysis/analyses/04_annotation/structural/prokka/efaecium_e745:Gene	lacF_3	EFM745_1:1632190-1633107	EFM745_01658
/home/dich3309/rnaseq-tnseq-enterococcus-analysis/analyses/04_annotation/structural/prokka/efaecium_e745:Gene	lacG_2	EFM745_1:1633100-1633933	EFM745_01659
/home/dich3309/rnaseq-tnseq-enterococcus-analysis/analyses/04_annotation/structural/prokka/efaecium_e745:Gene	natA_2	EFM745_1:1644740-1645483	EFM745_01669
/home/dich3309/rnaseq-tnseq-enterococcus-analysis/analyses/04_annotation/structural/prokka/efaecium_e745:Gene	EFM745_01670	EFM745_1:1645476-1647056	EFM745_01670
/home/dich3309/rnaseq-tnseq-enterococcus-analysis/analyses/04_annotation/structural/prokka/efaecium_e745:Gene	EFM745_01675	EFM745_1:1650082-1650348	EFM745_01675
/home/dich3309/rnaseq-tnseq-enterococcus-analysis/analyses/04_annotation/structural/prokka/efaecium_e745:Gene	yrrK	EFM745_1:1650345-1650776	EFM745_01676
/home/dich3309/rnaseq-tnseq-enterococcus-analysis/analyses/04_annotation/structural/prokka/efaecium_e745:Gene	EFM745_01681	EFM745_1:1653571-1653882	EFM745_01681
/home/dich3309/rnaseq-tnseq-enterococcus-analysis/analyses/04_annotation/structural/prokka/efaecium_e745:Gene	EFM745_01682	EFM745_1:1653879-1654118	EFM745_01682
/home/dich3309/rnaseq-tnseq-enterococcus-analysis/analyses/04_annotation/structural/prokka/efaecium_e745:Gene	EFM745_01683	EFM745_1:1654099-1654503	EFM745_01683
/home/dich3309/rnaseq-tnseq-enterococcus-analysis/analyses/04_annotation/structural/prokka/efaecium_e745:Gene	EFM745_01686	EFM745_1:1655202-1656050	EFM745_01686
/home/dich3309/rnaseq-tnseq-enterococcus-analysis/analyses/04_annotation/structural/prokka/efaecium_e745:Gene	EFM745_01687	EFM745_1:1656040-1657515	EFM745_01687
/home/dich3309/rnaseq-tnseq-enterococcus-analysis/analyses/04_annotation/structural/prokka/efaecium_e745:Gene	EFM745_01690	EFM745_1:1659148-1659621	EFM745_01690
/home/dich3309/rnaseq-tnseq-enterococcus-analysis/analyses/04_annotation/structural/prokka/efaecium_e745:Gene	EFM745_01691	EFM745_1:1659618-1661312	EFM745_01691
/home/dich3309/rnaseq-tnseq-enterococcus-analysis/analyses/04_annotation/structural/prokka/efaecium_e745:Gene	EFM745_01692	EFM745_1:1661278-1661463	EFM745_01692
/home/dich3309/rnaseq-tnseq-enterococcus-analysis/analyses/04_annotation/structural/prokka/efaecium_e745:Gene	EFM745_01693	EFM745_1:1661467-1662642	EFM745_01693
/home/dich3309/rnaseq-tnseq-enterococcus-analysis/analyses/04_annotation/structural/prokka/efaecium_e745:Gene	EFM745_01694	EFM745_1:1662635-1664158	EFM745_01694
/home/dich3309/rnaseq-tnseq-enterococcus-analysis/analyses/04_annotation/structural/prokka/efaecium_e745:Gene	EFM745_01695	EFM745_1:1664214-1664498	EFM745_01695
/home/dich3309/rnaseq-tnseq-enterococcus-analysis/analyses/04_annotation/structural/prokka/efaecium_e745:Gene	EFM745_01696	EFM745_1:1664485-1664820	EFM745_01696
/home/dich3309/rnaseq-tnseq-enterococcus-analysis/analyses/04_annotation/structural/prokka/efaecium_e745:Gene	EFM745_01706	EFM745_1:1675636-1675971	EFM745_01706
/home/dich3309/rnaseq-tnseq-enterococcus-analysis/analyses/04_annotation/structural/prokka/efaecium_e745:Gene	EFM745_01707	EFM745_1:1675955-1678435	EFM745_01707
/home/dich3309/rnaseq-tnseq-enterococcus-analysis/analyses/04_annotation/structural/prokka/efaecium_e745:Gene	EFM745_01708	EFM745_1:1678542-1680050	EFM745_01708
/home/dich3309/rnaseq-tnseq-enterococcus-analysis/analyses/04_annotation/structural/prokka/efaecium_e745:Gene	nox_1	EFM745_1:1680047-1681411	EFM745_01709
/home/dich3309/rnaseq-tnseq-enterococcus-analysis/analyses/04_annotation/structural/prokka/efaecium_e745:Gene	btuD_4	EFM745_1:1692646-1693545	EFM745_01720
/home/dich3309/rnaseq-tnseq-enterococcus-analysis/analyses/04_annotation/structural/prokka/efaecium_e745:Gene	yhaP	EFM745_1:1693538-1694800	EFM745_01721
/home/dich3309/rnaseq-tnseq-enterococcus-analysis/analyses/04_annotation/structural/prokka/efaecium_e745:Gene	EFM745_01725	EFM745_1:1698225-1698548	EFM745_01725
/home/dich3309/rnaseq-tnseq-enterococcus-analysis/analyses/04_annotation/structural/prokka/efaecium_e745:Gene	EFM745_01726	EFM745_1:1698535-1700538	EFM745_01726
/home/dich3309/rnaseq-tnseq-enterococcus-analysis/analyses/04_annotation/structural/prokka/efaecium_e745:Gene	ntpC	EFM745_1:1701647-1702633	EFM745_01729
/home/dich3309/rnaseq-tnseq-enterococcus-analysis/analyses/04_annotation/structural/prokka/efaecium_e745:Gene	ntpG	EFM745_1:1702623-1702934	EFM745_01730
/home/dich3309/rnaseq-tnseq-enterococcus-analysis/analyses/04_annotation/structural/prokka/efaecium_e745:Gene	ntpA	EFM745_1:1702956-1704737	EFM745_01731
/home/dich3309/rnaseq-tnseq-enterococcus-analysis/analyses/04_annotation/structural/prokka/efaecium_e745:Gene	ntpB	EFM745_1:1704730-1706106	EFM745_01732
/home/dich3309/rnaseq-tnseq-enterococcus-analysis/analyses/04_annotation/structural/prokka/efaecium_e745:Gene	lhpI	EFM745_1:1709811-1710782	EFM745_01736
/home/dich3309/rnaseq-tnseq-enterococcus-analysis/analyses/04_annotation/structural/prokka/efaecium_e745:Gene	yddE	EFM745_1:1710779-1711561	EFM745_01737
/home/dich3309/rnaseq-tnseq-enterococcus-analysis/analyses/04_annotation/structural/prokka/efaecium_e745:Gene	EFM745_01741	EFM745_1:c1714916-1713549	EFM745_01741
/home/dich3309/rnaseq-tnseq-enterococcus-analysis/analyses/04_annotation/structural/prokka/efaecium_e745:Gene	lipL	EFM745_1:c1715730-1714900	EFM745_01742
/home/dich3309/rnaseq-tnseq-enterococcus-analysis/analyses/04_annotation/structural/prokka/efaecium_e745:Gene	EFM745_01755	EFM745_1:1727657-1728193	EFM745_01755
/home/dich3309/rnaseq-tnseq-enterococcus-analysis/analyses/04_annotation/structural/prokka/efaecium_e745:Gene	EFM745_01756	EFM745_1:1728190-1728996	EFM745_01756
/home/dich3309/rnaseq-tnseq-enterococcus-analysis/analyses/04_annotation/structural/prokka/efaecium_e745:Gene	atpF	EFM745_1:1740301-1740825	EFM745_01770
/home/dich3309/rnaseq-tnseq-enterococcus-analysis/analyses/04_annotation/structural/prokka/efaecium_e745:Gene	atpH	EFM745_1:1740812-1741354	EFM745_01771
/home/dich3309/rnaseq-tnseq-enterococcus-analysis/analyses/04_annotation/structural/prokka/efaecium_e745:Gene	comFA	EFM745_1:1753496-1754809	EFM745_01790
/home/dich3309/rnaseq-tnseq-enterococcus-analysis/analyses/04_annotation/structural/prokka/efaecium_e745:Gene	EFM745_01791	EFM745_1:1754806-1755525	EFM745_01791
/home/dich3309/rnaseq-tnseq-enterococcus-analysis/analyses/04_annotation/structural/prokka/efaecium_e745:Gene	ftsE	EFM745_1:1760292-1760978	EFM745_01795
/home/dich3309/rnaseq-tnseq-enterococcus-analysis/analyses/04_annotation/structural/prokka/efaecium_e745:Gene	ftsX	EFM745_1:1760962-1761855	EFM745_01796
/home/dich3309/rnaseq-tnseq-enterococcus-analysis/analyses/04_annotation/structural/prokka/efaecium_e745:Gene	EFM745_01799	EFM745_1:1764764-1765684	EFM745_01799
/home/dich3309/rnaseq-tnseq-enterococcus-analysis/analyses/04_annotation/structural/prokka/efaecium_e745:Gene	EFM745_01800	EFM745_1:1765684-1766568	EFM745_01800
/home/dich3309/rnaseq-tnseq-enterococcus-analysis/analyses/04_annotation/structural/prokka/efaecium_e745:Gene	EFM745_01804	EFM745_1:1769091-1770122	EFM745_01804
/home/dich3309/rnaseq-tnseq-enterococcus-analysis/analyses/04_annotation/structural/prokka/efaecium_e745:Gene	EFM745_01805	EFM745_1:1770119-1770886	EFM745_01805
/home/dich3309/rnaseq-tnseq-enterococcus-analysis/analyses/04_annotation/structural/prokka/efaecium_e745:Gene	EFM745_01807	EFM745_1:1772851-1773171	EFM745_01807
/home/dich3309/rnaseq-tnseq-enterococcus-analysis/analyses/04_annotation/structural/prokka/efaecium_e745:Gene	EFM745_01808	EFM745_1:1773171-1773521	EFM745_01808
/home/dich3309/rnaseq-tnseq-enterococcus-analysis/analyses/04_annotation/structural/prokka/efaecium_e745:Gene	yheI	EFM745_1:1792301-1794052	EFM745_01824
/home/dich3309/rnaseq-tnseq-enterococcus-analysis/analyses/04_annotation/structural/prokka/efaecium_e745:Gene	yheH	EFM745_1:1794052-1795836	EFM745_01825
/home/dich3309/rnaseq-tnseq-enterococcus-analysis/analyses/04_annotation/structural/prokka/efaecium_e745:Gene	licH	EFM745_1:1800168-1801571	EFM745_01829
/home/dich3309/rnaseq-tnseq-enterococcus-analysis/analyses/04_annotation/structural/prokka/efaecium_e745:Gene	bglH_2	EFM745_1:1801571-1803004	EFM745_01830
/home/dich3309/rnaseq-tnseq-enterococcus-analysis/analyses/04_annotation/structural/prokka/efaecium_e745:Gene	ybeY	EFM745_1:1814122-1814583	EFM745_01841
/home/dich3309/rnaseq-tnseq-enterococcus-analysis/analyses/04_annotation/structural/prokka/efaecium_e745:Gene	dgkA	EFM745_1:1814567-1814962	EFM745_01842
/home/dich3309/rnaseq-tnseq-enterococcus-analysis/analyses/04_annotation/structural/prokka/efaecium_e745:Gene	EFM745_01853	EFM745_1:1826508-1827473	EFM745_01853
/home/dich3309/rnaseq-tnseq-enterococcus-analysis/analyses/04_annotation/structural/prokka/efaecium_e745:Gene	gph_1	EFM745_1:1827466-1828161	EFM745_01854
/home/dich3309/rnaseq-tnseq-enterococcus-analysis/analyses/04_annotation/structural/prokka/efaecium_e745:Gene	epsN	EFM745_1:1828158-1829276	EFM745_01855
/home/dich3309/rnaseq-tnseq-enterococcus-analysis/analyses/04_annotation/structural/prokka/efaecium_e745:Gene	epsL	EFM745_1:1829266-1829886	EFM745_01856
/home/dich3309/rnaseq-tnseq-enterococcus-analysis/analyses/04_annotation/structural/prokka/efaecium_e745:Gene	mshA	EFM745_1:1831312-1831584	EFM745_01858
/home/dich3309/rnaseq-tnseq-enterococcus-analysis/analyses/04_annotation/structural/prokka/efaecium_e745:Gene	EFM745_01859	EFM745_1:1831581-1832582	EFM745_01859
/home/dich3309/rnaseq-tnseq-enterococcus-analysis/analyses/04_annotation/structural/prokka/efaecium_e745:Gene	pfkB	EFM745_1:1843145-1844095	EFM745_01868
/home/dich3309/rnaseq-tnseq-enterococcus-analysis/analyses/04_annotation/structural/prokka/efaecium_e745:Gene	fruA_4	EFM745_1:1844077-1845540	EFM745_01869
/home/dich3309/rnaseq-tnseq-enterococcus-analysis/analyses/04_annotation/structural/prokka/efaecium_e745:Gene	mngA	EFM745_1:1845537-1845995	EFM745_01870
/home/dich3309/rnaseq-tnseq-enterococcus-analysis/analyses/04_annotation/structural/prokka/efaecium_e745:Gene	lacD2	EFM745_1:1845992-1846966	EFM745_01871
/home/dich3309/rnaseq-tnseq-enterococcus-analysis/analyses/04_annotation/structural/prokka/efaecium_e745:Gene	EFM745_01885	EFM745_1:1858302-1858689	EFM745_01885
/home/dich3309/rnaseq-tnseq-enterococcus-analysis/analyses/04_annotation/structural/prokka/efaecium_e745:Gene	cspLA_2	EFM745_1:1858435-1858635	EFM745_01886
/home/dich3309/rnaseq-tnseq-enterococcus-analysis/analyses/04_annotation/structural/prokka/efaecium_e745:Gene	axe2	EFM745_1:1865870-1866544	EFM745_01891
/home/dich3309/rnaseq-tnseq-enterococcus-analysis/analyses/04_annotation/structural/prokka/efaecium_e745:Gene	EFM745_01892	EFM745_1:1866541-1866882	EFM745_01892
/home/dich3309/rnaseq-tnseq-enterococcus-analysis/analyses/04_annotation/structural/prokka/efaecium_e745:Gene	copZ	EFM745_1:1874717-1874926	EFM745_01899
/home/dich3309/rnaseq-tnseq-enterococcus-analysis/analyses/04_annotation/structural/prokka/efaecium_e745:Gene	copA	EFM745_1:1874926-1877112	EFM745_01900
/home/dich3309/rnaseq-tnseq-enterococcus-analysis/analyses/04_annotation/structural/prokka/efaecium_e745:Gene	EFM745_01903	EFM745_1:c1881586-1880288	EFM745_01903
/home/dich3309/rnaseq-tnseq-enterococcus-analysis/analyses/04_annotation/structural/prokka/efaecium_e745:Gene	EFM745_01904	EFM745_1:c1882328-1881576	EFM745_01904
/home/dich3309/rnaseq-tnseq-enterococcus-analysis/analyses/04_annotation/structural/prokka/efaecium_e745:Gene	EFM745_01905	EFM745_1:c1882648-1882325	EFM745_01905
/home/dich3309/rnaseq-tnseq-enterococcus-analysis/analyses/04_annotation/structural/prokka/efaecium_e745:Gene	EFM745_01911	EFM745_1:c1887770-1887201	EFM745_01911
/home/dich3309/rnaseq-tnseq-enterococcus-analysis/analyses/04_annotation/structural/prokka/efaecium_e745:Gene	EFM745_01912	EFM745_1:c1888303-1887767	EFM745_01912
/home/dich3309/rnaseq-tnseq-enterococcus-analysis/analyses/04_annotation/structural/prokka/efaecium_e745:Gene	EFM745_01914	EFM745_1:1889761-1890297	EFM745_01914
/home/dich3309/rnaseq-tnseq-enterococcus-analysis/analyses/04_annotation/structural/prokka/efaecium_e745:Gene	EFM745_01915	EFM745_1:1890294-1891100	EFM745_01915
/home/dich3309/rnaseq-tnseq-enterococcus-analysis/analyses/04_annotation/structural/prokka/efaecium_e745:Gene	phoR_2	EFM745_1:c1909127-1907391	EFM745_01929
/home/dich3309/rnaseq-tnseq-enterococcus-analysis/analyses/04_annotation/structural/prokka/efaecium_e745:Gene	phoP	EFM745_1:c1909828-1909124	EFM745_01930
/home/dich3309/rnaseq-tnseq-enterococcus-analysis/analyses/04_annotation/structural/prokka/efaecium_e745:Gene	rimM	EFM745_1:1915923-1916444	EFM745_01940
/home/dich3309/rnaseq-tnseq-enterococcus-analysis/analyses/04_annotation/structural/prokka/efaecium_e745:Gene	trmD	EFM745_1:1916434-1917195	EFM745_01941
/home/dich3309/rnaseq-tnseq-enterococcus-analysis/analyses/04_annotation/structural/prokka/efaecium_e745:Gene	EFM745_01952	EFM745_1:1927015-1927099	EFM745_01952
/home/dich3309/rnaseq-tnseq-enterococcus-analysis/analyses/04_annotation/structural/prokka/efaecium_e745:Gene	EFM745_01953	EFM745_1:1927072-1927323	EFM745_01953
/home/dich3309/rnaseq-tnseq-enterococcus-analysis/analyses/04_annotation/structural/prokka/efaecium_e745:Gene	EFM745_01956	EFM745_1:1929060-1930244	EFM745_01956
/home/dich3309/rnaseq-tnseq-enterococcus-analysis/analyses/04_annotation/structural/prokka/efaecium_e745:Gene	EFM745_01957	EFM745_1:1930241-1930378	EFM745_01957
/home/dich3309/rnaseq-tnseq-enterococcus-analysis/analyses/04_annotation/structural/prokka/efaecium_e745:Gene	EFM745_01964	EFM745_1:1936768-1937157	EFM745_01964
/home/dich3309/rnaseq-tnseq-enterococcus-analysis/analyses/04_annotation/structural/prokka/efaecium_e745:Gene	EFM745_01965	EFM745_1:1937144-1939489	EFM745_01965
/home/dich3309/rnaseq-tnseq-enterococcus-analysis/analyses/04_annotation/structural/prokka/efaecium_e745:Gene	EFM745_01967	EFM745_1:1941070-1943199	EFM745_01967
/home/dich3309/rnaseq-tnseq-enterococcus-analysis/analyses/04_annotation/structural/prokka/efaecium_e745:Gene	EFM745_01968	EFM745_1:1943196-1944203	EFM745_01968
/home/dich3309/rnaseq-tnseq-enterococcus-analysis/analyses/04_annotation/structural/prokka/efaecium_e745:Gene	EFM745_01970	EFM745_1:c1945987-1945259	EFM745_01970
/home/dich3309/rnaseq-tnseq-enterococcus-analysis/analyses/04_annotation/structural/prokka/efaecium_e745:Gene	EFM745_01971	EFM745_1:c1947402-1945984	EFM745_01971
/home/dich3309/rnaseq-tnseq-enterococcus-analysis/analyses/04_annotation/structural/prokka/efaecium_e745:Gene	sorC	EFM745_1:1961003-1961776	EFM745_01983
/home/dich3309/rnaseq-tnseq-enterococcus-analysis/analyses/04_annotation/structural/prokka/efaecium_e745:Gene	manZ_5	EFM745_1:1961769-1962560	EFM745_01984
/home/dich3309/rnaseq-tnseq-enterococcus-analysis/analyses/04_annotation/structural/prokka/efaecium_e745:Gene	EFM745_01989	EFM745_1:1965779-1965973	EFM745_01989
/home/dich3309/rnaseq-tnseq-enterococcus-analysis/analyses/04_annotation/structural/prokka/efaecium_e745:Gene	EFM745_01990	EFM745_1:1965963-1966316	EFM745_01990
/home/dich3309/rnaseq-tnseq-enterococcus-analysis/analyses/04_annotation/structural/prokka/efaecium_e745:Gene	EFM745_01992	EFM745_1:1968117-1968545	EFM745_01992
/home/dich3309/rnaseq-tnseq-enterococcus-analysis/analyses/04_annotation/structural/prokka/efaecium_e745:Gene	EFM745_01993	EFM745_1:1968523-1968774	EFM745_01993
/home/dich3309/rnaseq-tnseq-enterococcus-analysis/analyses/04_annotation/structural/prokka/efaecium_e745:Gene	EFM745_01999	EFM745_1:1972537-1974858	EFM745_01999
/home/dich3309/rnaseq-tnseq-enterococcus-analysis/analyses/04_annotation/structural/prokka/efaecium_e745:Gene	EFM745_02000	EFM745_1:1974855-1975313	EFM745_02000
/home/dich3309/rnaseq-tnseq-enterococcus-analysis/analyses/04_annotation/structural/prokka/efaecium_e745:Gene	EFM745_02001	EFM745_1:1975344-1976357	EFM745_02001
/home/dich3309/rnaseq-tnseq-enterococcus-analysis/analyses/04_annotation/structural/prokka/efaecium_e745:Gene	EFM745_02002	EFM745_1:1976354-1976800	EFM745_02002
/home/dich3309/rnaseq-tnseq-enterococcus-analysis/analyses/04_annotation/structural/prokka/efaecium_e745:Gene	EFM745_02004	EFM745_1:1977971-1979143	EFM745_02004
/home/dich3309/rnaseq-tnseq-enterococcus-analysis/analyses/04_annotation/structural/prokka/efaecium_e745:Gene	EFM745_02005	EFM745_1:1979140-1979337	EFM745_02005
/home/dich3309/rnaseq-tnseq-enterococcus-analysis/analyses/04_annotation/structural/prokka/efaecium_e745:Gene	EFM745_02027	EFM745_1:1998963-1999313	EFM745_02027
/home/dich3309/rnaseq-tnseq-enterococcus-analysis/analyses/04_annotation/structural/prokka/efaecium_e745:Gene	srrA_2	EFM745_1:1999294-2000010	EFM745_02028
/home/dich3309/rnaseq-tnseq-enterococcus-analysis/analyses/04_annotation/structural/prokka/efaecium_e745:Gene	rcsC_2	EFM745_1:2000010-2001458	EFM745_02029
/home/dich3309/rnaseq-tnseq-enterococcus-analysis/analyses/04_annotation/structural/prokka/efaecium_e745:Gene	EFM745_02030	EFM745_1:c2002038-2001529	EFM745_02030
/home/dich3309/rnaseq-tnseq-enterococcus-analysis/analyses/04_annotation/structural/prokka/efaecium_e745:Gene	EFM745_02031	EFM745_1:c2002753-2002028	EFM745_02031
/home/dich3309/rnaseq-tnseq-enterococcus-analysis/analyses/04_annotation/structural/prokka/efaecium_e745:Gene	EFM745_02052	EFM745_1:c2024429-2024079	EFM745_02052
/home/dich3309/rnaseq-tnseq-enterococcus-analysis/analyses/04_annotation/structural/prokka/efaecium_e745:Gene	EFM745_02053	EFM745_1:c2025726-2024395	EFM745_02053
/home/dich3309/rnaseq-tnseq-enterococcus-analysis/analyses/04_annotation/structural/prokka/efaecium_e745:Gene	EFM745_02067	EFM745_1:2032905-2033246	EFM745_02067
/home/dich3309/rnaseq-tnseq-enterococcus-analysis/analyses/04_annotation/structural/prokka/efaecium_e745:Gene	EFM745_02068	EFM745_1:2033239-2033910	EFM745_02068
/home/dich3309/rnaseq-tnseq-enterococcus-analysis/analyses/04_annotation/structural/prokka/efaecium_e745:Gene	EFM745_02072	EFM745_1:2035640-2035804	EFM745_02072
/home/dich3309/rnaseq-tnseq-enterococcus-analysis/analyses/04_annotation/structural/prokka/efaecium_e745:Gene	EFM745_02073	EFM745_1:2035797-2036102	EFM745_02073
/home/dich3309/rnaseq-tnseq-enterococcus-analysis/analyses/04_annotation/structural/prokka/efaecium_e745:Gene	EFM745_02074	EFM745_1:2036096-2036386	EFM745_02074
/home/dich3309/rnaseq-tnseq-enterococcus-analysis/analyses/04_annotation/structural/prokka/efaecium_e745:Gene	EFM745_02075	EFM745_1:2036386-2036742	EFM745_02075
/home/dich3309/rnaseq-tnseq-enterococcus-analysis/analyses/04_annotation/structural/prokka/efaecium_e745:Gene	EFM745_02076	EFM745_1:2036702-2036947	EFM745_02076
/home/dich3309/rnaseq-tnseq-enterococcus-analysis/analyses/04_annotation/structural/prokka/efaecium_e745:Gene	EFM745_02077	EFM745_1:2036944-2037363	EFM745_02077
/home/dich3309/rnaseq-tnseq-enterococcus-analysis/analyses/04_annotation/structural/prokka/efaecium_e745:Gene	EFM745_02078	EFM745_1:2037360-2037926	EFM745_02078
/home/dich3309/rnaseq-tnseq-enterococcus-analysis/analyses/04_annotation/structural/prokka/efaecium_e745:Gene	EFM745_02079	EFM745_1:2037923-2038057	EFM745_02079
/home/dich3309/rnaseq-tnseq-enterococcus-analysis/analyses/04_annotation/structural/prokka/efaecium_e745:Gene	EFM745_02083	EFM745_1:2040124-2040510	EFM745_02083
/home/dich3309/rnaseq-tnseq-enterococcus-analysis/analyses/04_annotation/structural/prokka/efaecium_e745:Gene	EFM745_02084	EFM745_1:2040491-2040877	EFM745_02084
/home/dich3309/rnaseq-tnseq-enterococcus-analysis/analyses/04_annotation/structural/prokka/efaecium_e745:Gene	EFM745_02085	EFM745_1:2040874-2041254	EFM745_02085
/home/dich3309/rnaseq-tnseq-enterococcus-analysis/analyses/04_annotation/structural/prokka/efaecium_e745:Gene	EFM745_02086	EFM745_1:2041366-2041818	EFM745_02086
/home/dich3309/rnaseq-tnseq-enterococcus-analysis/analyses/04_annotation/structural/prokka/efaecium_e745:Gene	EFM745_02087	EFM745_1:2041815-2043542	EFM745_02087
/home/dich3309/rnaseq-tnseq-enterococcus-analysis/analyses/04_annotation/structural/prokka/efaecium_e745:Gene	EFM745_02088	EFM745_1:2043564-2044793	EFM745_02088
/home/dich3309/rnaseq-tnseq-enterococcus-analysis/analyses/04_annotation/structural/prokka/efaecium_e745:Gene	EFM745_02089	EFM745_1:2044765-2045334	EFM745_02089
/home/dich3309/rnaseq-tnseq-enterococcus-analysis/analyses/04_annotation/structural/prokka/efaecium_e745:Gene	EFM745_02091	EFM745_1:2046710-2046988	EFM745_02091
/home/dich3309/rnaseq-tnseq-enterococcus-analysis/analyses/04_annotation/structural/prokka/efaecium_e745:Gene	EFM745_02092	EFM745_1:2046969-2047295	EFM745_02092
/home/dich3309/rnaseq-tnseq-enterococcus-analysis/analyses/04_annotation/structural/prokka/efaecium_e745:Gene	EFM745_02093	EFM745_1:2047285-2047623	EFM745_02093
/home/dich3309/rnaseq-tnseq-enterococcus-analysis/analyses/04_annotation/structural/prokka/efaecium_e745:Gene	EFM745_02094	EFM745_1:2047613-2047978	EFM745_02094
/home/dich3309/rnaseq-tnseq-enterococcus-analysis/analyses/04_annotation/structural/prokka/efaecium_e745:Gene	EFM745_02095	EFM745_1:2047985-2048611	EFM745_02095
/home/dich3309/rnaseq-tnseq-enterococcus-analysis/analyses/04_annotation/structural/prokka/efaecium_e745:Gene	EFM745_02096	EFM745_1:2048611-2049075	EFM745_02096
/home/dich3309/rnaseq-tnseq-enterococcus-analysis/analyses/04_annotation/structural/prokka/efaecium_e745:Gene	EFM745_02097	EFM745_1:2049270-2051579	EFM745_02097
/home/dich3309/rnaseq-tnseq-enterococcus-analysis/analyses/04_annotation/structural/prokka/efaecium_e745:Gene	EFM745_02098	EFM745_1:2051576-2052295	EFM745_02098
/home/dich3309/rnaseq-tnseq-enterococcus-analysis/analyses/04_annotation/structural/prokka/efaecium_e745:Gene	EFM745_02099	EFM745_1:2052292-2054997	EFM745_02099
/home/dich3309/rnaseq-tnseq-enterococcus-analysis/analyses/04_annotation/structural/prokka/efaecium_e745:Gene	EFM745_02101	EFM745_1:2056746-2057528	EFM745_02101
/home/dich3309/rnaseq-tnseq-enterococcus-analysis/analyses/04_annotation/structural/prokka/efaecium_e745:Gene	EFM745_02102	EFM745_1:2057528-2059594	EFM745_02102
/home/dich3309/rnaseq-tnseq-enterococcus-analysis/analyses/04_annotation/structural/prokka/efaecium_e745:Gene	EFM745_02108	EFM745_1:c2062606-2061800	EFM745_02108
/home/dich3309/rnaseq-tnseq-enterococcus-analysis/analyses/04_annotation/structural/prokka/efaecium_e745:Gene	EFM745_02109	EFM745_1:c2063139-2062603	EFM745_02109
/home/dich3309/rnaseq-tnseq-enterococcus-analysis/analyses/04_annotation/structural/prokka/efaecium_e745:Gene	fepC	EFM745_1:2072897-2073703	EFM745_02119
/home/dich3309/rnaseq-tnseq-enterococcus-analysis/analyses/04_annotation/structural/prokka/efaecium_e745:Gene	feuB	EFM745_1:2073700-2074689	EFM745_02120
/home/dich3309/rnaseq-tnseq-enterococcus-analysis/analyses/04_annotation/structural/prokka/efaecium_e745:Gene	feuC	EFM745_1:2074686-2075690	EFM745_02121
/home/dich3309/rnaseq-tnseq-enterococcus-analysis/analyses/04_annotation/structural/prokka/efaecium_e745:Gene	yqgQ	EFM745_1:2077103-2077315	EFM745_02124
/home/dich3309/rnaseq-tnseq-enterococcus-analysis/analyses/04_annotation/structural/prokka/efaecium_e745:Gene	glcK	EFM745_1:2077315-2078277	EFM745_02125
/home/dich3309/rnaseq-tnseq-enterococcus-analysis/analyses/04_annotation/structural/prokka/efaecium_e745:Gene	EFM745_02127	EFM745_1:2078853-2079218	EFM745_02127
/home/dich3309/rnaseq-tnseq-enterococcus-analysis/analyses/04_annotation/structural/prokka/efaecium_e745:Gene	EFM745_02128	EFM745_1:2079215-2081026	EFM745_02128
/home/dich3309/rnaseq-tnseq-enterococcus-analysis/analyses/04_annotation/structural/prokka/efaecium_e745:Gene	tsaB	EFM745_1:2085081-2085905	EFM745_02133
/home/dich3309/rnaseq-tnseq-enterococcus-analysis/analyses/04_annotation/structural/prokka/efaecium_e745:Gene	EFM745_02134	EFM745_1:2085889-2086431	EFM745_02134
/home/dich3309/rnaseq-tnseq-enterococcus-analysis/analyses/04_annotation/structural/prokka/efaecium_e745:Gene	rimI	EFM745_1:2086438-2086902	EFM745_02135
/home/dich3309/rnaseq-tnseq-enterococcus-analysis/analyses/04_annotation/structural/prokka/efaecium_e745:Gene	tsaD	EFM745_1:2086899-2087915	EFM745_02136
/home/dich3309/rnaseq-tnseq-enterococcus-analysis/analyses/04_annotation/structural/prokka/efaecium_e745:Gene	phnX_2	EFM745_1:c2096329-2096201	EFM745_02143
/home/dich3309/rnaseq-tnseq-enterococcus-analysis/analyses/04_annotation/structural/prokka/efaecium_e745:Gene	phnW	EFM745_1:c2097413-2096322	EFM745_02144
/home/dich3309/rnaseq-tnseq-enterococcus-analysis/analyses/04_annotation/structural/prokka/efaecium_e745:Gene	uppS	EFM745_1:2101843-2102655	EFM745_02150
/home/dich3309/rnaseq-tnseq-enterococcus-analysis/analyses/04_annotation/structural/prokka/efaecium_e745:Gene	EFM745_02151	EFM745_1:2102652-2103452	EFM745_02151
/home/dich3309/rnaseq-tnseq-enterococcus-analysis/analyses/04_annotation/structural/prokka/efaecium_e745:Gene	EFM745_02157	EFM745_1:2113066-2113359	EFM745_02157
/home/dich3309/rnaseq-tnseq-enterococcus-analysis/analyses/04_annotation/structural/prokka/efaecium_e745:Gene	rplGA	EFM745_1:2113356-2113667	EFM745_02158
/home/dich3309/rnaseq-tnseq-enterococcus-analysis/analyses/04_annotation/structural/prokka/efaecium_e745:Gene	xpkA_1	EFM745_1:2117632-2118621	EFM745_02162
/home/dich3309/rnaseq-tnseq-enterococcus-analysis/analyses/04_annotation/structural/prokka/efaecium_e745:Gene	xpkA_2	EFM745_1:2118615-2119499	EFM745_02163
/home/dich3309/rnaseq-tnseq-enterococcus-analysis/analyses/04_annotation/structural/prokka/efaecium_e745:Gene	yvcJ	EFM745_1:2146115-2146999	EFM745_02187
/home/dich3309/rnaseq-tnseq-enterococcus-analysis/analyses/04_annotation/structural/prokka/efaecium_e745:Gene	EFM745_02188	EFM745_1:2146996-2147994	EFM745_02188
/home/dich3309/rnaseq-tnseq-enterococcus-analysis/analyses/04_annotation/structural/prokka/efaecium_e745:Gene	cdaA	EFM745_1:2160624-2161511	EFM745_02200
/home/dich3309/rnaseq-tnseq-enterococcus-analysis/analyses/04_annotation/structural/prokka/efaecium_e745:Gene	EFM745_02201	EFM745_1:2161508-2162677	EFM745_02201
/home/dich3309/rnaseq-tnseq-enterococcus-analysis/analyses/04_annotation/structural/prokka/efaecium_e745:Gene	glcR	EFM745_1:2175104-2175856	EFM745_02215
/home/dich3309/rnaseq-tnseq-enterococcus-analysis/analyses/04_annotation/structural/prokka/efaecium_e745:Gene	lacC_1	EFM745_1:2175853-2176767	EFM745_02216
/home/dich3309/rnaseq-tnseq-enterococcus-analysis/analyses/04_annotation/structural/prokka/efaecium_e745:Gene	gatC_1	EFM745_1:2184934-2185239	EFM745_02221
/home/dich3309/rnaseq-tnseq-enterococcus-analysis/analyses/04_annotation/structural/prokka/efaecium_e745:Gene	gatA_1	EFM745_1:2185239-2186711	EFM745_02222
/home/dich3309/rnaseq-tnseq-enterococcus-analysis/analyses/04_annotation/structural/prokka/efaecium_e745:Gene	gatB	EFM745_1:2186708-2188138	EFM745_02223
/home/dich3309/rnaseq-tnseq-enterococcus-analysis/analyses/04_annotation/structural/prokka/efaecium_e745:Gene	lacL	EFM745_1:2195996-2197879	EFM745_02230
/home/dich3309/rnaseq-tnseq-enterococcus-analysis/analyses/04_annotation/structural/prokka/efaecium_e745:Gene	lacM	EFM745_1:2197860-2198834	EFM745_02231
/home/dich3309/rnaseq-tnseq-enterococcus-analysis/analyses/04_annotation/structural/prokka/efaecium_e745:Gene	aroA	EFM745_1:2203901-2205196	EFM745_02237
/home/dich3309/rnaseq-tnseq-enterococcus-analysis/analyses/04_annotation/structural/prokka/efaecium_e745:Gene	aroK	EFM745_1:2205189-2205698	EFM745_02238
/home/dich3309/rnaseq-tnseq-enterococcus-analysis/analyses/04_annotation/structural/prokka/efaecium_e745:Gene	pheA	EFM745_1:2205695-2206531	EFM745_02239
/home/dich3309/rnaseq-tnseq-enterococcus-analysis/analyses/04_annotation/structural/prokka/efaecium_e745:Gene	rhaR_5	EFM745_1:c2209257-2208382	EFM745_02241
/home/dich3309/rnaseq-tnseq-enterococcus-analysis/analyses/04_annotation/structural/prokka/efaecium_e745:Gene	cheB	EFM745_1:c2209835-2209257	EFM745_02242
/home/dich3309/rnaseq-tnseq-enterococcus-analysis/analyses/04_annotation/structural/prokka/efaecium_e745:Gene	lacF_4	EFM745_1:2211531-2212400	EFM745_02244
/home/dich3309/rnaseq-tnseq-enterococcus-analysis/analyses/04_annotation/structural/prokka/efaecium_e745:Gene	lacG_3	EFM745_1:2212397-2213266	EFM745_02245
/home/dich3309/rnaseq-tnseq-enterococcus-analysis/analyses/04_annotation/structural/prokka/efaecium_e745:Gene	umpB_1	EFM745_1:2213450-2214133	EFM745_02246
/home/dich3309/rnaseq-tnseq-enterococcus-analysis/analyses/04_annotation/structural/prokka/efaecium_e745:Gene	umpB_2	EFM745_1:2214130-2214903	EFM745_02247
/home/dich3309/rnaseq-tnseq-enterococcus-analysis/analyses/04_annotation/structural/prokka/efaecium_e745:Gene	EFM745_02248	EFM745_1:2214900-2215298	EFM745_02248
/home/dich3309/rnaseq-tnseq-enterococcus-analysis/analyses/04_annotation/structural/prokka/efaecium_e745:Gene	EFM745_02262	EFM745_1:2228341-2228826	EFM745_02262
/home/dich3309/rnaseq-tnseq-enterococcus-analysis/analyses/04_annotation/structural/prokka/efaecium_e745:Gene	ybhL	EFM745_1:2228819-2229502	EFM745_02263
/home/dich3309/rnaseq-tnseq-enterococcus-analysis/analyses/04_annotation/structural/prokka/efaecium_e745:Gene	mutM	EFM745_1:2232318-2233154	EFM745_02265
/home/dich3309/rnaseq-tnseq-enterococcus-analysis/analyses/04_annotation/structural/prokka/efaecium_e745:Gene	coaE	EFM745_1:2233118-2233747	EFM745_02266
/home/dich3309/rnaseq-tnseq-enterococcus-analysis/analyses/04_annotation/structural/prokka/efaecium_e745:Gene	dnaB	EFM745_1:2234957-2236330	EFM745_02269
/home/dich3309/rnaseq-tnseq-enterococcus-analysis/analyses/04_annotation/structural/prokka/efaecium_e745:Gene	dnaI	EFM745_1:2236330-2237256	EFM745_02270
/home/dich3309/rnaseq-tnseq-enterococcus-analysis/analyses/04_annotation/structural/prokka/efaecium_e745:Gene	trmK	EFM745_1:2239491-2240192	EFM745_02273
/home/dich3309/rnaseq-tnseq-enterococcus-analysis/analyses/04_annotation/structural/prokka/efaecium_e745:Gene	EFM745_02274	EFM745_1:2240189-2241310	EFM745_02274
/home/dich3309/rnaseq-tnseq-enterococcus-analysis/analyses/04_annotation/structural/prokka/efaecium_e745:Gene	EFM745_02280	EFM745_1:c2248643-2247972	EFM745_02280
/home/dich3309/rnaseq-tnseq-enterococcus-analysis/analyses/04_annotation/structural/prokka/efaecium_e745:Gene	EFM745_02281	EFM745_1:c2249130-2248636	EFM745_02281
/home/dich3309/rnaseq-tnseq-enterococcus-analysis/analyses/04_annotation/structural/prokka/efaecium_e745:Gene	licR_2	EFM745_1:2259719-2261587	EFM745_02291
/home/dich3309/rnaseq-tnseq-enterococcus-analysis/analyses/04_annotation/structural/prokka/efaecium_e745:Gene	EFM745_02292	EFM745_1:2261580-2262071	EFM745_02292
/home/dich3309/rnaseq-tnseq-enterococcus-analysis/analyses/04_annotation/structural/prokka/efaecium_e745:Gene	srlA	EFM745_1:2262059-2262613	EFM745_02293
/home/dich3309/rnaseq-tnseq-enterococcus-analysis/analyses/04_annotation/structural/prokka/efaecium_e745:Gene	srlB	EFM745_1:2265427-2265825	EFM745_02296
/home/dich3309/rnaseq-tnseq-enterococcus-analysis/analyses/04_annotation/structural/prokka/efaecium_e745:Gene	fsaA	EFM745_1:2265794-2266504	EFM745_02297
/home/dich3309/rnaseq-tnseq-enterococcus-analysis/analyses/04_annotation/structural/prokka/efaecium_e745:Gene	uxuA_1	EFM745_1:2284944-2286029	EFM745_02320
/home/dich3309/rnaseq-tnseq-enterococcus-analysis/analyses/04_annotation/structural/prokka/efaecium_e745:Gene	ppaX	EFM745_1:2286022-2286735	EFM745_02321
/home/dich3309/rnaseq-tnseq-enterococcus-analysis/analyses/04_annotation/structural/prokka/efaecium_e745:Gene	EFM745_02323	EFM745_1:2287328-2287733	EFM745_02323
/home/dich3309/rnaseq-tnseq-enterococcus-analysis/analyses/04_annotation/structural/prokka/efaecium_e745:Gene	cspL	EFM745_1:2287487-2287687	EFM745_02324
/home/dich3309/rnaseq-tnseq-enterococcus-analysis/analyses/04_annotation/structural/prokka/efaecium_e745:Gene	gspA_1	EFM745_1:2292701-2293558	EFM745_02333
/home/dich3309/rnaseq-tnseq-enterococcus-analysis/analyses/04_annotation/structural/prokka/efaecium_e745:Gene	gspA_2	EFM745_1:2293551-2294453	EFM745_02334
/home/dich3309/rnaseq-tnseq-enterococcus-analysis/analyses/04_annotation/structural/prokka/efaecium_e745:Gene	por	EFM745_1:2325302-2326948	EFM745_02370
/home/dich3309/rnaseq-tnseq-enterococcus-analysis/analyses/04_annotation/structural/prokka/efaecium_e745:Gene	uxuA_2	EFM745_1:2326939-2328021	EFM745_02371
/home/dich3309/rnaseq-tnseq-enterococcus-analysis/analyses/04_annotation/structural/prokka/efaecium_e745:Gene	yckB	EFM745_1:2346378-2347214	EFM745_02388
/home/dich3309/rnaseq-tnseq-enterococcus-analysis/analyses/04_annotation/structural/prokka/efaecium_e745:Gene	yecS_2	EFM745_1:2347214-2347873	EFM745_02389
/home/dich3309/rnaseq-tnseq-enterococcus-analysis/analyses/04_annotation/structural/prokka/efaecium_e745:Gene	EFM745_02397	EFM745_1:2354577-2355494	EFM745_02397
/home/dich3309/rnaseq-tnseq-enterococcus-analysis/analyses/04_annotation/structural/prokka/efaecium_e745:Gene	EFM745_02398	EFM745_1:2355487-2356560	EFM745_02398
/home/dich3309/rnaseq-tnseq-enterococcus-analysis/analyses/04_annotation/structural/prokka/efaecium_e745:Gene	EFM745_02399	EFM745_1:2356708-2357226	EFM745_02399
/home/dich3309/rnaseq-tnseq-enterococcus-analysis/analyses/04_annotation/structural/prokka/efaecium_e745:Gene	EFM745_02400	EFM745_1:2357207-2357599	EFM745_02400
/home/dich3309/rnaseq-tnseq-enterococcus-analysis/analyses/04_annotation/structural/prokka/efaecium_e745:Gene	ygaZ_2	EFM745_1:2358743-2359522	EFM745_02402
/home/dich3309/rnaseq-tnseq-enterococcus-analysis/analyses/04_annotation/structural/prokka/efaecium_e745:Gene	EFM745_02403	EFM745_1:2359515-2359832	EFM745_02403
/home/dich3309/rnaseq-tnseq-enterococcus-analysis/analyses/04_annotation/structural/prokka/efaecium_e745:Gene	hmpT	EFM745_1:c2368560-2368075	EFM745_02410
/home/dich3309/rnaseq-tnseq-enterococcus-analysis/analyses/04_annotation/structural/prokka/efaecium_e745:Gene	pdxK	EFM745_1:c2369362-2368550	EFM745_02411
/home/dich3309/rnaseq-tnseq-enterococcus-analysis/analyses/04_annotation/structural/prokka/efaecium_e745:Gene	EFM745_02423	EFM745_1:2383807-2385228	EFM745_02423
/home/dich3309/rnaseq-tnseq-enterococcus-analysis/analyses/04_annotation/structural/prokka/efaecium_e745:Gene	EFM745_02424	EFM745_1:2385225-2387102	EFM745_02424
/home/dich3309/rnaseq-tnseq-enterococcus-analysis/analyses/04_annotation/structural/prokka/efaecium_e745:Gene	EFM745_02437	EFM745_1:c2401378-2400980	EFM745_02437
/home/dich3309/rnaseq-tnseq-enterococcus-analysis/analyses/04_annotation/structural/prokka/efaecium_e745:Gene	EFM745_02438	EFM745_1:c2401611-2401375	EFM745_02438
/home/dich3309/rnaseq-tnseq-enterococcus-analysis/analyses/04_annotation/structural/prokka/efaecium_e745:Gene	EFM745_02445	EFM745_1:c2409283-2408402	EFM745_02445
/home/dich3309/rnaseq-tnseq-enterococcus-analysis/analyses/04_annotation/structural/prokka/efaecium_e745:Gene	EFM745_02446	EFM745_1:c2410329-2409280	EFM745_02446
/home/dich3309/rnaseq-tnseq-enterococcus-analysis/analyses/04_annotation/structural/prokka/efaecium_e745:Gene	hdfR_3	EFM745_1:c2415425-2414523	EFM745_02450
/home/dich3309/rnaseq-tnseq-enterococcus-analysis/analyses/04_annotation/structural/prokka/efaecium_e745:Gene	cah	EFM745_1:c2416126-2415422	EFM745_02451
/home/dich3309/rnaseq-tnseq-enterococcus-analysis/analyses/04_annotation/structural/prokka/efaecium_e745:Gene	pyrF	EFM745_1:c2418490-2417774	EFM745_02454
/home/dich3309/rnaseq-tnseq-enterococcus-analysis/analyses/04_annotation/structural/prokka/efaecium_e745:Gene	pyrDB	EFM745_1:c2419419-2418487	EFM745_02455
/home/dich3309/rnaseq-tnseq-enterococcus-analysis/analyses/04_annotation/structural/prokka/efaecium_e745:Gene	pyrK_1	EFM745_1:c2419769-2419416	EFM745_02456
/home/dich3309/rnaseq-tnseq-enterococcus-analysis/analyses/04_annotation/structural/prokka/efaecium_e745:Gene	pyrK_2	EFM745_1:c2420190-2419744	EFM745_02457
/home/dich3309/rnaseq-tnseq-enterococcus-analysis/analyses/04_annotation/structural/prokka/efaecium_e745:Gene	rluD_2	EFM745_1:c2429735-2428824	EFM745_02465
/home/dich3309/rnaseq-tnseq-enterococcus-analysis/analyses/04_annotation/structural/prokka/efaecium_e745:Gene	lspA	EFM745_1:c2430196-2429732	EFM745_02466
/home/dich3309/rnaseq-tnseq-enterococcus-analysis/analyses/04_annotation/structural/prokka/efaecium_e745:Gene	EFM745_02467	EFM745_1:c2430899-2430201	EFM745_02467
/home/dich3309/rnaseq-tnseq-enterococcus-analysis/analyses/04_annotation/structural/prokka/efaecium_e745:Gene	EFM745_02468	EFM745_1:c2431272-2430886	EFM745_02468
/home/dich3309/rnaseq-tnseq-enterococcus-analysis/analyses/04_annotation/structural/prokka/efaecium_e745:Gene	EFM745_02483	EFM745_1:c2447662-2447441	EFM745_02483
/home/dich3309/rnaseq-tnseq-enterococcus-analysis/analyses/04_annotation/structural/prokka/efaecium_e745:Gene	yedJ	EFM745_1:c2448345-2447662	EFM745_02484
/home/dich3309/rnaseq-tnseq-enterococcus-analysis/analyses/04_annotation/structural/prokka/efaecium_e745:Gene	recU	EFM745_1:2452844-2453491	EFM745_02490
/home/dich3309/rnaseq-tnseq-enterococcus-analysis/analyses/04_annotation/structural/prokka/efaecium_e745:Gene	ponA_2	EFM745_1:2453481-2455862	EFM745_02491
/home/dich3309/rnaseq-tnseq-enterococcus-analysis/analyses/04_annotation/structural/prokka/efaecium_e745:Gene	hcaB	EFM745_1:c2475884-2475096	EFM745_02511
/home/dich3309/rnaseq-tnseq-enterococcus-analysis/analyses/04_annotation/structural/prokka/efaecium_e745:Gene	rnz	EFM745_1:c2476822-2475881	EFM745_02512
/home/dich3309/rnaseq-tnseq-enterococcus-analysis/analyses/04_annotation/structural/prokka/efaecium_e745:Gene	addA	EFM745_1:c2504439-2500717	EFM745_02536
/home/dich3309/rnaseq-tnseq-enterococcus-analysis/analyses/04_annotation/structural/prokka/efaecium_e745:Gene	addB	EFM745_1:c2507963-2504436	EFM745_02537
/home/dich3309/rnaseq-tnseq-enterococcus-analysis/analyses/04_annotation/structural/prokka/efaecium_e745:Gene	dtpT_1	EFM745_1:c2510494-2509664	EFM745_02539
/home/dich3309/rnaseq-tnseq-enterococcus-analysis/analyses/04_annotation/structural/prokka/efaecium_e745:Gene	dtpT_2	EFM745_1:c2511129-2510491	EFM745_02540
/home/dich3309/rnaseq-tnseq-enterococcus-analysis/analyses/04_annotation/structural/prokka/efaecium_e745:Gene	comEC	EFM745_1:c2535042-2532769	EFM745_02570
/home/dich3309/rnaseq-tnseq-enterococcus-analysis/analyses/04_annotation/structural/prokka/efaecium_e745:Gene	tadA_2	EFM745_1:c2535574-2535035	EFM745_02571
/home/dich3309/rnaseq-tnseq-enterococcus-analysis/analyses/04_annotation/structural/prokka/efaecium_e745:Gene	EFM745_02572	EFM745_1:c2535928-2535710	EFM745_02572
/home/dich3309/rnaseq-tnseq-enterococcus-analysis/analyses/04_annotation/structural/prokka/efaecium_e745:Gene	EFM745_02573	EFM745_1:c2536170-2535925	EFM745_02573
/home/dich3309/rnaseq-tnseq-enterococcus-analysis/analyses/04_annotation/structural/prokka/efaecium_e745:Gene	ylbL	EFM745_1:c2538216-2537173	EFM745_02575
/home/dich3309/rnaseq-tnseq-enterococcus-analysis/analyses/04_annotation/structural/prokka/efaecium_e745:Gene	coaD	EFM745_1:c2538697-2538206	EFM745_02576
/home/dich3309/rnaseq-tnseq-enterococcus-analysis/analyses/04_annotation/structural/prokka/efaecium_e745:Gene	rsmD	EFM745_1:c2539254-2538694	EFM745_02577
/home/dich3309/rnaseq-tnseq-enterococcus-analysis/analyses/04_annotation/structural/prokka/efaecium_e745:Gene	EFM745_02578	EFM745_1:c2539711-2539373	EFM745_02578
/home/dich3309/rnaseq-tnseq-enterococcus-analysis/analyses/04_annotation/structural/prokka/efaecium_e745:Gene	EFM745_02579	EFM745_1:c2540141-2539695	EFM745_02579
/home/dich3309/rnaseq-tnseq-enterococcus-analysis/analyses/04_annotation/structural/prokka/efaecium_e745:Gene	EFM745_02580	EFM745_1:c2541246-2540122	EFM745_02580
/home/dich3309/rnaseq-tnseq-enterococcus-analysis/analyses/04_annotation/structural/prokka/efaecium_e745:Gene	EFM745_02598	EFM745_1:2565222-2566673	EFM745_02598
/home/dich3309/rnaseq-tnseq-enterococcus-analysis/analyses/04_annotation/structural/prokka/efaecium_e745:Gene	rhaR_6	EFM745_1:2566666-2568231	EFM745_02599
/home/dich3309/rnaseq-tnseq-enterococcus-analysis/analyses/04_annotation/structural/prokka/efaecium_e745:Gene	purH	EFM745_1:c2572225-2570690	EFM745_02602
/home/dich3309/rnaseq-tnseq-enterococcus-analysis/analyses/04_annotation/structural/prokka/efaecium_e745:Gene	purN	EFM745_1:c2572800-2572222	EFM745_02603
/home/dich3309/rnaseq-tnseq-enterococcus-analysis/analyses/04_annotation/structural/prokka/efaecium_e745:Gene	purM	EFM745_1:c2573849-2572797	EFM745_02604
/home/dich3309/rnaseq-tnseq-enterococcus-analysis/analyses/04_annotation/structural/prokka/efaecium_e745:Gene	purF	EFM745_1:c2575311-2573872	EFM745_02605
/home/dich3309/rnaseq-tnseq-enterococcus-analysis/analyses/04_annotation/structural/prokka/efaecium_e745:Gene	purL	EFM745_1:c2577518-2575296	EFM745_02606
/home/dich3309/rnaseq-tnseq-enterococcus-analysis/analyses/04_annotation/structural/prokka/efaecium_e745:Gene	purS	EFM745_1:c2578446-2578192	EFM745_02608
/home/dich3309/rnaseq-tnseq-enterococcus-analysis/analyses/04_annotation/structural/prokka/efaecium_e745:Gene	purC	EFM745_1:c2579174-2578446	EFM745_02609
/home/dich3309/rnaseq-tnseq-enterococcus-analysis/analyses/04_annotation/structural/prokka/efaecium_e745:Gene	purK	EFM745_1:c2582419-2581295	EFM745_02612
/home/dich3309/rnaseq-tnseq-enterococcus-analysis/analyses/04_annotation/structural/prokka/efaecium_e745:Gene	purE	EFM745_1:c2582900-2582412	EFM745_02613
/home/dich3309/rnaseq-tnseq-enterococcus-analysis/analyses/04_annotation/structural/prokka/efaecium_e745:Gene	yteT	EFM745_1:c2587071-2585779	EFM745_02617
/home/dich3309/rnaseq-tnseq-enterococcus-analysis/analyses/04_annotation/structural/prokka/efaecium_e745:Gene	EFM745_02618	EFM745_1:c2587691-2587068	EFM745_02618
/home/dich3309/rnaseq-tnseq-enterococcus-analysis/analyses/04_annotation/structural/prokka/efaecium_e745:Gene	EFM745_02624	EFM745_1:c2593568-2592744	EFM745_02624
/home/dich3309/rnaseq-tnseq-enterococcus-analysis/analyses/04_annotation/structural/prokka/efaecium_e745:Gene	EFM745_02625	EFM745_1:c2594121-2593561	EFM745_02625
/home/dich3309/rnaseq-tnseq-enterococcus-analysis/analyses/04_annotation/structural/prokka/efaecium_e745:Gene	dcuS_1	EFM745_1:2599511-2600383	EFM745_02631
/home/dich3309/rnaseq-tnseq-enterococcus-analysis/analyses/04_annotation/structural/prokka/efaecium_e745:Gene	dcuS_2	EFM745_1:2600374-2601159	EFM745_02632
/home/dich3309/rnaseq-tnseq-enterococcus-analysis/analyses/04_annotation/structural/prokka/efaecium_e745:Gene	dcuR	EFM745_1:2601128-2601844	EFM745_02633
/home/dich3309/rnaseq-tnseq-enterococcus-analysis/analyses/04_annotation/structural/prokka/efaecium_e745:Gene	ycfH	EFM745_1:c2614873-2614151	EFM745_02649
/home/dich3309/rnaseq-tnseq-enterococcus-analysis/analyses/04_annotation/structural/prokka/efaecium_e745:Gene	ssuB	EFM745_1:c2615600-2614863	EFM745_02650
/home/dich3309/rnaseq-tnseq-enterococcus-analysis/analyses/04_annotation/structural/prokka/efaecium_e745:Gene	garB	EFM745_1:c2618925-2617603	EFM745_02654
/home/dich3309/rnaseq-tnseq-enterococcus-analysis/analyses/04_annotation/structural/prokka/efaecium_e745:Gene	EFM745_02655	EFM745_1:c2619220-2618912	EFM745_02655
/home/dich3309/rnaseq-tnseq-enterococcus-analysis/analyses/04_annotation/structural/prokka/efaecium_e745:Gene	opuCA_2	EFM745_1:c2619878-2619186	EFM745_02656
/home/dich3309/rnaseq-tnseq-enterococcus-analysis/analyses/04_annotation/structural/prokka/efaecium_e745:Gene	EFM745_02657	EFM745_1:c2621413-2619875	EFM745_02657
/home/dich3309/rnaseq-tnseq-enterococcus-analysis/analyses/04_annotation/structural/prokka/efaecium_e745:Gene	rnhB	EFM745_1:c2649859-2649092	EFM745_02682
/home/dich3309/rnaseq-tnseq-enterococcus-analysis/analyses/04_annotation/structural/prokka/efaecium_e745:Gene	rbgA	EFM745_1:c2650712-2649852	EFM745_02683
/home/dich3309/rnaseq-tnseq-enterococcus-analysis/analyses/04_annotation/structural/prokka/efaecium_e745:Gene	EFM745_02687	EFM745_1:c2653162-2652935	EFM745_02687
/home/dich3309/rnaseq-tnseq-enterococcus-analysis/analyses/04_annotation/structural/prokka/efaecium_e745:Gene	msrA_2	EFM745_1:c2653677-2653159	EFM745_02688
/home/dich3309/rnaseq-tnseq-enterococcus-analysis/analyses/04_annotation/structural/prokka/efaecium_e745:Gene	recQ_2	EFM745_1:c2676139-2674736	EFM745_02710
/home/dich3309/rnaseq-tnseq-enterococcus-analysis/analyses/04_annotation/structural/prokka/efaecium_e745:Gene	EFM745_02711	EFM745_1:c2677157-2676126	EFM745_02711
/home/dich3309/rnaseq-tnseq-enterococcus-analysis/analyses/04_annotation/structural/prokka/efaecium_e745:Gene	scpB	EFM745_1:c2684174-2683605	EFM745_02719
/home/dich3309/rnaseq-tnseq-enterococcus-analysis/analyses/04_annotation/structural/prokka/efaecium_e745:Gene	scpA	EFM745_1:c2684955-2684158	EFM745_02720
/home/dich3309/rnaseq-tnseq-enterococcus-analysis/analyses/04_annotation/structural/prokka/efaecium_e745:Gene	ribT	EFM745_1:c2685296-2684925	EFM745_02721
/home/dich3309/rnaseq-tnseq-enterococcus-analysis/analyses/04_annotation/structural/prokka/efaecium_e745:Gene	xerD	EFM745_1:c2686202-2685315	EFM745_02722
/home/dich3309/rnaseq-tnseq-enterococcus-analysis/analyses/04_annotation/structural/prokka/efaecium_e745:Gene	EFM745_02723	EFM745_1:c2686329-2686159	EFM745_02723
/home/dich3309/rnaseq-tnseq-enterococcus-analysis/analyses/04_annotation/structural/prokka/efaecium_e745:Gene	fur	EFM745_1:c2686765-2686298	EFM745_02724
/home/dich3309/rnaseq-tnseq-enterococcus-analysis/analyses/04_annotation/structural/prokka/efaecium_e745:Gene	mvaA	EFM745_1:c2709603-2708341	EFM745_02741
/home/dich3309/rnaseq-tnseq-enterococcus-analysis/analyses/04_annotation/structural/prokka/efaecium_e745:Gene	thlA	EFM745_1:c2710783-2709563	EFM745_02742
/home/dich3309/rnaseq-tnseq-enterococcus-analysis/analyses/04_annotation/structural/prokka/efaecium_e745:Gene	lacR_2	EFM745_1:2731385-2732176	EFM745_02763
/home/dich3309/rnaseq-tnseq-enterococcus-analysis/analyses/04_annotation/structural/prokka/efaecium_e745:Gene	lacC_2	EFM745_1:2732142-2733095	EFM745_02764
/home/dich3309/rnaseq-tnseq-enterococcus-analysis/analyses/04_annotation/structural/prokka/efaecium_e745:Gene	dgaE	EFM745_1:c2743338-2742247	EFM745_02772
/home/dich3309/rnaseq-tnseq-enterococcus-analysis/analyses/04_annotation/structural/prokka/efaecium_e745:Gene	EFM745_02773	EFM745_1:c2744434-2743328	EFM745_02773
/home/dich3309/rnaseq-tnseq-enterococcus-analysis/analyses/04_annotation/structural/prokka/efaecium_e745:Gene	EFM745_02779	EFM745_1:c2748806-2748474	EFM745_02779
/home/dich3309/rnaseq-tnseq-enterococcus-analysis/analyses/04_annotation/structural/prokka/efaecium_e745:Gene	EFM745_02780	EFM745_1:c2750668-2748806	EFM745_02780
/home/dich3309/rnaseq-tnseq-enterococcus-analysis/analyses/04_annotation/structural/prokka/efaecium_e745:Gene	araD	EFM745_1:c2754348-2753638	EFM745_02785
/home/dich3309/rnaseq-tnseq-enterococcus-analysis/analyses/04_annotation/structural/prokka/efaecium_e745:Gene	ulaE	EFM745_1:c2755198-2754338	EFM745_02786
/home/dich3309/rnaseq-tnseq-enterococcus-analysis/analyses/04_annotation/structural/prokka/efaecium_e745:Gene	EFM745_02832	EFM745_2:13835-14095	EFM745_02832
/home/dich3309/rnaseq-tnseq-enterococcus-analysis/analyses/04_annotation/structural/prokka/efaecium_e745:Gene	EFM745_02833	EFM745_2:14092-16182	EFM745_02833
/home/dich3309/rnaseq-tnseq-enterococcus-analysis/analyses/04_annotation/structural/prokka/efaecium_e745:Gene	EFM745_02834	EFM745_2:16239-16673	EFM745_02834
/home/dich3309/rnaseq-tnseq-enterococcus-analysis/analyses/04_annotation/structural/prokka/efaecium_e745:Gene	EFM745_02835	EFM745_2:16670-16912	EFM745_02835
/home/dich3309/rnaseq-tnseq-enterococcus-analysis/analyses/04_annotation/structural/prokka/efaecium_e745:Gene	EFM745_02837	EFM745_2:17302-19365	EFM745_02837
/home/dich3309/rnaseq-tnseq-enterococcus-analysis/analyses/04_annotation/structural/prokka/efaecium_e745:Gene	EFM745_02838	EFM745_2:19365-21194	EFM745_02838
/home/dich3309/rnaseq-tnseq-enterococcus-analysis/analyses/04_annotation/structural/prokka/efaecium_e745:Gene	EFM745_02842	EFM745_2:23931-24722	EFM745_02842
/home/dich3309/rnaseq-tnseq-enterococcus-analysis/analyses/04_annotation/structural/prokka/efaecium_e745:Gene	EFM745_02843	EFM745_2:24719-27091	EFM745_02843
/home/dich3309/rnaseq-tnseq-enterococcus-analysis/analyses/04_annotation/structural/prokka/efaecium_e745:Gene	EFM745_02846	EFM745_2:28086-28238	EFM745_02846
/home/dich3309/rnaseq-tnseq-enterococcus-analysis/analyses/04_annotation/structural/prokka/efaecium_e745:Gene	EFM745_02847	EFM745_2:28232-30256	EFM745_02847
/home/dich3309/rnaseq-tnseq-enterococcus-analysis/analyses/04_annotation/structural/prokka/efaecium_e745:Gene	EFM745_02848	EFM745_2:30256-31461	EFM745_02848
/home/dich3309/rnaseq-tnseq-enterococcus-analysis/analyses/04_annotation/structural/prokka/efaecium_e745:Gene	EFM745_02871	EFM745_2:49333-49539	EFM745_02871
/home/dich3309/rnaseq-tnseq-enterococcus-analysis/analyses/04_annotation/structural/prokka/efaecium_e745:Gene	EFM745_02872	EFM745_2:49539-49790	EFM745_02872
/home/dich3309/rnaseq-tnseq-enterococcus-analysis/analyses/04_annotation/structural/prokka/efaecium_e745:Gene	EFM745_02879	EFM745_2:53325-53588	EFM745_02879
/home/dich3309/rnaseq-tnseq-enterococcus-analysis/analyses/04_annotation/structural/prokka/efaecium_e745:Gene	EFM745_02880	EFM745_2:53572-53862	EFM745_02880
/home/dich3309/rnaseq-tnseq-enterococcus-analysis/analyses/04_annotation/structural/prokka/efaecium_e745:Gene	EFM745_02890	EFM745_2:c63494-63315	EFM745_02890
/home/dich3309/rnaseq-tnseq-enterococcus-analysis/analyses/04_annotation/structural/prokka/efaecium_e745:Gene	EFM745_02891	EFM745_2:c63666-63484	EFM745_02891
/home/dich3309/rnaseq-tnseq-enterococcus-analysis/analyses/04_annotation/structural/prokka/efaecium_e745:Gene	EFM745_02894	EFM745_2:c66331-65912	EFM745_02894
/home/dich3309/rnaseq-tnseq-enterococcus-analysis/analyses/04_annotation/structural/prokka/efaecium_e745:Gene	EFM745_02895	EFM745_2:c66563-66279	EFM745_02895
/home/dich3309/rnaseq-tnseq-enterococcus-analysis/analyses/04_annotation/structural/prokka/efaecium_e745:Gene	EFM745_02933	EFM745_2:111366-111902	EFM745_02933
/home/dich3309/rnaseq-tnseq-enterococcus-analysis/analyses/04_annotation/structural/prokka/efaecium_e745:Gene	EFM745_02934	EFM745_2:111899-112705	EFM745_02934
/home/dich3309/rnaseq-tnseq-enterococcus-analysis/analyses/04_annotation/structural/prokka/efaecium_e745:Gene	EFM745_02942	EFM745_2:c121078-119759	EFM745_02942
/home/dich3309/rnaseq-tnseq-enterococcus-analysis/analyses/04_annotation/structural/prokka/efaecium_e745:Gene	qseB	EFM745_2:c121728-121075	EFM745_02943
/home/dich3309/rnaseq-tnseq-enterococcus-analysis/analyses/04_annotation/structural/prokka/efaecium_e745:Gene	guaA_2	EFM745_2:123297-124910	EFM745_02945
/home/dich3309/rnaseq-tnseq-enterococcus-analysis/analyses/04_annotation/structural/prokka/efaecium_e745:Gene	EFM745_02946	EFM745_2:124896-125028	EFM745_02946
/home/dich3309/rnaseq-tnseq-enterococcus-analysis/analyses/04_annotation/structural/prokka/efaecium_e745:Gene	EFM745_02948	EFM745_2:c127903-126242	EFM745_02948
/home/dich3309/rnaseq-tnseq-enterococcus-analysis/analyses/04_annotation/structural/prokka/efaecium_e745:Gene	ebgA	EFM745_2:c130881-127900	EFM745_02949
/home/dich3309/rnaseq-tnseq-enterococcus-analysis/analyses/04_annotation/structural/prokka/efaecium_e745:Gene	EFM745_02955	EFM745_2:137201-138775	EFM745_02955
/home/dich3309/rnaseq-tnseq-enterococcus-analysis/analyses/04_annotation/structural/prokka/efaecium_e745:Gene	EFM745_02956	EFM745_2:138753-139481	EFM745_02956
/home/dich3309/rnaseq-tnseq-enterococcus-analysis/analyses/04_annotation/structural/prokka/efaecium_e745:Gene	EFM745_02959	EFM745_2:c143229-142399	EFM745_02959
/home/dich3309/rnaseq-tnseq-enterococcus-analysis/analyses/04_annotation/structural/prokka/efaecium_e745:Gene	EFM745_02960	EFM745_2:c144041-143226	EFM745_02960
/home/dich3309/rnaseq-tnseq-enterococcus-analysis/analyses/04_annotation/structural/prokka/efaecium_e745:Gene	EFM745_02961	EFM745_2:c144862-144038	EFM745_02961
/home/dich3309/rnaseq-tnseq-enterococcus-analysis/analyses/04_annotation/structural/prokka/efaecium_e745:Gene	EFM745_02962	EFM745_2:c145952-144852	EFM745_02962
/home/dich3309/rnaseq-tnseq-enterococcus-analysis/analyses/04_annotation/structural/prokka/efaecium_e745:Gene	EFM745_02973	EFM745_2:c156602-155226	EFM745_02973
/home/dich3309/rnaseq-tnseq-enterococcus-analysis/analyses/04_annotation/structural/prokka/efaecium_e745:Gene	EFM745_02974	EFM745_2:c157258-156602	EFM745_02974
/home/dich3309/rnaseq-tnseq-enterococcus-analysis/analyses/04_annotation/structural/prokka/efaecium_e745:Gene	EFM745_03001	EFM745_2:c181115-180819	EFM745_03001
/home/dich3309/rnaseq-tnseq-enterococcus-analysis/analyses/04_annotation/structural/prokka/efaecium_e745:Gene	EFM745_03002	EFM745_2:c181954-181076	EFM745_03002
/home/dich3309/rnaseq-tnseq-enterococcus-analysis/analyses/04_annotation/structural/prokka/efaecium_e745:Gene	EFM745_03003	EFM745_2:c182910-181951	EFM745_03003
/home/dich3309/rnaseq-tnseq-enterococcus-analysis/analyses/04_annotation/structural/prokka/efaecium_e745:Gene	manZ_7	EFM745_2:c193683-192874	EFM745_03011
/home/dich3309/rnaseq-tnseq-enterococcus-analysis/analyses/04_annotation/structural/prokka/efaecium_e745:Gene	sorA_3	EFM745_2:c194429-193683	EFM745_03012
/home/dich3309/rnaseq-tnseq-enterococcus-analysis/analyses/04_annotation/structural/prokka/efaecium_e745:Gene	EFM745_03013	EFM745_2:c194914-194447	EFM745_03013
/home/dich3309/rnaseq-tnseq-enterococcus-analysis/analyses/04_annotation/structural/prokka/efaecium_e745:Gene	manX_6	EFM745_2:c195324-194914	EFM745_03014
/home/dich3309/rnaseq-tnseq-enterococcus-analysis/analyses/04_annotation/structural/prokka/efaecium_e745:Gene	yurK	EFM745_2:196565-197299	EFM745_03016
/home/dich3309/rnaseq-tnseq-enterococcus-analysis/analyses/04_annotation/structural/prokka/efaecium_e745:Gene	fadR	EFM745_2:197283-197981	EFM745_03017
/home/dich3309/rnaseq-tnseq-enterococcus-analysis/analyses/04_annotation/structural/prokka/efaecium_e745:Gene	manX_7	EFM745_2:c207686-207216	EFM745_03026
/home/dich3309/rnaseq-tnseq-enterococcus-analysis/analyses/04_annotation/structural/prokka/efaecium_e745:Gene	EFM745_03027	EFM745_2:c208099-207683	EFM745_03027
/home/dich3309/rnaseq-tnseq-enterococcus-analysis/analyses/04_annotation/structural/prokka/efaecium_e745:Gene	EFM745_03031	EFM745_2:211552-212976	EFM745_03031
/home/dich3309/rnaseq-tnseq-enterococcus-analysis/analyses/04_annotation/structural/prokka/efaecium_e745:Gene	EFM745_03032	EFM745_2:212976-213581	EFM745_03032
/home/dich3309/rnaseq-tnseq-enterococcus-analysis/analyses/04_annotation/structural/prokka/efaecium_e745:Gene	EFM745_03033	EFM745_2:c213924-213604	EFM745_03033
/home/dich3309/rnaseq-tnseq-enterococcus-analysis/analyses/04_annotation/structural/prokka/efaecium_e745:Gene	EFM745_03034	EFM745_2:c214283-213924	EFM745_03034
/home/dich3309/rnaseq-tnseq-enterococcus-analysis/analyses/04_annotation/structural/prokka/efaecium_e745:Gene	EFM745_03038	EFM745_2:c218032-217745	EFM745_03038
/home/dich3309/rnaseq-tnseq-enterococcus-analysis/analyses/04_annotation/structural/prokka/efaecium_e745:Gene	EFM745_03039	EFM745_2:c218351-218022	EFM745_03039
/home/dich3309/rnaseq-tnseq-enterococcus-analysis/analyses/04_annotation/structural/prokka/efaecium_e745:Gene	EFM745_03041	EFM745_3:c2117-1293	EFM745_03041
/home/dich3309/rnaseq-tnseq-enterococcus-analysis/analyses/04_annotation/structural/prokka/efaecium_e745:Gene	EFM745_03042	EFM745_3:c2869-2114	EFM745_03042
/home/dich3309/rnaseq-tnseq-enterococcus-analysis/analyses/04_annotation/structural/prokka/efaecium_e745:Gene	EFM745_03047	EFM745_3:c6668-6327	EFM745_03047
/home/dich3309/rnaseq-tnseq-enterococcus-analysis/analyses/04_annotation/structural/prokka/efaecium_e745:Gene	EFM745_03048	EFM745_3:c6984-6655	EFM745_03048
/home/dich3309/rnaseq-tnseq-enterococcus-analysis/analyses/04_annotation/structural/prokka/efaecium_e745:Gene	EFM745_03054	EFM745_3:c12706-12602	EFM745_03054
/home/dich3309/rnaseq-tnseq-enterococcus-analysis/analyses/04_annotation/structural/prokka/efaecium_e745:Gene	EFM745_03055	EFM745_3:c13053-12703	EFM745_03055
/home/dich3309/rnaseq-tnseq-enterococcus-analysis/analyses/04_annotation/structural/prokka/efaecium_e745:Gene	umuC_2	EFM745_3:c14371-13046	EFM745_03056
/home/dich3309/rnaseq-tnseq-enterococcus-analysis/analyses/04_annotation/structural/prokka/efaecium_e745:Gene	pemK	EFM745_3:c15809-15459	EFM745_03058
/home/dich3309/rnaseq-tnseq-enterococcus-analysis/analyses/04_annotation/structural/prokka/efaecium_e745:Gene	EFM745_03059	EFM745_3:c16066-15803	EFM745_03059
/home/dich3309/rnaseq-tnseq-enterococcus-analysis/analyses/04_annotation/structural/prokka/efaecium_e745:Gene	EFM745_03063	EFM745_3:c17674-16967	EFM745_03063
/home/dich3309/rnaseq-tnseq-enterococcus-analysis/analyses/04_annotation/structural/prokka/efaecium_e745:Gene	EFM745_03064	EFM745_3:c18104-17667	EFM745_03064
/home/dich3309/rnaseq-tnseq-enterococcus-analysis/analyses/04_annotation/structural/prokka/efaecium_e745:Gene	EFM745_03065	EFM745_3:c18370-18119	EFM745_03065
/home/dich3309/rnaseq-tnseq-enterococcus-analysis/analyses/04_annotation/structural/prokka/efaecium_e745:Gene	EFM745_03066	EFM745_3:c18576-18370	EFM745_03066
/home/dich3309/rnaseq-tnseq-enterococcus-analysis/analyses/04_annotation/structural/prokka/efaecium_e745:Gene	EFM745_03088	EFM745_4:c9247-8621	EFM745_03088
/home/dich3309/rnaseq-tnseq-enterococcus-analysis/analyses/04_annotation/structural/prokka/efaecium_e745:Gene	EFM745_03089	EFM745_4:c9792-9244	EFM745_03089
/home/dich3309/rnaseq-tnseq-enterococcus-analysis/analyses/04_annotation/structural/prokka/efaecium_e745:Gene	EFM745_03090	EFM745_4:c10146-9826	EFM745_03090
/home/dich3309/rnaseq-tnseq-enterococcus-analysis/analyses/04_annotation/structural/prokka/efaecium_e745:Gene	EFM745_03091	EFM745_4:c10345-10139	EFM745_03091
/home/dich3309/rnaseq-tnseq-enterococcus-analysis/analyses/04_annotation/structural/prokka/efaecium_e745:Gene	EFM745_03093	EFM745_4:c11119-11000	EFM745_03093
/home/dich3309/rnaseq-tnseq-enterococcus-analysis/analyses/04_annotation/structural/prokka/efaecium_e745:Gene	EFM745_03094	EFM745_4:c11595-11104	EFM745_03094
/home/dich3309/rnaseq-tnseq-enterococcus-analysis/analyses/04_annotation/structural/prokka/efaecium_e745:Gene	EFM745_03098	EFM745_4:c13910-13686	EFM745_03098
/home/dich3309/rnaseq-tnseq-enterococcus-analysis/analyses/04_annotation/structural/prokka/efaecium_e745:Gene	EFM745_03099	EFM745_4:c14133-13867	EFM745_03099
/home/dich3309/rnaseq-tnseq-enterococcus-analysis/analyses/04_annotation/structural/prokka/efaecium_e745:Gene	walR_2	EFM745_5:2932-3627	EFM745_03106
/home/dich3309/rnaseq-tnseq-enterococcus-analysis/analyses/04_annotation/structural/prokka/efaecium_e745:Gene	sasA_4	EFM745_5:3617-4759	EFM745_03107
/home/dich3309/rnaseq-tnseq-enterococcus-analysis/analyses/04_annotation/structural/prokka/efaecium_e745:Gene	vanH_1	EFM745_5:4974-5942	EFM745_03108
/home/dich3309/rnaseq-tnseq-enterococcus-analysis/analyses/04_annotation/structural/prokka/efaecium_e745:Gene	vanA_1	EFM745_5:5935-6966	EFM745_03109
/home/dich3309/rnaseq-tnseq-enterococcus-analysis/analyses/04_annotation/structural/prokka/efaecium_e745:Gene	bin3_2	EFM745_5:12544-13161	EFM745_03117
/home/dich3309/rnaseq-tnseq-enterococcus-analysis/analyses/04_annotation/structural/prokka/efaecium_e745:Gene	EFM745_03118	EFM745_5:13161-13253	EFM745_03118
/home/dich3309/rnaseq-tnseq-enterococcus-analysis/analyses/04_annotation/structural/prokka/efaecium_e745:Gene	EFM745_03138	EFM745_5:c29046-28627	EFM745_03138
/home/dich3309/rnaseq-tnseq-enterococcus-analysis/analyses/04_annotation/structural/prokka/efaecium_e745:Gene	repN	EFM745_5:c29534-29043	EFM745_03139
/home/dich3309/rnaseq-tnseq-enterococcus-analysis/analyses/04_annotation/structural/prokka/efaecium_e745:Gene	EFM745_03142	EFM745_5:c31062-30787	EFM745_03142
/home/dich3309/rnaseq-tnseq-enterococcus-analysis/analyses/04_annotation/structural/prokka/efaecium_e745:Gene	soj_4	EFM745_5:c31987-31034	EFM745_03143
/home/dich3309/rnaseq-tnseq-enterococcus-analysis/analyses/04_annotation/structural/prokka/efaecium_e745:Gene	vanH_2	EFM745_5:37396-38364	EFM745_03149
/home/dich3309/rnaseq-tnseq-enterococcus-analysis/analyses/04_annotation/structural/prokka/efaecium_e745:Gene	vanA_2	EFM745_5:38357-39388	EFM745_03150
/home/dich3309/rnaseq-tnseq-enterococcus-analysis/analyses/04_annotation/structural/prokka/efaecium_e745:Gene	EFM745_03152	EFM745_6:c669-271	EFM745_03152
/home/dich3309/rnaseq-tnseq-enterococcus-analysis/analyses/04_annotation/structural/prokka/efaecium_e745:Gene	EFM745_03153	EFM745_6:c1183-647	EFM745_03153
/home/dich3309/rnaseq-tnseq-enterococcus-analysis/analyses/04_annotation/structural/prokka/efaecium_e745:Gene	EFM745_03154	EFM745_6:c1475-1215	EFM745_03154
/home/dich3309/rnaseq-tnseq-enterococcus-analysis/analyses/04_annotation/structural/prokka/efaecium_e745:Gene	EFM745_03155	EFM745_6:c3499-1475	EFM745_03155
/home/dich3309/rnaseq-tnseq-enterococcus-analysis/analyses/04_annotation/structural/prokka/efaecium_e745:Gene	EFM745_03156	EFM745_6:c3645-3493	EFM745_03156
/home/dich3309/rnaseq-tnseq-enterococcus-analysis/analyses/04_annotation/structural/prokka/efaecium_e745:Gene	EFM745_03159	EFM745_6:c7012-4640	EFM745_03159
/home/dich3309/rnaseq-tnseq-enterococcus-analysis/analyses/04_annotation/structural/prokka/efaecium_e745:Gene	EFM745_03160	EFM745_6:c7800-7009	EFM745_03160
/home/dich3309/rnaseq-tnseq-enterococcus-analysis/analyses/04_annotation/structural/prokka/efaecium_e745:Gene	EFM745_03164	EFM745_6:c12369-10537	EFM745_03164
/home/dich3309/rnaseq-tnseq-enterococcus-analysis/analyses/04_annotation/structural/prokka/efaecium_e745:Gene	EFM745_03165	EFM745_6:c14423-12369	EFM745_03165
/home/dich3309/rnaseq-tnseq-enterococcus-analysis/analyses/04_annotation/structural/prokka/efaecium_e745:Gene	EFM745_03173	EFM745_7:3250-3519	EFM745_03173
/home/dich3309/rnaseq-tnseq-enterococcus-analysis/analyses/04_annotation/structural/prokka/efaecium_e745:Gene	yoeB_1	EFM745_7:3512-3769	EFM745_03174
/home/dich3309/rnaseq-tnseq-enterococcus-analysis/analyses/04_annotation/structural/prokka/efaecium_e745:Gene	umuC_3	EFM745_7:6459-7784	EFM745_03178
/home/dich3309/rnaseq-tnseq-enterococcus-analysis/analyses/04_annotation/structural/prokka/efaecium_e745:Gene	EFM745_03179	EFM745_7:7777-8127	EFM745_03179
/home/dich3309/rnaseq-tnseq-enterococcus-analysis/analyses/04_annotation/structural/prokka/efaecium_e745:Gene	EFM745_03180	EFM745_7:8124-8303	EFM745_03180
/home/dich3309/rnaseq-tnseq-enterococcus-analysis/analyses/04_annotation/structural/prokka/efaecium_e745:Gene	soj_5	EFM745_7:9097-9885	EFM745_03182
/home/dich3309/rnaseq-tnseq-enterococcus-analysis/analyses/04_annotation/structural/prokka/efaecium_e745:Gene	EFM745_03183	EFM745_7:9872-10198	EFM745_03183
/home/dich3309/rnaseq-tnseq-enterococcus-analysis/analyses/04_annotation/structural/prokka/efaecium_e745:Gene	EFM745_03198	EFM745_8:4201-5031	EFM745_03198
/home/dich3309/rnaseq-tnseq-enterococcus-analysis/analyses/04_annotation/structural/prokka/efaecium_e745:Gene	EFM745_03199	EFM745_8:5031-5828	EFM745_03199
/home/dich3309/rnaseq-tnseq-enterococcus-analysis/analyses/04_annotation/structural/prokka/efaecium_e745:Gene	EFM745_03212	EFM745_8:17889-18224	EFM745_03212
/home/dich3309/rnaseq-tnseq-enterococcus-analysis/analyses/04_annotation/structural/prokka/efaecium_e745:Gene	EFM745_03213	EFM745_8:18221-18838	EFM745_03213
/home/dich3309/rnaseq-tnseq-enterococcus-analysis/analyses/04_annotation/structural/prokka/efaecium_e745:Gene	EFM745_03225	EFM745_9:c5326-4412	EFM745_03225
/home/dich3309/rnaseq-tnseq-enterococcus-analysis/analyses/04_annotation/structural/prokka/efaecium_e745:Gene	EFM745_03226	EFM745_9:c5688-5308	EFM745_03226
/home/dich3309/rnaseq-tnseq-enterococcus-analysis/analyses/04_annotation/structural/prokka/efaecium_e745:Gene	yxdL_2	EFM745_9:c7001-6381	EFM745_03228
/home/dich3309/rnaseq-tnseq-enterococcus-analysis/analyses/04_annotation/structural/prokka/efaecium_e745:Gene	EFM745_03229	EFM745_9:c9124-6998	EFM745_03229
/home/dich3309/rnaseq-tnseq-enterococcus-analysis/analyses/04_annotation/structural/prokka/efaecium_e745:Gene	EFM745_03237	EFM745_9:c14643-14425	EFM745_03237
/home/dich3309/rnaseq-tnseq-enterococcus-analysis/analyses/04_annotation/structural/prokka/efaecium_e745:Gene	EFM745_03238	EFM745_9:c15008-14625	EFM745_03238
/home/dich3309/rnaseq-tnseq-enterococcus-analysis/analyses/04_annotation/structural/prokka/efaecium_e745:Gene	EFM745_03239	EFM745_10:c236-51	EFM745_03239
/home/dich3309/rnaseq-tnseq-enterococcus-analysis/analyses/04_annotation/structural/prokka/efaecium_e745:Gene	EFM745_03240	EFM745_10:c525-181	EFM745_03240
/home/dich3309/rnaseq-tnseq-enterococcus-analysis/analyses/04_annotation/structural/prokka/efaecium_e745:Gene	EFM745_03246	EFM745_10:c5646-4732	EFM745_03246
/home/dich3309/rnaseq-tnseq-enterococcus-analysis/analyses/04_annotation/structural/prokka/efaecium_e745:Gene	EFM745_03247	EFM745_10:c6008-5628	EFM745_03247

DiscRep_ALL:OVERLAPPING_CDS::18 coding regions overlap another coding region with a similar or identical name.
DiscRep_SUB:OVERLAPPING_CDS::18 coding regions overlap another coding region with a similar or identical name that do not have the appropriate note text
/home/dich3309/rnaseq-tnseq-enterococcus-analysis/analyses/04_annotation/structural/prokka/efaecium_e745:CDS	Multidrug efflux protein YfmO	EFM745_1:c480102-479170	EFM745_00503
/home/dich3309/rnaseq-tnseq-enterococcus-analysis/analyses/04_annotation/structural/prokka/efaecium_e745:CDS	Multidrug efflux protein YfmO	EFM745_1:c480371-480102	EFM745_00504
/home/dich3309/rnaseq-tnseq-enterococcus-analysis/analyses/04_annotation/structural/prokka/efaecium_e745:CDS	Putative NAD(P)H nitroreductase YodC	EFM745_1:c483766-483527	EFM745_00508
/home/dich3309/rnaseq-tnseq-enterococcus-analysis/analyses/04_annotation/structural/prokka/efaecium_e745:CDS	Putative NAD(P)H nitroreductase YodC	EFM745_1:c484155-483763	EFM745_00509
/home/dich3309/rnaseq-tnseq-enterococcus-analysis/analyses/04_annotation/structural/prokka/efaecium_e745:CDS	Coenzyme A biosynthesis bifunctional protein CoaBC	EFM745_1:c1270369-1269818	EFM745_01277
/home/dich3309/rnaseq-tnseq-enterococcus-analysis/analyses/04_annotation/structural/prokka/efaecium_e745:CDS	Coenzyme A biosynthesis bifunctional protein CoaBC	EFM745_1:c1271103-1270366	EFM745_01278
/home/dich3309/rnaseq-tnseq-enterococcus-analysis/analyses/04_annotation/structural/prokka/efaecium_e745:CDS	Xylulose-5-phosphate phosphoketolase	EFM745_1:2117632-2118621	EFM745_02162
/home/dich3309/rnaseq-tnseq-enterococcus-analysis/analyses/04_annotation/structural/prokka/efaecium_e745:CDS	Xylulose-5-phosphate phosphoketolase	EFM745_1:2118615-2119499	EFM745_02163
/home/dich3309/rnaseq-tnseq-enterococcus-analysis/analyses/04_annotation/structural/prokka/efaecium_e745:CDS	Na(+), Li(+), K(+)/H(+) antiporter subunit B	EFM745_1:2213450-2214133	EFM745_02246
/home/dich3309/rnaseq-tnseq-enterococcus-analysis/analyses/04_annotation/structural/prokka/efaecium_e745:CDS	Na(+), Li(+), K(+)/H(+) antiporter subunit B	EFM745_1:2214130-2214903	EFM745_02247
/home/dich3309/rnaseq-tnseq-enterococcus-analysis/analyses/04_annotation/structural/prokka/efaecium_e745:CDS	General stress protein A	EFM745_1:2292701-2293558	EFM745_02333
/home/dich3309/rnaseq-tnseq-enterococcus-analysis/analyses/04_annotation/structural/prokka/efaecium_e745:CDS	General stress protein A	EFM745_1:2293551-2294453	EFM745_02334
/home/dich3309/rnaseq-tnseq-enterococcus-analysis/analyses/04_annotation/structural/prokka/efaecium_e745:CDS	Dihydroorotate dehydrogenase B (NAD(+)), electron transfer subunit	EFM745_1:c2419769-2419416	EFM745_02456
/home/dich3309/rnaseq-tnseq-enterococcus-analysis/analyses/04_annotation/structural/prokka/efaecium_e745:CDS	Dihydroorotate dehydrogenase B (NAD(+)), electron transfer subunit	EFM745_1:c2420190-2419744	EFM745_02457
/home/dich3309/rnaseq-tnseq-enterococcus-analysis/analyses/04_annotation/structural/prokka/efaecium_e745:CDS	Di-/tripeptide transporter	EFM745_1:c2510494-2509664	EFM745_02539
/home/dich3309/rnaseq-tnseq-enterococcus-analysis/analyses/04_annotation/structural/prokka/efaecium_e745:CDS	Di-/tripeptide transporter	EFM745_1:c2511129-2510491	EFM745_02540
/home/dich3309/rnaseq-tnseq-enterococcus-analysis/analyses/04_annotation/structural/prokka/efaecium_e745:CDS	Sensor histidine kinase DcuS	EFM745_1:2599511-2600383	EFM745_02631
/home/dich3309/rnaseq-tnseq-enterococcus-analysis/analyses/04_annotation/structural/prokka/efaecium_e745:CDS	Sensor histidine kinase DcuS	EFM745_1:2600374-2601159	EFM745_02632

DiscRep_ALL:RNA_CDS_OVERLAP::13 coding regions overlap RNA features
FATAL: DiscRep_SUB:RNA_CDS_OVERLAP::2 coding regions are completely contained in RNAs
/home/dich3309/rnaseq-tnseq-enterococcus-analysis/analyses/04_annotation/structural/prokka/efaecium_e745:CDS	Cold shock-like protein CspLA	EFM745_1:1858435-1858635	EFM745_01886
/home/dich3309/rnaseq-tnseq-enterococcus-analysis/analyses/04_annotation/structural/prokka/efaecium_e745:RNA	cspA	EFM745_1:1858302-1858689	EFM745_01885
/home/dich3309/rnaseq-tnseq-enterococcus-analysis/analyses/04_annotation/structural/prokka/efaecium_e745:CDS	Cold shock protein 2	EFM745_1:2287487-2287687	EFM745_02324
/home/dich3309/rnaseq-tnseq-enterococcus-analysis/analyses/04_annotation/structural/prokka/efaecium_e745:RNA	cspA	EFM745_1:2287328-2287733	EFM745_02323

FATAL: DiscRep_SUB:RNA_CDS_OVERLAP::1 coding regions completely contain RNAs
/home/dich3309/rnaseq-tnseq-enterococcus-analysis/analyses/04_annotation/structural/prokka/efaecium_e745:CDS	hypothetical protein	EFM745_1:c1220272-1219673	EFM745_01227
/home/dich3309/rnaseq-tnseq-enterococcus-analysis/analyses/04_annotation/structural/prokka/efaecium_e745:RNA	T-box	EFM745_1:1219773-1220006	EFM745_01228

DiscRep_SUB:RNA_CDS_OVERLAP::10 coding regions overlap RNAs (no containment)
DiscRep_SUB:RNA_CDS_OVERLAP::8 coding regions overlap RNAs on the same strand (no containment)
/home/dich3309/rnaseq-tnseq-enterococcus-analysis/analyses/04_annotation/structural/prokka/efaecium_e745:CDS	S-adenosylmethionine synthase	EFM745_1:c392192-390999	EFM745_00399
/home/dich3309/rnaseq-tnseq-enterococcus-analysis/analyses/04_annotation/structural/prokka/efaecium_e745:RNA	SMK_box_riboswitch	EFM745_1:c392269-392190	EFM745_00400
/home/dich3309/rnaseq-tnseq-enterococcus-analysis/analyses/04_annotation/structural/prokka/efaecium_e745:CDS	Glutamate--tRNA ligase	EFM745_1:c472333-470873	EFM745_00495
/home/dich3309/rnaseq-tnseq-enterococcus-analysis/analyses/04_annotation/structural/prokka/efaecium_e745:RNA	T-box	EFM745_1:c470876-470637	EFM745_00494
/home/dich3309/rnaseq-tnseq-enterococcus-analysis/analyses/04_annotation/structural/prokka/efaecium_e745:CDS	hypothetical protein	EFM745_1:518319-518558	EFM745_00545
/home/dich3309/rnaseq-tnseq-enterococcus-analysis/analyses/04_annotation/structural/prokka/efaecium_e745:RNA	Intron_gpII	EFM745_1:518262-518346	EFM745_00544
/home/dich3309/rnaseq-tnseq-enterococcus-analysis/analyses/04_annotation/structural/prokka/efaecium_e745:CDS	GMP synthase [glutamine-hydrolyzing]	EFM745_1:c689045-687480	EFM745_00703
/home/dich3309/rnaseq-tnseq-enterococcus-analysis/analyses/04_annotation/structural/prokka/efaecium_e745:RNA	rli38	EFM745_1:c687494-687353	EFM745_00702
/home/dich3309/rnaseq-tnseq-enterococcus-analysis/analyses/04_annotation/structural/prokka/efaecium_e745:CDS	hypothetical protein	EFM745_1:c807536-807345	EFM745_00830
/home/dich3309/rnaseq-tnseq-enterococcus-analysis/analyses/04_annotation/structural/prokka/efaecium_e745:RNA	Lysine	EFM745_1:c807618-807444	EFM745_00831
/home/dich3309/rnaseq-tnseq-enterococcus-analysis/analyses/04_annotation/structural/prokka/efaecium_e745:CDS	hypothetical protein	EFM745_1:1578086-1578340	EFM745_01604
/home/dich3309/rnaseq-tnseq-enterococcus-analysis/analyses/04_annotation/structural/prokka/efaecium_e745:RNA	Bacteria_small_SRP	EFM745_1:1578015-1578099	EFM745_01603
/home/dich3309/rnaseq-tnseq-enterococcus-analysis/analyses/04_annotation/structural/prokka/efaecium_e745:CDS	hypothetical protein	EFM745_1:1927072-1927323	EFM745_01953
/home/dich3309/rnaseq-tnseq-enterococcus-analysis/analyses/04_annotation/structural/prokka/efaecium_e745:RNA	Intron_gpII	EFM745_1:1927015-1927099	EFM745_01952
/home/dich3309/rnaseq-tnseq-enterococcus-analysis/analyses/04_annotation/structural/prokka/efaecium_e745:CDS	GMP synthase [glutamine-hydrolyzing]	EFM745_2:123297-124910	EFM745_02945
/home/dich3309/rnaseq-tnseq-enterococcus-analysis/analyses/04_annotation/structural/prokka/efaecium_e745:RNA	rli38	EFM745_2:124896-125028	EFM745_02946

DiscRep_SUB:RNA_CDS_OVERLAP::2 coding regions overlap RNAs on the opposite strand (no containment)
/home/dich3309/rnaseq-tnseq-enterococcus-analysis/analyses/04_annotation/structural/prokka/efaecium_e745:CDS	Polyribonucleotide nucleotidyltransferase	EFM745_1:811944-814070	EFM745_00839
/home/dich3309/rnaseq-tnseq-enterococcus-analysis/analyses/04_annotation/structural/prokka/efaecium_e745:RNA	rliD	EFM745_1:c812121-811870	EFM745_00838
/home/dich3309/rnaseq-tnseq-enterococcus-analysis/analyses/04_annotation/structural/prokka/efaecium_e745:CDS	hypothetical protein	EFM745_1:c1220272-1219673	EFM745_01227
/home/dich3309/rnaseq-tnseq-enterococcus-analysis/analyses/04_annotation/structural/prokka/efaecium_e745:RNA	T-box	EFM745_1:1220049-1220287	EFM745_01229

DiscRep_ALL:SUSPECT_PRODUCT_NAMES::15 product_names contain suspect phrase or characters
DiscRep_SUB:SUSPECT_PRODUCT_NAMES::May contain database identifier more appropriate in note; remove from product name
DiscRep_SUB:SUSPECT_PRODUCT_NAMES::8 features contains three or more numbers together that may be identifiers more appropriate in note
/home/dich3309/rnaseq-tnseq-enterococcus-analysis/analyses/04_annotation/structural/prokka/efaecium_e745:CDS	Bacteriocin piscicolin-126	EFM745_1:c194282-194085	EFM745_00230
/home/dich3309/rnaseq-tnseq-enterococcus-analysis/analyses/04_annotation/structural/prokka/efaecium_e745:CDS	Putative two-component membrane permease complex subunit SMU_747c	EFM745_1:1641764-1642693	EFM745_01666
/home/dich3309/rnaseq-tnseq-enterococcus-analysis/analyses/04_annotation/structural/prokka/efaecium_e745:CDS	Putative two-component membrane permease complex subunit SMU_746c	EFM745_1:1642704-1643540	EFM745_01667
/home/dich3309/rnaseq-tnseq-enterococcus-analysis/analyses/04_annotation/structural/prokka/efaecium_e745:CDS	Putative transposon Tn552 DNA-invertase bin3	EFM745_3:14821-15435	EFM745_03057
/home/dich3309/rnaseq-tnseq-enterococcus-analysis/analyses/04_annotation/structural/prokka/efaecium_e745:CDS	Putative transposon Tn552 DNA-invertase bin3	EFM745_5:12544-13161	EFM745_03117
/home/dich3309/rnaseq-tnseq-enterococcus-analysis/analyses/04_annotation/structural/prokka/efaecium_e745:CDS	Putative transposon Tn552 DNA-invertase bin3	EFM745_5:18525-19142	EFM745_03124
/home/dich3309/rnaseq-tnseq-enterococcus-analysis/analyses/04_annotation/structural/prokka/efaecium_e745:CDS	Putative transposon Tn552 DNA-invertase bin3	EFM745_5:c20333-19728	EFM745_03127
/home/dich3309/rnaseq-tnseq-enterococcus-analysis/analyses/04_annotation/structural/prokka/efaecium_e745:CDS	Putative transposon Tn552 DNA-invertase bin3	EFM745_7:c6009-5395	EFM745_03177

DiscRep_SUB:SUSPECT_PRODUCT_NAMES::2 features Contains underscore
/home/dich3309/rnaseq-tnseq-enterococcus-analysis/analyses/04_annotation/structural/prokka/efaecium_e745:CDS	Putative two-component membrane permease complex subunit SMU_747c	EFM745_1:1641764-1642693	EFM745_01666
/home/dich3309/rnaseq-tnseq-enterococcus-analysis/analyses/04_annotation/structural/prokka/efaecium_e745:CDS	Putative two-component membrane permease complex subunit SMU_746c	EFM745_1:1642704-1643540	EFM745_01667

DiscRep_SUB:SUSPECT_PRODUCT_NAMES::Use short product name instead of descriptive phrase
DiscRep_SUB:SUSPECT_PRODUCT_NAMES::2 features Is longer than 100 characters. Remove descriptive phrases or synonyms from product names. Keep valid long product names, eg long enzyme names
/home/dich3309/rnaseq-tnseq-enterococcus-analysis/analyses/04_annotation/structural/prokka/efaecium_e745:CDS	GalNAc-alpha-(1->4)-GalNAc-alpha-(1->3)-diNAcBac-PP-undecaprenol alpha-1,4-N-acetyl-D-galactosaminyltransferase	EFM745_1:c104454-103306	EFM745_00110
/home/dich3309/rnaseq-tnseq-enterococcus-analysis/analyses/04_annotation/structural/prokka/efaecium_e745:CDS	GalNAc-alpha-(1->4)-GalNAc-alpha-(1->3)-diNAcBac-PP-undecaprenol alpha-1,4-N-acetyl-D-galactosaminyltransferase	EFM745_1:1833648-1834727	EFM745_01861

DiscRep_SUB:SUSPECT_PRODUCT_NAMES::use protein instead of gene as appropriate
DiscRep_SUB:SUSPECT_PRODUCT_NAMES::2 features contains 'gene'
/home/dich3309/rnaseq-tnseq-enterococcus-analysis/analyses/04_annotation/structural/prokka/efaecium_e745:CDS	Accessory gene regulator protein A	EFM745_1:c1042425-1041697	EFM745_01059
/home/dich3309/rnaseq-tnseq-enterococcus-analysis/analyses/04_annotation/structural/prokka/efaecium_e745:CDS	Accessory gene regulator protein B	EFM745_1:c1044461-1043859	EFM745_01062

DiscRep_SUB:SUSPECT_PRODUCT_NAMES::1 features contains 'genes'
/home/dich3309/rnaseq-tnseq-enterococcus-analysis/analyses/04_annotation/structural/prokka/efaecium_e745:CDS	Central glycolytic genes regulator	EFM745_1:1721468-1722505	EFM745_01750

DiscRep_ALL:DISC_QUALITY_SCORES::Quality scores are missing on all sequences.

FATAL: DiscRep_ALL:DISC_SUSPECT_RRNA_PRODUCTS::1 rRNA product names contain suspect phrase
FATAL: DiscRep_SUB:DISC_SUSPECT_RRNA_PRODUCTS::1 rRNA product names contains 'partial'
/home/dich3309/rnaseq-tnseq-enterococcus-analysis/analyses/04_annotation/structural/prokka/efaecium_e745:rRNA	23S ribosomal RNA (partial)	EFM745_1:c2775211-2772907	EFM745_02818

DiscRep_ALL:DISC_BAD_BACTERIAL_GENE_NAME::4 bacterial genes do not start with lowercase letters
/home/dich3309/rnaseq-tnseq-enterococcus-analysis/analyses/04_annotation/structural/prokka/efaecium_e745:Gene	COQ5_1	EFM745_1:c49111-48371	EFM745_00051
/home/dich3309/rnaseq-tnseq-enterococcus-analysis/analyses/04_annotation/structural/prokka/efaecium_e745:Gene	MroQ	EFM745_1:181811-182473	EFM745_00215
/home/dich3309/rnaseq-tnseq-enterococcus-analysis/analyses/04_annotation/structural/prokka/efaecium_e745:Gene	COQ5_2	EFM745_1:c1495260-1494658	EFM745_01523
/home/dich3309/rnaseq-tnseq-enterococcus-analysis/analyses/04_annotation/structural/prokka/efaecium_e745:Gene	IMPDH	EFM745_1:1568610-1569941	EFM745_01593

DiscRep_ALL:ONCALLER_COMMENT_PRESENT::10 comment descriptors were found (all same)
/home/dich3309/rnaseq-tnseq-enterococcus-analysis/analyses/04_annotation/structural/prokka/efaecium_e745:Prokka:EFM745_1:Annotated using prokka 1.14.5 from https://github.com/tseemann/prokka
/home/dich3309/rnaseq-tnseq-enterococcus-analysis/analyses/04_annotation/structural/prokka/efaecium_e745:Prokka:EFM745_2:Annotated using prokka 1.14.5 from https://github.com/tseemann/prokka
/home/dich3309/rnaseq-tnseq-enterococcus-analysis/analyses/04_annotation/structural/prokka/efaecium_e745:Prokka:EFM745_3:Annotated using prokka 1.14.5 from https://github.com/tseemann/prokka
/home/dich3309/rnaseq-tnseq-enterococcus-analysis/analyses/04_annotation/structural/prokka/efaecium_e745:Prokka:EFM745_4:Annotated using prokka 1.14.5 from https://github.com/tseemann/prokka
/home/dich3309/rnaseq-tnseq-enterococcus-analysis/analyses/04_annotation/structural/prokka/efaecium_e745:Prokka:EFM745_5:Annotated using prokka 1.14.5 from https://github.com/tseemann/prokka
/home/dich3309/rnaseq-tnseq-enterococcus-analysis/analyses/04_annotation/structural/prokka/efaecium_e745:Prokka:EFM745_6:Annotated using prokka 1.14.5 from https://github.com/tseemann/prokka
/home/dich3309/rnaseq-tnseq-enterococcus-analysis/analyses/04_annotation/structural/prokka/efaecium_e745:Prokka:EFM745_7:Annotated using prokka 1.14.5 from https://github.com/tseemann/prokka
/home/dich3309/rnaseq-tnseq-enterococcus-analysis/analyses/04_annotation/structural/prokka/efaecium_e745:Prokka:EFM745_8:Annotated using prokka 1.14.5 from https://github.com/tseemann/prokka
/home/dich3309/rnaseq-tnseq-enterococcus-analysis/analyses/04_annotation/structural/prokka/efaecium_e745:Prokka:EFM745_9:Annotated using prokka 1.14.5 from https://github.com/tseemann/prokka
/home/dich3309/rnaseq-tnseq-enterococcus-analysis/analyses/04_annotation/structural/prokka/efaecium_e745:Prokka:EFM745_10:Annotated using prokka 1.14.5 from https://github.com/tseemann/prokka

DiscRep_ALL:SHORT_PROT_SEQUENCES::54 protein sequences are shorter than 50 aa.
/home/dich3309/rnaseq-tnseq-enterococcus-analysis/analyses/04_annotation/structural/prokka/efaecium_e745:Prokka:EFM745_00150 (length 45)
/home/dich3309/rnaseq-tnseq-enterococcus-analysis/analyses/04_annotation/structural/prokka/efaecium_e745:Prokka:EFM745_00198 (length 48)
/home/dich3309/rnaseq-tnseq-enterococcus-analysis/analyses/04_annotation/structural/prokka/efaecium_e745:Prokka:EFM745_00228 (length 48)
/home/dich3309/rnaseq-tnseq-enterococcus-analysis/analyses/04_annotation/structural/prokka/efaecium_e745:Prokka:EFM745_00234 (length 44)
/home/dich3309/rnaseq-tnseq-enterococcus-analysis/analyses/04_annotation/structural/prokka/efaecium_e745:Prokka:EFM745_00309 (length 42)
/home/dich3309/rnaseq-tnseq-enterococcus-analysis/analyses/04_annotation/structural/prokka/efaecium_e745:Prokka:EFM745_00517 (length 32)
/home/dich3309/rnaseq-tnseq-enterococcus-analysis/analyses/04_annotation/structural/prokka/efaecium_e745:Prokka:EFM745_00530 (length 35)
/home/dich3309/rnaseq-tnseq-enterococcus-analysis/analyses/04_annotation/structural/prokka/efaecium_e745:Prokka:EFM745_00552 (length 45)
/home/dich3309/rnaseq-tnseq-enterococcus-analysis/analyses/04_annotation/structural/prokka/efaecium_e745:Prokka:EFM745_00579 (length 40)
/home/dich3309/rnaseq-tnseq-enterococcus-analysis/analyses/04_annotation/structural/prokka/efaecium_e745:Prokka:EFM745_00581 (length 49)
/home/dich3309/rnaseq-tnseq-enterococcus-analysis/analyses/04_annotation/structural/prokka/efaecium_e745:Prokka:EFM745_00591 (length 30)
/home/dich3309/rnaseq-tnseq-enterococcus-analysis/analyses/04_annotation/structural/prokka/efaecium_e745:Prokka:EFM745_00667 (length 44)
/home/dich3309/rnaseq-tnseq-enterococcus-analysis/analyses/04_annotation/structural/prokka/efaecium_e745:Prokka:EFM745_00688 (length 45)
/home/dich3309/rnaseq-tnseq-enterococcus-analysis/analyses/04_annotation/structural/prokka/efaecium_e745:Prokka:EFM745_00748 (length 38)
/home/dich3309/rnaseq-tnseq-enterococcus-analysis/analyses/04_annotation/structural/prokka/efaecium_e745:Prokka:EFM745_00789 (length 35)
/home/dich3309/rnaseq-tnseq-enterococcus-analysis/analyses/04_annotation/structural/prokka/efaecium_e745:Prokka:EFM745_00870 (length 32)
/home/dich3309/rnaseq-tnseq-enterococcus-analysis/analyses/04_annotation/structural/prokka/efaecium_e745:Prokka:EFM745_00894 (length 44)
/home/dich3309/rnaseq-tnseq-enterococcus-analysis/analyses/04_annotation/structural/prokka/efaecium_e745:Prokka:EFM745_01061 (length 36)
/home/dich3309/rnaseq-tnseq-enterococcus-analysis/analyses/04_annotation/structural/prokka/efaecium_e745:Prokka:EFM745_01207 (length 49)
/home/dich3309/rnaseq-tnseq-enterococcus-analysis/analyses/04_annotation/structural/prokka/efaecium_e745:Prokka:EFM745_01212 (length 36)
/home/dich3309/rnaseq-tnseq-enterococcus-analysis/analyses/04_annotation/structural/prokka/efaecium_e745:Prokka:EFM745_01294 (length 35)
/home/dich3309/rnaseq-tnseq-enterococcus-analysis/analyses/04_annotation/structural/prokka/efaecium_e745:Prokka:EFM745_01334 (length 49)
/home/dich3309/rnaseq-tnseq-enterococcus-analysis/analyses/04_annotation/structural/prokka/efaecium_e745:Prokka:EFM745_01371 (length 38)
/home/dich3309/rnaseq-tnseq-enterococcus-analysis/analyses/04_annotation/structural/prokka/efaecium_e745:Prokka:EFM745_01406 (length 44)
/home/dich3309/rnaseq-tnseq-enterococcus-analysis/analyses/04_annotation/structural/prokka/efaecium_e745:Prokka:EFM745_01456 (length 45)
/home/dich3309/rnaseq-tnseq-enterococcus-analysis/analyses/04_annotation/structural/prokka/efaecium_e745:Prokka:EFM745_01881 (length 40)
/home/dich3309/rnaseq-tnseq-enterococcus-analysis/analyses/04_annotation/structural/prokka/efaecium_e745:Prokka:EFM745_01957 (length 45)
/home/dich3309/rnaseq-tnseq-enterococcus-analysis/analyses/04_annotation/structural/prokka/efaecium_e745:Prokka:EFM745_02044 (length 49)
/home/dich3309/rnaseq-tnseq-enterococcus-analysis/analyses/04_annotation/structural/prokka/efaecium_e745:Prokka:EFM745_02046 (length 36)
/home/dich3309/rnaseq-tnseq-enterococcus-analysis/analyses/04_annotation/structural/prokka/efaecium_e745:Prokka:EFM745_02079 (length 44)
/home/dich3309/rnaseq-tnseq-enterococcus-analysis/analyses/04_annotation/structural/prokka/efaecium_e745:Prokka:EFM745_02104 (length 45)
/home/dich3309/rnaseq-tnseq-enterococcus-analysis/analyses/04_annotation/structural/prokka/efaecium_e745:Prokka:EFM745_02116 (length 49)
/home/dich3309/rnaseq-tnseq-enterococcus-analysis/analyses/04_annotation/structural/prokka/efaecium_e745:Prokka:EFM745_02143 (length 42)
/home/dich3309/rnaseq-tnseq-enterococcus-analysis/analyses/04_annotation/structural/prokka/efaecium_e745:Prokka:EFM745_02226 (length 42)
/home/dich3309/rnaseq-tnseq-enterococcus-analysis/analyses/04_annotation/structural/prokka/efaecium_e745:Prokka:EFM745_02322 (length 49)
/home/dich3309/rnaseq-tnseq-enterococcus-analysis/analyses/04_annotation/structural/prokka/efaecium_e745:Prokka:EFM745_02325 (length 32)
/home/dich3309/rnaseq-tnseq-enterococcus-analysis/analyses/04_annotation/structural/prokka/efaecium_e745:Prokka:EFM745_02824 (length 40)
/home/dich3309/rnaseq-tnseq-enterococcus-analysis/analyses/04_annotation/structural/prokka/efaecium_e745:Prokka:EFM745_02851 (length 44)
/home/dich3309/rnaseq-tnseq-enterococcus-analysis/analyses/04_annotation/structural/prokka/efaecium_e745:Prokka:EFM745_02863 (length 49)
/home/dich3309/rnaseq-tnseq-enterococcus-analysis/analyses/04_annotation/structural/prokka/efaecium_e745:Prokka:EFM745_02866 (length 43)
/home/dich3309/rnaseq-tnseq-enterococcus-analysis/analyses/04_annotation/structural/prokka/efaecium_e745:Prokka:EFM745_02972 (length 33)
/home/dich3309/rnaseq-tnseq-enterococcus-analysis/analyses/04_annotation/structural/prokka/efaecium_e745:Prokka:EFM745_03054 (length 34)
/home/dich3309/rnaseq-tnseq-enterococcus-analysis/analyses/04_annotation/structural/prokka/efaecium_e745:Prokka:EFM745_03060 (length 49)
/home/dich3309/rnaseq-tnseq-enterococcus-analysis/analyses/04_annotation/structural/prokka/efaecium_e745:Prokka:EFM745_03072 (length 49)
/home/dich3309/rnaseq-tnseq-enterococcus-analysis/analyses/04_annotation/structural/prokka/efaecium_e745:Prokka:EFM745_03076 (length 45)
/home/dich3309/rnaseq-tnseq-enterococcus-analysis/analyses/04_annotation/structural/prokka/efaecium_e745:Prokka:EFM745_03093 (length 39)
/home/dich3309/rnaseq-tnseq-enterococcus-analysis/analyses/04_annotation/structural/prokka/efaecium_e745:Prokka:EFM745_03095 (length 46)
/home/dich3309/rnaseq-tnseq-enterococcus-analysis/analyses/04_annotation/structural/prokka/efaecium_e745:Prokka:EFM745_03118 (length 30)
/home/dich3309/rnaseq-tnseq-enterococcus-analysis/analyses/04_annotation/structural/prokka/efaecium_e745:Prokka:EFM745_03151 (length 37)
/home/dich3309/rnaseq-tnseq-enterococcus-analysis/analyses/04_annotation/structural/prokka/efaecium_e745:Prokka:EFM745_03175 (length 34)
/home/dich3309/rnaseq-tnseq-enterococcus-analysis/analyses/04_annotation/structural/prokka/efaecium_e745:Prokka:EFM745_03190 (length 45)
/home/dich3309/rnaseq-tnseq-enterococcus-analysis/analyses/04_annotation/structural/prokka/efaecium_e745:Prokka:EFM745_03201 (length 48)
/home/dich3309/rnaseq-tnseq-enterococcus-analysis/analyses/04_annotation/structural/prokka/efaecium_e745:Prokka:EFM745_03227 (length 45)
/home/dich3309/rnaseq-tnseq-enterococcus-analysis/analyses/04_annotation/structural/prokka/efaecium_e745:Prokka:EFM745_03248 (length 45)

DiscRep_ALL:MISSING_GENOMEASSEMBLY_COMMENTS::10 bioseqs are missing GenomeAssembly structured comments
/home/dich3309/rnaseq-tnseq-enterococcus-analysis/analyses/04_annotation/structural/prokka/efaecium_e745:Prokka:EFM745_1 (length 2775212)
/home/dich3309/rnaseq-tnseq-enterococcus-analysis/analyses/04_annotation/structural/prokka/efaecium_e745:Prokka:EFM745_2 (length 218577)
/home/dich3309/rnaseq-tnseq-enterococcus-analysis/analyses/04_annotation/structural/prokka/efaecium_e745:Prokka:EFM745_3 (length 28887)
/home/dich3309/rnaseq-tnseq-enterococcus-analysis/analyses/04_annotation/structural/prokka/efaecium_e745:Prokka:EFM745_4 (length 14737)
/home/dich3309/rnaseq-tnseq-enterococcus-analysis/analyses/04_annotation/structural/prokka/efaecium_e745:Prokka:EFM745_5 (length 40013)
/home/dich3309/rnaseq-tnseq-enterococcus-analysis/analyses/04_annotation/structural/prokka/efaecium_e745:Prokka:EFM745_6 (length 15021)
/home/dich3309/rnaseq-tnseq-enterococcus-analysis/analyses/04_annotation/structural/prokka/efaecium_e745:Prokka:EFM745_7 (length 16127)
/home/dich3309/rnaseq-tnseq-enterococcus-analysis/analyses/04_annotation/structural/prokka/efaecium_e745:Prokka:EFM745_8 (length 24852)
/home/dich3309/rnaseq-tnseq-enterococcus-analysis/analyses/04_annotation/structural/prokka/efaecium_e745:Prokka:EFM745_9 (length 15455)
/home/dich3309/rnaseq-tnseq-enterococcus-analysis/analyses/04_annotation/structural/prokka/efaecium_e745:Prokka:EFM745_10 (length 7042)

DiscRep_ALL:TEST_UNUSUAL_MISC_RNA::64 unexpected misc_RNA features found.  misc_RNAs are unusual in a genome, consider using ncRNA, misc_binding, or misc_feature as appropriate.
/home/dich3309/rnaseq-tnseq-enterococcus-analysis/analyses/04_annotation/structural/prokka/efaecium_e745:RNA	L10_leader	EFM745_1:c214754-214627	EFM745_00249
/home/dich3309/rnaseq-tnseq-enterococcus-analysis/analyses/04_annotation/structural/prokka/efaecium_e745:RNA	PreQ1	EFM745_1:c222607-222561	EFM745_00261
/home/dich3309/rnaseq-tnseq-enterococcus-analysis/analyses/04_annotation/structural/prokka/efaecium_e745:RNA	23S-methyl	EFM745_1:c233707-233603	EFM745_00272
/home/dich3309/rnaseq-tnseq-enterococcus-analysis/analyses/04_annotation/structural/prokka/efaecium_e745:RNA	6S	EFM745_1:274312-274506	EFM745_00306
/home/dich3309/rnaseq-tnseq-enterococcus-analysis/analyses/04_annotation/structural/prokka/efaecium_e745:RNA	T-box	EFM745_1:c377829-377623	EFM745_00388
/home/dich3309/rnaseq-tnseq-enterococcus-analysis/analyses/04_annotation/structural/prokka/efaecium_e745:RNA	SMK_box_riboswitch	EFM745_1:c392269-392190	EFM745_00400
/home/dich3309/rnaseq-tnseq-enterococcus-analysis/analyses/04_annotation/structural/prokka/efaecium_e745:RNA	TPP	EFM745_1:c443680-443578	EFM745_00468
/home/dich3309/rnaseq-tnseq-enterococcus-analysis/analyses/04_annotation/structural/prokka/efaecium_e745:RNA	T-box	EFM745_1:c470876-470637	EFM745_00494
/home/dich3309/rnaseq-tnseq-enterococcus-analysis/analyses/04_annotation/structural/prokka/efaecium_e745:RNA	group-II-D1D4-5	EFM745_1:515701-515903	EFM745_00542
/home/dich3309/rnaseq-tnseq-enterococcus-analysis/analyses/04_annotation/structural/prokka/efaecium_e745:RNA	Intron_gpII	EFM745_1:518262-518346	EFM745_00544
/home/dich3309/rnaseq-tnseq-enterococcus-analysis/analyses/04_annotation/structural/prokka/efaecium_e745:RNA	group-II-D1D4-5	EFM745_1:522634-522842	EFM745_00553
/home/dich3309/rnaseq-tnseq-enterococcus-analysis/analyses/04_annotation/structural/prokka/efaecium_e745:RNA	Intron_gpII	EFM745_1:525236-525326	EFM745_00555
/home/dich3309/rnaseq-tnseq-enterococcus-analysis/analyses/04_annotation/structural/prokka/efaecium_e745:RNA	pemK	EFM745_1:572976-573031	EFM745_00598
/home/dich3309/rnaseq-tnseq-enterococcus-analysis/analyses/04_annotation/structural/prokka/efaecium_e745:RNA	Lacto-rpoB	EFM745_1:c600913-600855	EFM745_00619
/home/dich3309/rnaseq-tnseq-enterococcus-analysis/analyses/04_annotation/structural/prokka/efaecium_e745:RNA	sRNA_2410	EFM745_1:601159-601353	EFM745_00620
/home/dich3309/rnaseq-tnseq-enterococcus-analysis/analyses/04_annotation/structural/prokka/efaecium_e745:RNA	rli38	EFM745_1:c687494-687353	EFM745_00702
/home/dich3309/rnaseq-tnseq-enterococcus-analysis/analyses/04_annotation/structural/prokka/efaecium_e745:RNA	L17DE	EFM745_1:724476-724549	EFM745_00753
/home/dich3309/rnaseq-tnseq-enterococcus-analysis/analyses/04_annotation/structural/prokka/efaecium_e745:RNA	Lysine	EFM745_1:c807618-807444	EFM745_00831
/home/dich3309/rnaseq-tnseq-enterococcus-analysis/analyses/04_annotation/structural/prokka/efaecium_e745:RNA	rliD	EFM745_1:c812121-811870	EFM745_00838
/home/dich3309/rnaseq-tnseq-enterococcus-analysis/analyses/04_annotation/structural/prokka/efaecium_e745:RNA	L20_leader	EFM745_1:880650-880775	EFM745_00903
/home/dich3309/rnaseq-tnseq-enterococcus-analysis/analyses/04_annotation/structural/prokka/efaecium_e745:RNA	T-box	EFM745_1:981637-981842	EFM745_01008
/home/dich3309/rnaseq-tnseq-enterococcus-analysis/analyses/04_annotation/structural/prokka/efaecium_e745:RNA	T-box	EFM745_1:1156872-1157128	EFM745_01168
/home/dich3309/rnaseq-tnseq-enterococcus-analysis/analyses/04_annotation/structural/prokka/efaecium_e745:RNA	ykoK	EFM745_1:1215774-1215948	EFM745_01224
/home/dich3309/rnaseq-tnseq-enterococcus-analysis/analyses/04_annotation/structural/prokka/efaecium_e745:RNA	T-box	EFM745_1:1219773-1220006	EFM745_01228
/home/dich3309/rnaseq-tnseq-enterococcus-analysis/analyses/04_annotation/structural/prokka/efaecium_e745:RNA	T-box	EFM745_1:1220049-1220287	EFM745_01229
/home/dich3309/rnaseq-tnseq-enterococcus-analysis/analyses/04_annotation/structural/prokka/efaecium_e745:RNA	T-box	EFM745_1:1292275-1292502	EFM745_01298
/home/dich3309/rnaseq-tnseq-enterococcus-analysis/analyses/04_annotation/structural/prokka/efaecium_e745:RNA	L21_leader	EFM745_1:1344868-1344944	EFM745_01350
/home/dich3309/rnaseq-tnseq-enterococcus-analysis/analyses/04_annotation/structural/prokka/efaecium_e745:RNA	Ref84	EFM745_1:1465323-1465404	EFM745_01493
/home/dich3309/rnaseq-tnseq-enterococcus-analysis/analyses/04_annotation/structural/prokka/efaecium_e745:RNA	T-box	EFM745_1:1509177-1509522	EFM745_01541
/home/dich3309/rnaseq-tnseq-enterococcus-analysis/analyses/04_annotation/structural/prokka/efaecium_e745:RNA	THF	EFM745_1:1539336-1539434	EFM745_01568
/home/dich3309/rnaseq-tnseq-enterococcus-analysis/analyses/04_annotation/structural/prokka/efaecium_e745:RNA	Bacteria_small_SRP	EFM745_1:1578015-1578099	EFM745_01603
/home/dich3309/rnaseq-tnseq-enterococcus-analysis/analyses/04_annotation/structural/prokka/efaecium_e745:RNA	T-box	EFM745_1:1608743-1608959	EFM745_01637
/home/dich3309/rnaseq-tnseq-enterococcus-analysis/analyses/04_annotation/structural/prokka/efaecium_e745:RNA	DUF1646	EFM745_1:1698069-1698116	EFM745_01724
/home/dich3309/rnaseq-tnseq-enterococcus-analysis/analyses/04_annotation/structural/prokka/efaecium_e745:RNA	PreQ1	EFM745_1:c1733289-1733245	EFM745_01761
/home/dich3309/rnaseq-tnseq-enterococcus-analysis/analyses/04_annotation/structural/prokka/efaecium_e745:RNA	Fluoride	EFM745_1:1851526-1851592	EFM745_01877
/home/dich3309/rnaseq-tnseq-enterococcus-analysis/analyses/04_annotation/structural/prokka/efaecium_e745:RNA	cspA	EFM745_1:1858302-1858689	EFM745_01885
/home/dich3309/rnaseq-tnseq-enterococcus-analysis/analyses/04_annotation/structural/prokka/efaecium_e745:RNA	L19_leader	EFM745_1:1917273-1917311	EFM745_01942
/home/dich3309/rnaseq-tnseq-enterococcus-analysis/analyses/04_annotation/structural/prokka/efaecium_e745:RNA	group-II-D1D4-5	EFM745_1:1924454-1924656	EFM745_01950
/home/dich3309/rnaseq-tnseq-enterococcus-analysis/analyses/04_annotation/structural/prokka/efaecium_e745:RNA	Intron_gpII	EFM745_1:1927015-1927099	EFM745_01952
/home/dich3309/rnaseq-tnseq-enterococcus-analysis/analyses/04_annotation/structural/prokka/efaecium_e745:RNA	group-II-D1D4-5	EFM745_1:1930470-1930678	EFM745_01958
/home/dich3309/rnaseq-tnseq-enterococcus-analysis/analyses/04_annotation/structural/prokka/efaecium_e745:RNA	Intron_gpII	EFM745_1:1933072-1933162	EFM745_01960
/home/dich3309/rnaseq-tnseq-enterococcus-analysis/analyses/04_annotation/structural/prokka/efaecium_e745:RNA	pemK	EFM745_1:1968977-1969038	EFM745_01994
/home/dich3309/rnaseq-tnseq-enterococcus-analysis/analyses/04_annotation/structural/prokka/efaecium_e745:RNA	glmS	EFM745_1:c2166124-2165977	EFM745_02204
/home/dich3309/rnaseq-tnseq-enterococcus-analysis/analyses/04_annotation/structural/prokka/efaecium_e745:RNA	sRNA_2410	EFM745_1:2199133-2199307	EFM745_02232
/home/dich3309/rnaseq-tnseq-enterococcus-analysis/analyses/04_annotation/structural/prokka/efaecium_e745:RNA	BsrC	EFM745_1:2266619-2266707	EFM745_02298
/home/dich3309/rnaseq-tnseq-enterococcus-analysis/analyses/04_annotation/structural/prokka/efaecium_e745:RNA	cspA	EFM745_1:2287328-2287733	EFM745_02323
/home/dich3309/rnaseq-tnseq-enterococcus-analysis/analyses/04_annotation/structural/prokka/efaecium_e745:RNA	ykoK	EFM745_1:2315262-2315428	EFM745_02360
/home/dich3309/rnaseq-tnseq-enterococcus-analysis/analyses/04_annotation/structural/prokka/efaecium_e745:RNA	PyrR	EFM745_1:c2428775-2428613	EFM745_02464
/home/dich3309/rnaseq-tnseq-enterococcus-analysis/analyses/04_annotation/structural/prokka/efaecium_e745:RNA	RNaseP_bact_b	EFM745_1:c2451710-2451343	EFM745_02487
/home/dich3309/rnaseq-tnseq-enterococcus-analysis/analyses/04_annotation/structural/prokka/efaecium_e745:RNA	Purine	EFM745_1:c2585420-2585323	EFM745_02616
/home/dich3309/rnaseq-tnseq-enterococcus-analysis/analyses/04_annotation/structural/prokka/efaecium_e745:RNA	TPP	EFM745_1:c2617540-2617436	EFM745_02653
/home/dich3309/rnaseq-tnseq-enterococcus-analysis/analyses/04_annotation/structural/prokka/efaecium_e745:RNA	FMN	EFM745_1:c2682801-2682676	EFM745_02717
/home/dich3309/rnaseq-tnseq-enterococcus-analysis/analyses/04_annotation/structural/prokka/efaecium_e745:RNA	group-II-D1D4-5	EFM745_2:21227-21438	EFM745_02839
/home/dich3309/rnaseq-tnseq-enterococcus-analysis/analyses/04_annotation/structural/prokka/efaecium_e745:RNA	Intron_gpII	EFM745_2:23838-23922	EFM745_02841
/home/dich3309/rnaseq-tnseq-enterococcus-analysis/analyses/04_annotation/structural/prokka/efaecium_e745:RNA	RatA	EFM745_2:48237-48325	EFM745_02869
/home/dich3309/rnaseq-tnseq-enterococcus-analysis/analyses/04_annotation/structural/prokka/efaecium_e745:RNA	rli28	EFM745_2:c48570-48388	EFM745_02870
/home/dich3309/rnaseq-tnseq-enterococcus-analysis/analyses/04_annotation/structural/prokka/efaecium_e745:RNA	SpF66_sRNA	EFM745_2:88863-89078	EFM745_02914
/home/dich3309/rnaseq-tnseq-enterococcus-analysis/analyses/04_annotation/structural/prokka/efaecium_e745:RNA	rli38	EFM745_2:124896-125028	EFM745_02946
/home/dich3309/rnaseq-tnseq-enterococcus-analysis/analyses/04_annotation/structural/prokka/efaecium_e745:RNA	SpF66_sRNA	EFM745_3:19356-19573	EFM745_03068
/home/dich3309/rnaseq-tnseq-enterococcus-analysis/analyses/04_annotation/structural/prokka/efaecium_e745:RNA	Bacillus-plasmid	EFM745_5:c26288-26229	EFM745_03134
/home/dich3309/rnaseq-tnseq-enterococcus-analysis/analyses/04_annotation/structural/prokka/efaecium_e745:RNA	Intron_gpII	EFM745_6:c7893-7809	EFM745_03161
/home/dich3309/rnaseq-tnseq-enterococcus-analysis/analyses/04_annotation/structural/prokka/efaecium_e745:RNA	group-II-D1D4-5	EFM745_6:c10504-10293	EFM745_03163
/home/dich3309/rnaseq-tnseq-enterococcus-analysis/analyses/04_annotation/structural/prokka/efaecium_e745:RNA	group-II-D1D4-5	EFM745_8:11422-11633	EFM745_03207
/home/dich3309/rnaseq-tnseq-enterococcus-analysis/analyses/04_annotation/structural/prokka/efaecium_e745:RNA	Intron_gpII	EFM745_8:14033-14117	EFM745_03209

DiscRep_ALL:FIND_OVERLAPPED_GENES::2 genes completely overlapped by other genes
/home/dich3309/rnaseq-tnseq-enterococcus-analysis/analyses/04_annotation/structural/prokka/efaecium_e745:Gene	cspLA_2	EFM745_1:1858435-1858635	EFM745_01886
/home/dich3309/rnaseq-tnseq-enterococcus-analysis/analyses/04_annotation/structural/prokka/efaecium_e745:Gene	cspL	EFM745_1:2287487-2287687	EFM745_02324

DiscRep_ALL:MOLTYPE_NOT_MRNA::10 molecule types are not set as mRNA.
/home/dich3309/rnaseq-tnseq-enterococcus-analysis/analyses/04_annotation/structural/prokka/efaecium_e745:Prokka:EFM745_1 (length 2775212)
/home/dich3309/rnaseq-tnseq-enterococcus-analysis/analyses/04_annotation/structural/prokka/efaecium_e745:Prokka:EFM745_2 (length 218577)
/home/dich3309/rnaseq-tnseq-enterococcus-analysis/analyses/04_annotation/structural/prokka/efaecium_e745:Prokka:EFM745_3 (length 28887)
/home/dich3309/rnaseq-tnseq-enterococcus-analysis/analyses/04_annotation/structural/prokka/efaecium_e745:Prokka:EFM745_4 (length 14737)
/home/dich3309/rnaseq-tnseq-enterococcus-analysis/analyses/04_annotation/structural/prokka/efaecium_e745:Prokka:EFM745_5 (length 40013)
/home/dich3309/rnaseq-tnseq-enterococcus-analysis/analyses/04_annotation/structural/prokka/efaecium_e745:Prokka:EFM745_6 (length 15021)
/home/dich3309/rnaseq-tnseq-enterococcus-analysis/analyses/04_annotation/structural/prokka/efaecium_e745:Prokka:EFM745_7 (length 16127)
/home/dich3309/rnaseq-tnseq-enterococcus-analysis/analyses/04_annotation/structural/prokka/efaecium_e745:Prokka:EFM745_8 (length 24852)
/home/dich3309/rnaseq-tnseq-enterococcus-analysis/analyses/04_annotation/structural/prokka/efaecium_e745:Prokka:EFM745_9 (length 15455)
/home/dich3309/rnaseq-tnseq-enterococcus-analysis/analyses/04_annotation/structural/prokka/efaecium_e745:Prokka:EFM745_10 (length 7042)

DiscRep_ALL:TECHNIQUE_NOT_TSA::10 technique are not set as TSA
/home/dich3309/rnaseq-tnseq-enterococcus-analysis/analyses/04_annotation/structural/prokka/efaecium_e745:Prokka:EFM745_1 (length 2775212)
/home/dich3309/rnaseq-tnseq-enterococcus-analysis/analyses/04_annotation/structural/prokka/efaecium_e745:Prokka:EFM745_2 (length 218577)
/home/dich3309/rnaseq-tnseq-enterococcus-analysis/analyses/04_annotation/structural/prokka/efaecium_e745:Prokka:EFM745_3 (length 28887)
/home/dich3309/rnaseq-tnseq-enterococcus-analysis/analyses/04_annotation/structural/prokka/efaecium_e745:Prokka:EFM745_4 (length 14737)
/home/dich3309/rnaseq-tnseq-enterococcus-analysis/analyses/04_annotation/structural/prokka/efaecium_e745:Prokka:EFM745_5 (length 40013)
/home/dich3309/rnaseq-tnseq-enterococcus-analysis/analyses/04_annotation/structural/prokka/efaecium_e745:Prokka:EFM745_6 (length 15021)
/home/dich3309/rnaseq-tnseq-enterococcus-analysis/analyses/04_annotation/structural/prokka/efaecium_e745:Prokka:EFM745_7 (length 16127)
/home/dich3309/rnaseq-tnseq-enterococcus-analysis/analyses/04_annotation/structural/prokka/efaecium_e745:Prokka:EFM745_8 (length 24852)
/home/dich3309/rnaseq-tnseq-enterococcus-analysis/analyses/04_annotation/structural/prokka/efaecium_e745:Prokka:EFM745_9 (length 15455)
/home/dich3309/rnaseq-tnseq-enterococcus-analysis/analyses/04_annotation/structural/prokka/efaecium_e745:Prokka:EFM745_10 (length 7042)

DiscRep_ALL:MISSING_STRUCTURED_COMMENT::10 sequences do not include structured comments.
/home/dich3309/rnaseq-tnseq-enterococcus-analysis/analyses/04_annotation/structural/prokka/efaecium_e745:Prokka:EFM745_1 (length 2775212)
/home/dich3309/rnaseq-tnseq-enterococcus-analysis/analyses/04_annotation/structural/prokka/efaecium_e745:Prokka:EFM745_2 (length 218577)
/home/dich3309/rnaseq-tnseq-enterococcus-analysis/analyses/04_annotation/structural/prokka/efaecium_e745:Prokka:EFM745_3 (length 28887)
/home/dich3309/rnaseq-tnseq-enterococcus-analysis/analyses/04_annotation/structural/prokka/efaecium_e745:Prokka:EFM745_4 (length 14737)
/home/dich3309/rnaseq-tnseq-enterococcus-analysis/analyses/04_annotation/structural/prokka/efaecium_e745:Prokka:EFM745_5 (length 40013)
/home/dich3309/rnaseq-tnseq-enterococcus-analysis/analyses/04_annotation/structural/prokka/efaecium_e745:Prokka:EFM745_6 (length 15021)
/home/dich3309/rnaseq-tnseq-enterococcus-analysis/analyses/04_annotation/structural/prokka/efaecium_e745:Prokka:EFM745_7 (length 16127)
/home/dich3309/rnaseq-tnseq-enterococcus-analysis/analyses/04_annotation/structural/prokka/efaecium_e745:Prokka:EFM745_8 (length 24852)
/home/dich3309/rnaseq-tnseq-enterococcus-analysis/analyses/04_annotation/structural/prokka/efaecium_e745:Prokka:EFM745_9 (length 15455)
/home/dich3309/rnaseq-tnseq-enterococcus-analysis/analyses/04_annotation/structural/prokka/efaecium_e745:Prokka:EFM745_10 (length 7042)

DiscRep_ALL:MISSING_PROJECT::3089 sequences do not include project.
/home/dich3309/rnaseq-tnseq-enterococcus-analysis/analyses/04_annotation/structural/prokka/efaecium_e745:Prokka:EFM745_1 (length 2775212)
/home/dich3309/rnaseq-tnseq-enterococcus-analysis/analyses/04_annotation/structural/prokka/efaecium_e745:Prokka:EFM745_00001 (length 200)
/home/dich3309/rnaseq-tnseq-enterococcus-analysis/analyses/04_annotation/structural/prokka/efaecium_e745:Prokka:EFM745_00002 (length 152)
/home/dich3309/rnaseq-tnseq-enterococcus-analysis/analyses/04_annotation/structural/prokka/efaecium_e745:Prokka:EFM745_00003 (length 442)
/home/dich3309/rnaseq-tnseq-enterococcus-analysis/analyses/04_annotation/structural/prokka/efaecium_e745:Prokka:EFM745_00004 (length 470)
/home/dich3309/rnaseq-tnseq-enterococcus-analysis/analyses/04_annotation/structural/prokka/efaecium_e745:Prokka:EFM745_00005 (length 254)
/home/dich3309/rnaseq-tnseq-enterococcus-analysis/analyses/04_annotation/structural/prokka/efaecium_e745:Prokka:EFM745_00006 (length 291)
/home/dich3309/rnaseq-tnseq-enterococcus-analysis/analyses/04_annotation/structural/prokka/efaecium_e745:Prokka:EFM745_00026 (length 501)
/home/dich3309/rnaseq-tnseq-enterococcus-analysis/analyses/04_annotation/structural/prokka/efaecium_e745:Prokka:EFM745_00027 (length 228)
/home/dich3309/rnaseq-tnseq-enterococcus-analysis/analyses/04_annotation/structural/prokka/efaecium_e745:Prokka:EFM745_00028 (length 473)
/home/dich3309/rnaseq-tnseq-enterococcus-analysis/analyses/04_annotation/structural/prokka/efaecium_e745:Prokka:EFM745_00029 (length 59)
/home/dich3309/rnaseq-tnseq-enterococcus-analysis/analyses/04_annotation/structural/prokka/efaecium_e745:Prokka:EFM745_00030 (length 189)
/home/dich3309/rnaseq-tnseq-enterococcus-analysis/analyses/04_annotation/structural/prokka/efaecium_e745:Prokka:EFM745_00031 (length 300)
/home/dich3309/rnaseq-tnseq-enterococcus-analysis/analyses/04_annotation/structural/prokka/efaecium_e745:Prokka:EFM745_00032 (length 594)
/home/dich3309/rnaseq-tnseq-enterococcus-analysis/analyses/04_annotation/structural/prokka/efaecium_e745:Prokka:EFM745_00033 (length 320)
/home/dich3309/rnaseq-tnseq-enterococcus-analysis/analyses/04_annotation/structural/prokka/efaecium_e745:Prokka:EFM745_00034 (length 1104)
/home/dich3309/rnaseq-tnseq-enterococcus-analysis/analyses/04_annotation/structural/prokka/efaecium_e745:Prokka:EFM745_00035 (length 61)
/home/dich3309/rnaseq-tnseq-enterococcus-analysis/analyses/04_annotation/structural/prokka/efaecium_e745:Prokka:EFM745_00036 (length 398)
/home/dich3309/rnaseq-tnseq-enterococcus-analysis/analyses/04_annotation/structural/prokka/efaecium_e745:Prokka:EFM745_00037 (length 431)
/home/dich3309/rnaseq-tnseq-enterococcus-analysis/analyses/04_annotation/structural/prokka/efaecium_e745:Prokka:EFM745_00038 (length 514)
/home/dich3309/rnaseq-tnseq-enterococcus-analysis/analyses/04_annotation/structural/prokka/efaecium_e745:Prokka:EFM745_00039 (length 269)
/home/dich3309/rnaseq-tnseq-enterococcus-analysis/analyses/04_annotation/structural/prokka/efaecium_e745:Prokka:EFM745_00040 (length 431)
/home/dich3309/rnaseq-tnseq-enterococcus-analysis/analyses/04_annotation/structural/prokka/efaecium_e745:Prokka:EFM745_00041 (length 717)
/home/dich3309/rnaseq-tnseq-enterococcus-analysis/analyses/04_annotation/structural/prokka/efaecium_e745:Prokka:EFM745_00042 (length 282)
/home/dich3309/rnaseq-tnseq-enterococcus-analysis/analyses/04_annotation/structural/prokka/efaecium_e745:Prokka:EFM745_00043 (length 646)
/home/dich3309/rnaseq-tnseq-enterococcus-analysis/analyses/04_annotation/structural/prokka/efaecium_e745:Prokka:EFM745_00044 (length 59)
/home/dich3309/rnaseq-tnseq-enterococcus-analysis/analyses/04_annotation/structural/prokka/efaecium_e745:Prokka:EFM745_00045 (length 607)
/home/dich3309/rnaseq-tnseq-enterococcus-analysis/analyses/04_annotation/structural/prokka/efaecium_e745:Prokka:EFM745_00046 (length 759)
/home/dich3309/rnaseq-tnseq-enterococcus-analysis/analyses/04_annotation/structural/prokka/efaecium_e745:Prokka:EFM745_00047 (length 215)
/home/dich3309/rnaseq-tnseq-enterococcus-analysis/analyses/04_annotation/structural/prokka/efaecium_e745:Prokka:EFM745_00048 (length 431)
/home/dich3309/rnaseq-tnseq-enterococcus-analysis/analyses/04_annotation/structural/prokka/efaecium_e745:Prokka:EFM745_00049 (length 239)
/home/dich3309/rnaseq-tnseq-enterococcus-analysis/analyses/04_annotation/structural/prokka/efaecium_e745:Prokka:EFM745_00050 (length 383)
/home/dich3309/rnaseq-tnseq-enterococcus-analysis/analyses/04_annotation/structural/prokka/efaecium_e745:Prokka:EFM745_00051 (length 246)
/home/dich3309/rnaseq-tnseq-enterococcus-analysis/analyses/04_annotation/structural/prokka/efaecium_e745:Prokka:EFM745_00052 (length 86)
/home/dich3309/rnaseq-tnseq-enterococcus-analysis/analyses/04_annotation/structural/prokka/efaecium_e745:Prokka:EFM745_00053 (length 197)
/home/dich3309/rnaseq-tnseq-enterococcus-analysis/analyses/04_annotation/structural/prokka/efaecium_e745:Prokka:EFM745_00054 (length 216)
/home/dich3309/rnaseq-tnseq-enterococcus-analysis/analyses/04_annotation/structural/prokka/efaecium_e745:Prokka:EFM745_00055 (length 103)
/home/dich3309/rnaseq-tnseq-enterococcus-analysis/analyses/04_annotation/structural/prokka/efaecium_e745:Prokka:EFM745_00056 (length 369)
/home/dich3309/rnaseq-tnseq-enterococcus-analysis/analyses/04_annotation/structural/prokka/efaecium_e745:Prokka:EFM745_00057 (length 175)
/home/dich3309/rnaseq-tnseq-enterococcus-analysis/analyses/04_annotation/structural/prokka/efaecium_e745:Prokka:EFM745_00058 (length 261)
/home/dich3309/rnaseq-tnseq-enterococcus-analysis/analyses/04_annotation/structural/prokka/efaecium_e745:Prokka:EFM745_00059 (length 289)
/home/dich3309/rnaseq-tnseq-enterococcus-analysis/analyses/04_annotation/structural/prokka/efaecium_e745:Prokka:EFM745_00060 (length 459)
/home/dich3309/rnaseq-tnseq-enterococcus-analysis/analyses/04_annotation/structural/prokka/efaecium_e745:Prokka:EFM745_00061 (length 139)
/home/dich3309/rnaseq-tnseq-enterococcus-analysis/analyses/04_annotation/structural/prokka/efaecium_e745:Prokka:EFM745_00062 (length 158)
/home/dich3309/rnaseq-tnseq-enterococcus-analysis/analyses/04_annotation/structural/prokka/efaecium_e745:Prokka:EFM745_00063 (length 411)
/home/dich3309/rnaseq-tnseq-enterococcus-analysis/analyses/04_annotation/structural/prokka/efaecium_e745:Prokka:EFM745_00064 (length 245)
/home/dich3309/rnaseq-tnseq-enterococcus-analysis/analyses/04_annotation/structural/prokka/efaecium_e745:Prokka:EFM745_00065 (length 305)
/home/dich3309/rnaseq-tnseq-enterococcus-analysis/analyses/04_annotation/structural/prokka/efaecium_e745:Prokka:EFM745_00066 (length 74)
/home/dich3309/rnaseq-tnseq-enterococcus-analysis/analyses/04_annotation/structural/prokka/efaecium_e745:Prokka:EFM745_00067 (length 320)
/home/dich3309/rnaseq-tnseq-enterococcus-analysis/analyses/04_annotation/structural/prokka/efaecium_e745:Prokka:EFM745_00068 (length 146)
/home/dich3309/rnaseq-tnseq-enterococcus-analysis/analyses/04_annotation/structural/prokka/efaecium_e745:Prokka:EFM745_00069 (length 321)
/home/dich3309/rnaseq-tnseq-enterococcus-analysis/analyses/04_annotation/structural/prokka/efaecium_e745:Prokka:EFM745_00070 (length 76)
/home/dich3309/rnaseq-tnseq-enterococcus-analysis/analyses/04_annotation/structural/prokka/efaecium_e745:Prokka:EFM745_00071 (length 295)
/home/dich3309/rnaseq-tnseq-enterococcus-analysis/analyses/04_annotation/structural/prokka/efaecium_e745:Prokka:EFM745_00072 (length 407)
/home/dich3309/rnaseq-tnseq-enterococcus-analysis/analyses/04_annotation/structural/prokka/efaecium_e745:Prokka:EFM745_00073 (length 348)
/home/dich3309/rnaseq-tnseq-enterococcus-analysis/analyses/04_annotation/structural/prokka/efaecium_e745:Prokka:EFM745_00074 (length 575)
/home/dich3309/rnaseq-tnseq-enterococcus-analysis/analyses/04_annotation/structural/prokka/efaecium_e745:Prokka:EFM745_00075 (length 88)
/home/dich3309/rnaseq-tnseq-enterococcus-analysis/analyses/04_annotation/structural/prokka/efaecium_e745:Prokka:EFM745_00076 (length 698)
/home/dich3309/rnaseq-tnseq-enterococcus-analysis/analyses/04_annotation/structural/prokka/efaecium_e745:Prokka:EFM745_00077 (length 106)
/home/dich3309/rnaseq-tnseq-enterococcus-analysis/analyses/04_annotation/structural/prokka/efaecium_e745:Prokka:EFM745_00078 (length 74)
/home/dich3309/rnaseq-tnseq-enterococcus-analysis/analyses/04_annotation/structural/prokka/efaecium_e745:Prokka:EFM745_00079 (length 526)
/home/dich3309/rnaseq-tnseq-enterococcus-analysis/analyses/04_annotation/structural/prokka/efaecium_e745:Prokka:EFM745_00080 (length 458)
/home/dich3309/rnaseq-tnseq-enterococcus-analysis/analyses/04_annotation/structural/prokka/efaecium_e745:Prokka:EFM745_00081 (length 372)
/home/dich3309/rnaseq-tnseq-enterococcus-analysis/analyses/04_annotation/structural/prokka/efaecium_e745:Prokka:EFM745_00082 (length 144)
/home/dich3309/rnaseq-tnseq-enterococcus-analysis/analyses/04_annotation/structural/prokka/efaecium_e745:Prokka:EFM745_00083 (length 177)
/home/dich3309/rnaseq-tnseq-enterococcus-analysis/analyses/04_annotation/structural/prokka/efaecium_e745:Prokka:EFM745_00084 (length 392)
/home/dich3309/rnaseq-tnseq-enterococcus-analysis/analyses/04_annotation/structural/prokka/efaecium_e745:Prokka:EFM745_00085 (length 265)
/home/dich3309/rnaseq-tnseq-enterococcus-analysis/analyses/04_annotation/structural/prokka/efaecium_e745:Prokka:EFM745_00086 (length 460)
/home/dich3309/rnaseq-tnseq-enterococcus-analysis/analyses/04_annotation/structural/prokka/efaecium_e745:Prokka:EFM745_00087 (length 192)
/home/dich3309/rnaseq-tnseq-enterococcus-analysis/analyses/04_annotation/structural/prokka/efaecium_e745:Prokka:EFM745_00088 (length 156)
/home/dich3309/rnaseq-tnseq-enterococcus-analysis/analyses/04_annotation/structural/prokka/efaecium_e745:Prokka:EFM745_00089 (length 408)
/home/dich3309/rnaseq-tnseq-enterococcus-analysis/analyses/04_annotation/structural/prokka/efaecium_e745:Prokka:EFM745_00090 (length 66)
/home/dich3309/rnaseq-tnseq-enterococcus-analysis/analyses/04_annotation/structural/prokka/efaecium_e745:Prokka:EFM745_00091 (length 202)
/home/dich3309/rnaseq-tnseq-enterococcus-analysis/analyses/04_annotation/structural/prokka/efaecium_e745:Prokka:EFM745_00092 (length 156)
/home/dich3309/rnaseq-tnseq-enterococcus-analysis/analyses/04_annotation/structural/prokka/efaecium_e745:Prokka:EFM745_00093 (length 299)
/home/dich3309/rnaseq-tnseq-enterococcus-analysis/analyses/04_annotation/structural/prokka/efaecium_e745:Prokka:EFM745_00094 (length 267)
/home/dich3309/rnaseq-tnseq-enterococcus-analysis/analyses/04_annotation/structural/prokka/efaecium_e745:Prokka:EFM745_00095 (length 315)
/home/dich3309/rnaseq-tnseq-enterococcus-analysis/analyses/04_annotation/structural/prokka/efaecium_e745:Prokka:EFM745_00096 (length 515)
/home/dich3309/rnaseq-tnseq-enterococcus-analysis/analyses/04_annotation/structural/prokka/efaecium_e745:Prokka:EFM745_00097 (length 117)
/home/dich3309/rnaseq-tnseq-enterococcus-analysis/analyses/04_annotation/structural/prokka/efaecium_e745:Prokka:EFM745_00098 (length 64)
/home/dich3309/rnaseq-tnseq-enterococcus-analysis/analyses/04_annotation/structural/prokka/efaecium_e745:Prokka:EFM745_00099 (length 97)
/home/dich3309/rnaseq-tnseq-enterococcus-analysis/analyses/04_annotation/structural/prokka/efaecium_e745:Prokka:EFM745_00100 (length 221)
/home/dich3309/rnaseq-tnseq-enterococcus-analysis/analyses/04_annotation/structural/prokka/efaecium_e745:Prokka:EFM745_00101 (length 210)
/home/dich3309/rnaseq-tnseq-enterococcus-analysis/analyses/04_annotation/structural/prokka/efaecium_e745:Prokka:EFM745_00102 (length 355)
/home/dich3309/rnaseq-tnseq-enterococcus-analysis/analyses/04_annotation/structural/prokka/efaecium_e745:Prokka:EFM745_00103 (length 243)
/home/dich3309/rnaseq-tnseq-enterococcus-analysis/analyses/04_annotation/structural/prokka/efaecium_e745:Prokka:EFM745_00104 (length 159)
/home/dich3309/rnaseq-tnseq-enterococcus-analysis/analyses/04_annotation/structural/prokka/efaecium_e745:Prokka:EFM745_00105 (length 391)
/home/dich3309/rnaseq-tnseq-enterococcus-analysis/analyses/04_annotation/structural/prokka/efaecium_e745:Prokka:EFM745_00106 (length 386)
/home/dich3309/rnaseq-tnseq-enterococcus-analysis/analyses/04_annotation/structural/prokka/efaecium_e745:Prokka:EFM745_00107 (length 481)
/home/dich3309/rnaseq-tnseq-enterococcus-analysis/analyses/04_annotation/structural/prokka/efaecium_e745:Prokka:EFM745_00108 (length 315)
/home/dich3309/rnaseq-tnseq-enterococcus-analysis/analyses/04_annotation/structural/prokka/efaecium_e745:Prokka:EFM745_00109 (length 471)
/home/dich3309/rnaseq-tnseq-enterococcus-analysis/analyses/04_annotation/structural/prokka/efaecium_e745:Prokka:EFM745_00110 (length 382)
/home/dich3309/rnaseq-tnseq-enterococcus-analysis/analyses/04_annotation/structural/prokka/efaecium_e745:Prokka:EFM745_00111 (length 511)
/home/dich3309/rnaseq-tnseq-enterococcus-analysis/analyses/04_annotation/structural/prokka/efaecium_e745:Prokka:EFM745_00112 (length 324)
/home/dich3309/rnaseq-tnseq-enterococcus-analysis/analyses/04_annotation/structural/prokka/efaecium_e745:Prokka:EFM745_00113 (length 321)
/home/dich3309/rnaseq-tnseq-enterococcus-analysis/analyses/04_annotation/structural/prokka/efaecium_e745:Prokka:EFM745_00114 (length 355)
/home/dich3309/rnaseq-tnseq-enterococcus-analysis/analyses/04_annotation/structural/prokka/efaecium_e745:Prokka:EFM745_00115 (length 233)
/home/dich3309/rnaseq-tnseq-enterococcus-analysis/analyses/04_annotation/structural/prokka/efaecium_e745:Prokka:EFM745_00116 (length 291)
/home/dich3309/rnaseq-tnseq-enterococcus-analysis/analyses/04_annotation/structural/prokka/efaecium_e745:Prokka:EFM745_00117 (length 274)
/home/dich3309/rnaseq-tnseq-enterococcus-analysis/analyses/04_annotation/structural/prokka/efaecium_e745:Prokka:EFM745_00118 (length 463)
/home/dich3309/rnaseq-tnseq-enterococcus-analysis/analyses/04_annotation/structural/prokka/efaecium_e745:Prokka:EFM745_00119 (length 319)
/home/dich3309/rnaseq-tnseq-enterococcus-analysis/analyses/04_annotation/structural/prokka/efaecium_e745:Prokka:EFM745_00120 (length 712)
/home/dich3309/rnaseq-tnseq-enterococcus-analysis/analyses/04_annotation/structural/prokka/efaecium_e745:Prokka:EFM745_00121 (length 528)
/home/dich3309/rnaseq-tnseq-enterococcus-analysis/analyses/04_annotation/structural/prokka/efaecium_e745:Prokka:EFM745_00122 (length 406)
/home/dich3309/rnaseq-tnseq-enterococcus-analysis/analyses/04_annotation/structural/prokka/efaecium_e745:Prokka:EFM745_00123 (length 268)
/home/dich3309/rnaseq-tnseq-enterococcus-analysis/analyses/04_annotation/structural/prokka/efaecium_e745:Prokka:EFM745_00124 (length 426)
/home/dich3309/rnaseq-tnseq-enterococcus-analysis/analyses/04_annotation/structural/prokka/efaecium_e745:Prokka:EFM745_00125 (length 677)
/home/dich3309/rnaseq-tnseq-enterococcus-analysis/analyses/04_annotation/structural/prokka/efaecium_e745:Prokka:EFM745_00126 (length 283)
/home/dich3309/rnaseq-tnseq-enterococcus-analysis/analyses/04_annotation/structural/prokka/efaecium_e745:Prokka:EFM745_00127 (length 342)
/home/dich3309/rnaseq-tnseq-enterococcus-analysis/analyses/04_annotation/structural/prokka/efaecium_e745:Prokka:EFM745_00128 (length 190)
/home/dich3309/rnaseq-tnseq-enterococcus-analysis/analyses/04_annotation/structural/prokka/efaecium_e745:Prokka:EFM745_00129 (length 288)
/home/dich3309/rnaseq-tnseq-enterococcus-analysis/analyses/04_annotation/structural/prokka/efaecium_e745:Prokka:EFM745_00130 (length 235)
/home/dich3309/rnaseq-tnseq-enterococcus-analysis/analyses/04_annotation/structural/prokka/efaecium_e745:Prokka:EFM745_00131 (length 275)
/home/dich3309/rnaseq-tnseq-enterococcus-analysis/analyses/04_annotation/structural/prokka/efaecium_e745:Prokka:EFM745_00132 (length 266)
/home/dich3309/rnaseq-tnseq-enterococcus-analysis/analyses/04_annotation/structural/prokka/efaecium_e745:Prokka:EFM745_00133 (length 379)
/home/dich3309/rnaseq-tnseq-enterococcus-analysis/analyses/04_annotation/structural/prokka/efaecium_e745:Prokka:EFM745_00134 (length 307)
/home/dich3309/rnaseq-tnseq-enterococcus-analysis/analyses/04_annotation/structural/prokka/efaecium_e745:Prokka:EFM745_00135 (length 254)
/home/dich3309/rnaseq-tnseq-enterococcus-analysis/analyses/04_annotation/structural/prokka/efaecium_e745:Prokka:EFM745_00136 (length 146)
/home/dich3309/rnaseq-tnseq-enterococcus-analysis/analyses/04_annotation/structural/prokka/efaecium_e745:Prokka:EFM745_00137 (length 189)
/home/dich3309/rnaseq-tnseq-enterococcus-analysis/analyses/04_annotation/structural/prokka/efaecium_e745:Prokka:EFM745_00138 (length 410)
/home/dich3309/rnaseq-tnseq-enterococcus-analysis/analyses/04_annotation/structural/prokka/efaecium_e745:Prokka:EFM745_00139 (length 59)
/home/dich3309/rnaseq-tnseq-enterococcus-analysis/analyses/04_annotation/structural/prokka/efaecium_e745:Prokka:EFM745_00140 (length 123)
/home/dich3309/rnaseq-tnseq-enterococcus-analysis/analyses/04_annotation/structural/prokka/efaecium_e745:Prokka:EFM745_00141 (length 133)
/home/dich3309/rnaseq-tnseq-enterococcus-analysis/analyses/04_annotation/structural/prokka/efaecium_e745:Prokka:EFM745_00142 (length 135)
/home/dich3309/rnaseq-tnseq-enterococcus-analysis/analyses/04_annotation/structural/prokka/efaecium_e745:Prokka:EFM745_00143 (length 164)
/home/dich3309/rnaseq-tnseq-enterococcus-analysis/analyses/04_annotation/structural/prokka/efaecium_e745:Prokka:EFM745_00144 (length 278)
/home/dich3309/rnaseq-tnseq-enterococcus-analysis/analyses/04_annotation/structural/prokka/efaecium_e745:Prokka:EFM745_00145 (length 96)
/home/dich3309/rnaseq-tnseq-enterococcus-analysis/analyses/04_annotation/structural/prokka/efaecium_e745:Prokka:EFM745_00147 (length 341)
/home/dich3309/rnaseq-tnseq-enterococcus-analysis/analyses/04_annotation/structural/prokka/efaecium_e745:Prokka:EFM745_00148 (length 74)
/home/dich3309/rnaseq-tnseq-enterococcus-analysis/analyses/04_annotation/structural/prokka/efaecium_e745:Prokka:EFM745_00149 (length 97)
/home/dich3309/rnaseq-tnseq-enterococcus-analysis/analyses/04_annotation/structural/prokka/efaecium_e745:Prokka:EFM745_00150 (length 45)
/home/dich3309/rnaseq-tnseq-enterococcus-analysis/analyses/04_annotation/structural/prokka/efaecium_e745:Prokka:EFM745_00151 (length 148)
/home/dich3309/rnaseq-tnseq-enterococcus-analysis/analyses/04_annotation/structural/prokka/efaecium_e745:Prokka:EFM745_00152 (length 688)
/home/dich3309/rnaseq-tnseq-enterococcus-analysis/analyses/04_annotation/structural/prokka/efaecium_e745:Prokka:EFM745_00153 (length 260)
/home/dich3309/rnaseq-tnseq-enterococcus-analysis/analyses/04_annotation/structural/prokka/efaecium_e745:Prokka:EFM745_00154 (length 572)
/home/dich3309/rnaseq-tnseq-enterococcus-analysis/analyses/04_annotation/structural/prokka/efaecium_e745:Prokka:EFM745_00155 (length 943)
/home/dich3309/rnaseq-tnseq-enterococcus-analysis/analyses/04_annotation/structural/prokka/efaecium_e745:Prokka:EFM745_00156 (length 262)
/home/dich3309/rnaseq-tnseq-enterococcus-analysis/analyses/04_annotation/structural/prokka/efaecium_e745:Prokka:EFM745_00157 (length 1039)
/home/dich3309/rnaseq-tnseq-enterococcus-analysis/analyses/04_annotation/structural/prokka/efaecium_e745:Prokka:EFM745_00158 (length 95)
/home/dich3309/rnaseq-tnseq-enterococcus-analysis/analyses/04_annotation/structural/prokka/efaecium_e745:Prokka:EFM745_00159 (length 122)
/home/dich3309/rnaseq-tnseq-enterococcus-analysis/analyses/04_annotation/structural/prokka/efaecium_e745:Prokka:EFM745_00160 (length 170)
/home/dich3309/rnaseq-tnseq-enterococcus-analysis/analyses/04_annotation/structural/prokka/efaecium_e745:Prokka:EFM745_00161 (length 130)
/home/dich3309/rnaseq-tnseq-enterococcus-analysis/analyses/04_annotation/structural/prokka/efaecium_e745:Prokka:EFM745_00162 (length 123)
/home/dich3309/rnaseq-tnseq-enterococcus-analysis/analyses/04_annotation/structural/prokka/efaecium_e745:Prokka:EFM745_00163 (length 108)
/home/dich3309/rnaseq-tnseq-enterococcus-analysis/analyses/04_annotation/structural/prokka/efaecium_e745:Prokka:EFM745_00164 (length 112)
/home/dich3309/rnaseq-tnseq-enterococcus-analysis/analyses/04_annotation/structural/prokka/efaecium_e745:Prokka:EFM745_00165 (length 68)
/home/dich3309/rnaseq-tnseq-enterococcus-analysis/analyses/04_annotation/structural/prokka/efaecium_e745:Prokka:EFM745_00166 (length 335)
/home/dich3309/rnaseq-tnseq-enterococcus-analysis/analyses/04_annotation/structural/prokka/efaecium_e745:Prokka:EFM745_00167 (length 117)
/home/dich3309/rnaseq-tnseq-enterococcus-analysis/analyses/04_annotation/structural/prokka/efaecium_e745:Prokka:EFM745_00168 (length 213)
/home/dich3309/rnaseq-tnseq-enterococcus-analysis/analyses/04_annotation/structural/prokka/efaecium_e745:Prokka:EFM745_00169 (length 57)
/home/dich3309/rnaseq-tnseq-enterococcus-analysis/analyses/04_annotation/structural/prokka/efaecium_e745:Prokka:EFM745_00170 (length 317)
/home/dich3309/rnaseq-tnseq-enterococcus-analysis/analyses/04_annotation/structural/prokka/efaecium_e745:Prokka:EFM745_00171 (length 87)
/home/dich3309/rnaseq-tnseq-enterococcus-analysis/analyses/04_annotation/structural/prokka/efaecium_e745:Prokka:EFM745_00172 (length 76)
/home/dich3309/rnaseq-tnseq-enterococcus-analysis/analyses/04_annotation/structural/prokka/efaecium_e745:Prokka:EFM745_00173 (length 544)
/home/dich3309/rnaseq-tnseq-enterococcus-analysis/analyses/04_annotation/structural/prokka/efaecium_e745:Prokka:EFM745_00174 (length 433)
/home/dich3309/rnaseq-tnseq-enterococcus-analysis/analyses/04_annotation/structural/prokka/efaecium_e745:Prokka:EFM745_00175 (length 151)
/home/dich3309/rnaseq-tnseq-enterococcus-analysis/analyses/04_annotation/structural/prokka/efaecium_e745:Prokka:EFM745_00176 (length 74)
/home/dich3309/rnaseq-tnseq-enterococcus-analysis/analyses/04_annotation/structural/prokka/efaecium_e745:Prokka:EFM745_00177 (length 59)
/home/dich3309/rnaseq-tnseq-enterococcus-analysis/analyses/04_annotation/structural/prokka/efaecium_e745:Prokka:EFM745_00178 (length 137)
/home/dich3309/rnaseq-tnseq-enterococcus-analysis/analyses/04_annotation/structural/prokka/efaecium_e745:Prokka:EFM745_00179 (length 91)
/home/dich3309/rnaseq-tnseq-enterococcus-analysis/analyses/04_annotation/structural/prokka/efaecium_e745:Prokka:EFM745_00180 (length 50)
/home/dich3309/rnaseq-tnseq-enterococcus-analysis/analyses/04_annotation/structural/prokka/efaecium_e745:Prokka:EFM745_00181 (length 137)
/home/dich3309/rnaseq-tnseq-enterococcus-analysis/analyses/04_annotation/structural/prokka/efaecium_e745:Prokka:EFM745_00182 (length 98)
/home/dich3309/rnaseq-tnseq-enterococcus-analysis/analyses/04_annotation/structural/prokka/efaecium_e745:Prokka:EFM745_00183 (length 185)
/home/dich3309/rnaseq-tnseq-enterococcus-analysis/analyses/04_annotation/structural/prokka/efaecium_e745:Prokka:EFM745_00184 (length 131)
/home/dich3309/rnaseq-tnseq-enterococcus-analysis/analyses/04_annotation/structural/prokka/efaecium_e745:Prokka:EFM745_00185 (length 57)
/home/dich3309/rnaseq-tnseq-enterococcus-analysis/analyses/04_annotation/structural/prokka/efaecium_e745:Prokka:EFM745_00186 (length 103)
/home/dich3309/rnaseq-tnseq-enterococcus-analysis/analyses/04_annotation/structural/prokka/efaecium_e745:Prokka:EFM745_00187 (length 96)
/home/dich3309/rnaseq-tnseq-enterococcus-analysis/analyses/04_annotation/structural/prokka/efaecium_e745:Prokka:EFM745_00188 (length 103)
/home/dich3309/rnaseq-tnseq-enterococcus-analysis/analyses/04_annotation/structural/prokka/efaecium_e745:Prokka:EFM745_00189 (length 53)
/home/dich3309/rnaseq-tnseq-enterococcus-analysis/analyses/04_annotation/structural/prokka/efaecium_e745:Prokka:EFM745_00190 (length 100)
/home/dich3309/rnaseq-tnseq-enterococcus-analysis/analyses/04_annotation/structural/prokka/efaecium_e745:Prokka:EFM745_00191 (length 54)
/home/dich3309/rnaseq-tnseq-enterococcus-analysis/analyses/04_annotation/structural/prokka/efaecium_e745:Prokka:EFM745_00192 (length 89)
/home/dich3309/rnaseq-tnseq-enterococcus-analysis/analyses/04_annotation/structural/prokka/efaecium_e745:Prokka:EFM745_00193 (length 283)
/home/dich3309/rnaseq-tnseq-enterococcus-analysis/analyses/04_annotation/structural/prokka/efaecium_e745:Prokka:EFM745_00194 (length 171)
/home/dich3309/rnaseq-tnseq-enterococcus-analysis/analyses/04_annotation/structural/prokka/efaecium_e745:Prokka:EFM745_00195 (length 230)
/home/dich3309/rnaseq-tnseq-enterococcus-analysis/analyses/04_annotation/structural/prokka/efaecium_e745:Prokka:EFM745_00196 (length 223)
/home/dich3309/rnaseq-tnseq-enterococcus-analysis/analyses/04_annotation/structural/prokka/efaecium_e745:Prokka:EFM745_00197 (length 113)
/home/dich3309/rnaseq-tnseq-enterococcus-analysis/analyses/04_annotation/structural/prokka/efaecium_e745:Prokka:EFM745_00198 (length 48)
/home/dich3309/rnaseq-tnseq-enterococcus-analysis/analyses/04_annotation/structural/prokka/efaecium_e745:Prokka:EFM745_00199 (length 57)
/home/dich3309/rnaseq-tnseq-enterococcus-analysis/analyses/04_annotation/structural/prokka/efaecium_e745:Prokka:EFM745_00200 (length 62)
/home/dich3309/rnaseq-tnseq-enterococcus-analysis/analyses/04_annotation/structural/prokka/efaecium_e745:Prokka:EFM745_00201 (length 94)
/home/dich3309/rnaseq-tnseq-enterococcus-analysis/analyses/04_annotation/structural/prokka/efaecium_e745:Prokka:EFM745_00202 (length 99)
/home/dich3309/rnaseq-tnseq-enterococcus-analysis/analyses/04_annotation/structural/prokka/efaecium_e745:Prokka:EFM745_00203 (length 67)
/home/dich3309/rnaseq-tnseq-enterococcus-analysis/analyses/04_annotation/structural/prokka/efaecium_e745:Prokka:EFM745_00204 (length 248)
/home/dich3309/rnaseq-tnseq-enterococcus-analysis/analyses/04_annotation/structural/prokka/efaecium_e745:Prokka:EFM745_00205 (length 83)
/home/dich3309/rnaseq-tnseq-enterococcus-analysis/analyses/04_annotation/structural/prokka/efaecium_e745:Prokka:EFM745_00206 (length 51)
/home/dich3309/rnaseq-tnseq-enterococcus-analysis/analyses/04_annotation/structural/prokka/efaecium_e745:Prokka:EFM745_00207 (length 62)
/home/dich3309/rnaseq-tnseq-enterococcus-analysis/analyses/04_annotation/structural/prokka/efaecium_e745:Prokka:EFM745_00208 (length 52)
/home/dich3309/rnaseq-tnseq-enterococcus-analysis/analyses/04_annotation/structural/prokka/efaecium_e745:Prokka:EFM745_00209 (length 106)
/home/dich3309/rnaseq-tnseq-enterococcus-analysis/analyses/04_annotation/structural/prokka/efaecium_e745:Prokka:EFM745_00210 (length 140)
/home/dich3309/rnaseq-tnseq-enterococcus-analysis/analyses/04_annotation/structural/prokka/efaecium_e745:Prokka:EFM745_00211 (length 101)
/home/dich3309/rnaseq-tnseq-enterococcus-analysis/analyses/04_annotation/structural/prokka/efaecium_e745:Prokka:EFM745_00212 (length 379)
/home/dich3309/rnaseq-tnseq-enterococcus-analysis/analyses/04_annotation/structural/prokka/efaecium_e745:Prokka:EFM745_00213 (length 541)
/home/dich3309/rnaseq-tnseq-enterococcus-analysis/analyses/04_annotation/structural/prokka/efaecium_e745:Prokka:EFM745_00214 (length 94)
/home/dich3309/rnaseq-tnseq-enterococcus-analysis/analyses/04_annotation/structural/prokka/efaecium_e745:Prokka:EFM745_00215 (length 220)
/home/dich3309/rnaseq-tnseq-enterococcus-analysis/analyses/04_annotation/structural/prokka/efaecium_e745:Prokka:EFM745_00216 (length 430)
/home/dich3309/rnaseq-tnseq-enterococcus-analysis/analyses/04_annotation/structural/prokka/efaecium_e745:Prokka:EFM745_00217 (length 209)
/home/dich3309/rnaseq-tnseq-enterococcus-analysis/analyses/04_annotation/structural/prokka/efaecium_e745:Prokka:EFM745_00218 (length 269)
/home/dich3309/rnaseq-tnseq-enterococcus-analysis/analyses/04_annotation/structural/prokka/efaecium_e745:Prokka:EFM745_00219 (length 289)
/home/dich3309/rnaseq-tnseq-enterococcus-analysis/analyses/04_annotation/structural/prokka/efaecium_e745:Prokka:EFM745_00220 (length 438)
/home/dich3309/rnaseq-tnseq-enterococcus-analysis/analyses/04_annotation/structural/prokka/efaecium_e745:Prokka:EFM745_00221 (length 611)
/home/dich3309/rnaseq-tnseq-enterococcus-analysis/analyses/04_annotation/structural/prokka/efaecium_e745:Prokka:EFM745_00222 (length 234)
/home/dich3309/rnaseq-tnseq-enterococcus-analysis/analyses/04_annotation/structural/prokka/efaecium_e745:Prokka:EFM745_00223 (length 286)
/home/dich3309/rnaseq-tnseq-enterococcus-analysis/analyses/04_annotation/structural/prokka/efaecium_e745:Prokka:EFM745_00224 (length 189)
/home/dich3309/rnaseq-tnseq-enterococcus-analysis/analyses/04_annotation/structural/prokka/efaecium_e745:Prokka:EFM745_00226 (length 105)
/home/dich3309/rnaseq-tnseq-enterococcus-analysis/analyses/04_annotation/structural/prokka/efaecium_e745:Prokka:EFM745_00227 (length 194)
/home/dich3309/rnaseq-tnseq-enterococcus-analysis/analyses/04_annotation/structural/prokka/efaecium_e745:Prokka:EFM745_00228 (length 48)
/home/dich3309/rnaseq-tnseq-enterococcus-analysis/analyses/04_annotation/structural/prokka/efaecium_e745:Prokka:EFM745_00229 (length 112)
/home/dich3309/rnaseq-tnseq-enterococcus-analysis/analyses/04_annotation/structural/prokka/efaecium_e745:Prokka:EFM745_00230 (length 65)
/home/dich3309/rnaseq-tnseq-enterococcus-analysis/analyses/04_annotation/structural/prokka/efaecium_e745:Prokka:EFM745_00231 (length 575)
/home/dich3309/rnaseq-tnseq-enterococcus-analysis/analyses/04_annotation/structural/prokka/efaecium_e745:Prokka:EFM745_00232 (length 397)
/home/dich3309/rnaseq-tnseq-enterococcus-analysis/analyses/04_annotation/structural/prokka/efaecium_e745:Prokka:EFM745_00233 (length 214)
/home/dich3309/rnaseq-tnseq-enterococcus-analysis/analyses/04_annotation/structural/prokka/efaecium_e745:Prokka:EFM745_00234 (length 44)
/home/dich3309/rnaseq-tnseq-enterococcus-analysis/analyses/04_annotation/structural/prokka/efaecium_e745:Prokka:EFM745_00235 (length 710)
/home/dich3309/rnaseq-tnseq-enterococcus-analysis/analyses/04_annotation/structural/prokka/efaecium_e745:Prokka:EFM745_00236 (length 157)
/home/dich3309/rnaseq-tnseq-enterococcus-analysis/analyses/04_annotation/structural/prokka/efaecium_e745:Prokka:EFM745_00237 (length 74)
/home/dich3309/rnaseq-tnseq-enterococcus-analysis/analyses/04_annotation/structural/prokka/efaecium_e745:Prokka:EFM745_00238 (length 719)
/home/dich3309/rnaseq-tnseq-enterococcus-analysis/analyses/04_annotation/structural/prokka/efaecium_e745:Prokka:EFM745_00239 (length 321)
/home/dich3309/rnaseq-tnseq-enterococcus-analysis/analyses/04_annotation/structural/prokka/efaecium_e745:Prokka:EFM745_00240 (length 379)
/home/dich3309/rnaseq-tnseq-enterococcus-analysis/analyses/04_annotation/structural/prokka/efaecium_e745:Prokka:EFM745_00241 (length 237)
/home/dich3309/rnaseq-tnseq-enterococcus-analysis/analyses/04_annotation/structural/prokka/efaecium_e745:Prokka:EFM745_00242 (length 233)
/home/dich3309/rnaseq-tnseq-enterococcus-analysis/analyses/04_annotation/structural/prokka/efaecium_e745:Prokka:EFM745_00243 (length 510)
/home/dich3309/rnaseq-tnseq-enterococcus-analysis/analyses/04_annotation/structural/prokka/efaecium_e745:Prokka:EFM745_00244 (length 302)
/home/dich3309/rnaseq-tnseq-enterococcus-analysis/analyses/04_annotation/structural/prokka/efaecium_e745:Prokka:EFM745_00245 (length 349)
/home/dich3309/rnaseq-tnseq-enterococcus-analysis/analyses/04_annotation/structural/prokka/efaecium_e745:Prokka:EFM745_00246 (length 229)
/home/dich3309/rnaseq-tnseq-enterococcus-analysis/analyses/04_annotation/structural/prokka/efaecium_e745:Prokka:EFM745_00247 (length 122)
/home/dich3309/rnaseq-tnseq-enterococcus-analysis/analyses/04_annotation/structural/prokka/efaecium_e745:Prokka:EFM745_00248 (length 167)
/home/dich3309/rnaseq-tnseq-enterococcus-analysis/analyses/04_annotation/structural/prokka/efaecium_e745:Prokka:EFM745_00250 (length 229)
/home/dich3309/rnaseq-tnseq-enterococcus-analysis/analyses/04_annotation/structural/prokka/efaecium_e745:Prokka:EFM745_00251 (length 140)
/home/dich3309/rnaseq-tnseq-enterococcus-analysis/analyses/04_annotation/structural/prokka/efaecium_e745:Prokka:EFM745_00252 (length 222)
/home/dich3309/rnaseq-tnseq-enterococcus-analysis/analyses/04_annotation/structural/prokka/efaecium_e745:Prokka:EFM745_00253 (length 290)
/home/dich3309/rnaseq-tnseq-enterococcus-analysis/analyses/04_annotation/structural/prokka/efaecium_e745:Prokka:EFM745_00254 (length 339)
/home/dich3309/rnaseq-tnseq-enterococcus-analysis/analyses/04_annotation/structural/prokka/efaecium_e745:Prokka:EFM745_00255 (length 295)
/home/dich3309/rnaseq-tnseq-enterococcus-analysis/analyses/04_annotation/structural/prokka/efaecium_e745:Prokka:EFM745_00256 (length 181)
/home/dich3309/rnaseq-tnseq-enterococcus-analysis/analyses/04_annotation/structural/prokka/efaecium_e745:Prokka:EFM745_00257 (length 56)
/home/dich3309/rnaseq-tnseq-enterococcus-analysis/analyses/04_annotation/structural/prokka/efaecium_e745:Prokka:EFM745_00258 (length 50)
/home/dich3309/rnaseq-tnseq-enterococcus-analysis/analyses/04_annotation/structural/prokka/efaecium_e745:Prokka:EFM745_00259 (length 214)
/home/dich3309/rnaseq-tnseq-enterococcus-analysis/analyses/04_annotation/structural/prokka/efaecium_e745:Prokka:EFM745_00260 (length 167)
/home/dich3309/rnaseq-tnseq-enterococcus-analysis/analyses/04_annotation/structural/prokka/efaecium_e745:Prokka:EFM745_00262 (length 321)
/home/dich3309/rnaseq-tnseq-enterococcus-analysis/analyses/04_annotation/structural/prokka/efaecium_e745:Prokka:EFM745_00263 (length 390)
/home/dich3309/rnaseq-tnseq-enterococcus-analysis/analyses/04_annotation/structural/prokka/efaecium_e745:Prokka:EFM745_00264 (length 381)
/home/dich3309/rnaseq-tnseq-enterococcus-analysis/analyses/04_annotation/structural/prokka/efaecium_e745:Prokka:EFM745_00265 (length 310)
/home/dich3309/rnaseq-tnseq-enterococcus-analysis/analyses/04_annotation/structural/prokka/efaecium_e745:Prokka:EFM745_00266 (length 359)
/home/dich3309/rnaseq-tnseq-enterococcus-analysis/analyses/04_annotation/structural/prokka/efaecium_e745:Prokka:EFM745_00267 (length 209)
/home/dich3309/rnaseq-tnseq-enterococcus-analysis/analyses/04_annotation/structural/prokka/efaecium_e745:Prokka:EFM745_00268 (length 75)
/home/dich3309/rnaseq-tnseq-enterococcus-analysis/analyses/04_annotation/structural/prokka/efaecium_e745:Prokka:EFM745_00269 (length 862)
/home/dich3309/rnaseq-tnseq-enterococcus-analysis/analyses/04_annotation/structural/prokka/efaecium_e745:Prokka:EFM745_00270 (length 219)
/home/dich3309/rnaseq-tnseq-enterococcus-analysis/analyses/04_annotation/structural/prokka/efaecium_e745:Prokka:EFM745_00271 (length 167)
/home/dich3309/rnaseq-tnseq-enterococcus-analysis/analyses/04_annotation/structural/prokka/efaecium_e745:Prokka:EFM745_00273 (length 288)
/home/dich3309/rnaseq-tnseq-enterococcus-analysis/analyses/04_annotation/structural/prokka/efaecium_e745:Prokka:EFM745_00274 (length 213)
/home/dich3309/rnaseq-tnseq-enterococcus-analysis/analyses/04_annotation/structural/prokka/efaecium_e745:Prokka:EFM745_00275 (length 453)
/home/dich3309/rnaseq-tnseq-enterococcus-analysis/analyses/04_annotation/structural/prokka/efaecium_e745:Prokka:EFM745_00276 (length 299)
/home/dich3309/rnaseq-tnseq-enterococcus-analysis/analyses/04_annotation/structural/prokka/efaecium_e745:Prokka:EFM745_00277 (length 265)
/home/dich3309/rnaseq-tnseq-enterococcus-analysis/analyses/04_annotation/structural/prokka/efaecium_e745:Prokka:EFM745_00278 (length 234)
/home/dich3309/rnaseq-tnseq-enterococcus-analysis/analyses/04_annotation/structural/prokka/efaecium_e745:Prokka:EFM745_00279 (length 191)
/home/dich3309/rnaseq-tnseq-enterococcus-analysis/analyses/04_annotation/structural/prokka/efaecium_e745:Prokka:EFM745_00280 (length 225)
/home/dich3309/rnaseq-tnseq-enterococcus-analysis/analyses/04_annotation/structural/prokka/efaecium_e745:Prokka:EFM745_00281 (length 431)
/home/dich3309/rnaseq-tnseq-enterococcus-analysis/analyses/04_annotation/structural/prokka/efaecium_e745:Prokka:EFM745_00282 (length 602)
/home/dich3309/rnaseq-tnseq-enterococcus-analysis/analyses/04_annotation/structural/prokka/efaecium_e745:Prokka:EFM745_00283 (length 332)
/home/dich3309/rnaseq-tnseq-enterococcus-analysis/analyses/04_annotation/structural/prokka/efaecium_e745:Prokka:EFM745_00284 (length 217)
/home/dich3309/rnaseq-tnseq-enterococcus-analysis/analyses/04_annotation/structural/prokka/efaecium_e745:Prokka:EFM745_00285 (length 132)
/home/dich3309/rnaseq-tnseq-enterococcus-analysis/analyses/04_annotation/structural/prokka/efaecium_e745:Prokka:EFM745_00286 (length 235)
/home/dich3309/rnaseq-tnseq-enterococcus-analysis/analyses/04_annotation/structural/prokka/efaecium_e745:Prokka:EFM745_00287 (length 1064)
/home/dich3309/rnaseq-tnseq-enterococcus-analysis/analyses/04_annotation/structural/prokka/efaecium_e745:Prokka:EFM745_00288 (length 1042)
/home/dich3309/rnaseq-tnseq-enterococcus-analysis/analyses/04_annotation/structural/prokka/efaecium_e745:Prokka:EFM745_00289 (length 373)
/home/dich3309/rnaseq-tnseq-enterococcus-analysis/analyses/04_annotation/structural/prokka/efaecium_e745:Prokka:EFM745_00290 (length 207)
/home/dich3309/rnaseq-tnseq-enterococcus-analysis/analyses/04_annotation/structural/prokka/efaecium_e745:Prokka:EFM745_00291 (length 244)
/home/dich3309/rnaseq-tnseq-enterococcus-analysis/analyses/04_annotation/structural/prokka/efaecium_e745:Prokka:EFM745_00292 (length 94)
/home/dich3309/rnaseq-tnseq-enterococcus-analysis/analyses/04_annotation/structural/prokka/efaecium_e745:Prokka:EFM745_00293 (length 627)
/home/dich3309/rnaseq-tnseq-enterococcus-analysis/analyses/04_annotation/structural/prokka/efaecium_e745:Prokka:EFM745_00294 (length 291)
/home/dich3309/rnaseq-tnseq-enterococcus-analysis/analyses/04_annotation/structural/prokka/efaecium_e745:Prokka:EFM745_00295 (length 589)
/home/dich3309/rnaseq-tnseq-enterococcus-analysis/analyses/04_annotation/structural/prokka/efaecium_e745:Prokka:EFM745_00296 (length 430)
/home/dich3309/rnaseq-tnseq-enterococcus-analysis/analyses/04_annotation/structural/prokka/efaecium_e745:Prokka:EFM745_00297 (length 315)
/home/dich3309/rnaseq-tnseq-enterococcus-analysis/analyses/04_annotation/structural/prokka/efaecium_e745:Prokka:EFM745_00298 (length 419)
/home/dich3309/rnaseq-tnseq-enterococcus-analysis/analyses/04_annotation/structural/prokka/efaecium_e745:Prokka:EFM745_00299 (length 148)
/home/dich3309/rnaseq-tnseq-enterococcus-analysis/analyses/04_annotation/structural/prokka/efaecium_e745:Prokka:EFM745_00300 (length 737)
/home/dich3309/rnaseq-tnseq-enterococcus-analysis/analyses/04_annotation/structural/prokka/efaecium_e745:Prokka:EFM745_00301 (length 254)
/home/dich3309/rnaseq-tnseq-enterococcus-analysis/analyses/04_annotation/structural/prokka/efaecium_e745:Prokka:EFM745_00302 (length 315)
/home/dich3309/rnaseq-tnseq-enterococcus-analysis/analyses/04_annotation/structural/prokka/efaecium_e745:Prokka:EFM745_00303 (length 162)
/home/dich3309/rnaseq-tnseq-enterococcus-analysis/analyses/04_annotation/structural/prokka/efaecium_e745:Prokka:EFM745_00304 (length 223)
/home/dich3309/rnaseq-tnseq-enterococcus-analysis/analyses/04_annotation/structural/prokka/efaecium_e745:Prokka:EFM745_00305 (length 428)
/home/dich3309/rnaseq-tnseq-enterococcus-analysis/analyses/04_annotation/structural/prokka/efaecium_e745:Prokka:EFM745_00307 (length 94)
/home/dich3309/rnaseq-tnseq-enterococcus-analysis/analyses/04_annotation/structural/prokka/efaecium_e745:Prokka:EFM745_00308 (length 159)
/home/dich3309/rnaseq-tnseq-enterococcus-analysis/analyses/04_annotation/structural/prokka/efaecium_e745:Prokka:EFM745_00309 (length 42)
/home/dich3309/rnaseq-tnseq-enterococcus-analysis/analyses/04_annotation/structural/prokka/efaecium_e745:Prokka:EFM745_00310 (length 527)
/home/dich3309/rnaseq-tnseq-enterococcus-analysis/analyses/04_annotation/structural/prokka/efaecium_e745:Prokka:EFM745_00311 (length 394)
/home/dich3309/rnaseq-tnseq-enterococcus-analysis/analyses/04_annotation/structural/prokka/efaecium_e745:Prokka:EFM745_00312 (length 335)
/home/dich3309/rnaseq-tnseq-enterococcus-analysis/analyses/04_annotation/structural/prokka/efaecium_e745:Prokka:EFM745_00313 (length 119)
/home/dich3309/rnaseq-tnseq-enterococcus-analysis/analyses/04_annotation/structural/prokka/efaecium_e745:Prokka:EFM745_00314 (length 141)
/home/dich3309/rnaseq-tnseq-enterococcus-analysis/analyses/04_annotation/structural/prokka/efaecium_e745:Prokka:EFM745_00315 (length 100)
/home/dich3309/rnaseq-tnseq-enterococcus-analysis/analyses/04_annotation/structural/prokka/efaecium_e745:Prokka:EFM745_00316 (length 164)
/home/dich3309/rnaseq-tnseq-enterococcus-analysis/analyses/04_annotation/structural/prokka/efaecium_e745:Prokka:EFM745_00317 (length 92)
/home/dich3309/rnaseq-tnseq-enterococcus-analysis/analyses/04_annotation/structural/prokka/efaecium_e745:Prokka:EFM745_00318 (length 349)
/home/dich3309/rnaseq-tnseq-enterococcus-analysis/analyses/04_annotation/structural/prokka/efaecium_e745:Prokka:EFM745_00319 (length 309)
/home/dich3309/rnaseq-tnseq-enterococcus-analysis/analyses/04_annotation/structural/prokka/efaecium_e745:Prokka:EFM745_00320 (length 584)
/home/dich3309/rnaseq-tnseq-enterococcus-analysis/analyses/04_annotation/structural/prokka/efaecium_e745:Prokka:EFM745_00321 (length 220)
/home/dich3309/rnaseq-tnseq-enterococcus-analysis/analyses/04_annotation/structural/prokka/efaecium_e745:Prokka:EFM745_00322 (length 260)
/home/dich3309/rnaseq-tnseq-enterococcus-analysis/analyses/04_annotation/structural/prokka/efaecium_e745:Prokka:EFM745_00323 (length 403)
/home/dich3309/rnaseq-tnseq-enterococcus-analysis/analyses/04_annotation/structural/prokka/efaecium_e745:Prokka:EFM745_00324 (length 245)
/home/dich3309/rnaseq-tnseq-enterococcus-analysis/analyses/04_annotation/structural/prokka/efaecium_e745:Prokka:EFM745_00325 (length 144)
/home/dich3309/rnaseq-tnseq-enterococcus-analysis/analyses/04_annotation/structural/prokka/efaecium_e745:Prokka:EFM745_00326 (length 114)
/home/dich3309/rnaseq-tnseq-enterococcus-analysis/analyses/04_annotation/structural/prokka/efaecium_e745:Prokka:EFM745_00327 (length 336)
/home/dich3309/rnaseq-tnseq-enterococcus-analysis/analyses/04_annotation/structural/prokka/efaecium_e745:Prokka:EFM745_00328 (length 314)
/home/dich3309/rnaseq-tnseq-enterococcus-analysis/analyses/04_annotation/structural/prokka/efaecium_e745:Prokka:EFM745_00329 (length 906)
/home/dich3309/rnaseq-tnseq-enterococcus-analysis/analyses/04_annotation/structural/prokka/efaecium_e745:Prokka:EFM745_00330 (length 406)
/home/dich3309/rnaseq-tnseq-enterococcus-analysis/analyses/04_annotation/structural/prokka/efaecium_e745:Prokka:EFM745_00331 (length 278)
/home/dich3309/rnaseq-tnseq-enterococcus-analysis/analyses/04_annotation/structural/prokka/efaecium_e745:Prokka:EFM745_00335 (length 436)
/home/dich3309/rnaseq-tnseq-enterococcus-analysis/analyses/04_annotation/structural/prokka/efaecium_e745:Prokka:EFM745_00336 (length 472)
/home/dich3309/rnaseq-tnseq-enterococcus-analysis/analyses/04_annotation/structural/prokka/efaecium_e745:Prokka:EFM745_00337 (length 522)
/home/dich3309/rnaseq-tnseq-enterococcus-analysis/analyses/04_annotation/structural/prokka/efaecium_e745:Prokka:EFM745_00338 (length 136)
/home/dich3309/rnaseq-tnseq-enterococcus-analysis/analyses/04_annotation/structural/prokka/efaecium_e745:Prokka:EFM745_00339 (length 307)
/home/dich3309/rnaseq-tnseq-enterococcus-analysis/analyses/04_annotation/structural/prokka/efaecium_e745:Prokka:EFM745_00340 (length 299)
/home/dich3309/rnaseq-tnseq-enterococcus-analysis/analyses/04_annotation/structural/prokka/efaecium_e745:Prokka:EFM745_00341 (length 445)
/home/dich3309/rnaseq-tnseq-enterococcus-analysis/analyses/04_annotation/structural/prokka/efaecium_e745:Prokka:EFM745_00342 (length 367)
/home/dich3309/rnaseq-tnseq-enterococcus-analysis/analyses/04_annotation/structural/prokka/efaecium_e745:Prokka:EFM745_00343 (length 502)
/home/dich3309/rnaseq-tnseq-enterococcus-analysis/analyses/04_annotation/structural/prokka/efaecium_e745:Prokka:EFM745_00344 (length 230)
/home/dich3309/rnaseq-tnseq-enterococcus-analysis/analyses/04_annotation/structural/prokka/efaecium_e745:Prokka:EFM745_00345 (length 324)
/home/dich3309/rnaseq-tnseq-enterococcus-analysis/analyses/04_annotation/structural/prokka/efaecium_e745:Prokka:EFM745_00346 (length 290)
/home/dich3309/rnaseq-tnseq-enterococcus-analysis/analyses/04_annotation/structural/prokka/efaecium_e745:Prokka:EFM745_00347 (length 732)
/home/dich3309/rnaseq-tnseq-enterococcus-analysis/analyses/04_annotation/structural/prokka/efaecium_e745:Prokka:EFM745_00348 (length 330)
/home/dich3309/rnaseq-tnseq-enterococcus-analysis/analyses/04_annotation/structural/prokka/efaecium_e745:Prokka:EFM745_00349 (length 473)
/home/dich3309/rnaseq-tnseq-enterococcus-analysis/analyses/04_annotation/structural/prokka/efaecium_e745:Prokka:EFM745_00350 (length 499)
/home/dich3309/rnaseq-tnseq-enterococcus-analysis/analyses/04_annotation/structural/prokka/efaecium_e745:Prokka:EFM745_00351 (length 464)
/home/dich3309/rnaseq-tnseq-enterococcus-analysis/analyses/04_annotation/structural/prokka/efaecium_e745:Prokka:EFM745_00352 (length 227)
/home/dich3309/rnaseq-tnseq-enterococcus-analysis/analyses/04_annotation/structural/prokka/efaecium_e745:Prokka:EFM745_00353 (length 278)
/home/dich3309/rnaseq-tnseq-enterococcus-analysis/analyses/04_annotation/structural/prokka/efaecium_e745:Prokka:EFM745_00354 (length 584)
/home/dich3309/rnaseq-tnseq-enterococcus-analysis/analyses/04_annotation/structural/prokka/efaecium_e745:Prokka:EFM745_00355 (length 113)
/home/dich3309/rnaseq-tnseq-enterococcus-analysis/analyses/04_annotation/structural/prokka/efaecium_e745:Prokka:EFM745_00356 (length 723)
/home/dich3309/rnaseq-tnseq-enterococcus-analysis/analyses/04_annotation/structural/prokka/efaecium_e745:Prokka:EFM745_00357 (length 285)
/home/dich3309/rnaseq-tnseq-enterococcus-analysis/analyses/04_annotation/structural/prokka/efaecium_e745:Prokka:EFM745_00358 (length 285)
/home/dich3309/rnaseq-tnseq-enterococcus-analysis/analyses/04_annotation/structural/prokka/efaecium_e745:Prokka:EFM745_00359 (length 900)
/home/dich3309/rnaseq-tnseq-enterococcus-analysis/analyses/04_annotation/structural/prokka/efaecium_e745:Prokka:EFM745_00360 (length 429)
/home/dich3309/rnaseq-tnseq-enterococcus-analysis/analyses/04_annotation/structural/prokka/efaecium_e745:Prokka:EFM745_00361 (length 348)
/home/dich3309/rnaseq-tnseq-enterococcus-analysis/analyses/04_annotation/structural/prokka/efaecium_e745:Prokka:EFM745_00362 (length 717)
/home/dich3309/rnaseq-tnseq-enterococcus-analysis/analyses/04_annotation/structural/prokka/efaecium_e745:Prokka:EFM745_00363 (length 481)
/home/dich3309/rnaseq-tnseq-enterococcus-analysis/analyses/04_annotation/structural/prokka/efaecium_e745:Prokka:EFM745_00364 (length 574)
/home/dich3309/rnaseq-tnseq-enterococcus-analysis/analyses/04_annotation/structural/prokka/efaecium_e745:Prokka:EFM745_00365 (length 204)
/home/dich3309/rnaseq-tnseq-enterococcus-analysis/analyses/04_annotation/structural/prokka/efaecium_e745:Prokka:EFM745_00366 (length 485)
/home/dich3309/rnaseq-tnseq-enterococcus-analysis/analyses/04_annotation/structural/prokka/efaecium_e745:Prokka:EFM745_00367 (length 306)
/home/dich3309/rnaseq-tnseq-enterococcus-analysis/analyses/04_annotation/structural/prokka/efaecium_e745:Prokka:EFM745_00368 (length 315)
/home/dich3309/rnaseq-tnseq-enterococcus-analysis/analyses/04_annotation/structural/prokka/efaecium_e745:Prokka:EFM745_00369 (length 239)
/home/dich3309/rnaseq-tnseq-enterococcus-analysis/analyses/04_annotation/structural/prokka/efaecium_e745:Prokka:EFM745_00370 (length 548)
/home/dich3309/rnaseq-tnseq-enterococcus-analysis/analyses/04_annotation/structural/prokka/efaecium_e745:Prokka:EFM745_00371 (length 196)
/home/dich3309/rnaseq-tnseq-enterococcus-analysis/analyses/04_annotation/structural/prokka/efaecium_e745:Prokka:EFM745_00372 (length 501)
/home/dich3309/rnaseq-tnseq-enterococcus-analysis/analyses/04_annotation/structural/prokka/efaecium_e745:Prokka:EFM745_00373 (length 450)
/home/dich3309/rnaseq-tnseq-enterococcus-analysis/analyses/04_annotation/structural/prokka/efaecium_e745:Prokka:EFM745_00374 (length 172)
/home/dich3309/rnaseq-tnseq-enterococcus-analysis/analyses/04_annotation/structural/prokka/efaecium_e745:Prokka:EFM745_00375 (length 108)
/home/dich3309/rnaseq-tnseq-enterococcus-analysis/analyses/04_annotation/structural/prokka/efaecium_e745:Prokka:EFM745_00376 (length 659)
/home/dich3309/rnaseq-tnseq-enterococcus-analysis/analyses/04_annotation/structural/prokka/efaecium_e745:Prokka:EFM745_00377 (length 104)
/home/dich3309/rnaseq-tnseq-enterococcus-analysis/analyses/04_annotation/structural/prokka/efaecium_e745:Prokka:EFM745_00378 (length 97)
/home/dich3309/rnaseq-tnseq-enterococcus-analysis/analyses/04_annotation/structural/prokka/efaecium_e745:Prokka:EFM745_00379 (length 356)
/home/dich3309/rnaseq-tnseq-enterococcus-analysis/analyses/04_annotation/structural/prokka/efaecium_e745:Prokka:EFM745_00380 (length 339)
/home/dich3309/rnaseq-tnseq-enterococcus-analysis/analyses/04_annotation/structural/prokka/efaecium_e745:Prokka:EFM745_00381 (length 930)
/home/dich3309/rnaseq-tnseq-enterococcus-analysis/analyses/04_annotation/structural/prokka/efaecium_e745:Prokka:EFM745_00382 (length 74)
/home/dich3309/rnaseq-tnseq-enterococcus-analysis/analyses/04_annotation/structural/prokka/efaecium_e745:Prokka:EFM745_00383 (length 253)
/home/dich3309/rnaseq-tnseq-enterococcus-analysis/analyses/04_annotation/structural/prokka/efaecium_e745:Prokka:EFM745_00384 (length 573)
/home/dich3309/rnaseq-tnseq-enterococcus-analysis/analyses/04_annotation/structural/prokka/efaecium_e745:Prokka:EFM745_00385 (length 594)
/home/dich3309/rnaseq-tnseq-enterococcus-analysis/analyses/04_annotation/structural/prokka/efaecium_e745:Prokka:EFM745_00386 (length 517)
/home/dich3309/rnaseq-tnseq-enterococcus-analysis/analyses/04_annotation/structural/prokka/efaecium_e745:Prokka:EFM745_00387 (length 804)
/home/dich3309/rnaseq-tnseq-enterococcus-analysis/analyses/04_annotation/structural/prokka/efaecium_e745:Prokka:EFM745_00389 (length 672)
/home/dich3309/rnaseq-tnseq-enterococcus-analysis/analyses/04_annotation/structural/prokka/efaecium_e745:Prokka:EFM745_00390 (length 218)
/home/dich3309/rnaseq-tnseq-enterococcus-analysis/analyses/04_annotation/structural/prokka/efaecium_e745:Prokka:EFM745_00391 (length 318)
/home/dich3309/rnaseq-tnseq-enterococcus-analysis/analyses/04_annotation/structural/prokka/efaecium_e745:Prokka:EFM745_00392 (length 188)
/home/dich3309/rnaseq-tnseq-enterococcus-analysis/analyses/04_annotation/structural/prokka/efaecium_e745:Prokka:EFM745_00393 (length 589)
/home/dich3309/rnaseq-tnseq-enterococcus-analysis/analyses/04_annotation/structural/prokka/efaecium_e745:Prokka:EFM745_00394 (length 570)
/home/dich3309/rnaseq-tnseq-enterococcus-analysis/analyses/04_annotation/structural/prokka/efaecium_e745:Prokka:EFM745_00395 (length 222)
/home/dich3309/rnaseq-tnseq-enterococcus-analysis/analyses/04_annotation/structural/prokka/efaecium_e745:Prokka:EFM745_00396 (length 262)
/home/dich3309/rnaseq-tnseq-enterococcus-analysis/analyses/04_annotation/structural/prokka/efaecium_e745:Prokka:EFM745_00397 (length 490)
/home/dich3309/rnaseq-tnseq-enterococcus-analysis/analyses/04_annotation/structural/prokka/efaecium_e745:Prokka:EFM745_00398 (length 431)
/home/dich3309/rnaseq-tnseq-enterococcus-analysis/analyses/04_annotation/structural/prokka/efaecium_e745:Prokka:EFM745_00399 (length 397)
/home/dich3309/rnaseq-tnseq-enterococcus-analysis/analyses/04_annotation/structural/prokka/efaecium_e745:Prokka:EFM745_00430 (length 431)
/home/dich3309/rnaseq-tnseq-enterococcus-analysis/analyses/04_annotation/structural/prokka/efaecium_e745:Prokka:EFM745_00431 (length 498)
/home/dich3309/rnaseq-tnseq-enterococcus-analysis/analyses/04_annotation/structural/prokka/efaecium_e745:Prokka:EFM745_00432 (length 334)
/home/dich3309/rnaseq-tnseq-enterococcus-analysis/analyses/04_annotation/structural/prokka/efaecium_e745:Prokka:EFM745_00433 (length 295)
/home/dich3309/rnaseq-tnseq-enterococcus-analysis/analyses/04_annotation/structural/prokka/efaecium_e745:Prokka:EFM745_00434 (length 703)
/home/dich3309/rnaseq-tnseq-enterococcus-analysis/analyses/04_annotation/structural/prokka/efaecium_e745:Prokka:EFM745_00435 (length 181)
/home/dich3309/rnaseq-tnseq-enterococcus-analysis/analyses/04_annotation/structural/prokka/efaecium_e745:Prokka:EFM745_00436 (length 484)
/home/dich3309/rnaseq-tnseq-enterococcus-analysis/analyses/04_annotation/structural/prokka/efaecium_e745:Prokka:EFM745_00437 (length 156)
/home/dich3309/rnaseq-tnseq-enterococcus-analysis/analyses/04_annotation/structural/prokka/efaecium_e745:Prokka:EFM745_00438 (length 141)
/home/dich3309/rnaseq-tnseq-enterococcus-analysis/analyses/04_annotation/structural/prokka/efaecium_e745:Prokka:EFM745_00439 (length 89)
/home/dich3309/rnaseq-tnseq-enterococcus-analysis/analyses/04_annotation/structural/prokka/efaecium_e745:Prokka:EFM745_00440 (length 531)
/home/dich3309/rnaseq-tnseq-enterococcus-analysis/analyses/04_annotation/structural/prokka/efaecium_e745:Prokka:EFM745_00441 (length 1173)
/home/dich3309/rnaseq-tnseq-enterococcus-analysis/analyses/04_annotation/structural/prokka/efaecium_e745:Prokka:EFM745_00442 (length 186)
/home/dich3309/rnaseq-tnseq-enterococcus-analysis/analyses/04_annotation/structural/prokka/efaecium_e745:Prokka:EFM745_00443 (length 324)
/home/dich3309/rnaseq-tnseq-enterococcus-analysis/analyses/04_annotation/structural/prokka/efaecium_e745:Prokka:EFM745_00444 (length 466)
/home/dich3309/rnaseq-tnseq-enterococcus-analysis/analyses/04_annotation/structural/prokka/efaecium_e745:Prokka:EFM745_00445 (length 240)
/home/dich3309/rnaseq-tnseq-enterococcus-analysis/analyses/04_annotation/structural/prokka/efaecium_e745:Prokka:EFM745_00446 (length 168)
/home/dich3309/rnaseq-tnseq-enterococcus-analysis/analyses/04_annotation/structural/prokka/efaecium_e745:Prokka:EFM745_00447 (length 599)
/home/dich3309/rnaseq-tnseq-enterococcus-analysis/analyses/04_annotation/structural/prokka/efaecium_e745:Prokka:EFM745_00448 (length 524)
/home/dich3309/rnaseq-tnseq-enterococcus-analysis/analyses/04_annotation/structural/prokka/efaecium_e745:Prokka:EFM745_00449 (length 169)
/home/dich3309/rnaseq-tnseq-enterococcus-analysis/analyses/04_annotation/structural/prokka/efaecium_e745:Prokka:EFM745_00450 (length 284)
/home/dich3309/rnaseq-tnseq-enterococcus-analysis/analyses/04_annotation/structural/prokka/efaecium_e745:Prokka:EFM745_00451 (length 212)
/home/dich3309/rnaseq-tnseq-enterococcus-analysis/analyses/04_annotation/structural/prokka/efaecium_e745:Prokka:EFM745_00452 (length 216)
/home/dich3309/rnaseq-tnseq-enterococcus-analysis/analyses/04_annotation/structural/prokka/efaecium_e745:Prokka:EFM745_00453 (length 299)
/home/dich3309/rnaseq-tnseq-enterococcus-analysis/analyses/04_annotation/structural/prokka/efaecium_e745:Prokka:EFM745_00454 (length 689)
/home/dich3309/rnaseq-tnseq-enterococcus-analysis/analyses/04_annotation/structural/prokka/efaecium_e745:Prokka:EFM745_00455 (length 246)
/home/dich3309/rnaseq-tnseq-enterococcus-analysis/analyses/04_annotation/structural/prokka/efaecium_e745:Prokka:EFM745_00456 (length 452)
/home/dich3309/rnaseq-tnseq-enterococcus-analysis/analyses/04_annotation/structural/prokka/efaecium_e745:Prokka:EFM745_00457 (length 312)
/home/dich3309/rnaseq-tnseq-enterococcus-analysis/analyses/04_annotation/structural/prokka/efaecium_e745:Prokka:EFM745_00458 (length 163)
/home/dich3309/rnaseq-tnseq-enterococcus-analysis/analyses/04_annotation/structural/prokka/efaecium_e745:Prokka:EFM745_00459 (length 802)
/home/dich3309/rnaseq-tnseq-enterococcus-analysis/analyses/04_annotation/structural/prokka/efaecium_e745:Prokka:EFM745_00460 (length 101)
/home/dich3309/rnaseq-tnseq-enterococcus-analysis/analyses/04_annotation/structural/prokka/efaecium_e745:Prokka:EFM745_00461 (length 204)
/home/dich3309/rnaseq-tnseq-enterococcus-analysis/analyses/04_annotation/structural/prokka/efaecium_e745:Prokka:EFM745_00462 (length 94)
/home/dich3309/rnaseq-tnseq-enterococcus-analysis/analyses/04_annotation/structural/prokka/efaecium_e745:Prokka:EFM745_00463 (length 296)
/home/dich3309/rnaseq-tnseq-enterococcus-analysis/analyses/04_annotation/structural/prokka/efaecium_e745:Prokka:EFM745_00464 (length 72)
/home/dich3309/rnaseq-tnseq-enterococcus-analysis/analyses/04_annotation/structural/prokka/efaecium_e745:Prokka:EFM745_00465 (length 566)
/home/dich3309/rnaseq-tnseq-enterococcus-analysis/analyses/04_annotation/structural/prokka/efaecium_e745:Prokka:EFM745_00466 (length 257)
/home/dich3309/rnaseq-tnseq-enterococcus-analysis/analyses/04_annotation/structural/prokka/efaecium_e745:Prokka:EFM745_00467 (length 189)
/home/dich3309/rnaseq-tnseq-enterococcus-analysis/analyses/04_annotation/structural/prokka/efaecium_e745:Prokka:EFM745_00469 (length 323)
/home/dich3309/rnaseq-tnseq-enterococcus-analysis/analyses/04_annotation/structural/prokka/efaecium_e745:Prokka:EFM745_00470 (length 457)
/home/dich3309/rnaseq-tnseq-enterococcus-analysis/analyses/04_annotation/structural/prokka/efaecium_e745:Prokka:EFM745_00471 (length 272)
/home/dich3309/rnaseq-tnseq-enterococcus-analysis/analyses/04_annotation/structural/prokka/efaecium_e745:Prokka:EFM745_00472 (length 274)
/home/dich3309/rnaseq-tnseq-enterococcus-analysis/analyses/04_annotation/structural/prokka/efaecium_e745:Prokka:EFM745_00473 (length 226)
/home/dich3309/rnaseq-tnseq-enterococcus-analysis/analyses/04_annotation/structural/prokka/efaecium_e745:Prokka:EFM745_00474 (length 312)
/home/dich3309/rnaseq-tnseq-enterococcus-analysis/analyses/04_annotation/structural/prokka/efaecium_e745:Prokka:EFM745_00475 (length 281)
/home/dich3309/rnaseq-tnseq-enterococcus-analysis/analyses/04_annotation/structural/prokka/efaecium_e745:Prokka:EFM745_00476 (length 857)
/home/dich3309/rnaseq-tnseq-enterococcus-analysis/analyses/04_annotation/structural/prokka/efaecium_e745:Prokka:EFM745_00477 (length 268)
/home/dich3309/rnaseq-tnseq-enterococcus-analysis/analyses/04_annotation/structural/prokka/efaecium_e745:Prokka:EFM745_00478 (length 518)
/home/dich3309/rnaseq-tnseq-enterococcus-analysis/analyses/04_annotation/structural/prokka/efaecium_e745:Prokka:EFM745_00479 (length 349)
/home/dich3309/rnaseq-tnseq-enterococcus-analysis/analyses/04_annotation/structural/prokka/efaecium_e745:Prokka:EFM745_00480 (length 413)
/home/dich3309/rnaseq-tnseq-enterococcus-analysis/analyses/04_annotation/structural/prokka/efaecium_e745:Prokka:EFM745_00481 (length 192)
/home/dich3309/rnaseq-tnseq-enterococcus-analysis/analyses/04_annotation/structural/prokka/efaecium_e745:Prokka:EFM745_00482 (length 294)
/home/dich3309/rnaseq-tnseq-enterococcus-analysis/analyses/04_annotation/structural/prokka/efaecium_e745:Prokka:EFM745_00483 (length 428)
/home/dich3309/rnaseq-tnseq-enterococcus-analysis/analyses/04_annotation/structural/prokka/efaecium_e745:Prokka:EFM745_00484 (length 422)
/home/dich3309/rnaseq-tnseq-enterococcus-analysis/analyses/04_annotation/structural/prokka/efaecium_e745:Prokka:EFM745_00485 (length 153)
/home/dich3309/rnaseq-tnseq-enterococcus-analysis/analyses/04_annotation/structural/prokka/efaecium_e745:Prokka:EFM745_00486 (length 148)
/home/dich3309/rnaseq-tnseq-enterococcus-analysis/analyses/04_annotation/structural/prokka/efaecium_e745:Prokka:EFM745_00487 (length 81)
/home/dich3309/rnaseq-tnseq-enterococcus-analysis/analyses/04_annotation/structural/prokka/efaecium_e745:Prokka:EFM745_00488 (length 192)
/home/dich3309/rnaseq-tnseq-enterococcus-analysis/analyses/04_annotation/structural/prokka/efaecium_e745:Prokka:EFM745_00489 (length 176)
/home/dich3309/rnaseq-tnseq-enterococcus-analysis/analyses/04_annotation/structural/prokka/efaecium_e745:Prokka:EFM745_00490 (length 286)
/home/dich3309/rnaseq-tnseq-enterococcus-analysis/analyses/04_annotation/structural/prokka/efaecium_e745:Prokka:EFM745_00491 (length 131)
/home/dich3309/rnaseq-tnseq-enterococcus-analysis/analyses/04_annotation/structural/prokka/efaecium_e745:Prokka:EFM745_00492 (length 470)
/home/dich3309/rnaseq-tnseq-enterococcus-analysis/analyses/04_annotation/structural/prokka/efaecium_e745:Prokka:EFM745_00493 (length 178)
/home/dich3309/rnaseq-tnseq-enterococcus-analysis/analyses/04_annotation/structural/prokka/efaecium_e745:Prokka:EFM745_00495 (length 486)
/home/dich3309/rnaseq-tnseq-enterococcus-analysis/analyses/04_annotation/structural/prokka/efaecium_e745:Prokka:EFM745_00496 (length 385)
/home/dich3309/rnaseq-tnseq-enterococcus-analysis/analyses/04_annotation/structural/prokka/efaecium_e745:Prokka:EFM745_00497 (length 456)
/home/dich3309/rnaseq-tnseq-enterococcus-analysis/analyses/04_annotation/structural/prokka/efaecium_e745:Prokka:EFM745_00498 (length 175)
/home/dich3309/rnaseq-tnseq-enterococcus-analysis/analyses/04_annotation/structural/prokka/efaecium_e745:Prokka:EFM745_00499 (length 268)
/home/dich3309/rnaseq-tnseq-enterococcus-analysis/analyses/04_annotation/structural/prokka/efaecium_e745:Prokka:EFM745_00500 (length 415)
/home/dich3309/rnaseq-tnseq-enterococcus-analysis/analyses/04_annotation/structural/prokka/efaecium_e745:Prokka:EFM745_00501 (length 114)
/home/dich3309/rnaseq-tnseq-enterococcus-analysis/analyses/04_annotation/structural/prokka/efaecium_e745:Prokka:EFM745_00502 (length 108)
/home/dich3309/rnaseq-tnseq-enterococcus-analysis/analyses/04_annotation/structural/prokka/efaecium_e745:Prokka:EFM745_00503 (length 310)
/home/dich3309/rnaseq-tnseq-enterococcus-analysis/analyses/04_annotation/structural/prokka/efaecium_e745:Prokka:EFM745_00504 (length 89)
/home/dich3309/rnaseq-tnseq-enterococcus-analysis/analyses/04_annotation/structural/prokka/efaecium_e745:Prokka:EFM745_00505 (length 171)
/home/dich3309/rnaseq-tnseq-enterococcus-analysis/analyses/04_annotation/structural/prokka/efaecium_e745:Prokka:EFM745_00506 (length 148)
/home/dich3309/rnaseq-tnseq-enterococcus-analysis/analyses/04_annotation/structural/prokka/efaecium_e745:Prokka:EFM745_00507 (length 492)
/home/dich3309/rnaseq-tnseq-enterococcus-analysis/analyses/04_annotation/structural/prokka/efaecium_e745:Prokka:EFM745_00508 (length 79)
/home/dich3309/rnaseq-tnseq-enterococcus-analysis/analyses/04_annotation/structural/prokka/efaecium_e745:Prokka:EFM745_00509 (length 130)
/home/dich3309/rnaseq-tnseq-enterococcus-analysis/analyses/04_annotation/structural/prokka/efaecium_e745:Prokka:EFM745_00510 (length 154)
/home/dich3309/rnaseq-tnseq-enterococcus-analysis/analyses/04_annotation/structural/prokka/efaecium_e745:Prokka:EFM745_00511 (length 422)
/home/dich3309/rnaseq-tnseq-enterococcus-analysis/analyses/04_annotation/structural/prokka/efaecium_e745:Prokka:EFM745_00512 (length 245)
/home/dich3309/rnaseq-tnseq-enterococcus-analysis/analyses/04_annotation/structural/prokka/efaecium_e745:Prokka:EFM745_00513 (length 189)
/home/dich3309/rnaseq-tnseq-enterococcus-analysis/analyses/04_annotation/structural/prokka/efaecium_e745:Prokka:EFM745_00514 (length 290)
/home/dich3309/rnaseq-tnseq-enterococcus-analysis/analyses/04_annotation/structural/prokka/efaecium_e745:Prokka:EFM745_00515 (length 290)
/home/dich3309/rnaseq-tnseq-enterococcus-analysis/analyses/04_annotation/structural/prokka/efaecium_e745:Prokka:EFM745_00516 (length 652)
/home/dich3309/rnaseq-tnseq-enterococcus-analysis/analyses/04_annotation/structural/prokka/efaecium_e745:Prokka:EFM745_00517 (length 32)
/home/dich3309/rnaseq-tnseq-enterococcus-analysis/analyses/04_annotation/structural/prokka/efaecium_e745:Prokka:EFM745_00518 (length 283)
/home/dich3309/rnaseq-tnseq-enterococcus-analysis/analyses/04_annotation/structural/prokka/efaecium_e745:Prokka:EFM745_00519 (length 155)
/home/dich3309/rnaseq-tnseq-enterococcus-analysis/analyses/04_annotation/structural/prokka/efaecium_e745:Prokka:EFM745_00520 (length 160)
/home/dich3309/rnaseq-tnseq-enterococcus-analysis/analyses/04_annotation/structural/prokka/efaecium_e745:Prokka:EFM745_00521 (length 287)
/home/dich3309/rnaseq-tnseq-enterococcus-analysis/analyses/04_annotation/structural/prokka/efaecium_e745:Prokka:EFM745_00522 (length 282)
/home/dich3309/rnaseq-tnseq-enterococcus-analysis/analyses/04_annotation/structural/prokka/efaecium_e745:Prokka:EFM745_00523 (length 113)
/home/dich3309/rnaseq-tnseq-enterococcus-analysis/analyses/04_annotation/structural/prokka/efaecium_e745:Prokka:EFM745_00524 (length 235)
/home/dich3309/rnaseq-tnseq-enterococcus-analysis/analyses/04_annotation/structural/prokka/efaecium_e745:Prokka:EFM745_00525 (length 107)
/home/dich3309/rnaseq-tnseq-enterococcus-analysis/analyses/04_annotation/structural/prokka/efaecium_e745:Prokka:EFM745_00526 (length 345)
/home/dich3309/rnaseq-tnseq-enterococcus-analysis/analyses/04_annotation/structural/prokka/efaecium_e745:Prokka:EFM745_00527 (length 327)
/home/dich3309/rnaseq-tnseq-enterococcus-analysis/analyses/04_annotation/structural/prokka/efaecium_e745:Prokka:EFM745_00528 (length 256)
/home/dich3309/rnaseq-tnseq-enterococcus-analysis/analyses/04_annotation/structural/prokka/efaecium_e745:Prokka:EFM745_00529 (length 311)
/home/dich3309/rnaseq-tnseq-enterococcus-analysis/analyses/04_annotation/structural/prokka/efaecium_e745:Prokka:EFM745_00530 (length 35)
/home/dich3309/rnaseq-tnseq-enterococcus-analysis/analyses/04_annotation/structural/prokka/efaecium_e745:Prokka:EFM745_00531 (length 549)
/home/dich3309/rnaseq-tnseq-enterococcus-analysis/analyses/04_annotation/structural/prokka/efaecium_e745:Prokka:EFM745_00532 (length 298)
/home/dich3309/rnaseq-tnseq-enterococcus-analysis/analyses/04_annotation/structural/prokka/efaecium_e745:Prokka:EFM745_00533 (length 219)
/home/dich3309/rnaseq-tnseq-enterococcus-analysis/analyses/04_annotation/structural/prokka/efaecium_e745:Prokka:EFM745_00534 (length 260)
/home/dich3309/rnaseq-tnseq-enterococcus-analysis/analyses/04_annotation/structural/prokka/efaecium_e745:Prokka:EFM745_00535 (length 305)
/home/dich3309/rnaseq-tnseq-enterococcus-analysis/analyses/04_annotation/structural/prokka/efaecium_e745:Prokka:EFM745_00536 (length 71)
/home/dich3309/rnaseq-tnseq-enterococcus-analysis/analyses/04_annotation/structural/prokka/efaecium_e745:Prokka:EFM745_00537 (length 1075)
/home/dich3309/rnaseq-tnseq-enterococcus-analysis/analyses/04_annotation/structural/prokka/efaecium_e745:Prokka:EFM745_00538 (length 104)
/home/dich3309/rnaseq-tnseq-enterococcus-analysis/analyses/04_annotation/structural/prokka/efaecium_e745:Prokka:EFM745_00539 (length 124)
/home/dich3309/rnaseq-tnseq-enterococcus-analysis/analyses/04_annotation/structural/prokka/efaecium_e745:Prokka:EFM745_00540 (length 111)
/home/dich3309/rnaseq-tnseq-enterococcus-analysis/analyses/04_annotation/structural/prokka/efaecium_e745:Prokka:EFM745_00541 (length 381)
/home/dich3309/rnaseq-tnseq-enterococcus-analysis/analyses/04_annotation/structural/prokka/efaecium_e745:Prokka:EFM745_00543 (length 619)
/home/dich3309/rnaseq-tnseq-enterococcus-analysis/analyses/04_annotation/structural/prokka/efaecium_e745:Prokka:EFM745_00545 (length 79)
/home/dich3309/rnaseq-tnseq-enterococcus-analysis/analyses/04_annotation/structural/prokka/efaecium_e745:Prokka:EFM745_00546 (length 224)
/home/dich3309/rnaseq-tnseq-enterococcus-analysis/analyses/04_annotation/structural/prokka/efaecium_e745:Prokka:EFM745_00547 (length 54)
/home/dich3309/rnaseq-tnseq-enterococcus-analysis/analyses/04_annotation/structural/prokka/efaecium_e745:Prokka:EFM745_00548 (length 144)
/home/dich3309/rnaseq-tnseq-enterococcus-analysis/analyses/04_annotation/structural/prokka/efaecium_e745:Prokka:EFM745_00549 (length 235)
/home/dich3309/rnaseq-tnseq-enterococcus-analysis/analyses/04_annotation/structural/prokka/efaecium_e745:Prokka:EFM745_00550 (length 96)
/home/dich3309/rnaseq-tnseq-enterococcus-analysis/analyses/04_annotation/structural/prokka/efaecium_e745:Prokka:EFM745_00551 (length 394)
/home/dich3309/rnaseq-tnseq-enterococcus-analysis/analyses/04_annotation/structural/prokka/efaecium_e745:Prokka:EFM745_00552 (length 45)
/home/dich3309/rnaseq-tnseq-enterococcus-analysis/analyses/04_annotation/structural/prokka/efaecium_e745:Prokka:EFM745_00554 (length 636)
/home/dich3309/rnaseq-tnseq-enterococcus-analysis/analyses/04_annotation/structural/prokka/efaecium_e745:Prokka:EFM745_00556 (length 167)
/home/dich3309/rnaseq-tnseq-enterococcus-analysis/analyses/04_annotation/structural/prokka/efaecium_e745:Prokka:EFM745_00557 (length 129)
/home/dich3309/rnaseq-tnseq-enterococcus-analysis/analyses/04_annotation/structural/prokka/efaecium_e745:Prokka:EFM745_00558 (length 815)
/home/dich3309/rnaseq-tnseq-enterococcus-analysis/analyses/04_annotation/structural/prokka/efaecium_e745:Prokka:EFM745_00559 (length 707)
/home/dich3309/rnaseq-tnseq-enterococcus-analysis/analyses/04_annotation/structural/prokka/efaecium_e745:Prokka:EFM745_00560 (length 334)
/home/dich3309/rnaseq-tnseq-enterococcus-analysis/analyses/04_annotation/structural/prokka/efaecium_e745:Prokka:EFM745_00561 (length 303)
/home/dich3309/rnaseq-tnseq-enterococcus-analysis/analyses/04_annotation/structural/prokka/efaecium_e745:Prokka:EFM745_00562 (length 71)
/home/dich3309/rnaseq-tnseq-enterococcus-analysis/analyses/04_annotation/structural/prokka/efaecium_e745:Prokka:EFM745_00563 (length 479)
/home/dich3309/rnaseq-tnseq-enterococcus-analysis/analyses/04_annotation/structural/prokka/efaecium_e745:Prokka:EFM745_00564 (length 210)
/home/dich3309/rnaseq-tnseq-enterococcus-analysis/analyses/04_annotation/structural/prokka/efaecium_e745:Prokka:EFM745_00565 (length 483)
/home/dich3309/rnaseq-tnseq-enterococcus-analysis/analyses/04_annotation/structural/prokka/efaecium_e745:Prokka:EFM745_00566 (length 447)
/home/dich3309/rnaseq-tnseq-enterococcus-analysis/analyses/04_annotation/structural/prokka/efaecium_e745:Prokka:EFM745_00567 (length 1975)
/home/dich3309/rnaseq-tnseq-enterococcus-analysis/analyses/04_annotation/structural/prokka/efaecium_e745:Prokka:EFM745_00568 (length 144)
/home/dich3309/rnaseq-tnseq-enterococcus-analysis/analyses/04_annotation/structural/prokka/efaecium_e745:Prokka:EFM745_00569 (length 401)
/home/dich3309/rnaseq-tnseq-enterococcus-analysis/analyses/04_annotation/structural/prokka/efaecium_e745:Prokka:EFM745_00570 (length 128)
/home/dich3309/rnaseq-tnseq-enterococcus-analysis/analyses/04_annotation/structural/prokka/efaecium_e745:Prokka:EFM745_00571 (length 63)
/home/dich3309/rnaseq-tnseq-enterococcus-analysis/analyses/04_annotation/structural/prokka/efaecium_e745:Prokka:EFM745_00572 (length 64)
/home/dich3309/rnaseq-tnseq-enterococcus-analysis/analyses/04_annotation/structural/prokka/efaecium_e745:Prokka:EFM745_00573 (length 62)
/home/dich3309/rnaseq-tnseq-enterococcus-analysis/analyses/04_annotation/structural/prokka/efaecium_e745:Prokka:EFM745_00574 (length 375)
/home/dich3309/rnaseq-tnseq-enterococcus-analysis/analyses/04_annotation/structural/prokka/efaecium_e745:Prokka:EFM745_00575 (length 538)
/home/dich3309/rnaseq-tnseq-enterococcus-analysis/analyses/04_annotation/structural/prokka/efaecium_e745:Prokka:EFM745_00576 (length 72)
/home/dich3309/rnaseq-tnseq-enterococcus-analysis/analyses/04_annotation/structural/prokka/efaecium_e745:Prokka:EFM745_00577 (length 79)
/home/dich3309/rnaseq-tnseq-enterococcus-analysis/analyses/04_annotation/structural/prokka/efaecium_e745:Prokka:EFM745_00578 (length 507)
/home/dich3309/rnaseq-tnseq-enterococcus-analysis/analyses/04_annotation/structural/prokka/efaecium_e745:Prokka:EFM745_00579 (length 40)
/home/dich3309/rnaseq-tnseq-enterococcus-analysis/analyses/04_annotation/structural/prokka/efaecium_e745:Prokka:EFM745_00580 (length 327)
/home/dich3309/rnaseq-tnseq-enterococcus-analysis/analyses/04_annotation/structural/prokka/efaecium_e745:Prokka:EFM745_00581 (length 49)
/home/dich3309/rnaseq-tnseq-enterococcus-analysis/analyses/04_annotation/structural/prokka/efaecium_e745:Prokka:EFM745_00582 (length 125)
/home/dich3309/rnaseq-tnseq-enterococcus-analysis/analyses/04_annotation/structural/prokka/efaecium_e745:Prokka:EFM745_00583 (length 59)
/home/dich3309/rnaseq-tnseq-enterococcus-analysis/analyses/04_annotation/structural/prokka/efaecium_e745:Prokka:EFM745_00584 (length 89)
/home/dich3309/rnaseq-tnseq-enterococcus-analysis/analyses/04_annotation/structural/prokka/efaecium_e745:Prokka:EFM745_00585 (length 580)
/home/dich3309/rnaseq-tnseq-enterococcus-analysis/analyses/04_annotation/structural/prokka/efaecium_e745:Prokka:EFM745_00586 (length 584)
/home/dich3309/rnaseq-tnseq-enterococcus-analysis/analyses/04_annotation/structural/prokka/efaecium_e745:Prokka:EFM745_00587 (length 189)
/home/dich3309/rnaseq-tnseq-enterococcus-analysis/analyses/04_annotation/structural/prokka/efaecium_e745:Prokka:EFM745_00588 (length 471)
/home/dich3309/rnaseq-tnseq-enterococcus-analysis/analyses/04_annotation/structural/prokka/efaecium_e745:Prokka:EFM745_00589 (length 222)
/home/dich3309/rnaseq-tnseq-enterococcus-analysis/analyses/04_annotation/structural/prokka/efaecium_e745:Prokka:EFM745_00590 (length 172)
/home/dich3309/rnaseq-tnseq-enterococcus-analysis/analyses/04_annotation/structural/prokka/efaecium_e745:Prokka:EFM745_00591 (length 30)
/home/dich3309/rnaseq-tnseq-enterococcus-analysis/analyses/04_annotation/structural/prokka/efaecium_e745:Prokka:EFM745_00592 (length 77)
/home/dich3309/rnaseq-tnseq-enterococcus-analysis/analyses/04_annotation/structural/prokka/efaecium_e745:Prokka:EFM745_00593 (length 316)
/home/dich3309/rnaseq-tnseq-enterococcus-analysis/analyses/04_annotation/structural/prokka/efaecium_e745:Prokka:EFM745_00594 (length 135)
/home/dich3309/rnaseq-tnseq-enterococcus-analysis/analyses/04_annotation/structural/prokka/efaecium_e745:Prokka:EFM745_00595 (length 75)
/home/dich3309/rnaseq-tnseq-enterococcus-analysis/analyses/04_annotation/structural/prokka/efaecium_e745:Prokka:EFM745_00596 (length 395)
/home/dich3309/rnaseq-tnseq-enterococcus-analysis/analyses/04_annotation/structural/prokka/efaecium_e745:Prokka:EFM745_00597 (length 246)
/home/dich3309/rnaseq-tnseq-enterococcus-analysis/analyses/04_annotation/structural/prokka/efaecium_e745:Prokka:EFM745_00599 (length 408)
/home/dich3309/rnaseq-tnseq-enterococcus-analysis/analyses/04_annotation/structural/prokka/efaecium_e745:Prokka:EFM745_00600 (length 130)
/home/dich3309/rnaseq-tnseq-enterococcus-analysis/analyses/04_annotation/structural/prokka/efaecium_e745:Prokka:EFM745_00601 (length 147)
/home/dich3309/rnaseq-tnseq-enterococcus-analysis/analyses/04_annotation/structural/prokka/efaecium_e745:Prokka:EFM745_00602 (length 155)
/home/dich3309/rnaseq-tnseq-enterococcus-analysis/analyses/04_annotation/structural/prokka/efaecium_e745:Prokka:EFM745_00603 (length 512)
/home/dich3309/rnaseq-tnseq-enterococcus-analysis/analyses/04_annotation/structural/prokka/efaecium_e745:Prokka:EFM745_00604 (length 228)
/home/dich3309/rnaseq-tnseq-enterococcus-analysis/analyses/04_annotation/structural/prokka/efaecium_e745:Prokka:EFM745_00605 (length 175)
/home/dich3309/rnaseq-tnseq-enterococcus-analysis/analyses/04_annotation/structural/prokka/efaecium_e745:Prokka:EFM745_00606 (length 225)
/home/dich3309/rnaseq-tnseq-enterococcus-analysis/analyses/04_annotation/structural/prokka/efaecium_e745:Prokka:EFM745_00607 (length 376)
/home/dich3309/rnaseq-tnseq-enterococcus-analysis/analyses/04_annotation/structural/prokka/efaecium_e745:Prokka:EFM745_00608 (length 727)
/home/dich3309/rnaseq-tnseq-enterococcus-analysis/analyses/04_annotation/structural/prokka/efaecium_e745:Prokka:EFM745_00609 (length 341)
/home/dich3309/rnaseq-tnseq-enterococcus-analysis/analyses/04_annotation/structural/prokka/efaecium_e745:Prokka:EFM745_00610 (length 275)
/home/dich3309/rnaseq-tnseq-enterococcus-analysis/analyses/04_annotation/structural/prokka/efaecium_e745:Prokka:EFM745_00611 (length 355)
/home/dich3309/rnaseq-tnseq-enterococcus-analysis/analyses/04_annotation/structural/prokka/efaecium_e745:Prokka:EFM745_00612 (length 278)
/home/dich3309/rnaseq-tnseq-enterococcus-analysis/analyses/04_annotation/structural/prokka/efaecium_e745:Prokka:EFM745_00613 (length 289)
/home/dich3309/rnaseq-tnseq-enterococcus-analysis/analyses/04_annotation/structural/prokka/efaecium_e745:Prokka:EFM745_00614 (length 427)
/home/dich3309/rnaseq-tnseq-enterococcus-analysis/analyses/04_annotation/structural/prokka/efaecium_e745:Prokka:EFM745_00615 (length 561)
/home/dich3309/rnaseq-tnseq-enterococcus-analysis/analyses/04_annotation/structural/prokka/efaecium_e745:Prokka:EFM745_00616 (length 341)
/home/dich3309/rnaseq-tnseq-enterococcus-analysis/analyses/04_annotation/structural/prokka/efaecium_e745:Prokka:EFM745_00617 (length 1217)
/home/dich3309/rnaseq-tnseq-enterococcus-analysis/analyses/04_annotation/structural/prokka/efaecium_e745:Prokka:EFM745_00618 (length 1205)
/home/dich3309/rnaseq-tnseq-enterococcus-analysis/analyses/04_annotation/structural/prokka/efaecium_e745:Prokka:EFM745_00621 (length 322)
/home/dich3309/rnaseq-tnseq-enterococcus-analysis/analyses/04_annotation/structural/prokka/efaecium_e745:Prokka:EFM745_00622 (length 301)
/home/dich3309/rnaseq-tnseq-enterococcus-analysis/analyses/04_annotation/structural/prokka/efaecium_e745:Prokka:EFM745_00623 (length 268)
/home/dich3309/rnaseq-tnseq-enterococcus-analysis/analyses/04_annotation/structural/prokka/efaecium_e745:Prokka:EFM745_00624 (length 322)
/home/dich3309/rnaseq-tnseq-enterococcus-analysis/analyses/04_annotation/structural/prokka/efaecium_e745:Prokka:EFM745_00625 (length 174)
/home/dich3309/rnaseq-tnseq-enterococcus-analysis/analyses/04_annotation/structural/prokka/efaecium_e745:Prokka:EFM745_00626 (length 660)
/home/dich3309/rnaseq-tnseq-enterococcus-analysis/analyses/04_annotation/structural/prokka/efaecium_e745:Prokka:EFM745_00627 (length 328)
/home/dich3309/rnaseq-tnseq-enterococcus-analysis/analyses/04_annotation/structural/prokka/efaecium_e745:Prokka:EFM745_00628 (length 188)
/home/dich3309/rnaseq-tnseq-enterococcus-analysis/analyses/04_annotation/structural/prokka/efaecium_e745:Prokka:EFM745_00629 (length 138)
/home/dich3309/rnaseq-tnseq-enterococcus-analysis/analyses/04_annotation/structural/prokka/efaecium_e745:Prokka:EFM745_00630 (length 644)
/home/dich3309/rnaseq-tnseq-enterococcus-analysis/analyses/04_annotation/structural/prokka/efaecium_e745:Prokka:EFM745_00631 (length 318)
/home/dich3309/rnaseq-tnseq-enterococcus-analysis/analyses/04_annotation/structural/prokka/efaecium_e745:Prokka:EFM745_00632 (length 367)
/home/dich3309/rnaseq-tnseq-enterococcus-analysis/analyses/04_annotation/structural/prokka/efaecium_e745:Prokka:EFM745_00633 (length 317)
/home/dich3309/rnaseq-tnseq-enterococcus-analysis/analyses/04_annotation/structural/prokka/efaecium_e745:Prokka:EFM745_00634 (length 448)
/home/dich3309/rnaseq-tnseq-enterococcus-analysis/analyses/04_annotation/structural/prokka/efaecium_e745:Prokka:EFM745_00635 (length 416)
/home/dich3309/rnaseq-tnseq-enterococcus-analysis/analyses/04_annotation/structural/prokka/efaecium_e745:Prokka:EFM745_00636 (length 307)
/home/dich3309/rnaseq-tnseq-enterococcus-analysis/analyses/04_annotation/structural/prokka/efaecium_e745:Prokka:EFM745_00637 (length 830)
/home/dich3309/rnaseq-tnseq-enterococcus-analysis/analyses/04_annotation/structural/prokka/efaecium_e745:Prokka:EFM745_00638 (length 155)
/home/dich3309/rnaseq-tnseq-enterococcus-analysis/analyses/04_annotation/structural/prokka/efaecium_e745:Prokka:EFM745_00651 (length 229)
/home/dich3309/rnaseq-tnseq-enterococcus-analysis/analyses/04_annotation/structural/prokka/efaecium_e745:Prokka:EFM745_00652 (length 402)
/home/dich3309/rnaseq-tnseq-enterococcus-analysis/analyses/04_annotation/structural/prokka/efaecium_e745:Prokka:EFM745_00653 (length 423)
/home/dich3309/rnaseq-tnseq-enterococcus-analysis/analyses/04_annotation/structural/prokka/efaecium_e745:Prokka:EFM745_00654 (length 494)
/home/dich3309/rnaseq-tnseq-enterococcus-analysis/analyses/04_annotation/structural/prokka/efaecium_e745:Prokka:EFM745_00655 (length 231)
/home/dich3309/rnaseq-tnseq-enterococcus-analysis/analyses/04_annotation/structural/prokka/efaecium_e745:Prokka:EFM745_00656 (length 366)
/home/dich3309/rnaseq-tnseq-enterococcus-analysis/analyses/04_annotation/structural/prokka/efaecium_e745:Prokka:EFM745_00657 (length 63)
/home/dich3309/rnaseq-tnseq-enterococcus-analysis/analyses/04_annotation/structural/prokka/efaecium_e745:Prokka:EFM745_00658 (length 296)
/home/dich3309/rnaseq-tnseq-enterococcus-analysis/analyses/04_annotation/structural/prokka/efaecium_e745:Prokka:EFM745_00659 (length 255)
/home/dich3309/rnaseq-tnseq-enterococcus-analysis/analyses/04_annotation/structural/prokka/efaecium_e745:Prokka:EFM745_00660 (length 237)
/home/dich3309/rnaseq-tnseq-enterococcus-analysis/analyses/04_annotation/structural/prokka/efaecium_e745:Prokka:EFM745_00661 (length 633)
/home/dich3309/rnaseq-tnseq-enterococcus-analysis/analyses/04_annotation/structural/prokka/efaecium_e745:Prokka:EFM745_00662 (length 465)
/home/dich3309/rnaseq-tnseq-enterococcus-analysis/analyses/04_annotation/structural/prokka/efaecium_e745:Prokka:EFM745_00663 (length 112)
/home/dich3309/rnaseq-tnseq-enterococcus-analysis/analyses/04_annotation/structural/prokka/efaecium_e745:Prokka:EFM745_00664 (length 252)
/home/dich3309/rnaseq-tnseq-enterococcus-analysis/analyses/04_annotation/structural/prokka/efaecium_e745:Prokka:EFM745_00665 (length 272)
/home/dich3309/rnaseq-tnseq-enterococcus-analysis/analyses/04_annotation/structural/prokka/efaecium_e745:Prokka:EFM745_00666 (length 118)
/home/dich3309/rnaseq-tnseq-enterococcus-analysis/analyses/04_annotation/structural/prokka/efaecium_e745:Prokka:EFM745_00667 (length 44)
/home/dich3309/rnaseq-tnseq-enterococcus-analysis/analyses/04_annotation/structural/prokka/efaecium_e745:Prokka:EFM745_00668 (length 444)
/home/dich3309/rnaseq-tnseq-enterococcus-analysis/analyses/04_annotation/structural/prokka/efaecium_e745:Prokka:EFM745_00669 (length 376)
/home/dich3309/rnaseq-tnseq-enterococcus-analysis/analyses/04_annotation/structural/prokka/efaecium_e745:Prokka:EFM745_00670 (length 102)
/home/dich3309/rnaseq-tnseq-enterococcus-analysis/analyses/04_annotation/structural/prokka/efaecium_e745:Prokka:EFM745_00671 (length 374)
/home/dich3309/rnaseq-tnseq-enterococcus-analysis/analyses/04_annotation/structural/prokka/efaecium_e745:Prokka:EFM745_00672 (length 648)
/home/dich3309/rnaseq-tnseq-enterococcus-analysis/analyses/04_annotation/structural/prokka/efaecium_e745:Prokka:EFM745_00673 (length 823)
/home/dich3309/rnaseq-tnseq-enterococcus-analysis/analyses/04_annotation/structural/prokka/efaecium_e745:Prokka:EFM745_00674 (length 99)
/home/dich3309/rnaseq-tnseq-enterococcus-analysis/analyses/04_annotation/structural/prokka/efaecium_e745:Prokka:EFM745_00675 (length 170)
/home/dich3309/rnaseq-tnseq-enterococcus-analysis/analyses/04_annotation/structural/prokka/efaecium_e745:Prokka:EFM745_00676 (length 78)
/home/dich3309/rnaseq-tnseq-enterococcus-analysis/analyses/04_annotation/structural/prokka/efaecium_e745:Prokka:EFM745_00677 (length 657)
/home/dich3309/rnaseq-tnseq-enterococcus-analysis/analyses/04_annotation/structural/prokka/efaecium_e745:Prokka:EFM745_00678 (length 150)
/home/dich3309/rnaseq-tnseq-enterococcus-analysis/analyses/04_annotation/structural/prokka/efaecium_e745:Prokka:EFM745_00679 (length 455)
/home/dich3309/rnaseq-tnseq-enterococcus-analysis/analyses/04_annotation/structural/prokka/efaecium_e745:Prokka:EFM745_00680 (length 430)
/home/dich3309/rnaseq-tnseq-enterococcus-analysis/analyses/04_annotation/structural/prokka/efaecium_e745:Prokka:EFM745_00681 (length 287)
/home/dich3309/rnaseq-tnseq-enterococcus-analysis/analyses/04_annotation/structural/prokka/efaecium_e745:Prokka:EFM745_00682 (length 540)
/home/dich3309/rnaseq-tnseq-enterococcus-analysis/analyses/04_annotation/structural/prokka/efaecium_e745:Prokka:EFM745_00683 (length 173)
/home/dich3309/rnaseq-tnseq-enterococcus-analysis/analyses/04_annotation/structural/prokka/efaecium_e745:Prokka:EFM745_00684 (length 576)
/home/dich3309/rnaseq-tnseq-enterococcus-analysis/analyses/04_annotation/structural/prokka/efaecium_e745:Prokka:EFM745_00685 (length 272)
/home/dich3309/rnaseq-tnseq-enterococcus-analysis/analyses/04_annotation/structural/prokka/efaecium_e745:Prokka:EFM745_00686 (length 65)
/home/dich3309/rnaseq-tnseq-enterococcus-analysis/analyses/04_annotation/structural/prokka/efaecium_e745:Prokka:EFM745_00687 (length 192)
/home/dich3309/rnaseq-tnseq-enterococcus-analysis/analyses/04_annotation/structural/prokka/efaecium_e745:Prokka:EFM745_00688 (length 45)
/home/dich3309/rnaseq-tnseq-enterococcus-analysis/analyses/04_annotation/structural/prokka/efaecium_e745:Prokka:EFM745_00689 (length 167)
/home/dich3309/rnaseq-tnseq-enterococcus-analysis/analyses/04_annotation/structural/prokka/efaecium_e745:Prokka:EFM745_00690 (length 341)
/home/dich3309/rnaseq-tnseq-enterococcus-analysis/analyses/04_annotation/structural/prokka/efaecium_e745:Prokka:EFM745_00691 (length 287)
/home/dich3309/rnaseq-tnseq-enterococcus-analysis/analyses/04_annotation/structural/prokka/efaecium_e745:Prokka:EFM745_00692 (length 125)
/home/dich3309/rnaseq-tnseq-enterococcus-analysis/analyses/04_annotation/structural/prokka/efaecium_e745:Prokka:EFM745_00693 (length 76)
/home/dich3309/rnaseq-tnseq-enterococcus-analysis/analyses/04_annotation/structural/prokka/efaecium_e745:Prokka:EFM745_00694 (length 68)
/home/dich3309/rnaseq-tnseq-enterococcus-analysis/analyses/04_annotation/structural/prokka/efaecium_e745:Prokka:EFM745_00695 (length 123)
/home/dich3309/rnaseq-tnseq-enterococcus-analysis/analyses/04_annotation/structural/prokka/efaecium_e745:Prokka:EFM745_00696 (length 230)
/home/dich3309/rnaseq-tnseq-enterococcus-analysis/analyses/04_annotation/structural/prokka/efaecium_e745:Prokka:EFM745_00697 (length 261)
/home/dich3309/rnaseq-tnseq-enterococcus-analysis/analyses/04_annotation/structural/prokka/efaecium_e745:Prokka:EFM745_00698 (length 466)
/home/dich3309/rnaseq-tnseq-enterococcus-analysis/analyses/04_annotation/structural/prokka/efaecium_e745:Prokka:EFM745_00699 (length 105)
/home/dich3309/rnaseq-tnseq-enterococcus-analysis/analyses/04_annotation/structural/prokka/efaecium_e745:Prokka:EFM745_00700 (length 557)
/home/dich3309/rnaseq-tnseq-enterococcus-analysis/analyses/04_annotation/structural/prokka/efaecium_e745:Prokka:EFM745_00701 (length 543)
/home/dich3309/rnaseq-tnseq-enterococcus-analysis/analyses/04_annotation/structural/prokka/efaecium_e745:Prokka:EFM745_00703 (length 521)
/home/dich3309/rnaseq-tnseq-enterococcus-analysis/analyses/04_annotation/structural/prokka/efaecium_e745:Prokka:EFM745_00704 (length 307)
/home/dich3309/rnaseq-tnseq-enterococcus-analysis/analyses/04_annotation/structural/prokka/efaecium_e745:Prokka:EFM745_00705 (length 201)
/home/dich3309/rnaseq-tnseq-enterococcus-analysis/analyses/04_annotation/structural/prokka/efaecium_e745:Prokka:EFM745_00706 (length 338)
/home/dich3309/rnaseq-tnseq-enterococcus-analysis/analyses/04_annotation/structural/prokka/efaecium_e745:Prokka:EFM745_00707 (length 433)
/home/dich3309/rnaseq-tnseq-enterococcus-analysis/analyses/04_annotation/structural/prokka/efaecium_e745:Prokka:EFM745_00708 (length 220)
/home/dich3309/rnaseq-tnseq-enterococcus-analysis/analyses/04_annotation/structural/prokka/efaecium_e745:Prokka:EFM745_00709 (length 132)
/home/dich3309/rnaseq-tnseq-enterococcus-analysis/analyses/04_annotation/structural/prokka/efaecium_e745:Prokka:EFM745_00710 (length 360)
/home/dich3309/rnaseq-tnseq-enterococcus-analysis/analyses/04_annotation/structural/prokka/efaecium_e745:Prokka:EFM745_00711 (length 520)
/home/dich3309/rnaseq-tnseq-enterococcus-analysis/analyses/04_annotation/structural/prokka/efaecium_e745:Prokka:EFM745_00712 (length 377)
/home/dich3309/rnaseq-tnseq-enterococcus-analysis/analyses/04_annotation/structural/prokka/efaecium_e745:Prokka:EFM745_00713 (length 318)
/home/dich3309/rnaseq-tnseq-enterococcus-analysis/analyses/04_annotation/structural/prokka/efaecium_e745:Prokka:EFM745_00714 (length 388)
/home/dich3309/rnaseq-tnseq-enterococcus-analysis/analyses/04_annotation/structural/prokka/efaecium_e745:Prokka:EFM745_00715 (length 272)
/home/dich3309/rnaseq-tnseq-enterococcus-analysis/analyses/04_annotation/structural/prokka/efaecium_e745:Prokka:EFM745_00716 (length 235)
/home/dich3309/rnaseq-tnseq-enterococcus-analysis/analyses/04_annotation/structural/prokka/efaecium_e745:Prokka:EFM745_00717 (length 228)
/home/dich3309/rnaseq-tnseq-enterococcus-analysis/analyses/04_annotation/structural/prokka/efaecium_e745:Prokka:EFM745_00718 (length 193)
/home/dich3309/rnaseq-tnseq-enterococcus-analysis/analyses/04_annotation/structural/prokka/efaecium_e745:Prokka:EFM745_00719 (length 227)
/home/dich3309/rnaseq-tnseq-enterococcus-analysis/analyses/04_annotation/structural/prokka/efaecium_e745:Prokka:EFM745_00720 (length 137)
/home/dich3309/rnaseq-tnseq-enterococcus-analysis/analyses/04_annotation/structural/prokka/efaecium_e745:Prokka:EFM745_00721 (length 156)
/home/dich3309/rnaseq-tnseq-enterococcus-analysis/analyses/04_annotation/structural/prokka/efaecium_e745:Prokka:EFM745_00722 (length 695)
/home/dich3309/rnaseq-tnseq-enterococcus-analysis/analyses/04_annotation/structural/prokka/efaecium_e745:Prokka:EFM745_00723 (length 395)
/home/dich3309/rnaseq-tnseq-enterococcus-analysis/analyses/04_annotation/structural/prokka/efaecium_e745:Prokka:EFM745_00724 (length 102)
/home/dich3309/rnaseq-tnseq-enterococcus-analysis/analyses/04_annotation/structural/prokka/efaecium_e745:Prokka:EFM745_00725 (length 209)
/home/dich3309/rnaseq-tnseq-enterococcus-analysis/analyses/04_annotation/structural/prokka/efaecium_e745:Prokka:EFM745_00726 (length 207)
/home/dich3309/rnaseq-tnseq-enterococcus-analysis/analyses/04_annotation/structural/prokka/efaecium_e745:Prokka:EFM745_00727 (length 96)
/home/dich3309/rnaseq-tnseq-enterococcus-analysis/analyses/04_annotation/structural/prokka/efaecium_e745:Prokka:EFM745_00728 (length 277)
/home/dich3309/rnaseq-tnseq-enterococcus-analysis/analyses/04_annotation/structural/prokka/efaecium_e745:Prokka:EFM745_00729 (length 92)
/home/dich3309/rnaseq-tnseq-enterococcus-analysis/analyses/04_annotation/structural/prokka/efaecium_e745:Prokka:EFM745_00730 (length 115)
/home/dich3309/rnaseq-tnseq-enterococcus-analysis/analyses/04_annotation/structural/prokka/efaecium_e745:Prokka:EFM745_00731 (length 218)
/home/dich3309/rnaseq-tnseq-enterococcus-analysis/analyses/04_annotation/structural/prokka/efaecium_e745:Prokka:EFM745_00732 (length 144)
/home/dich3309/rnaseq-tnseq-enterococcus-analysis/analyses/04_annotation/structural/prokka/efaecium_e745:Prokka:EFM745_00733 (length 62)
/home/dich3309/rnaseq-tnseq-enterococcus-analysis/analyses/04_annotation/structural/prokka/efaecium_e745:Prokka:EFM745_00734 (length 88)
/home/dich3309/rnaseq-tnseq-enterococcus-analysis/analyses/04_annotation/structural/prokka/efaecium_e745:Prokka:EFM745_00735 (length 122)
/home/dich3309/rnaseq-tnseq-enterococcus-analysis/analyses/04_annotation/structural/prokka/efaecium_e745:Prokka:EFM745_00736 (length 102)
/home/dich3309/rnaseq-tnseq-enterococcus-analysis/analyses/04_annotation/structural/prokka/efaecium_e745:Prokka:EFM745_00737 (length 179)
/home/dich3309/rnaseq-tnseq-enterococcus-analysis/analyses/04_annotation/structural/prokka/efaecium_e745:Prokka:EFM745_00738 (length 61)
/home/dich3309/rnaseq-tnseq-enterococcus-analysis/analyses/04_annotation/structural/prokka/efaecium_e745:Prokka:EFM745_00739 (length 132)
/home/dich3309/rnaseq-tnseq-enterococcus-analysis/analyses/04_annotation/structural/prokka/efaecium_e745:Prokka:EFM745_00740 (length 178)
/home/dich3309/rnaseq-tnseq-enterococcus-analysis/analyses/04_annotation/structural/prokka/efaecium_e745:Prokka:EFM745_00741 (length 118)
/home/dich3309/rnaseq-tnseq-enterococcus-analysis/analyses/04_annotation/structural/prokka/efaecium_e745:Prokka:EFM745_00742 (length 166)
/home/dich3309/rnaseq-tnseq-enterococcus-analysis/analyses/04_annotation/structural/prokka/efaecium_e745:Prokka:EFM745_00743 (length 59)
/home/dich3309/rnaseq-tnseq-enterococcus-analysis/analyses/04_annotation/structural/prokka/efaecium_e745:Prokka:EFM745_00744 (length 146)
/home/dich3309/rnaseq-tnseq-enterococcus-analysis/analyses/04_annotation/structural/prokka/efaecium_e745:Prokka:EFM745_00745 (length 431)
/home/dich3309/rnaseq-tnseq-enterococcus-analysis/analyses/04_annotation/structural/prokka/efaecium_e745:Prokka:EFM745_00746 (length 215)
/home/dich3309/rnaseq-tnseq-enterococcus-analysis/analyses/04_annotation/structural/prokka/efaecium_e745:Prokka:EFM745_00747 (length 72)
/home/dich3309/rnaseq-tnseq-enterococcus-analysis/analyses/04_annotation/structural/prokka/efaecium_e745:Prokka:EFM745_00748 (length 38)
/home/dich3309/rnaseq-tnseq-enterococcus-analysis/analyses/04_annotation/structural/prokka/efaecium_e745:Prokka:EFM745_00749 (length 121)
/home/dich3309/rnaseq-tnseq-enterococcus-analysis/analyses/04_annotation/structural/prokka/efaecium_e745:Prokka:EFM745_00750 (length 129)
/home/dich3309/rnaseq-tnseq-enterococcus-analysis/analyses/04_annotation/structural/prokka/efaecium_e745:Prokka:EFM745_00751 (length 312)
/home/dich3309/rnaseq-tnseq-enterococcus-analysis/analyses/04_annotation/structural/prokka/efaecium_e745:Prokka:EFM745_00752 (length 126)
/home/dich3309/rnaseq-tnseq-enterococcus-analysis/analyses/04_annotation/structural/prokka/efaecium_e745:Prokka:EFM745_00754 (length 279)
/home/dich3309/rnaseq-tnseq-enterococcus-analysis/analyses/04_annotation/structural/prokka/efaecium_e745:Prokka:EFM745_00755 (length 289)
/home/dich3309/rnaseq-tnseq-enterococcus-analysis/analyses/04_annotation/structural/prokka/efaecium_e745:Prokka:EFM745_00756 (length 265)
/home/dich3309/rnaseq-tnseq-enterococcus-analysis/analyses/04_annotation/structural/prokka/efaecium_e745:Prokka:EFM745_00757 (length 248)
/home/dich3309/rnaseq-tnseq-enterococcus-analysis/analyses/04_annotation/structural/prokka/efaecium_e745:Prokka:EFM745_00758 (length 268)
/home/dich3309/rnaseq-tnseq-enterococcus-analysis/analyses/04_annotation/structural/prokka/efaecium_e745:Prokka:EFM745_00759 (length 122)
/home/dich3309/rnaseq-tnseq-enterococcus-analysis/analyses/04_annotation/structural/prokka/efaecium_e745:Prokka:EFM745_00760 (length 390)
/home/dich3309/rnaseq-tnseq-enterococcus-analysis/analyses/04_annotation/structural/prokka/efaecium_e745:Prokka:EFM745_00761 (length 392)
/home/dich3309/rnaseq-tnseq-enterococcus-analysis/analyses/04_annotation/structural/prokka/efaecium_e745:Prokka:EFM745_00762 (length 112)
/home/dich3309/rnaseq-tnseq-enterococcus-analysis/analyses/04_annotation/structural/prokka/efaecium_e745:Prokka:EFM745_00763 (length 182)
/home/dich3309/rnaseq-tnseq-enterococcus-analysis/analyses/04_annotation/structural/prokka/efaecium_e745:Prokka:EFM745_00764 (length 219)
/home/dich3309/rnaseq-tnseq-enterococcus-analysis/analyses/04_annotation/structural/prokka/efaecium_e745:Prokka:EFM745_00765 (length 302)
/home/dich3309/rnaseq-tnseq-enterococcus-analysis/analyses/04_annotation/structural/prokka/efaecium_e745:Prokka:EFM745_00766 (length 889)
/home/dich3309/rnaseq-tnseq-enterococcus-analysis/analyses/04_annotation/structural/prokka/efaecium_e745:Prokka:EFM745_00767 (length 62)
/home/dich3309/rnaseq-tnseq-enterococcus-analysis/analyses/04_annotation/structural/prokka/efaecium_e745:Prokka:EFM745_00768 (length 120)
/home/dich3309/rnaseq-tnseq-enterococcus-analysis/analyses/04_annotation/structural/prokka/efaecium_e745:Prokka:EFM745_00769 (length 560)
/home/dich3309/rnaseq-tnseq-enterococcus-analysis/analyses/04_annotation/structural/prokka/efaecium_e745:Prokka:EFM745_00770 (length 678)
/home/dich3309/rnaseq-tnseq-enterococcus-analysis/analyses/04_annotation/structural/prokka/efaecium_e745:Prokka:EFM745_00771 (length 333)
/home/dich3309/rnaseq-tnseq-enterococcus-analysis/analyses/04_annotation/structural/prokka/efaecium_e745:Prokka:EFM745_00772 (length 80)
/home/dich3309/rnaseq-tnseq-enterococcus-analysis/analyses/04_annotation/structural/prokka/efaecium_e745:Prokka:EFM745_00773 (length 395)
/home/dich3309/rnaseq-tnseq-enterococcus-analysis/analyses/04_annotation/structural/prokka/efaecium_e745:Prokka:EFM745_00774 (length 334)
/home/dich3309/rnaseq-tnseq-enterococcus-analysis/analyses/04_annotation/structural/prokka/efaecium_e745:Prokka:EFM745_00775 (length 314)
/home/dich3309/rnaseq-tnseq-enterococcus-analysis/analyses/04_annotation/structural/prokka/efaecium_e745:Prokka:EFM745_00776 (length 320)
/home/dich3309/rnaseq-tnseq-enterococcus-analysis/analyses/04_annotation/structural/prokka/efaecium_e745:Prokka:EFM745_00777 (length 304)
/home/dich3309/rnaseq-tnseq-enterococcus-analysis/analyses/04_annotation/structural/prokka/efaecium_e745:Prokka:EFM745_00778 (length 593)
/home/dich3309/rnaseq-tnseq-enterococcus-analysis/analyses/04_annotation/structural/prokka/efaecium_e745:Prokka:EFM745_00779 (length 228)
/home/dich3309/rnaseq-tnseq-enterococcus-analysis/analyses/04_annotation/structural/prokka/efaecium_e745:Prokka:EFM745_00780 (length 1193)
/home/dich3309/rnaseq-tnseq-enterococcus-analysis/analyses/04_annotation/structural/prokka/efaecium_e745:Prokka:EFM745_00781 (length 269)
/home/dich3309/rnaseq-tnseq-enterococcus-analysis/analyses/04_annotation/structural/prokka/efaecium_e745:Prokka:EFM745_00782 (length 332)
/home/dich3309/rnaseq-tnseq-enterococcus-analysis/analyses/04_annotation/structural/prokka/efaecium_e745:Prokka:EFM745_00783 (length 755)
/home/dich3309/rnaseq-tnseq-enterococcus-analysis/analyses/04_annotation/structural/prokka/efaecium_e745:Prokka:EFM745_00784 (length 150)
/home/dich3309/rnaseq-tnseq-enterococcus-analysis/analyses/04_annotation/structural/prokka/efaecium_e745:Prokka:EFM745_00785 (length 316)
/home/dich3309/rnaseq-tnseq-enterococcus-analysis/analyses/04_annotation/structural/prokka/efaecium_e745:Prokka:EFM745_00786 (length 319)
/home/dich3309/rnaseq-tnseq-enterococcus-analysis/analyses/04_annotation/structural/prokka/efaecium_e745:Prokka:EFM745_00787 (length 251)
/home/dich3309/rnaseq-tnseq-enterococcus-analysis/analyses/04_annotation/structural/prokka/efaecium_e745:Prokka:EFM745_00788 (length 317)
/home/dich3309/rnaseq-tnseq-enterococcus-analysis/analyses/04_annotation/structural/prokka/efaecium_e745:Prokka:EFM745_00789 (length 35)
/home/dich3309/rnaseq-tnseq-enterococcus-analysis/analyses/04_annotation/structural/prokka/efaecium_e745:Prokka:EFM745_00790 (length 317)
/home/dich3309/rnaseq-tnseq-enterococcus-analysis/analyses/04_annotation/structural/prokka/efaecium_e745:Prokka:EFM745_00791 (length 62)
/home/dich3309/rnaseq-tnseq-enterococcus-analysis/analyses/04_annotation/structural/prokka/efaecium_e745:Prokka:EFM745_00792 (length 390)
/home/dich3309/rnaseq-tnseq-enterococcus-analysis/analyses/04_annotation/structural/prokka/efaecium_e745:Prokka:EFM745_00793 (length 118)
/home/dich3309/rnaseq-tnseq-enterococcus-analysis/analyses/04_annotation/structural/prokka/efaecium_e745:Prokka:EFM745_00794 (length 299)
/home/dich3309/rnaseq-tnseq-enterococcus-analysis/analyses/04_annotation/structural/prokka/efaecium_e745:Prokka:EFM745_00795 (length 298)
/home/dich3309/rnaseq-tnseq-enterococcus-analysis/analyses/04_annotation/structural/prokka/efaecium_e745:Prokka:EFM745_00796 (length 242)
/home/dich3309/rnaseq-tnseq-enterococcus-analysis/analyses/04_annotation/structural/prokka/efaecium_e745:Prokka:EFM745_00797 (length 559)
/home/dich3309/rnaseq-tnseq-enterococcus-analysis/analyses/04_annotation/structural/prokka/efaecium_e745:Prokka:EFM745_00798 (length 319)
/home/dich3309/rnaseq-tnseq-enterococcus-analysis/analyses/04_annotation/structural/prokka/efaecium_e745:Prokka:EFM745_00799 (length 244)
/home/dich3309/rnaseq-tnseq-enterococcus-analysis/analyses/04_annotation/structural/prokka/efaecium_e745:Prokka:EFM745_00800 (length 136)
/home/dich3309/rnaseq-tnseq-enterococcus-analysis/analyses/04_annotation/structural/prokka/efaecium_e745:Prokka:EFM745_00801 (length 233)
/home/dich3309/rnaseq-tnseq-enterococcus-analysis/analyses/04_annotation/structural/prokka/efaecium_e745:Prokka:EFM745_00802 (length 527)
/home/dich3309/rnaseq-tnseq-enterococcus-analysis/analyses/04_annotation/structural/prokka/efaecium_e745:Prokka:EFM745_00803 (length 73)
/home/dich3309/rnaseq-tnseq-enterococcus-analysis/analyses/04_annotation/structural/prokka/efaecium_e745:Prokka:EFM745_00804 (length 253)
/home/dich3309/rnaseq-tnseq-enterococcus-analysis/analyses/04_annotation/structural/prokka/efaecium_e745:Prokka:EFM745_00805 (length 169)
/home/dich3309/rnaseq-tnseq-enterococcus-analysis/analyses/04_annotation/structural/prokka/efaecium_e745:Prokka:EFM745_00806 (length 179)
/home/dich3309/rnaseq-tnseq-enterococcus-analysis/analyses/04_annotation/structural/prokka/efaecium_e745:Prokka:EFM745_00807 (length 203)
/home/dich3309/rnaseq-tnseq-enterococcus-analysis/analyses/04_annotation/structural/prokka/efaecium_e745:Prokka:EFM745_00808 (length 277)
/home/dich3309/rnaseq-tnseq-enterococcus-analysis/analyses/04_annotation/structural/prokka/efaecium_e745:Prokka:EFM745_00809 (length 211)
/home/dich3309/rnaseq-tnseq-enterococcus-analysis/analyses/04_annotation/structural/prokka/efaecium_e745:Prokka:EFM745_00810 (length 257)
/home/dich3309/rnaseq-tnseq-enterococcus-analysis/analyses/04_annotation/structural/prokka/efaecium_e745:Prokka:EFM745_00811 (length 265)
/home/dich3309/rnaseq-tnseq-enterococcus-analysis/analyses/04_annotation/structural/prokka/efaecium_e745:Prokka:EFM745_00812 (length 124)
/home/dich3309/rnaseq-tnseq-enterococcus-analysis/analyses/04_annotation/structural/prokka/efaecium_e745:Prokka:EFM745_00813 (length 881)
/home/dich3309/rnaseq-tnseq-enterococcus-analysis/analyses/04_annotation/structural/prokka/efaecium_e745:Prokka:EFM745_00814 (length 702)
/home/dich3309/rnaseq-tnseq-enterococcus-analysis/analyses/04_annotation/structural/prokka/efaecium_e745:Prokka:EFM745_00815 (length 186)
/home/dich3309/rnaseq-tnseq-enterococcus-analysis/analyses/04_annotation/structural/prokka/efaecium_e745:Prokka:EFM745_00816 (length 662)
/home/dich3309/rnaseq-tnseq-enterococcus-analysis/analyses/04_annotation/structural/prokka/efaecium_e745:Prokka:EFM745_00817 (length 237)
/home/dich3309/rnaseq-tnseq-enterococcus-analysis/analyses/04_annotation/structural/prokka/efaecium_e745:Prokka:EFM745_00818 (length 148)
/home/dich3309/rnaseq-tnseq-enterococcus-analysis/analyses/04_annotation/structural/prokka/efaecium_e745:Prokka:EFM745_00819 (length 200)
/home/dich3309/rnaseq-tnseq-enterococcus-analysis/analyses/04_annotation/structural/prokka/efaecium_e745:Prokka:EFM745_00820 (length 333)
/home/dich3309/rnaseq-tnseq-enterococcus-analysis/analyses/04_annotation/structural/prokka/efaecium_e745:Prokka:EFM745_00821 (length 192)
/home/dich3309/rnaseq-tnseq-enterococcus-analysis/analyses/04_annotation/structural/prokka/efaecium_e745:Prokka:EFM745_00822 (length 160)
/home/dich3309/rnaseq-tnseq-enterococcus-analysis/analyses/04_annotation/structural/prokka/efaecium_e745:Prokka:EFM745_00823 (length 124)
/home/dich3309/rnaseq-tnseq-enterococcus-analysis/analyses/04_annotation/structural/prokka/efaecium_e745:Prokka:EFM745_00824 (length 317)
/home/dich3309/rnaseq-tnseq-enterococcus-analysis/analyses/04_annotation/structural/prokka/efaecium_e745:Prokka:EFM745_00825 (length 450)
/home/dich3309/rnaseq-tnseq-enterococcus-analysis/analyses/04_annotation/structural/prokka/efaecium_e745:Prokka:EFM745_00826 (length 196)
/home/dich3309/rnaseq-tnseq-enterococcus-analysis/analyses/04_annotation/structural/prokka/efaecium_e745:Prokka:EFM745_00827 (length 449)
/home/dich3309/rnaseq-tnseq-enterococcus-analysis/analyses/04_annotation/structural/prokka/efaecium_e745:Prokka:EFM745_00828 (length 246)
/home/dich3309/rnaseq-tnseq-enterococcus-analysis/analyses/04_annotation/structural/prokka/efaecium_e745:Prokka:EFM745_00829 (length 530)
/home/dich3309/rnaseq-tnseq-enterococcus-analysis/analyses/04_annotation/structural/prokka/efaecium_e745:Prokka:EFM745_00830 (length 63)
/home/dich3309/rnaseq-tnseq-enterococcus-analysis/analyses/04_annotation/structural/prokka/efaecium_e745:Prokka:EFM745_00832 (length 98)
/home/dich3309/rnaseq-tnseq-enterococcus-analysis/analyses/04_annotation/structural/prokka/efaecium_e745:Prokka:EFM745_00833 (length 241)
/home/dich3309/rnaseq-tnseq-enterococcus-analysis/analyses/04_annotation/structural/prokka/efaecium_e745:Prokka:EFM745_00834 (length 280)
/home/dich3309/rnaseq-tnseq-enterococcus-analysis/analyses/04_annotation/structural/prokka/efaecium_e745:Prokka:EFM745_00835 (length 173)
/home/dich3309/rnaseq-tnseq-enterococcus-analysis/analyses/04_annotation/structural/prokka/efaecium_e745:Prokka:EFM745_00836 (length 187)
/home/dich3309/rnaseq-tnseq-enterococcus-analysis/analyses/04_annotation/structural/prokka/efaecium_e745:Prokka:EFM745_00837 (length 89)
/home/dich3309/rnaseq-tnseq-enterococcus-analysis/analyses/04_annotation/structural/prokka/efaecium_e745:Prokka:EFM745_00839 (length 708)
/home/dich3309/rnaseq-tnseq-enterococcus-analysis/analyses/04_annotation/structural/prokka/efaecium_e745:Prokka:EFM745_00840 (length 88)
/home/dich3309/rnaseq-tnseq-enterococcus-analysis/analyses/04_annotation/structural/prokka/efaecium_e745:Prokka:EFM745_00841 (length 663)
/home/dich3309/rnaseq-tnseq-enterococcus-analysis/analyses/04_annotation/structural/prokka/efaecium_e745:Prokka:EFM745_00842 (length 433)
/home/dich3309/rnaseq-tnseq-enterococcus-analysis/analyses/04_annotation/structural/prokka/efaecium_e745:Prokka:EFM745_00843 (length 456)
/home/dich3309/rnaseq-tnseq-enterococcus-analysis/analyses/04_annotation/structural/prokka/efaecium_e745:Prokka:EFM745_00844 (length 107)
/home/dich3309/rnaseq-tnseq-enterococcus-analysis/analyses/04_annotation/structural/prokka/efaecium_e745:Prokka:EFM745_00845 (length 202)
/home/dich3309/rnaseq-tnseq-enterococcus-analysis/analyses/04_annotation/structural/prokka/efaecium_e745:Prokka:EFM745_00846 (length 238)
/home/dich3309/rnaseq-tnseq-enterococcus-analysis/analyses/04_annotation/structural/prokka/efaecium_e745:Prokka:EFM745_00847 (length 231)
/home/dich3309/rnaseq-tnseq-enterococcus-analysis/analyses/04_annotation/structural/prokka/efaecium_e745:Prokka:EFM745_00848 (length 209)
/home/dich3309/rnaseq-tnseq-enterococcus-analysis/analyses/04_annotation/structural/prokka/efaecium_e745:Prokka:EFM745_00849 (length 178)
/home/dich3309/rnaseq-tnseq-enterococcus-analysis/analyses/04_annotation/structural/prokka/efaecium_e745:Prokka:EFM745_00850 (length 170)
/home/dich3309/rnaseq-tnseq-enterococcus-analysis/analyses/04_annotation/structural/prokka/efaecium_e745:Prokka:EFM745_00851 (length 86)
/home/dich3309/rnaseq-tnseq-enterococcus-analysis/analyses/04_annotation/structural/prokka/efaecium_e745:Prokka:EFM745_00852 (length 200)
/home/dich3309/rnaseq-tnseq-enterococcus-analysis/analyses/04_annotation/structural/prokka/efaecium_e745:Prokka:EFM745_00853 (length 162)
/home/dich3309/rnaseq-tnseq-enterococcus-analysis/analyses/04_annotation/structural/prokka/efaecium_e745:Prokka:EFM745_00854 (length 457)
/home/dich3309/rnaseq-tnseq-enterococcus-analysis/analyses/04_annotation/structural/prokka/efaecium_e745:Prokka:EFM745_00855 (length 155)
/home/dich3309/rnaseq-tnseq-enterococcus-analysis/analyses/04_annotation/structural/prokka/efaecium_e745:Prokka:EFM745_00856 (length 581)
/home/dich3309/rnaseq-tnseq-enterococcus-analysis/analyses/04_annotation/structural/prokka/efaecium_e745:Prokka:EFM745_00857 (length 358)
/home/dich3309/rnaseq-tnseq-enterococcus-analysis/analyses/04_annotation/structural/prokka/efaecium_e745:Prokka:EFM745_00858 (length 470)
/home/dich3309/rnaseq-tnseq-enterococcus-analysis/analyses/04_annotation/structural/prokka/efaecium_e745:Prokka:EFM745_00859 (length 503)
/home/dich3309/rnaseq-tnseq-enterococcus-analysis/analyses/04_annotation/structural/prokka/efaecium_e745:Prokka:EFM745_00860 (length 116)
/home/dich3309/rnaseq-tnseq-enterococcus-analysis/analyses/04_annotation/structural/prokka/efaecium_e745:Prokka:EFM745_00861 (length 373)
/home/dich3309/rnaseq-tnseq-enterococcus-analysis/analyses/04_annotation/structural/prokka/efaecium_e745:Prokka:EFM745_00862 (length 120)
/home/dich3309/rnaseq-tnseq-enterococcus-analysis/analyses/04_annotation/structural/prokka/efaecium_e745:Prokka:EFM745_00863 (length 89)
/home/dich3309/rnaseq-tnseq-enterococcus-analysis/analyses/04_annotation/structural/prokka/efaecium_e745:Prokka:EFM745_00864 (length 315)
/home/dich3309/rnaseq-tnseq-enterococcus-analysis/analyses/04_annotation/structural/prokka/efaecium_e745:Prokka:EFM745_00865 (length 901)
/home/dich3309/rnaseq-tnseq-enterococcus-analysis/analyses/04_annotation/structural/prokka/efaecium_e745:Prokka:EFM745_00866 (length 607)
/home/dich3309/rnaseq-tnseq-enterococcus-analysis/analyses/04_annotation/structural/prokka/efaecium_e745:Prokka:EFM745_00867 (length 87)
/home/dich3309/rnaseq-tnseq-enterococcus-analysis/analyses/04_annotation/structural/prokka/efaecium_e745:Prokka:EFM745_00868 (length 88)
/home/dich3309/rnaseq-tnseq-enterococcus-analysis/analyses/04_annotation/structural/prokka/efaecium_e745:Prokka:EFM745_00869 (length 162)
/home/dich3309/rnaseq-tnseq-enterococcus-analysis/analyses/04_annotation/structural/prokka/efaecium_e745:Prokka:EFM745_00870 (length 32)
/home/dich3309/rnaseq-tnseq-enterococcus-analysis/analyses/04_annotation/structural/prokka/efaecium_e745:Prokka:EFM745_00871 (length 223)
/home/dich3309/rnaseq-tnseq-enterococcus-analysis/analyses/04_annotation/structural/prokka/efaecium_e745:Prokka:EFM745_00872 (length 305)
/home/dich3309/rnaseq-tnseq-enterococcus-analysis/analyses/04_annotation/structural/prokka/efaecium_e745:Prokka:EFM745_00873 (length 213)
/home/dich3309/rnaseq-tnseq-enterococcus-analysis/analyses/04_annotation/structural/prokka/efaecium_e745:Prokka:EFM745_00874 (length 391)
/home/dich3309/rnaseq-tnseq-enterococcus-analysis/analyses/04_annotation/structural/prokka/efaecium_e745:Prokka:EFM745_00875 (length 343)
/home/dich3309/rnaseq-tnseq-enterococcus-analysis/analyses/04_annotation/structural/prokka/efaecium_e745:Prokka:EFM745_00876 (length 102)
/home/dich3309/rnaseq-tnseq-enterococcus-analysis/analyses/04_annotation/structural/prokka/efaecium_e745:Prokka:EFM745_00877 (length 763)
/home/dich3309/rnaseq-tnseq-enterococcus-analysis/analyses/04_annotation/structural/prokka/efaecium_e745:Prokka:EFM745_00878 (length 232)
/home/dich3309/rnaseq-tnseq-enterococcus-analysis/analyses/04_annotation/structural/prokka/efaecium_e745:Prokka:EFM745_00879 (length 381)
/home/dich3309/rnaseq-tnseq-enterococcus-analysis/analyses/04_annotation/structural/prokka/efaecium_e745:Prokka:EFM745_00880 (length 126)
/home/dich3309/rnaseq-tnseq-enterococcus-analysis/analyses/04_annotation/structural/prokka/efaecium_e745:Prokka:EFM745_00881 (length 439)
/home/dich3309/rnaseq-tnseq-enterococcus-analysis/analyses/04_annotation/structural/prokka/efaecium_e745:Prokka:EFM745_00882 (length 865)
/home/dich3309/rnaseq-tnseq-enterococcus-analysis/analyses/04_annotation/structural/prokka/efaecium_e745:Prokka:EFM745_00883 (length 317)
/home/dich3309/rnaseq-tnseq-enterococcus-analysis/analyses/04_annotation/structural/prokka/efaecium_e745:Prokka:EFM745_00884 (length 62)
/home/dich3309/rnaseq-tnseq-enterococcus-analysis/analyses/04_annotation/structural/prokka/efaecium_e745:Prokka:EFM745_00885 (length 486)
/home/dich3309/rnaseq-tnseq-enterococcus-analysis/analyses/04_annotation/structural/prokka/efaecium_e745:Prokka:EFM745_00886 (length 418)
/home/dich3309/rnaseq-tnseq-enterococcus-analysis/analyses/04_annotation/structural/prokka/efaecium_e745:Prokka:EFM745_00887 (length 281)
/home/dich3309/rnaseq-tnseq-enterococcus-analysis/analyses/04_annotation/structural/prokka/efaecium_e745:Prokka:EFM745_00888 (length 103)
/home/dich3309/rnaseq-tnseq-enterococcus-analysis/analyses/04_annotation/structural/prokka/efaecium_e745:Prokka:EFM745_00889 (length 383)
/home/dich3309/rnaseq-tnseq-enterococcus-analysis/analyses/04_annotation/structural/prokka/efaecium_e745:Prokka:EFM745_00890 (length 252)
/home/dich3309/rnaseq-tnseq-enterococcus-analysis/analyses/04_annotation/structural/prokka/efaecium_e745:Prokka:EFM745_00891 (length 214)
/home/dich3309/rnaseq-tnseq-enterococcus-analysis/analyses/04_annotation/structural/prokka/efaecium_e745:Prokka:EFM745_00892 (length 335)
/home/dich3309/rnaseq-tnseq-enterococcus-analysis/analyses/04_annotation/structural/prokka/efaecium_e745:Prokka:EFM745_00893 (length 280)
/home/dich3309/rnaseq-tnseq-enterococcus-analysis/analyses/04_annotation/structural/prokka/efaecium_e745:Prokka:EFM745_00894 (length 44)
/home/dich3309/rnaseq-tnseq-enterococcus-analysis/analyses/04_annotation/structural/prokka/efaecium_e745:Prokka:EFM745_00895 (length 224)
/home/dich3309/rnaseq-tnseq-enterococcus-analysis/analyses/04_annotation/structural/prokka/efaecium_e745:Prokka:EFM745_00896 (length 354)
/home/dich3309/rnaseq-tnseq-enterococcus-analysis/analyses/04_annotation/structural/prokka/efaecium_e745:Prokka:EFM745_00897 (length 361)
/home/dich3309/rnaseq-tnseq-enterococcus-analysis/analyses/04_annotation/structural/prokka/efaecium_e745:Prokka:EFM745_00898 (length 325)
/home/dich3309/rnaseq-tnseq-enterococcus-analysis/analyses/04_annotation/structural/prokka/efaecium_e745:Prokka:EFM745_00899 (length 314)
/home/dich3309/rnaseq-tnseq-enterococcus-analysis/analyses/04_annotation/structural/prokka/efaecium_e745:Prokka:EFM745_00900 (length 217)
/home/dich3309/rnaseq-tnseq-enterococcus-analysis/analyses/04_annotation/structural/prokka/efaecium_e745:Prokka:EFM745_00901 (length 301)
/home/dich3309/rnaseq-tnseq-enterococcus-analysis/analyses/04_annotation/structural/prokka/efaecium_e745:Prokka:EFM745_00902 (length 210)
/home/dich3309/rnaseq-tnseq-enterococcus-analysis/analyses/04_annotation/structural/prokka/efaecium_e745:Prokka:EFM745_00904 (length 174)
/home/dich3309/rnaseq-tnseq-enterococcus-analysis/analyses/04_annotation/structural/prokka/efaecium_e745:Prokka:EFM745_00905 (length 66)
/home/dich3309/rnaseq-tnseq-enterococcus-analysis/analyses/04_annotation/structural/prokka/efaecium_e745:Prokka:EFM745_00906 (length 119)
/home/dich3309/rnaseq-tnseq-enterococcus-analysis/analyses/04_annotation/structural/prokka/efaecium_e745:Prokka:EFM745_00907 (length 445)
/home/dich3309/rnaseq-tnseq-enterococcus-analysis/analyses/04_annotation/structural/prokka/efaecium_e745:Prokka:EFM745_00908 (length 709)
/home/dich3309/rnaseq-tnseq-enterococcus-analysis/analyses/04_annotation/structural/prokka/efaecium_e745:Prokka:EFM745_00909 (length 229)
/home/dich3309/rnaseq-tnseq-enterococcus-analysis/analyses/04_annotation/structural/prokka/efaecium_e745:Prokka:EFM745_00910 (length 228)
/home/dich3309/rnaseq-tnseq-enterococcus-analysis/analyses/04_annotation/structural/prokka/efaecium_e745:Prokka:EFM745_00911 (length 55)
/home/dich3309/rnaseq-tnseq-enterococcus-analysis/analyses/04_annotation/structural/prokka/efaecium_e745:Prokka:EFM745_00912 (length 146)
/home/dich3309/rnaseq-tnseq-enterococcus-analysis/analyses/04_annotation/structural/prokka/efaecium_e745:Prokka:EFM745_00913 (length 281)
/home/dich3309/rnaseq-tnseq-enterococcus-analysis/analyses/04_annotation/structural/prokka/efaecium_e745:Prokka:EFM745_00914 (length 472)
/home/dich3309/rnaseq-tnseq-enterococcus-analysis/analyses/04_annotation/structural/prokka/efaecium_e745:Prokka:EFM745_00915 (length 96)
/home/dich3309/rnaseq-tnseq-enterococcus-analysis/analyses/04_annotation/structural/prokka/efaecium_e745:Prokka:EFM745_00916 (length 105)
/home/dich3309/rnaseq-tnseq-enterococcus-analysis/analyses/04_annotation/structural/prokka/efaecium_e745:Prokka:EFM745_00917 (length 318)
/home/dich3309/rnaseq-tnseq-enterococcus-analysis/analyses/04_annotation/structural/prokka/efaecium_e745:Prokka:EFM745_00918 (length 117)
/home/dich3309/rnaseq-tnseq-enterococcus-analysis/analyses/04_annotation/structural/prokka/efaecium_e745:Prokka:EFM745_00919 (length 359)
/home/dich3309/rnaseq-tnseq-enterococcus-analysis/analyses/04_annotation/structural/prokka/efaecium_e745:Prokka:EFM745_00920 (length 106)
/home/dich3309/rnaseq-tnseq-enterococcus-analysis/analyses/04_annotation/structural/prokka/efaecium_e745:Prokka:EFM745_00921 (length 155)
/home/dich3309/rnaseq-tnseq-enterococcus-analysis/analyses/04_annotation/structural/prokka/efaecium_e745:Prokka:EFM745_00922 (length 201)
/home/dich3309/rnaseq-tnseq-enterococcus-analysis/analyses/04_annotation/structural/prokka/efaecium_e745:Prokka:EFM745_00923 (length 427)
/home/dich3309/rnaseq-tnseq-enterococcus-analysis/analyses/04_annotation/structural/prokka/efaecium_e745:Prokka:EFM745_00924 (length 159)
/home/dich3309/rnaseq-tnseq-enterococcus-analysis/analyses/04_annotation/structural/prokka/efaecium_e745:Prokka:EFM745_00925 (length 278)
/home/dich3309/rnaseq-tnseq-enterococcus-analysis/analyses/04_annotation/structural/prokka/efaecium_e745:Prokka:EFM745_00926 (length 96)
/home/dich3309/rnaseq-tnseq-enterococcus-analysis/analyses/04_annotation/structural/prokka/efaecium_e745:Prokka:EFM745_00927 (length 376)
/home/dich3309/rnaseq-tnseq-enterococcus-analysis/analyses/04_annotation/structural/prokka/efaecium_e745:Prokka:EFM745_00928 (length 302)
/home/dich3309/rnaseq-tnseq-enterococcus-analysis/analyses/04_annotation/structural/prokka/efaecium_e745:Prokka:EFM745_00929 (length 284)
/home/dich3309/rnaseq-tnseq-enterococcus-analysis/analyses/04_annotation/structural/prokka/efaecium_e745:Prokka:EFM745_00930 (length 749)
/home/dich3309/rnaseq-tnseq-enterococcus-analysis/analyses/04_annotation/structural/prokka/efaecium_e745:Prokka:EFM745_00931 (length 390)
/home/dich3309/rnaseq-tnseq-enterococcus-analysis/analyses/04_annotation/structural/prokka/efaecium_e745:Prokka:EFM745_00932 (length 439)
/home/dich3309/rnaseq-tnseq-enterococcus-analysis/analyses/04_annotation/structural/prokka/efaecium_e745:Prokka:EFM745_00933 (length 119)
/home/dich3309/rnaseq-tnseq-enterococcus-analysis/analyses/04_annotation/structural/prokka/efaecium_e745:Prokka:EFM745_00934 (length 279)
/home/dich3309/rnaseq-tnseq-enterococcus-analysis/analyses/04_annotation/structural/prokka/efaecium_e745:Prokka:EFM745_00935 (length 102)
/home/dich3309/rnaseq-tnseq-enterococcus-analysis/analyses/04_annotation/structural/prokka/efaecium_e745:Prokka:EFM745_00936 (length 99)
/home/dich3309/rnaseq-tnseq-enterococcus-analysis/analyses/04_annotation/structural/prokka/efaecium_e745:Prokka:EFM745_00937 (length 183)
/home/dich3309/rnaseq-tnseq-enterococcus-analysis/analyses/04_annotation/structural/prokka/efaecium_e745:Prokka:EFM745_00938 (length 439)
/home/dich3309/rnaseq-tnseq-enterococcus-analysis/analyses/04_annotation/structural/prokka/efaecium_e745:Prokka:EFM745_00939 (length 97)
/home/dich3309/rnaseq-tnseq-enterococcus-analysis/analyses/04_annotation/structural/prokka/efaecium_e745:Prokka:EFM745_00940 (length 98)
/home/dich3309/rnaseq-tnseq-enterococcus-analysis/analyses/04_annotation/structural/prokka/efaecium_e745:Prokka:EFM745_00941 (length 296)
/home/dich3309/rnaseq-tnseq-enterococcus-analysis/analyses/04_annotation/structural/prokka/efaecium_e745:Prokka:EFM745_00942 (length 349)
/home/dich3309/rnaseq-tnseq-enterococcus-analysis/analyses/04_annotation/structural/prokka/efaecium_e745:Prokka:EFM745_00943 (length 548)
/home/dich3309/rnaseq-tnseq-enterococcus-analysis/analyses/04_annotation/structural/prokka/efaecium_e745:Prokka:EFM745_00944 (length 79)
/home/dich3309/rnaseq-tnseq-enterococcus-analysis/analyses/04_annotation/structural/prokka/efaecium_e745:Prokka:EFM745_00945 (length 457)
/home/dich3309/rnaseq-tnseq-enterococcus-analysis/analyses/04_annotation/structural/prokka/efaecium_e745:Prokka:EFM745_00946 (length 545)
/home/dich3309/rnaseq-tnseq-enterococcus-analysis/analyses/04_annotation/structural/prokka/efaecium_e745:Prokka:EFM745_00947 (length 362)
/home/dich3309/rnaseq-tnseq-enterococcus-analysis/analyses/04_annotation/structural/prokka/efaecium_e745:Prokka:EFM745_00948 (length 317)
/home/dich3309/rnaseq-tnseq-enterococcus-analysis/analyses/04_annotation/structural/prokka/efaecium_e745:Prokka:EFM745_00949 (length 85)
/home/dich3309/rnaseq-tnseq-enterococcus-analysis/analyses/04_annotation/structural/prokka/efaecium_e745:Prokka:EFM745_00950 (length 134)
/home/dich3309/rnaseq-tnseq-enterococcus-analysis/analyses/04_annotation/structural/prokka/efaecium_e745:Prokka:EFM745_00951 (length 885)
/home/dich3309/rnaseq-tnseq-enterococcus-analysis/analyses/04_annotation/structural/prokka/efaecium_e745:Prokka:EFM745_00952 (length 158)
/home/dich3309/rnaseq-tnseq-enterococcus-analysis/analyses/04_annotation/structural/prokka/efaecium_e745:Prokka:EFM745_00953 (length 262)
/home/dich3309/rnaseq-tnseq-enterococcus-analysis/analyses/04_annotation/structural/prokka/efaecium_e745:Prokka:EFM745_00954 (length 265)
/home/dich3309/rnaseq-tnseq-enterococcus-analysis/analyses/04_annotation/structural/prokka/efaecium_e745:Prokka:EFM745_00955 (length 131)
/home/dich3309/rnaseq-tnseq-enterococcus-analysis/analyses/04_annotation/structural/prokka/efaecium_e745:Prokka:EFM745_00956 (length 373)
/home/dich3309/rnaseq-tnseq-enterococcus-analysis/analyses/04_annotation/structural/prokka/efaecium_e745:Prokka:EFM745_00957 (length 289)
/home/dich3309/rnaseq-tnseq-enterococcus-analysis/analyses/04_annotation/structural/prokka/efaecium_e745:Prokka:EFM745_00958 (length 53)
/home/dich3309/rnaseq-tnseq-enterococcus-analysis/analyses/04_annotation/structural/prokka/efaecium_e745:Prokka:EFM745_00959 (length 317)
/home/dich3309/rnaseq-tnseq-enterococcus-analysis/analyses/04_annotation/structural/prokka/efaecium_e745:Prokka:EFM745_00960 (length 170)
/home/dich3309/rnaseq-tnseq-enterococcus-analysis/analyses/04_annotation/structural/prokka/efaecium_e745:Prokka:EFM745_00961 (length 130)
/home/dich3309/rnaseq-tnseq-enterococcus-analysis/analyses/04_annotation/structural/prokka/efaecium_e745:Prokka:EFM745_00962 (length 333)
/home/dich3309/rnaseq-tnseq-enterococcus-analysis/analyses/04_annotation/structural/prokka/efaecium_e745:Prokka:EFM745_00963 (length 413)
/home/dich3309/rnaseq-tnseq-enterococcus-analysis/analyses/04_annotation/structural/prokka/efaecium_e745:Prokka:EFM745_00964 (length 211)
/home/dich3309/rnaseq-tnseq-enterococcus-analysis/analyses/04_annotation/structural/prokka/efaecium_e745:Prokka:EFM745_00965 (length 544)
/home/dich3309/rnaseq-tnseq-enterococcus-analysis/analyses/04_annotation/structural/prokka/efaecium_e745:Prokka:EFM745_00966 (length 143)
/home/dich3309/rnaseq-tnseq-enterococcus-analysis/analyses/04_annotation/structural/prokka/efaecium_e745:Prokka:EFM745_00967 (length 82)
/home/dich3309/rnaseq-tnseq-enterococcus-analysis/analyses/04_annotation/structural/prokka/efaecium_e745:Prokka:EFM745_00968 (length 317)
/home/dich3309/rnaseq-tnseq-enterococcus-analysis/analyses/04_annotation/structural/prokka/efaecium_e745:Prokka:EFM745_00969 (length 150)
/home/dich3309/rnaseq-tnseq-enterococcus-analysis/analyses/04_annotation/structural/prokka/efaecium_e745:Prokka:EFM745_00970 (length 173)
/home/dich3309/rnaseq-tnseq-enterococcus-analysis/analyses/04_annotation/structural/prokka/efaecium_e745:Prokka:EFM745_00971 (length 236)
/home/dich3309/rnaseq-tnseq-enterococcus-analysis/analyses/04_annotation/structural/prokka/efaecium_e745:Prokka:EFM745_00972 (length 122)
/home/dich3309/rnaseq-tnseq-enterococcus-analysis/analyses/04_annotation/structural/prokka/efaecium_e745:Prokka:EFM745_00973 (length 74)
/home/dich3309/rnaseq-tnseq-enterococcus-analysis/analyses/04_annotation/structural/prokka/efaecium_e745:Prokka:EFM745_00974 (length 517)
/home/dich3309/rnaseq-tnseq-enterococcus-analysis/analyses/04_annotation/structural/prokka/efaecium_e745:Prokka:EFM745_00975 (length 437)
/home/dich3309/rnaseq-tnseq-enterococcus-analysis/analyses/04_annotation/structural/prokka/efaecium_e745:Prokka:EFM745_00976 (length 545)
/home/dich3309/rnaseq-tnseq-enterococcus-analysis/analyses/04_annotation/structural/prokka/efaecium_e745:Prokka:EFM745_00977 (length 164)
/home/dich3309/rnaseq-tnseq-enterococcus-analysis/analyses/04_annotation/structural/prokka/efaecium_e745:Prokka:EFM745_00978 (length 363)
/home/dich3309/rnaseq-tnseq-enterococcus-analysis/analyses/04_annotation/structural/prokka/efaecium_e745:Prokka:EFM745_00979 (length 225)
/home/dich3309/rnaseq-tnseq-enterococcus-analysis/analyses/04_annotation/structural/prokka/efaecium_e745:Prokka:EFM745_00980 (length 431)
/home/dich3309/rnaseq-tnseq-enterococcus-analysis/analyses/04_annotation/structural/prokka/efaecium_e745:Prokka:EFM745_00981 (length 486)
/home/dich3309/rnaseq-tnseq-enterococcus-analysis/analyses/04_annotation/structural/prokka/efaecium_e745:Prokka:EFM745_00982 (length 498)
/home/dich3309/rnaseq-tnseq-enterococcus-analysis/analyses/04_annotation/structural/prokka/efaecium_e745:Prokka:EFM745_00983 (length 607)
/home/dich3309/rnaseq-tnseq-enterococcus-analysis/analyses/04_annotation/structural/prokka/efaecium_e745:Prokka:EFM745_00984 (length 238)
/home/dich3309/rnaseq-tnseq-enterococcus-analysis/analyses/04_annotation/structural/prokka/efaecium_e745:Prokka:EFM745_00985 (length 642)
/home/dich3309/rnaseq-tnseq-enterococcus-analysis/analyses/04_annotation/structural/prokka/efaecium_e745:Prokka:EFM745_00986 (length 184)
/home/dich3309/rnaseq-tnseq-enterococcus-analysis/analyses/04_annotation/structural/prokka/efaecium_e745:Prokka:EFM745_00987 (length 104)
/home/dich3309/rnaseq-tnseq-enterococcus-analysis/analyses/04_annotation/structural/prokka/efaecium_e745:Prokka:EFM745_00988 (length 86)
/home/dich3309/rnaseq-tnseq-enterococcus-analysis/analyses/04_annotation/structural/prokka/efaecium_e745:Prokka:EFM745_00989 (length 104)
/home/dich3309/rnaseq-tnseq-enterococcus-analysis/analyses/04_annotation/structural/prokka/efaecium_e745:Prokka:EFM745_00990 (length 551)
/home/dich3309/rnaseq-tnseq-enterococcus-analysis/analyses/04_annotation/structural/prokka/efaecium_e745:Prokka:EFM745_00991 (length 616)
/home/dich3309/rnaseq-tnseq-enterococcus-analysis/analyses/04_annotation/structural/prokka/efaecium_e745:Prokka:EFM745_00992 (length 95)
/home/dich3309/rnaseq-tnseq-enterococcus-analysis/analyses/04_annotation/structural/prokka/efaecium_e745:Prokka:EFM745_00993 (length 115)
/home/dich3309/rnaseq-tnseq-enterococcus-analysis/analyses/04_annotation/structural/prokka/efaecium_e745:Prokka:EFM745_00994 (length 434)
/home/dich3309/rnaseq-tnseq-enterococcus-analysis/analyses/04_annotation/structural/prokka/efaecium_e745:Prokka:EFM745_00995 (length 285)
/home/dich3309/rnaseq-tnseq-enterococcus-analysis/analyses/04_annotation/structural/prokka/efaecium_e745:Prokka:EFM745_00996 (length 106)
/home/dich3309/rnaseq-tnseq-enterococcus-analysis/analyses/04_annotation/structural/prokka/efaecium_e745:Prokka:EFM745_00997 (length 131)
/home/dich3309/rnaseq-tnseq-enterococcus-analysis/analyses/04_annotation/structural/prokka/efaecium_e745:Prokka:EFM745_00998 (length 336)
/home/dich3309/rnaseq-tnseq-enterococcus-analysis/analyses/04_annotation/structural/prokka/efaecium_e745:Prokka:EFM745_00999 (length 201)
/home/dich3309/rnaseq-tnseq-enterococcus-analysis/analyses/04_annotation/structural/prokka/efaecium_e745:Prokka:EFM745_01000 (length 221)
/home/dich3309/rnaseq-tnseq-enterococcus-analysis/analyses/04_annotation/structural/prokka/efaecium_e745:Prokka:EFM745_01001 (length 219)
/home/dich3309/rnaseq-tnseq-enterococcus-analysis/analyses/04_annotation/structural/prokka/efaecium_e745:Prokka:EFM745_01002 (length 536)
/home/dich3309/rnaseq-tnseq-enterococcus-analysis/analyses/04_annotation/structural/prokka/efaecium_e745:Prokka:EFM745_01003 (length 206)
/home/dich3309/rnaseq-tnseq-enterococcus-analysis/analyses/04_annotation/structural/prokka/efaecium_e745:Prokka:EFM745_01004 (length 317)
/home/dich3309/rnaseq-tnseq-enterococcus-analysis/analyses/04_annotation/structural/prokka/efaecium_e745:Prokka:EFM745_01005 (length 82)
/home/dich3309/rnaseq-tnseq-enterococcus-analysis/analyses/04_annotation/structural/prokka/efaecium_e745:Prokka:EFM745_01006 (length 199)
/home/dich3309/rnaseq-tnseq-enterococcus-analysis/analyses/04_annotation/structural/prokka/efaecium_e745:Prokka:EFM745_01007 (length 433)
/home/dich3309/rnaseq-tnseq-enterococcus-analysis/analyses/04_annotation/structural/prokka/efaecium_e745:Prokka:EFM745_01009 (length 418)
/home/dich3309/rnaseq-tnseq-enterococcus-analysis/analyses/04_annotation/structural/prokka/efaecium_e745:Prokka:EFM745_01010 (length 625)
/home/dich3309/rnaseq-tnseq-enterococcus-analysis/analyses/04_annotation/structural/prokka/efaecium_e745:Prokka:EFM745_01011 (length 473)
/home/dich3309/rnaseq-tnseq-enterococcus-analysis/analyses/04_annotation/structural/prokka/efaecium_e745:Prokka:EFM745_01012 (length 271)
/home/dich3309/rnaseq-tnseq-enterococcus-analysis/analyses/04_annotation/structural/prokka/efaecium_e745:Prokka:EFM745_01013 (length 171)
/home/dich3309/rnaseq-tnseq-enterococcus-analysis/analyses/04_annotation/structural/prokka/efaecium_e745:Prokka:EFM745_01014 (length 339)
/home/dich3309/rnaseq-tnseq-enterococcus-analysis/analyses/04_annotation/structural/prokka/efaecium_e745:Prokka:EFM745_01015 (length 335)
/home/dich3309/rnaseq-tnseq-enterococcus-analysis/analyses/04_annotation/structural/prokka/efaecium_e745:Prokka:EFM745_01016 (length 221)
/home/dich3309/rnaseq-tnseq-enterococcus-analysis/analyses/04_annotation/structural/prokka/efaecium_e745:Prokka:EFM745_01017 (length 764)
/home/dich3309/rnaseq-tnseq-enterococcus-analysis/analyses/04_annotation/structural/prokka/efaecium_e745:Prokka:EFM745_01018 (length 721)
/home/dich3309/rnaseq-tnseq-enterococcus-analysis/analyses/04_annotation/structural/prokka/efaecium_e745:Prokka:EFM745_01019 (length 277)
/home/dich3309/rnaseq-tnseq-enterococcus-analysis/analyses/04_annotation/structural/prokka/efaecium_e745:Prokka:EFM745_01020 (length 553)
/home/dich3309/rnaseq-tnseq-enterococcus-analysis/analyses/04_annotation/structural/prokka/efaecium_e745:Prokka:EFM745_01021 (length 439)
/home/dich3309/rnaseq-tnseq-enterococcus-analysis/analyses/04_annotation/structural/prokka/efaecium_e745:Prokka:EFM745_01022 (length 322)
/home/dich3309/rnaseq-tnseq-enterococcus-analysis/analyses/04_annotation/structural/prokka/efaecium_e745:Prokka:EFM745_01023 (length 147)
/home/dich3309/rnaseq-tnseq-enterococcus-analysis/analyses/04_annotation/structural/prokka/efaecium_e745:Prokka:EFM745_01024 (length 176)
/home/dich3309/rnaseq-tnseq-enterococcus-analysis/analyses/04_annotation/structural/prokka/efaecium_e745:Prokka:EFM745_01025 (length 183)
/home/dich3309/rnaseq-tnseq-enterococcus-analysis/analyses/04_annotation/structural/prokka/efaecium_e745:Prokka:EFM745_01026 (length 157)
/home/dich3309/rnaseq-tnseq-enterococcus-analysis/analyses/04_annotation/structural/prokka/efaecium_e745:Prokka:EFM745_01027 (length 490)
/home/dich3309/rnaseq-tnseq-enterococcus-analysis/analyses/04_annotation/structural/prokka/efaecium_e745:Prokka:EFM745_01028 (length 221)
/home/dich3309/rnaseq-tnseq-enterococcus-analysis/analyses/04_annotation/structural/prokka/efaecium_e745:Prokka:EFM745_01029 (length 94)
/home/dich3309/rnaseq-tnseq-enterococcus-analysis/analyses/04_annotation/structural/prokka/efaecium_e745:Prokka:EFM745_01030 (length 139)
/home/dich3309/rnaseq-tnseq-enterococcus-analysis/analyses/04_annotation/structural/prokka/efaecium_e745:Prokka:EFM745_01031 (length 194)
/home/dich3309/rnaseq-tnseq-enterococcus-analysis/analyses/04_annotation/structural/prokka/efaecium_e745:Prokka:EFM745_01032 (length 491)
/home/dich3309/rnaseq-tnseq-enterococcus-analysis/analyses/04_annotation/structural/prokka/efaecium_e745:Prokka:EFM745_01033 (length 103)
/home/dich3309/rnaseq-tnseq-enterococcus-analysis/analyses/04_annotation/structural/prokka/efaecium_e745:Prokka:EFM745_01034 (length 778)
/home/dich3309/rnaseq-tnseq-enterococcus-analysis/analyses/04_annotation/structural/prokka/efaecium_e745:Prokka:EFM745_01035 (length 222)
/home/dich3309/rnaseq-tnseq-enterococcus-analysis/analyses/04_annotation/structural/prokka/efaecium_e745:Prokka:EFM745_01036 (length 347)
/home/dich3309/rnaseq-tnseq-enterococcus-analysis/analyses/04_annotation/structural/prokka/efaecium_e745:Prokka:EFM745_01037 (length 293)
/home/dich3309/rnaseq-tnseq-enterococcus-analysis/analyses/04_annotation/structural/prokka/efaecium_e745:Prokka:EFM745_01038 (length 242)
/home/dich3309/rnaseq-tnseq-enterococcus-analysis/analyses/04_annotation/structural/prokka/efaecium_e745:Prokka:EFM745_01039 (length 105)
/home/dich3309/rnaseq-tnseq-enterococcus-analysis/analyses/04_annotation/structural/prokka/efaecium_e745:Prokka:EFM745_01040 (length 202)
/home/dich3309/rnaseq-tnseq-enterococcus-analysis/analyses/04_annotation/structural/prokka/efaecium_e745:Prokka:EFM745_01041 (length 276)
/home/dich3309/rnaseq-tnseq-enterococcus-analysis/analyses/04_annotation/structural/prokka/efaecium_e745:Prokka:EFM745_01042 (length 162)
/home/dich3309/rnaseq-tnseq-enterococcus-analysis/analyses/04_annotation/structural/prokka/efaecium_e745:Prokka:EFM745_01043 (length 290)
/home/dich3309/rnaseq-tnseq-enterococcus-analysis/analyses/04_annotation/structural/prokka/efaecium_e745:Prokka:EFM745_01044 (length 120)
/home/dich3309/rnaseq-tnseq-enterococcus-analysis/analyses/04_annotation/structural/prokka/efaecium_e745:Prokka:EFM745_01045 (length 250)
/home/dich3309/rnaseq-tnseq-enterococcus-analysis/analyses/04_annotation/structural/prokka/efaecium_e745:Prokka:EFM745_01046 (length 600)
/home/dich3309/rnaseq-tnseq-enterococcus-analysis/analyses/04_annotation/structural/prokka/efaecium_e745:Prokka:EFM745_01047 (length 346)
/home/dich3309/rnaseq-tnseq-enterococcus-analysis/analyses/04_annotation/structural/prokka/efaecium_e745:Prokka:EFM745_01048 (length 714)
/home/dich3309/rnaseq-tnseq-enterococcus-analysis/analyses/04_annotation/structural/prokka/efaecium_e745:Prokka:EFM745_01049 (length 457)
/home/dich3309/rnaseq-tnseq-enterococcus-analysis/analyses/04_annotation/structural/prokka/efaecium_e745:Prokka:EFM745_01050 (length 131)
/home/dich3309/rnaseq-tnseq-enterococcus-analysis/analyses/04_annotation/structural/prokka/efaecium_e745:Prokka:EFM745_01051 (length 305)
/home/dich3309/rnaseq-tnseq-enterococcus-analysis/analyses/04_annotation/structural/prokka/efaecium_e745:Prokka:EFM745_01052 (length 337)
/home/dich3309/rnaseq-tnseq-enterococcus-analysis/analyses/04_annotation/structural/prokka/efaecium_e745:Prokka:EFM745_01053 (length 199)
/home/dich3309/rnaseq-tnseq-enterococcus-analysis/analyses/04_annotation/structural/prokka/efaecium_e745:Prokka:EFM745_01054 (length 233)
/home/dich3309/rnaseq-tnseq-enterococcus-analysis/analyses/04_annotation/structural/prokka/efaecium_e745:Prokka:EFM745_01055 (length 903)
/home/dich3309/rnaseq-tnseq-enterococcus-analysis/analyses/04_annotation/structural/prokka/efaecium_e745:Prokka:EFM745_01056 (length 542)
/home/dich3309/rnaseq-tnseq-enterococcus-analysis/analyses/04_annotation/structural/prokka/efaecium_e745:Prokka:EFM745_01057 (length 393)
/home/dich3309/rnaseq-tnseq-enterococcus-analysis/analyses/04_annotation/structural/prokka/efaecium_e745:Prokka:EFM745_01058 (length 509)
/home/dich3309/rnaseq-tnseq-enterococcus-analysis/analyses/04_annotation/structural/prokka/efaecium_e745:Prokka:EFM745_01059 (length 242)
/home/dich3309/rnaseq-tnseq-enterococcus-analysis/analyses/04_annotation/structural/prokka/efaecium_e745:Prokka:EFM745_01060 (length 426)
/home/dich3309/rnaseq-tnseq-enterococcus-analysis/analyses/04_annotation/structural/prokka/efaecium_e745:Prokka:EFM745_01061 (length 36)
/home/dich3309/rnaseq-tnseq-enterococcus-analysis/analyses/04_annotation/structural/prokka/efaecium_e745:Prokka:EFM745_01062 (length 200)
/home/dich3309/rnaseq-tnseq-enterococcus-analysis/analyses/04_annotation/structural/prokka/efaecium_e745:Prokka:EFM745_01063 (length 68)
/home/dich3309/rnaseq-tnseq-enterococcus-analysis/analyses/04_annotation/structural/prokka/efaecium_e745:Prokka:EFM745_01064 (length 235)
/home/dich3309/rnaseq-tnseq-enterococcus-analysis/analyses/04_annotation/structural/prokka/efaecium_e745:Prokka:EFM745_01065 (length 227)
/home/dich3309/rnaseq-tnseq-enterococcus-analysis/analyses/04_annotation/structural/prokka/efaecium_e745:Prokka:EFM745_01066 (length 728)
/home/dich3309/rnaseq-tnseq-enterococcus-analysis/analyses/04_annotation/structural/prokka/efaecium_e745:Prokka:EFM745_01067 (length 136)
/home/dich3309/rnaseq-tnseq-enterococcus-analysis/analyses/04_annotation/structural/prokka/efaecium_e745:Prokka:EFM745_01068 (length 118)
/home/dich3309/rnaseq-tnseq-enterococcus-analysis/analyses/04_annotation/structural/prokka/efaecium_e745:Prokka:EFM745_01072 (length 156)
/home/dich3309/rnaseq-tnseq-enterococcus-analysis/analyses/04_annotation/structural/prokka/efaecium_e745:Prokka:EFM745_01073 (length 152)
/home/dich3309/rnaseq-tnseq-enterococcus-analysis/analyses/04_annotation/structural/prokka/efaecium_e745:Prokka:EFM745_01074 (length 381)
/home/dich3309/rnaseq-tnseq-enterococcus-analysis/analyses/04_annotation/structural/prokka/efaecium_e745:Prokka:EFM745_01075 (length 305)
/home/dich3309/rnaseq-tnseq-enterococcus-analysis/analyses/04_annotation/structural/prokka/efaecium_e745:Prokka:EFM745_01076 (length 187)
/home/dich3309/rnaseq-tnseq-enterococcus-analysis/analyses/04_annotation/structural/prokka/efaecium_e745:Prokka:EFM745_01077 (length 419)
/home/dich3309/rnaseq-tnseq-enterococcus-analysis/analyses/04_annotation/structural/prokka/efaecium_e745:Prokka:EFM745_01078 (length 266)
/home/dich3309/rnaseq-tnseq-enterococcus-analysis/analyses/04_annotation/structural/prokka/efaecium_e745:Prokka:EFM745_01079 (length 293)
/home/dich3309/rnaseq-tnseq-enterococcus-analysis/analyses/04_annotation/structural/prokka/efaecium_e745:Prokka:EFM745_01080 (length 238)
/home/dich3309/rnaseq-tnseq-enterococcus-analysis/analyses/04_annotation/structural/prokka/efaecium_e745:Prokka:EFM745_01081 (length 231)
/home/dich3309/rnaseq-tnseq-enterococcus-analysis/analyses/04_annotation/structural/prokka/efaecium_e745:Prokka:EFM745_01082 (length 333)
/home/dich3309/rnaseq-tnseq-enterococcus-analysis/analyses/04_annotation/structural/prokka/efaecium_e745:Prokka:EFM745_01083 (length 453)
/home/dich3309/rnaseq-tnseq-enterococcus-analysis/analyses/04_annotation/structural/prokka/efaecium_e745:Prokka:EFM745_01084 (length 383)
/home/dich3309/rnaseq-tnseq-enterococcus-analysis/analyses/04_annotation/structural/prokka/efaecium_e745:Prokka:EFM745_01085 (length 389)
/home/dich3309/rnaseq-tnseq-enterococcus-analysis/analyses/04_annotation/structural/prokka/efaecium_e745:Prokka:EFM745_01086 (length 459)
/home/dich3309/rnaseq-tnseq-enterococcus-analysis/analyses/04_annotation/structural/prokka/efaecium_e745:Prokka:EFM745_01087 (length 50)
/home/dich3309/rnaseq-tnseq-enterococcus-analysis/analyses/04_annotation/structural/prokka/efaecium_e745:Prokka:EFM745_01088 (length 233)
/home/dich3309/rnaseq-tnseq-enterococcus-analysis/analyses/04_annotation/structural/prokka/efaecium_e745:Prokka:EFM745_01089 (length 222)
/home/dich3309/rnaseq-tnseq-enterococcus-analysis/analyses/04_annotation/structural/prokka/efaecium_e745:Prokka:EFM745_01090 (length 106)
/home/dich3309/rnaseq-tnseq-enterococcus-analysis/analyses/04_annotation/structural/prokka/efaecium_e745:Prokka:EFM745_01091 (length 460)
/home/dich3309/rnaseq-tnseq-enterococcus-analysis/analyses/04_annotation/structural/prokka/efaecium_e745:Prokka:EFM745_01092 (length 395)
/home/dich3309/rnaseq-tnseq-enterococcus-analysis/analyses/04_annotation/structural/prokka/efaecium_e745:Prokka:EFM745_01093 (length 343)
/home/dich3309/rnaseq-tnseq-enterococcus-analysis/analyses/04_annotation/structural/prokka/efaecium_e745:Prokka:EFM745_01094 (length 488)
/home/dich3309/rnaseq-tnseq-enterococcus-analysis/analyses/04_annotation/structural/prokka/efaecium_e745:Prokka:EFM745_01095 (length 301)
/home/dich3309/rnaseq-tnseq-enterococcus-analysis/analyses/04_annotation/structural/prokka/efaecium_e745:Prokka:EFM745_01096 (length 225)
/home/dich3309/rnaseq-tnseq-enterococcus-analysis/analyses/04_annotation/structural/prokka/efaecium_e745:Prokka:EFM745_01097 (length 56)
/home/dich3309/rnaseq-tnseq-enterococcus-analysis/analyses/04_annotation/structural/prokka/efaecium_e745:Prokka:EFM745_01098 (length 298)
/home/dich3309/rnaseq-tnseq-enterococcus-analysis/analyses/04_annotation/structural/prokka/efaecium_e745:Prokka:EFM745_01099 (length 456)
/home/dich3309/rnaseq-tnseq-enterococcus-analysis/analyses/04_annotation/structural/prokka/efaecium_e745:Prokka:EFM745_01100 (length 248)
/home/dich3309/rnaseq-tnseq-enterococcus-analysis/analyses/04_annotation/structural/prokka/efaecium_e745:Prokka:EFM745_01101 (length 279)
/home/dich3309/rnaseq-tnseq-enterococcus-analysis/analyses/04_annotation/structural/prokka/efaecium_e745:Prokka:EFM745_01102 (length 316)
/home/dich3309/rnaseq-tnseq-enterococcus-analysis/analyses/04_annotation/structural/prokka/efaecium_e745:Prokka:EFM745_01103 (length 250)
/home/dich3309/rnaseq-tnseq-enterococcus-analysis/analyses/04_annotation/structural/prokka/efaecium_e745:Prokka:EFM745_01104 (length 383)
/home/dich3309/rnaseq-tnseq-enterococcus-analysis/analyses/04_annotation/structural/prokka/efaecium_e745:Prokka:EFM745_01105 (length 202)
/home/dich3309/rnaseq-tnseq-enterococcus-analysis/analyses/04_annotation/structural/prokka/efaecium_e745:Prokka:EFM745_01106 (length 545)
/home/dich3309/rnaseq-tnseq-enterococcus-analysis/analyses/04_annotation/structural/prokka/efaecium_e745:Prokka:EFM745_01107 (length 370)
/home/dich3309/rnaseq-tnseq-enterococcus-analysis/analyses/04_annotation/structural/prokka/efaecium_e745:Prokka:EFM745_01108 (length 457)
/home/dich3309/rnaseq-tnseq-enterococcus-analysis/analyses/04_annotation/structural/prokka/efaecium_e745:Prokka:EFM745_01109 (length 205)
/home/dich3309/rnaseq-tnseq-enterococcus-analysis/analyses/04_annotation/structural/prokka/efaecium_e745:Prokka:EFM745_01110 (length 151)
/home/dich3309/rnaseq-tnseq-enterococcus-analysis/analyses/04_annotation/structural/prokka/efaecium_e745:Prokka:EFM745_01111 (length 500)
/home/dich3309/rnaseq-tnseq-enterococcus-analysis/analyses/04_annotation/structural/prokka/efaecium_e745:Prokka:EFM745_01112 (length 68)
/home/dich3309/rnaseq-tnseq-enterococcus-analysis/analyses/04_annotation/structural/prokka/efaecium_e745:Prokka:EFM745_01113 (length 133)
/home/dich3309/rnaseq-tnseq-enterococcus-analysis/analyses/04_annotation/structural/prokka/efaecium_e745:Prokka:EFM745_01114 (length 443)
/home/dich3309/rnaseq-tnseq-enterococcus-analysis/analyses/04_annotation/structural/prokka/efaecium_e745:Prokka:EFM745_01115 (length 208)
/home/dich3309/rnaseq-tnseq-enterococcus-analysis/analyses/04_annotation/structural/prokka/efaecium_e745:Prokka:EFM745_01116 (length 193)
/home/dich3309/rnaseq-tnseq-enterococcus-analysis/analyses/04_annotation/structural/prokka/efaecium_e745:Prokka:EFM745_01117 (length 115)
/home/dich3309/rnaseq-tnseq-enterococcus-analysis/analyses/04_annotation/structural/prokka/efaecium_e745:Prokka:EFM745_01118 (length 71)
/home/dich3309/rnaseq-tnseq-enterococcus-analysis/analyses/04_annotation/structural/prokka/efaecium_e745:Prokka:EFM745_01119 (length 112)
/home/dich3309/rnaseq-tnseq-enterococcus-analysis/analyses/04_annotation/structural/prokka/efaecium_e745:Prokka:EFM745_01120 (length 76)
/home/dich3309/rnaseq-tnseq-enterococcus-analysis/analyses/04_annotation/structural/prokka/efaecium_e745:Prokka:EFM745_01121 (length 113)
/home/dich3309/rnaseq-tnseq-enterococcus-analysis/analyses/04_annotation/structural/prokka/efaecium_e745:Prokka:EFM745_01122 (length 61)
/home/dich3309/rnaseq-tnseq-enterococcus-analysis/analyses/04_annotation/structural/prokka/efaecium_e745:Prokka:EFM745_01123 (length 64)
/home/dich3309/rnaseq-tnseq-enterococcus-analysis/analyses/04_annotation/structural/prokka/efaecium_e745:Prokka:EFM745_01124 (length 276)
/home/dich3309/rnaseq-tnseq-enterococcus-analysis/analyses/04_annotation/structural/prokka/efaecium_e745:Prokka:EFM745_01125 (length 444)
/home/dich3309/rnaseq-tnseq-enterococcus-analysis/analyses/04_annotation/structural/prokka/efaecium_e745:Prokka:EFM745_01126 (length 303)
/home/dich3309/rnaseq-tnseq-enterococcus-analysis/analyses/04_annotation/structural/prokka/efaecium_e745:Prokka:EFM745_01127 (length 284)
/home/dich3309/rnaseq-tnseq-enterococcus-analysis/analyses/04_annotation/structural/prokka/efaecium_e745:Prokka:EFM745_01128 (length 205)
/home/dich3309/rnaseq-tnseq-enterococcus-analysis/analyses/04_annotation/structural/prokka/efaecium_e745:Prokka:EFM745_01129 (length 172)
/home/dich3309/rnaseq-tnseq-enterococcus-analysis/analyses/04_annotation/structural/prokka/efaecium_e745:Prokka:EFM745_01130 (length 152)
/home/dich3309/rnaseq-tnseq-enterococcus-analysis/analyses/04_annotation/structural/prokka/efaecium_e745:Prokka:EFM745_01131 (length 1345)
/home/dich3309/rnaseq-tnseq-enterococcus-analysis/analyses/04_annotation/structural/prokka/efaecium_e745:Prokka:EFM745_01132 (length 437)
/home/dich3309/rnaseq-tnseq-enterococcus-analysis/analyses/04_annotation/structural/prokka/efaecium_e745:Prokka:EFM745_01133 (length 565)
/home/dich3309/rnaseq-tnseq-enterococcus-analysis/analyses/04_annotation/structural/prokka/efaecium_e745:Prokka:EFM745_01134 (length 297)
/home/dich3309/rnaseq-tnseq-enterococcus-analysis/analyses/04_annotation/structural/prokka/efaecium_e745:Prokka:EFM745_01135 (length 224)
/home/dich3309/rnaseq-tnseq-enterococcus-analysis/analyses/04_annotation/structural/prokka/efaecium_e745:Prokka:EFM745_01136 (length 341)
/home/dich3309/rnaseq-tnseq-enterococcus-analysis/analyses/04_annotation/structural/prokka/efaecium_e745:Prokka:EFM745_01137 (length 288)
/home/dich3309/rnaseq-tnseq-enterococcus-analysis/analyses/04_annotation/structural/prokka/efaecium_e745:Prokka:EFM745_01138 (length 458)
/home/dich3309/rnaseq-tnseq-enterococcus-analysis/analyses/04_annotation/structural/prokka/efaecium_e745:Prokka:EFM745_01139 (length 398)
/home/dich3309/rnaseq-tnseq-enterococcus-analysis/analyses/04_annotation/structural/prokka/efaecium_e745:Prokka:EFM745_01140 (length 220)
/home/dich3309/rnaseq-tnseq-enterococcus-analysis/analyses/04_annotation/structural/prokka/efaecium_e745:Prokka:EFM745_01141 (length 187)
/home/dich3309/rnaseq-tnseq-enterococcus-analysis/analyses/04_annotation/structural/prokka/efaecium_e745:Prokka:EFM745_01142 (length 94)
/home/dich3309/rnaseq-tnseq-enterococcus-analysis/analyses/04_annotation/structural/prokka/efaecium_e745:Prokka:EFM745_01143 (length 230)
/home/dich3309/rnaseq-tnseq-enterococcus-analysis/analyses/04_annotation/structural/prokka/efaecium_e745:Prokka:EFM745_01144 (length 181)
/home/dich3309/rnaseq-tnseq-enterococcus-analysis/analyses/04_annotation/structural/prokka/efaecium_e745:Prokka:EFM745_01145 (length 1092)
/home/dich3309/rnaseq-tnseq-enterococcus-analysis/analyses/04_annotation/structural/prokka/efaecium_e745:Prokka:EFM745_01146 (length 635)
/home/dich3309/rnaseq-tnseq-enterococcus-analysis/analyses/04_annotation/structural/prokka/efaecium_e745:Prokka:EFM745_01147 (length 291)
/home/dich3309/rnaseq-tnseq-enterococcus-analysis/analyses/04_annotation/structural/prokka/efaecium_e745:Prokka:EFM745_01148 (length 324)
/home/dich3309/rnaseq-tnseq-enterococcus-analysis/analyses/04_annotation/structural/prokka/efaecium_e745:Prokka:EFM745_01149 (length 378)
/home/dich3309/rnaseq-tnseq-enterococcus-analysis/analyses/04_annotation/structural/prokka/efaecium_e745:Prokka:EFM745_01150 (length 114)
/home/dich3309/rnaseq-tnseq-enterococcus-analysis/analyses/04_annotation/structural/prokka/efaecium_e745:Prokka:EFM745_01151 (length 428)
/home/dich3309/rnaseq-tnseq-enterococcus-analysis/analyses/04_annotation/structural/prokka/efaecium_e745:Prokka:EFM745_01152 (length 199)
/home/dich3309/rnaseq-tnseq-enterococcus-analysis/analyses/04_annotation/structural/prokka/efaecium_e745:Prokka:EFM745_01153 (length 373)
/home/dich3309/rnaseq-tnseq-enterococcus-analysis/analyses/04_annotation/structural/prokka/efaecium_e745:Prokka:EFM745_01154 (length 473)
/home/dich3309/rnaseq-tnseq-enterococcus-analysis/analyses/04_annotation/structural/prokka/efaecium_e745:Prokka:EFM745_01155 (length 372)
/home/dich3309/rnaseq-tnseq-enterococcus-analysis/analyses/04_annotation/structural/prokka/efaecium_e745:Prokka:EFM745_01156 (length 430)
/home/dich3309/rnaseq-tnseq-enterococcus-analysis/analyses/04_annotation/structural/prokka/efaecium_e745:Prokka:EFM745_01157 (length 186)
/home/dich3309/rnaseq-tnseq-enterococcus-analysis/analyses/04_annotation/structural/prokka/efaecium_e745:Prokka:EFM745_01158 (length 125)
/home/dich3309/rnaseq-tnseq-enterococcus-analysis/analyses/04_annotation/structural/prokka/efaecium_e745:Prokka:EFM745_01159 (length 656)
/home/dich3309/rnaseq-tnseq-enterococcus-analysis/analyses/04_annotation/structural/prokka/efaecium_e745:Prokka:EFM745_01160 (length 315)
/home/dich3309/rnaseq-tnseq-enterococcus-analysis/analyses/04_annotation/structural/prokka/efaecium_e745:Prokka:EFM745_01161 (length 154)
/home/dich3309/rnaseq-tnseq-enterococcus-analysis/analyses/04_annotation/structural/prokka/efaecium_e745:Prokka:EFM745_01162 (length 347)
/home/dich3309/rnaseq-tnseq-enterococcus-analysis/analyses/04_annotation/structural/prokka/efaecium_e745:Prokka:EFM745_01163 (length 321)
/home/dich3309/rnaseq-tnseq-enterococcus-analysis/analyses/04_annotation/structural/prokka/efaecium_e745:Prokka:EFM745_01164 (length 281)
/home/dich3309/rnaseq-tnseq-enterococcus-analysis/analyses/04_annotation/structural/prokka/efaecium_e745:Prokka:EFM745_01165 (length 395)
/home/dich3309/rnaseq-tnseq-enterococcus-analysis/analyses/04_annotation/structural/prokka/efaecium_e745:Prokka:EFM745_01166 (length 118)
/home/dich3309/rnaseq-tnseq-enterococcus-analysis/analyses/04_annotation/structural/prokka/efaecium_e745:Prokka:EFM745_01167 (length 112)
/home/dich3309/rnaseq-tnseq-enterococcus-analysis/analyses/04_annotation/structural/prokka/efaecium_e745:Prokka:EFM745_01169 (length 347)
/home/dich3309/rnaseq-tnseq-enterococcus-analysis/analyses/04_annotation/structural/prokka/efaecium_e745:Prokka:EFM745_01170 (length 228)
/home/dich3309/rnaseq-tnseq-enterococcus-analysis/analyses/04_annotation/structural/prokka/efaecium_e745:Prokka:EFM745_01171 (length 282)
/home/dich3309/rnaseq-tnseq-enterococcus-analysis/analyses/04_annotation/structural/prokka/efaecium_e745:Prokka:EFM745_01172 (length 257)
/home/dich3309/rnaseq-tnseq-enterococcus-analysis/analyses/04_annotation/structural/prokka/efaecium_e745:Prokka:EFM745_01173 (length 428)
/home/dich3309/rnaseq-tnseq-enterococcus-analysis/analyses/04_annotation/structural/prokka/efaecium_e745:Prokka:EFM745_01174 (length 411)
/home/dich3309/rnaseq-tnseq-enterococcus-analysis/analyses/04_annotation/structural/prokka/efaecium_e745:Prokka:EFM745_01175 (length 156)
/home/dich3309/rnaseq-tnseq-enterococcus-analysis/analyses/04_annotation/structural/prokka/efaecium_e745:Prokka:EFM745_01176 (length 463)
/home/dich3309/rnaseq-tnseq-enterococcus-analysis/analyses/04_annotation/structural/prokka/efaecium_e745:Prokka:EFM745_01177 (length 393)
/home/dich3309/rnaseq-tnseq-enterococcus-analysis/analyses/04_annotation/structural/prokka/efaecium_e745:Prokka:EFM745_01178 (length 244)
/home/dich3309/rnaseq-tnseq-enterococcus-analysis/analyses/04_annotation/structural/prokka/efaecium_e745:Prokka:EFM745_01179 (length 91)
/home/dich3309/rnaseq-tnseq-enterococcus-analysis/analyses/04_annotation/structural/prokka/efaecium_e745:Prokka:EFM745_01180 (length 665)
/home/dich3309/rnaseq-tnseq-enterococcus-analysis/analyses/04_annotation/structural/prokka/efaecium_e745:Prokka:EFM745_01181 (length 111)
/home/dich3309/rnaseq-tnseq-enterococcus-analysis/analyses/04_annotation/structural/prokka/efaecium_e745:Prokka:EFM745_01182 (length 71)
/home/dich3309/rnaseq-tnseq-enterococcus-analysis/analyses/04_annotation/structural/prokka/efaecium_e745:Prokka:EFM745_01183 (length 121)
/home/dich3309/rnaseq-tnseq-enterococcus-analysis/analyses/04_annotation/structural/prokka/efaecium_e745:Prokka:EFM745_01184 (length 108)
/home/dich3309/rnaseq-tnseq-enterococcus-analysis/analyses/04_annotation/structural/prokka/efaecium_e745:Prokka:EFM745_01185 (length 241)
/home/dich3309/rnaseq-tnseq-enterococcus-analysis/analyses/04_annotation/structural/prokka/efaecium_e745:Prokka:EFM745_01186 (length 530)
/home/dich3309/rnaseq-tnseq-enterococcus-analysis/analyses/04_annotation/structural/prokka/efaecium_e745:Prokka:EFM745_01187 (length 414)
/home/dich3309/rnaseq-tnseq-enterococcus-analysis/analyses/04_annotation/structural/prokka/efaecium_e745:Prokka:EFM745_01188 (length 1049)
/home/dich3309/rnaseq-tnseq-enterococcus-analysis/analyses/04_annotation/structural/prokka/efaecium_e745:Prokka:EFM745_01189 (length 481)
/home/dich3309/rnaseq-tnseq-enterococcus-analysis/analyses/04_annotation/structural/prokka/efaecium_e745:Prokka:EFM745_01190 (length 221)
/home/dich3309/rnaseq-tnseq-enterococcus-analysis/analyses/04_annotation/structural/prokka/efaecium_e745:Prokka:EFM745_01191 (length 678)
/home/dich3309/rnaseq-tnseq-enterococcus-analysis/analyses/04_annotation/structural/prokka/efaecium_e745:Prokka:EFM745_01192 (length 212)
/home/dich3309/rnaseq-tnseq-enterococcus-analysis/analyses/04_annotation/structural/prokka/efaecium_e745:Prokka:EFM745_01193 (length 142)
/home/dich3309/rnaseq-tnseq-enterococcus-analysis/analyses/04_annotation/structural/prokka/efaecium_e745:Prokka:EFM745_01194 (length 303)
/home/dich3309/rnaseq-tnseq-enterococcus-analysis/analyses/04_annotation/structural/prokka/efaecium_e745:Prokka:EFM745_01195 (length 145)
/home/dich3309/rnaseq-tnseq-enterococcus-analysis/analyses/04_annotation/structural/prokka/efaecium_e745:Prokka:EFM745_01196 (length 294)
/home/dich3309/rnaseq-tnseq-enterococcus-analysis/analyses/04_annotation/structural/prokka/efaecium_e745:Prokka:EFM745_01197 (length 1055)
/home/dich3309/rnaseq-tnseq-enterococcus-analysis/analyses/04_annotation/structural/prokka/efaecium_e745:Prokka:EFM745_01198 (length 181)
/home/dich3309/rnaseq-tnseq-enterococcus-analysis/analyses/04_annotation/structural/prokka/efaecium_e745:Prokka:EFM745_01199 (length 151)
/home/dich3309/rnaseq-tnseq-enterococcus-analysis/analyses/04_annotation/structural/prokka/efaecium_e745:Prokka:EFM745_01200 (length 252)
/home/dich3309/rnaseq-tnseq-enterococcus-analysis/analyses/04_annotation/structural/prokka/efaecium_e745:Prokka:EFM745_01201 (length 246)
/home/dich3309/rnaseq-tnseq-enterococcus-analysis/analyses/04_annotation/structural/prokka/efaecium_e745:Prokka:EFM745_01202 (length 417)
/home/dich3309/rnaseq-tnseq-enterococcus-analysis/analyses/04_annotation/structural/prokka/efaecium_e745:Prokka:EFM745_01203 (length 75)
/home/dich3309/rnaseq-tnseq-enterococcus-analysis/analyses/04_annotation/structural/prokka/efaecium_e745:Prokka:EFM745_01204 (length 108)
/home/dich3309/rnaseq-tnseq-enterococcus-analysis/analyses/04_annotation/structural/prokka/efaecium_e745:Prokka:EFM745_01205 (length 237)
/home/dich3309/rnaseq-tnseq-enterococcus-analysis/analyses/04_annotation/structural/prokka/efaecium_e745:Prokka:EFM745_01206 (length 283)
/home/dich3309/rnaseq-tnseq-enterococcus-analysis/analyses/04_annotation/structural/prokka/efaecium_e745:Prokka:EFM745_01207 (length 49)
/home/dich3309/rnaseq-tnseq-enterococcus-analysis/analyses/04_annotation/structural/prokka/efaecium_e745:Prokka:EFM745_01208 (length 621)
/home/dich3309/rnaseq-tnseq-enterococcus-analysis/analyses/04_annotation/structural/prokka/efaecium_e745:Prokka:EFM745_01209 (length 456)
/home/dich3309/rnaseq-tnseq-enterococcus-analysis/analyses/04_annotation/structural/prokka/efaecium_e745:Prokka:EFM745_01210 (length 233)
/home/dich3309/rnaseq-tnseq-enterococcus-analysis/analyses/04_annotation/structural/prokka/efaecium_e745:Prokka:EFM745_01211 (length 162)
/home/dich3309/rnaseq-tnseq-enterococcus-analysis/analyses/04_annotation/structural/prokka/efaecium_e745:Prokka:EFM745_01212 (length 36)
/home/dich3309/rnaseq-tnseq-enterococcus-analysis/analyses/04_annotation/structural/prokka/efaecium_e745:Prokka:EFM745_01213 (length 191)
/home/dich3309/rnaseq-tnseq-enterococcus-analysis/analyses/04_annotation/structural/prokka/efaecium_e745:Prokka:EFM745_01214 (length 146)
/home/dich3309/rnaseq-tnseq-enterococcus-analysis/analyses/04_annotation/structural/prokka/efaecium_e745:Prokka:EFM745_01215 (length 233)
/home/dich3309/rnaseq-tnseq-enterococcus-analysis/analyses/04_annotation/structural/prokka/efaecium_e745:Prokka:EFM745_01216 (length 57)
/home/dich3309/rnaseq-tnseq-enterococcus-analysis/analyses/04_annotation/structural/prokka/efaecium_e745:Prokka:EFM745_01217 (length 141)
/home/dich3309/rnaseq-tnseq-enterococcus-analysis/analyses/04_annotation/structural/prokka/efaecium_e745:Prokka:EFM745_01218 (length 323)
/home/dich3309/rnaseq-tnseq-enterococcus-analysis/analyses/04_annotation/structural/prokka/efaecium_e745:Prokka:EFM745_01219 (length 465)
/home/dich3309/rnaseq-tnseq-enterococcus-analysis/analyses/04_annotation/structural/prokka/efaecium_e745:Prokka:EFM745_01220 (length 207)
/home/dich3309/rnaseq-tnseq-enterococcus-analysis/analyses/04_annotation/structural/prokka/efaecium_e745:Prokka:EFM745_01221 (length 697)
/home/dich3309/rnaseq-tnseq-enterococcus-analysis/analyses/04_annotation/structural/prokka/efaecium_e745:Prokka:EFM745_01222 (length 288)
/home/dich3309/rnaseq-tnseq-enterococcus-analysis/analyses/04_annotation/structural/prokka/efaecium_e745:Prokka:EFM745_01223 (length 145)
/home/dich3309/rnaseq-tnseq-enterococcus-analysis/analyses/04_annotation/structural/prokka/efaecium_e745:Prokka:EFM745_01225 (length 882)
/home/dich3309/rnaseq-tnseq-enterococcus-analysis/analyses/04_annotation/structural/prokka/efaecium_e745:Prokka:EFM745_01226 (length 223)
/home/dich3309/rnaseq-tnseq-enterococcus-analysis/analyses/04_annotation/structural/prokka/efaecium_e745:Prokka:EFM745_01227 (length 199)
/home/dich3309/rnaseq-tnseq-enterococcus-analysis/analyses/04_annotation/structural/prokka/efaecium_e745:Prokka:EFM745_01230 (length 357)
/home/dich3309/rnaseq-tnseq-enterococcus-analysis/analyses/04_annotation/structural/prokka/efaecium_e745:Prokka:EFM745_01231 (length 226)
/home/dich3309/rnaseq-tnseq-enterococcus-analysis/analyses/04_annotation/structural/prokka/efaecium_e745:Prokka:EFM745_01232 (length 279)
/home/dich3309/rnaseq-tnseq-enterococcus-analysis/analyses/04_annotation/structural/prokka/efaecium_e745:Prokka:EFM745_01233 (length 407)
/home/dich3309/rnaseq-tnseq-enterococcus-analysis/analyses/04_annotation/structural/prokka/efaecium_e745:Prokka:EFM745_01234 (length 472)
/home/dich3309/rnaseq-tnseq-enterococcus-analysis/analyses/04_annotation/structural/prokka/efaecium_e745:Prokka:EFM745_01235 (length 147)
/home/dich3309/rnaseq-tnseq-enterococcus-analysis/analyses/04_annotation/structural/prokka/efaecium_e745:Prokka:EFM745_01236 (length 446)
/home/dich3309/rnaseq-tnseq-enterococcus-analysis/analyses/04_annotation/structural/prokka/efaecium_e745:Prokka:EFM745_01237 (length 298)
/home/dich3309/rnaseq-tnseq-enterococcus-analysis/analyses/04_annotation/structural/prokka/efaecium_e745:Prokka:EFM745_01238 (length 313)
/home/dich3309/rnaseq-tnseq-enterococcus-analysis/analyses/04_annotation/structural/prokka/efaecium_e745:Prokka:EFM745_01239 (length 373)
/home/dich3309/rnaseq-tnseq-enterococcus-analysis/analyses/04_annotation/structural/prokka/efaecium_e745:Prokka:EFM745_01240 (length 500)
/home/dich3309/rnaseq-tnseq-enterococcus-analysis/analyses/04_annotation/structural/prokka/efaecium_e745:Prokka:EFM745_01241 (length 175)
/home/dich3309/rnaseq-tnseq-enterococcus-analysis/analyses/04_annotation/structural/prokka/efaecium_e745:Prokka:EFM745_01242 (length 353)
/home/dich3309/rnaseq-tnseq-enterococcus-analysis/analyses/04_annotation/structural/prokka/efaecium_e745:Prokka:EFM745_01243 (length 298)
/home/dich3309/rnaseq-tnseq-enterococcus-analysis/analyses/04_annotation/structural/prokka/efaecium_e745:Prokka:EFM745_01244 (length 660)
/home/dich3309/rnaseq-tnseq-enterococcus-analysis/analyses/04_annotation/structural/prokka/efaecium_e745:Prokka:EFM745_01245 (length 148)
/home/dich3309/rnaseq-tnseq-enterococcus-analysis/analyses/04_annotation/structural/prokka/efaecium_e745:Prokka:EFM745_01246 (length 474)
/home/dich3309/rnaseq-tnseq-enterococcus-analysis/analyses/04_annotation/structural/prokka/efaecium_e745:Prokka:EFM745_01247 (length 257)
/home/dich3309/rnaseq-tnseq-enterococcus-analysis/analyses/04_annotation/structural/prokka/efaecium_e745:Prokka:EFM745_01248 (length 301)
/home/dich3309/rnaseq-tnseq-enterococcus-analysis/analyses/04_annotation/structural/prokka/efaecium_e745:Prokka:EFM745_01249 (length 106)
/home/dich3309/rnaseq-tnseq-enterococcus-analysis/analyses/04_annotation/structural/prokka/efaecium_e745:Prokka:EFM745_01250 (length 228)
/home/dich3309/rnaseq-tnseq-enterococcus-analysis/analyses/04_annotation/structural/prokka/efaecium_e745:Prokka:EFM745_01251 (length 314)
/home/dich3309/rnaseq-tnseq-enterococcus-analysis/analyses/04_annotation/structural/prokka/efaecium_e745:Prokka:EFM745_01252 (length 214)
/home/dich3309/rnaseq-tnseq-enterococcus-analysis/analyses/04_annotation/structural/prokka/efaecium_e745:Prokka:EFM745_01253 (length 425)
/home/dich3309/rnaseq-tnseq-enterococcus-analysis/analyses/04_annotation/structural/prokka/efaecium_e745:Prokka:EFM745_01254 (length 249)
/home/dich3309/rnaseq-tnseq-enterococcus-analysis/analyses/04_annotation/structural/prokka/efaecium_e745:Prokka:EFM745_01255 (length 126)
/home/dich3309/rnaseq-tnseq-enterococcus-analysis/analyses/04_annotation/structural/prokka/efaecium_e745:Prokka:EFM745_01256 (length 169)
/home/dich3309/rnaseq-tnseq-enterococcus-analysis/analyses/04_annotation/structural/prokka/efaecium_e745:Prokka:EFM745_01257 (length 59)
/home/dich3309/rnaseq-tnseq-enterococcus-analysis/analyses/04_annotation/structural/prokka/efaecium_e745:Prokka:EFM745_01258 (length 187)
/home/dich3309/rnaseq-tnseq-enterococcus-analysis/analyses/04_annotation/structural/prokka/efaecium_e745:Prokka:EFM745_01259 (length 171)
/home/dich3309/rnaseq-tnseq-enterococcus-analysis/analyses/04_annotation/structural/prokka/efaecium_e745:Prokka:EFM745_01260 (length 289)
/home/dich3309/rnaseq-tnseq-enterococcus-analysis/analyses/04_annotation/structural/prokka/efaecium_e745:Prokka:EFM745_01261 (length 226)
/home/dich3309/rnaseq-tnseq-enterococcus-analysis/analyses/04_annotation/structural/prokka/efaecium_e745:Prokka:EFM745_01262 (length 326)
/home/dich3309/rnaseq-tnseq-enterococcus-analysis/analyses/04_annotation/structural/prokka/efaecium_e745:Prokka:EFM745_01263 (length 157)
/home/dich3309/rnaseq-tnseq-enterococcus-analysis/analyses/04_annotation/structural/prokka/efaecium_e745:Prokka:EFM745_01264 (length 174)
/home/dich3309/rnaseq-tnseq-enterococcus-analysis/analyses/04_annotation/structural/prokka/efaecium_e745:Prokka:EFM745_01265 (length 177)
/home/dich3309/rnaseq-tnseq-enterococcus-analysis/analyses/04_annotation/structural/prokka/efaecium_e745:Prokka:EFM745_01266 (length 250)
/home/dich3309/rnaseq-tnseq-enterococcus-analysis/analyses/04_annotation/structural/prokka/efaecium_e745:Prokka:EFM745_01267 (length 306)
/home/dich3309/rnaseq-tnseq-enterococcus-analysis/analyses/04_annotation/structural/prokka/efaecium_e745:Prokka:EFM745_01268 (length 311)
/home/dich3309/rnaseq-tnseq-enterococcus-analysis/analyses/04_annotation/structural/prokka/efaecium_e745:Prokka:EFM745_01269 (length 492)
/home/dich3309/rnaseq-tnseq-enterococcus-analysis/analyses/04_annotation/structural/prokka/efaecium_e745:Prokka:EFM745_01270 (length 686)
/home/dich3309/rnaseq-tnseq-enterococcus-analysis/analyses/04_annotation/structural/prokka/efaecium_e745:Prokka:EFM745_01271 (length 189)
/home/dich3309/rnaseq-tnseq-enterococcus-analysis/analyses/04_annotation/structural/prokka/efaecium_e745:Prokka:EFM745_01272 (length 268)
/home/dich3309/rnaseq-tnseq-enterococcus-analysis/analyses/04_annotation/structural/prokka/efaecium_e745:Prokka:EFM745_01273 (length 504)
/home/dich3309/rnaseq-tnseq-enterococcus-analysis/analyses/04_annotation/structural/prokka/efaecium_e745:Prokka:EFM745_01274 (length 327)
/home/dich3309/rnaseq-tnseq-enterococcus-analysis/analyses/04_annotation/structural/prokka/efaecium_e745:Prokka:EFM745_01275 (length 215)
/home/dich3309/rnaseq-tnseq-enterococcus-analysis/analyses/04_annotation/structural/prokka/efaecium_e745:Prokka:EFM745_01276 (length 210)
/home/dich3309/rnaseq-tnseq-enterococcus-analysis/analyses/04_annotation/structural/prokka/efaecium_e745:Prokka:EFM745_01277 (length 183)
/home/dich3309/rnaseq-tnseq-enterococcus-analysis/analyses/04_annotation/structural/prokka/efaecium_e745:Prokka:EFM745_01278 (length 245)
/home/dich3309/rnaseq-tnseq-enterococcus-analysis/analyses/04_annotation/structural/prokka/efaecium_e745:Prokka:EFM745_01279 (length 329)
/home/dich3309/rnaseq-tnseq-enterococcus-analysis/analyses/04_annotation/structural/prokka/efaecium_e745:Prokka:EFM745_01280 (length 180)
/home/dich3309/rnaseq-tnseq-enterococcus-analysis/analyses/04_annotation/structural/prokka/efaecium_e745:Prokka:EFM745_01281 (length 361)
/home/dich3309/rnaseq-tnseq-enterococcus-analysis/analyses/04_annotation/structural/prokka/efaecium_e745:Prokka:EFM745_01282 (length 268)
/home/dich3309/rnaseq-tnseq-enterococcus-analysis/analyses/04_annotation/structural/prokka/efaecium_e745:Prokka:EFM745_01283 (length 275)
/home/dich3309/rnaseq-tnseq-enterococcus-analysis/analyses/04_annotation/structural/prokka/efaecium_e745:Prokka:EFM745_01284 (length 357)
/home/dich3309/rnaseq-tnseq-enterococcus-analysis/analyses/04_annotation/structural/prokka/efaecium_e745:Prokka:EFM745_01285 (length 872)
/home/dich3309/rnaseq-tnseq-enterococcus-analysis/analyses/04_annotation/structural/prokka/efaecium_e745:Prokka:EFM745_01286 (length 140)
/home/dich3309/rnaseq-tnseq-enterococcus-analysis/analyses/04_annotation/structural/prokka/efaecium_e745:Prokka:EFM745_01287 (length 164)
/home/dich3309/rnaseq-tnseq-enterococcus-analysis/analyses/04_annotation/structural/prokka/efaecium_e745:Prokka:EFM745_01288 (length 269)
/home/dich3309/rnaseq-tnseq-enterococcus-analysis/analyses/04_annotation/structural/prokka/efaecium_e745:Prokka:EFM745_01289 (length 273)
/home/dich3309/rnaseq-tnseq-enterococcus-analysis/analyses/04_annotation/structural/prokka/efaecium_e745:Prokka:EFM745_01290 (length 699)
/home/dich3309/rnaseq-tnseq-enterococcus-analysis/analyses/04_annotation/structural/prokka/efaecium_e745:Prokka:EFM745_01291 (length 372)
/home/dich3309/rnaseq-tnseq-enterococcus-analysis/analyses/04_annotation/structural/prokka/efaecium_e745:Prokka:EFM745_01292 (length 292)
/home/dich3309/rnaseq-tnseq-enterococcus-analysis/analyses/04_annotation/structural/prokka/efaecium_e745:Prokka:EFM745_01293 (length 270)
/home/dich3309/rnaseq-tnseq-enterococcus-analysis/analyses/04_annotation/structural/prokka/efaecium_e745:Prokka:EFM745_01294 (length 35)
/home/dich3309/rnaseq-tnseq-enterococcus-analysis/analyses/04_annotation/structural/prokka/efaecium_e745:Prokka:EFM745_01295 (length 355)
/home/dich3309/rnaseq-tnseq-enterococcus-analysis/analyses/04_annotation/structural/prokka/efaecium_e745:Prokka:EFM745_01296 (length 67)
/home/dich3309/rnaseq-tnseq-enterococcus-analysis/analyses/04_annotation/structural/prokka/efaecium_e745:Prokka:EFM745_01297 (length 400)
/home/dich3309/rnaseq-tnseq-enterococcus-analysis/analyses/04_annotation/structural/prokka/efaecium_e745:Prokka:EFM745_01299 (length 376)
/home/dich3309/rnaseq-tnseq-enterococcus-analysis/analyses/04_annotation/structural/prokka/efaecium_e745:Prokka:EFM745_01300 (length 317)
/home/dich3309/rnaseq-tnseq-enterococcus-analysis/analyses/04_annotation/structural/prokka/efaecium_e745:Prokka:EFM745_01301 (length 130)
/home/dich3309/rnaseq-tnseq-enterococcus-analysis/analyses/04_annotation/structural/prokka/efaecium_e745:Prokka:EFM745_01302 (length 446)
/home/dich3309/rnaseq-tnseq-enterococcus-analysis/analyses/04_annotation/structural/prokka/efaecium_e745:Prokka:EFM745_01303 (length 81)
/home/dich3309/rnaseq-tnseq-enterococcus-analysis/analyses/04_annotation/structural/prokka/efaecium_e745:Prokka:EFM745_01304 (length 536)
/home/dich3309/rnaseq-tnseq-enterococcus-analysis/analyses/04_annotation/structural/prokka/efaecium_e745:Prokka:EFM745_01305 (length 289)
/home/dich3309/rnaseq-tnseq-enterococcus-analysis/analyses/04_annotation/structural/prokka/efaecium_e745:Prokka:EFM745_01306 (length 423)
/home/dich3309/rnaseq-tnseq-enterococcus-analysis/analyses/04_annotation/structural/prokka/efaecium_e745:Prokka:EFM745_01307 (length 431)
/home/dich3309/rnaseq-tnseq-enterococcus-analysis/analyses/04_annotation/structural/prokka/efaecium_e745:Prokka:EFM745_01308 (length 87)
/home/dich3309/rnaseq-tnseq-enterococcus-analysis/analyses/04_annotation/structural/prokka/efaecium_e745:Prokka:EFM745_01309 (length 149)
/home/dich3309/rnaseq-tnseq-enterococcus-analysis/analyses/04_annotation/structural/prokka/efaecium_e745:Prokka:EFM745_01310 (length 472)
/home/dich3309/rnaseq-tnseq-enterococcus-analysis/analyses/04_annotation/structural/prokka/efaecium_e745:Prokka:EFM745_01311 (length 286)
/home/dich3309/rnaseq-tnseq-enterococcus-analysis/analyses/04_annotation/structural/prokka/efaecium_e745:Prokka:EFM745_01312 (length 245)
/home/dich3309/rnaseq-tnseq-enterococcus-analysis/analyses/04_annotation/structural/prokka/efaecium_e745:Prokka:EFM745_01313 (length 121)
/home/dich3309/rnaseq-tnseq-enterococcus-analysis/analyses/04_annotation/structural/prokka/efaecium_e745:Prokka:EFM745_01314 (length 402)
/home/dich3309/rnaseq-tnseq-enterococcus-analysis/analyses/04_annotation/structural/prokka/efaecium_e745:Prokka:EFM745_01315 (length 92)
/home/dich3309/rnaseq-tnseq-enterococcus-analysis/analyses/04_annotation/structural/prokka/efaecium_e745:Prokka:EFM745_01316 (length 231)
/home/dich3309/rnaseq-tnseq-enterococcus-analysis/analyses/04_annotation/structural/prokka/efaecium_e745:Prokka:EFM745_01317 (length 265)
/home/dich3309/rnaseq-tnseq-enterococcus-analysis/analyses/04_annotation/structural/prokka/efaecium_e745:Prokka:EFM745_01318 (length 394)
/home/dich3309/rnaseq-tnseq-enterococcus-analysis/analyses/04_annotation/structural/prokka/efaecium_e745:Prokka:EFM745_01319 (length 415)
/home/dich3309/rnaseq-tnseq-enterococcus-analysis/analyses/04_annotation/structural/prokka/efaecium_e745:Prokka:EFM745_01320 (length 581)
/home/dich3309/rnaseq-tnseq-enterococcus-analysis/analyses/04_annotation/structural/prokka/efaecium_e745:Prokka:EFM745_01321 (length 104)
/home/dich3309/rnaseq-tnseq-enterococcus-analysis/analyses/04_annotation/structural/prokka/efaecium_e745:Prokka:EFM745_01322 (length 198)
/home/dich3309/rnaseq-tnseq-enterococcus-analysis/analyses/04_annotation/structural/prokka/efaecium_e745:Prokka:EFM745_01323 (length 214)
/home/dich3309/rnaseq-tnseq-enterococcus-analysis/analyses/04_annotation/structural/prokka/efaecium_e745:Prokka:EFM745_01324 (length 109)
/home/dich3309/rnaseq-tnseq-enterococcus-analysis/analyses/04_annotation/structural/prokka/efaecium_e745:Prokka:EFM745_01325 (length 312)
/home/dich3309/rnaseq-tnseq-enterococcus-analysis/analyses/04_annotation/structural/prokka/efaecium_e745:Prokka:EFM745_01326 (length 274)
/home/dich3309/rnaseq-tnseq-enterococcus-analysis/analyses/04_annotation/structural/prokka/efaecium_e745:Prokka:EFM745_01327 (length 115)
/home/dich3309/rnaseq-tnseq-enterococcus-analysis/analyses/04_annotation/structural/prokka/efaecium_e745:Prokka:EFM745_01328 (length 290)
/home/dich3309/rnaseq-tnseq-enterococcus-analysis/analyses/04_annotation/structural/prokka/efaecium_e745:Prokka:EFM745_01329 (length 373)
/home/dich3309/rnaseq-tnseq-enterococcus-analysis/analyses/04_annotation/structural/prokka/efaecium_e745:Prokka:EFM745_01330 (length 200)
/home/dich3309/rnaseq-tnseq-enterococcus-analysis/analyses/04_annotation/structural/prokka/efaecium_e745:Prokka:EFM745_01331 (length 729)
/home/dich3309/rnaseq-tnseq-enterococcus-analysis/analyses/04_annotation/structural/prokka/efaecium_e745:Prokka:EFM745_01332 (length 255)
/home/dich3309/rnaseq-tnseq-enterococcus-analysis/analyses/04_annotation/structural/prokka/efaecium_e745:Prokka:EFM745_01333 (length 680)
/home/dich3309/rnaseq-tnseq-enterococcus-analysis/analyses/04_annotation/structural/prokka/efaecium_e745:Prokka:EFM745_01334 (length 49)
/home/dich3309/rnaseq-tnseq-enterococcus-analysis/analyses/04_annotation/structural/prokka/efaecium_e745:Prokka:EFM745_01335 (length 504)
/home/dich3309/rnaseq-tnseq-enterococcus-analysis/analyses/04_annotation/structural/prokka/efaecium_e745:Prokka:EFM745_01336 (length 401)
/home/dich3309/rnaseq-tnseq-enterococcus-analysis/analyses/04_annotation/structural/prokka/efaecium_e745:Prokka:EFM745_01337 (length 77)
/home/dich3309/rnaseq-tnseq-enterococcus-analysis/analyses/04_annotation/structural/prokka/efaecium_e745:Prokka:EFM745_01338 (length 422)
/home/dich3309/rnaseq-tnseq-enterococcus-analysis/analyses/04_annotation/structural/prokka/efaecium_e745:Prokka:EFM745_01339 (length 360)
/home/dich3309/rnaseq-tnseq-enterococcus-analysis/analyses/04_annotation/structural/prokka/efaecium_e745:Prokka:EFM745_01340 (length 267)
/home/dich3309/rnaseq-tnseq-enterococcus-analysis/analyses/04_annotation/structural/prokka/efaecium_e745:Prokka:EFM745_01341 (length 246)
/home/dich3309/rnaseq-tnseq-enterococcus-analysis/analyses/04_annotation/structural/prokka/efaecium_e745:Prokka:EFM745_01342 (length 334)
/home/dich3309/rnaseq-tnseq-enterococcus-analysis/analyses/04_annotation/structural/prokka/efaecium_e745:Prokka:EFM745_01343 (length 614)
/home/dich3309/rnaseq-tnseq-enterococcus-analysis/analyses/04_annotation/structural/prokka/efaecium_e745:Prokka:EFM745_01344 (length 129)
/home/dich3309/rnaseq-tnseq-enterococcus-analysis/analyses/04_annotation/structural/prokka/efaecium_e745:Prokka:EFM745_01345 (length 227)
/home/dich3309/rnaseq-tnseq-enterococcus-analysis/analyses/04_annotation/structural/prokka/efaecium_e745:Prokka:EFM745_01347 (length 119)
/home/dich3309/rnaseq-tnseq-enterococcus-analysis/analyses/04_annotation/structural/prokka/efaecium_e745:Prokka:EFM745_01348 (length 543)
/home/dich3309/rnaseq-tnseq-enterococcus-analysis/analyses/04_annotation/structural/prokka/efaecium_e745:Prokka:EFM745_01349 (length 213)
/home/dich3309/rnaseq-tnseq-enterococcus-analysis/analyses/04_annotation/structural/prokka/efaecium_e745:Prokka:EFM745_01351 (length 102)
/home/dich3309/rnaseq-tnseq-enterococcus-analysis/analyses/04_annotation/structural/prokka/efaecium_e745:Prokka:EFM745_01352 (length 114)
/home/dich3309/rnaseq-tnseq-enterococcus-analysis/analyses/04_annotation/structural/prokka/efaecium_e745:Prokka:EFM745_01353 (length 97)
/home/dich3309/rnaseq-tnseq-enterococcus-analysis/analyses/04_annotation/structural/prokka/efaecium_e745:Prokka:EFM745_01354 (length 944)
/home/dich3309/rnaseq-tnseq-enterococcus-analysis/analyses/04_annotation/structural/prokka/efaecium_e745:Prokka:EFM745_01355 (length 163)
/home/dich3309/rnaseq-tnseq-enterococcus-analysis/analyses/04_annotation/structural/prokka/efaecium_e745:Prokka:EFM745_01356 (length 329)
/home/dich3309/rnaseq-tnseq-enterococcus-analysis/analyses/04_annotation/structural/prokka/efaecium_e745:Prokka:EFM745_01357 (length 267)
/home/dich3309/rnaseq-tnseq-enterococcus-analysis/analyses/04_annotation/structural/prokka/efaecium_e745:Prokka:EFM745_01358 (length 304)
/home/dich3309/rnaseq-tnseq-enterococcus-analysis/analyses/04_annotation/structural/prokka/efaecium_e745:Prokka:EFM745_01359 (length 124)
/home/dich3309/rnaseq-tnseq-enterococcus-analysis/analyses/04_annotation/structural/prokka/efaecium_e745:Prokka:EFM745_01360 (length 81)
/home/dich3309/rnaseq-tnseq-enterococcus-analysis/analyses/04_annotation/structural/prokka/efaecium_e745:Prokka:EFM745_01361 (length 354)
/home/dich3309/rnaseq-tnseq-enterococcus-analysis/analyses/04_annotation/structural/prokka/efaecium_e745:Prokka:EFM745_01362 (length 141)
/home/dich3309/rnaseq-tnseq-enterococcus-analysis/analyses/04_annotation/structural/prokka/efaecium_e745:Prokka:EFM745_01363 (length 149)
/home/dich3309/rnaseq-tnseq-enterococcus-analysis/analyses/04_annotation/structural/prokka/efaecium_e745:Prokka:EFM745_01364 (length 284)
/home/dich3309/rnaseq-tnseq-enterococcus-analysis/analyses/04_annotation/structural/prokka/efaecium_e745:Prokka:EFM745_01365 (length 445)
/home/dich3309/rnaseq-tnseq-enterococcus-analysis/analyses/04_annotation/structural/prokka/efaecium_e745:Prokka:EFM745_01366 (length 74)
/home/dich3309/rnaseq-tnseq-enterococcus-analysis/analyses/04_annotation/structural/prokka/efaecium_e745:Prokka:EFM745_01367 (length 296)
/home/dich3309/rnaseq-tnseq-enterococcus-analysis/analyses/04_annotation/structural/prokka/efaecium_e745:Prokka:EFM745_01368 (length 272)
/home/dich3309/rnaseq-tnseq-enterococcus-analysis/analyses/04_annotation/structural/prokka/efaecium_e745:Prokka:EFM745_01369 (length 149)
/home/dich3309/rnaseq-tnseq-enterococcus-analysis/analyses/04_annotation/structural/prokka/efaecium_e745:Prokka:EFM745_01370 (length 560)
/home/dich3309/rnaseq-tnseq-enterococcus-analysis/analyses/04_annotation/structural/prokka/efaecium_e745:Prokka:EFM745_01371 (length 38)
/home/dich3309/rnaseq-tnseq-enterococcus-analysis/analyses/04_annotation/structural/prokka/efaecium_e745:Prokka:EFM745_01372 (length 318)
/home/dich3309/rnaseq-tnseq-enterococcus-analysis/analyses/04_annotation/structural/prokka/efaecium_e745:Prokka:EFM745_01373 (length 122)
/home/dich3309/rnaseq-tnseq-enterococcus-analysis/analyses/04_annotation/structural/prokka/efaecium_e745:Prokka:EFM745_01374 (length 143)
/home/dich3309/rnaseq-tnseq-enterococcus-analysis/analyses/04_annotation/structural/prokka/efaecium_e745:Prokka:EFM745_01375 (length 319)
/home/dich3309/rnaseq-tnseq-enterococcus-analysis/analyses/04_annotation/structural/prokka/efaecium_e745:Prokka:EFM745_01376 (length 133)
/home/dich3309/rnaseq-tnseq-enterococcus-analysis/analyses/04_annotation/structural/prokka/efaecium_e745:Prokka:EFM745_01377 (length 730)
/home/dich3309/rnaseq-tnseq-enterococcus-analysis/analyses/04_annotation/structural/prokka/efaecium_e745:Prokka:EFM745_01378 (length 320)
/home/dich3309/rnaseq-tnseq-enterococcus-analysis/analyses/04_annotation/structural/prokka/efaecium_e745:Prokka:EFM745_01379 (length 453)
/home/dich3309/rnaseq-tnseq-enterococcus-analysis/analyses/04_annotation/structural/prokka/efaecium_e745:Prokka:EFM745_01380 (length 362)
/home/dich3309/rnaseq-tnseq-enterococcus-analysis/analyses/04_annotation/structural/prokka/efaecium_e745:Prokka:EFM745_01381 (length 406)
/home/dich3309/rnaseq-tnseq-enterococcus-analysis/analyses/04_annotation/structural/prokka/efaecium_e745:Prokka:EFM745_01382 (length 441)
/home/dich3309/rnaseq-tnseq-enterococcus-analysis/analyses/04_annotation/structural/prokka/efaecium_e745:Prokka:EFM745_01383 (length 413)
/home/dich3309/rnaseq-tnseq-enterococcus-analysis/analyses/04_annotation/structural/prokka/efaecium_e745:Prokka:EFM745_01384 (length 225)
/home/dich3309/rnaseq-tnseq-enterococcus-analysis/analyses/04_annotation/structural/prokka/efaecium_e745:Prokka:EFM745_01385 (length 199)
/home/dich3309/rnaseq-tnseq-enterococcus-analysis/analyses/04_annotation/structural/prokka/efaecium_e745:Prokka:EFM745_01386 (length 260)
/home/dich3309/rnaseq-tnseq-enterococcus-analysis/analyses/04_annotation/structural/prokka/efaecium_e745:Prokka:EFM745_01387 (length 235)
/home/dich3309/rnaseq-tnseq-enterococcus-analysis/analyses/04_annotation/structural/prokka/efaecium_e745:Prokka:EFM745_01388 (length 932)
/home/dich3309/rnaseq-tnseq-enterococcus-analysis/analyses/04_annotation/structural/prokka/efaecium_e745:Prokka:EFM745_01389 (length 508)
/home/dich3309/rnaseq-tnseq-enterococcus-analysis/analyses/04_annotation/structural/prokka/efaecium_e745:Prokka:EFM745_01390 (length 215)
/home/dich3309/rnaseq-tnseq-enterococcus-analysis/analyses/04_annotation/structural/prokka/efaecium_e745:Prokka:EFM745_01391 (length 113)
/home/dich3309/rnaseq-tnseq-enterococcus-analysis/analyses/04_annotation/structural/prokka/efaecium_e745:Prokka:EFM745_01392 (length 242)
/home/dich3309/rnaseq-tnseq-enterococcus-analysis/analyses/04_annotation/structural/prokka/efaecium_e745:Prokka:EFM745_01393 (length 337)
/home/dich3309/rnaseq-tnseq-enterococcus-analysis/analyses/04_annotation/structural/prokka/efaecium_e745:Prokka:EFM745_01394 (length 425)
/home/dich3309/rnaseq-tnseq-enterococcus-analysis/analyses/04_annotation/structural/prokka/efaecium_e745:Prokka:EFM745_01395 (length 900)
/home/dich3309/rnaseq-tnseq-enterococcus-analysis/analyses/04_annotation/structural/prokka/efaecium_e745:Prokka:EFM745_01396 (length 105)
/home/dich3309/rnaseq-tnseq-enterococcus-analysis/analyses/04_annotation/structural/prokka/efaecium_e745:Prokka:EFM745_01397 (length 106)
/home/dich3309/rnaseq-tnseq-enterococcus-analysis/analyses/04_annotation/structural/prokka/efaecium_e745:Prokka:EFM745_01398 (length 486)
/home/dich3309/rnaseq-tnseq-enterococcus-analysis/analyses/04_annotation/structural/prokka/efaecium_e745:Prokka:EFM745_01399 (length 73)
/home/dich3309/rnaseq-tnseq-enterococcus-analysis/analyses/04_annotation/structural/prokka/efaecium_e745:Prokka:EFM745_01400 (length 60)
/home/dich3309/rnaseq-tnseq-enterococcus-analysis/analyses/04_annotation/structural/prokka/efaecium_e745:Prokka:EFM745_01401 (length 137)
/home/dich3309/rnaseq-tnseq-enterococcus-analysis/analyses/04_annotation/structural/prokka/efaecium_e745:Prokka:EFM745_01402 (length 393)
/home/dich3309/rnaseq-tnseq-enterococcus-analysis/analyses/04_annotation/structural/prokka/efaecium_e745:Prokka:EFM745_01403 (length 54)
/home/dich3309/rnaseq-tnseq-enterococcus-analysis/analyses/04_annotation/structural/prokka/efaecium_e745:Prokka:EFM745_01405 (length 379)
/home/dich3309/rnaseq-tnseq-enterococcus-analysis/analyses/04_annotation/structural/prokka/efaecium_e745:Prokka:EFM745_01406 (length 44)
/home/dich3309/rnaseq-tnseq-enterococcus-analysis/analyses/04_annotation/structural/prokka/efaecium_e745:Prokka:EFM745_01407 (length 211)
/home/dich3309/rnaseq-tnseq-enterococcus-analysis/analyses/04_annotation/structural/prokka/efaecium_e745:Prokka:EFM745_01408 (length 211)
/home/dich3309/rnaseq-tnseq-enterococcus-analysis/analyses/04_annotation/structural/prokka/efaecium_e745:Prokka:EFM745_01409 (length 153)
/home/dich3309/rnaseq-tnseq-enterococcus-analysis/analyses/04_annotation/structural/prokka/efaecium_e745:Prokka:EFM745_01410 (length 143)
/home/dich3309/rnaseq-tnseq-enterococcus-analysis/analyses/04_annotation/structural/prokka/efaecium_e745:Prokka:EFM745_01411 (length 106)
/home/dich3309/rnaseq-tnseq-enterococcus-analysis/analyses/04_annotation/structural/prokka/efaecium_e745:Prokka:EFM745_01412 (length 258)
/home/dich3309/rnaseq-tnseq-enterococcus-analysis/analyses/04_annotation/structural/prokka/efaecium_e745:Prokka:EFM745_01413 (length 67)
/home/dich3309/rnaseq-tnseq-enterococcus-analysis/analyses/04_annotation/structural/prokka/efaecium_e745:Prokka:EFM745_01414 (length 112)
/home/dich3309/rnaseq-tnseq-enterococcus-analysis/analyses/04_annotation/structural/prokka/efaecium_e745:Prokka:EFM745_01415 (length 59)
/home/dich3309/rnaseq-tnseq-enterococcus-analysis/analyses/04_annotation/structural/prokka/efaecium_e745:Prokka:EFM745_01416 (length 167)
/home/dich3309/rnaseq-tnseq-enterococcus-analysis/analyses/04_annotation/structural/prokka/efaecium_e745:Prokka:EFM745_01417 (length 232)
/home/dich3309/rnaseq-tnseq-enterococcus-analysis/analyses/04_annotation/structural/prokka/efaecium_e745:Prokka:EFM745_01418 (length 113)
/home/dich3309/rnaseq-tnseq-enterococcus-analysis/analyses/04_annotation/structural/prokka/efaecium_e745:Prokka:EFM745_01419 (length 223)
/home/dich3309/rnaseq-tnseq-enterococcus-analysis/analyses/04_annotation/structural/prokka/efaecium_e745:Prokka:EFM745_01420 (length 228)
/home/dich3309/rnaseq-tnseq-enterococcus-analysis/analyses/04_annotation/structural/prokka/efaecium_e745:Prokka:EFM745_01421 (length 249)
/home/dich3309/rnaseq-tnseq-enterococcus-analysis/analyses/04_annotation/structural/prokka/efaecium_e745:Prokka:EFM745_01422 (length 89)
/home/dich3309/rnaseq-tnseq-enterococcus-analysis/analyses/04_annotation/structural/prokka/efaecium_e745:Prokka:EFM745_01423 (length 54)
/home/dich3309/rnaseq-tnseq-enterococcus-analysis/analyses/04_annotation/structural/prokka/efaecium_e745:Prokka:EFM745_01424 (length 100)
/home/dich3309/rnaseq-tnseq-enterococcus-analysis/analyses/04_annotation/structural/prokka/efaecium_e745:Prokka:EFM745_01425 (length 53)
/home/dich3309/rnaseq-tnseq-enterococcus-analysis/analyses/04_annotation/structural/prokka/efaecium_e745:Prokka:EFM745_01426 (length 99)
/home/dich3309/rnaseq-tnseq-enterococcus-analysis/analyses/04_annotation/structural/prokka/efaecium_e745:Prokka:EFM745_01427 (length 118)
/home/dich3309/rnaseq-tnseq-enterococcus-analysis/analyses/04_annotation/structural/prokka/efaecium_e745:Prokka:EFM745_01428 (length 81)
/home/dich3309/rnaseq-tnseq-enterococcus-analysis/analyses/04_annotation/structural/prokka/efaecium_e745:Prokka:EFM745_01429 (length 139)
/home/dich3309/rnaseq-tnseq-enterococcus-analysis/analyses/04_annotation/structural/prokka/efaecium_e745:Prokka:EFM745_01430 (length 185)
/home/dich3309/rnaseq-tnseq-enterococcus-analysis/analyses/04_annotation/structural/prokka/efaecium_e745:Prokka:EFM745_01431 (length 98)
/home/dich3309/rnaseq-tnseq-enterococcus-analysis/analyses/04_annotation/structural/prokka/efaecium_e745:Prokka:EFM745_01432 (length 137)
/home/dich3309/rnaseq-tnseq-enterococcus-analysis/analyses/04_annotation/structural/prokka/efaecium_e745:Prokka:EFM745_01433 (length 50)
/home/dich3309/rnaseq-tnseq-enterococcus-analysis/analyses/04_annotation/structural/prokka/efaecium_e745:Prokka:EFM745_01434 (length 91)
/home/dich3309/rnaseq-tnseq-enterococcus-analysis/analyses/04_annotation/structural/prokka/efaecium_e745:Prokka:EFM745_01435 (length 55)
/home/dich3309/rnaseq-tnseq-enterococcus-analysis/analyses/04_annotation/structural/prokka/efaecium_e745:Prokka:EFM745_01436 (length 114)
/home/dich3309/rnaseq-tnseq-enterococcus-analysis/analyses/04_annotation/structural/prokka/efaecium_e745:Prokka:EFM745_01437 (length 93)
/home/dich3309/rnaseq-tnseq-enterococcus-analysis/analyses/04_annotation/structural/prokka/efaecium_e745:Prokka:EFM745_01438 (length 104)
/home/dich3309/rnaseq-tnseq-enterococcus-analysis/analyses/04_annotation/structural/prokka/efaecium_e745:Prokka:EFM745_01439 (length 564)
/home/dich3309/rnaseq-tnseq-enterococcus-analysis/analyses/04_annotation/structural/prokka/efaecium_e745:Prokka:EFM745_01440 (length 392)
/home/dich3309/rnaseq-tnseq-enterococcus-analysis/analyses/04_annotation/structural/prokka/efaecium_e745:Prokka:EFM745_01441 (length 228)
/home/dich3309/rnaseq-tnseq-enterococcus-analysis/analyses/04_annotation/structural/prokka/efaecium_e745:Prokka:EFM745_01442 (length 386)
/home/dich3309/rnaseq-tnseq-enterococcus-analysis/analyses/04_annotation/structural/prokka/efaecium_e745:Prokka:EFM745_01443 (length 291)
/home/dich3309/rnaseq-tnseq-enterococcus-analysis/analyses/04_annotation/structural/prokka/efaecium_e745:Prokka:EFM745_01444 (length 103)
/home/dich3309/rnaseq-tnseq-enterococcus-analysis/analyses/04_annotation/structural/prokka/efaecium_e745:Prokka:EFM745_01445 (length 117)
/home/dich3309/rnaseq-tnseq-enterococcus-analysis/analyses/04_annotation/structural/prokka/efaecium_e745:Prokka:EFM745_01446 (length 133)
/home/dich3309/rnaseq-tnseq-enterococcus-analysis/analyses/04_annotation/structural/prokka/efaecium_e745:Prokka:EFM745_01447 (length 137)
/home/dich3309/rnaseq-tnseq-enterococcus-analysis/analyses/04_annotation/structural/prokka/efaecium_e745:Prokka:EFM745_01448 (length 202)
/home/dich3309/rnaseq-tnseq-enterococcus-analysis/analyses/04_annotation/structural/prokka/efaecium_e745:Prokka:EFM745_01449 (length 120)
/home/dich3309/rnaseq-tnseq-enterococcus-analysis/analyses/04_annotation/structural/prokka/efaecium_e745:Prokka:EFM745_01450 (length 1143)
/home/dich3309/rnaseq-tnseq-enterococcus-analysis/analyses/04_annotation/structural/prokka/efaecium_e745:Prokka:EFM745_01451 (length 431)
/home/dich3309/rnaseq-tnseq-enterococcus-analysis/analyses/04_annotation/structural/prokka/efaecium_e745:Prokka:EFM745_01452 (length 245)
/home/dich3309/rnaseq-tnseq-enterococcus-analysis/analyses/04_annotation/structural/prokka/efaecium_e745:Prokka:EFM745_01453 (length 763)
/home/dich3309/rnaseq-tnseq-enterococcus-analysis/analyses/04_annotation/structural/prokka/efaecium_e745:Prokka:EFM745_01454 (length 708)
/home/dich3309/rnaseq-tnseq-enterococcus-analysis/analyses/04_annotation/structural/prokka/efaecium_e745:Prokka:EFM745_01455 (length 148)
/home/dich3309/rnaseq-tnseq-enterococcus-analysis/analyses/04_annotation/structural/prokka/efaecium_e745:Prokka:EFM745_01456 (length 45)
/home/dich3309/rnaseq-tnseq-enterococcus-analysis/analyses/04_annotation/structural/prokka/efaecium_e745:Prokka:EFM745_01457 (length 97)
/home/dich3309/rnaseq-tnseq-enterococcus-analysis/analyses/04_annotation/structural/prokka/efaecium_e745:Prokka:EFM745_01458 (length 74)
/home/dich3309/rnaseq-tnseq-enterococcus-analysis/analyses/04_annotation/structural/prokka/efaecium_e745:Prokka:EFM745_01459 (length 192)
/home/dich3309/rnaseq-tnseq-enterococcus-analysis/analyses/04_annotation/structural/prokka/efaecium_e745:Prokka:EFM745_01460 (length 160)
/home/dich3309/rnaseq-tnseq-enterococcus-analysis/analyses/04_annotation/structural/prokka/efaecium_e745:Prokka:EFM745_01462 (length 96)
/home/dich3309/rnaseq-tnseq-enterococcus-analysis/analyses/04_annotation/structural/prokka/efaecium_e745:Prokka:EFM745_01463 (length 278)
/home/dich3309/rnaseq-tnseq-enterococcus-analysis/analyses/04_annotation/structural/prokka/efaecium_e745:Prokka:EFM745_01464 (length 164)
/home/dich3309/rnaseq-tnseq-enterococcus-analysis/analyses/04_annotation/structural/prokka/efaecium_e745:Prokka:EFM745_01465 (length 135)
/home/dich3309/rnaseq-tnseq-enterococcus-analysis/analyses/04_annotation/structural/prokka/efaecium_e745:Prokka:EFM745_01466 (length 133)
/home/dich3309/rnaseq-tnseq-enterococcus-analysis/analyses/04_annotation/structural/prokka/efaecium_e745:Prokka:EFM745_01467 (length 123)
/home/dich3309/rnaseq-tnseq-enterococcus-analysis/analyses/04_annotation/structural/prokka/efaecium_e745:Prokka:EFM745_01468 (length 99)
/home/dich3309/rnaseq-tnseq-enterococcus-analysis/analyses/04_annotation/structural/prokka/efaecium_e745:Prokka:EFM745_01469 (length 73)
/home/dich3309/rnaseq-tnseq-enterococcus-analysis/analyses/04_annotation/structural/prokka/efaecium_e745:Prokka:EFM745_01470 (length 395)
/home/dich3309/rnaseq-tnseq-enterococcus-analysis/analyses/04_annotation/structural/prokka/efaecium_e745:Prokka:EFM745_01471 (length 90)
/home/dich3309/rnaseq-tnseq-enterococcus-analysis/analyses/04_annotation/structural/prokka/efaecium_e745:Prokka:EFM745_01472 (length 307)
/home/dich3309/rnaseq-tnseq-enterococcus-analysis/analyses/04_annotation/structural/prokka/efaecium_e745:Prokka:EFM745_01473 (length 250)
/home/dich3309/rnaseq-tnseq-enterococcus-analysis/analyses/04_annotation/structural/prokka/efaecium_e745:Prokka:EFM745_01474 (length 120)
/home/dich3309/rnaseq-tnseq-enterococcus-analysis/analyses/04_annotation/structural/prokka/efaecium_e745:Prokka:EFM745_01475 (length 490)
/home/dich3309/rnaseq-tnseq-enterococcus-analysis/analyses/04_annotation/structural/prokka/efaecium_e745:Prokka:EFM745_01476 (length 274)
/home/dich3309/rnaseq-tnseq-enterococcus-analysis/analyses/04_annotation/structural/prokka/efaecium_e745:Prokka:EFM745_01477 (length 296)
/home/dich3309/rnaseq-tnseq-enterococcus-analysis/analyses/04_annotation/structural/prokka/efaecium_e745:Prokka:EFM745_01478 (length 505)
/home/dich3309/rnaseq-tnseq-enterococcus-analysis/analyses/04_annotation/structural/prokka/efaecium_e745:Prokka:EFM745_01479 (length 423)
/home/dich3309/rnaseq-tnseq-enterococcus-analysis/analyses/04_annotation/structural/prokka/efaecium_e745:Prokka:EFM745_01480 (length 298)
/home/dich3309/rnaseq-tnseq-enterococcus-analysis/analyses/04_annotation/structural/prokka/efaecium_e745:Prokka:EFM745_01481 (length 287)
/home/dich3309/rnaseq-tnseq-enterococcus-analysis/analyses/04_annotation/structural/prokka/efaecium_e745:Prokka:EFM745_01482 (length 187)
/home/dich3309/rnaseq-tnseq-enterococcus-analysis/analyses/04_annotation/structural/prokka/efaecium_e745:Prokka:EFM745_01483 (length 503)
/home/dich3309/rnaseq-tnseq-enterococcus-analysis/analyses/04_annotation/structural/prokka/efaecium_e745:Prokka:EFM745_01484 (length 319)
/home/dich3309/rnaseq-tnseq-enterococcus-analysis/analyses/04_annotation/structural/prokka/efaecium_e745:Prokka:EFM745_01485 (length 359)
/home/dich3309/rnaseq-tnseq-enterococcus-analysis/analyses/04_annotation/structural/prokka/efaecium_e745:Prokka:EFM745_01486 (length 466)
/home/dich3309/rnaseq-tnseq-enterococcus-analysis/analyses/04_annotation/structural/prokka/efaecium_e745:Prokka:EFM745_01487 (length 553)
/home/dich3309/rnaseq-tnseq-enterococcus-analysis/analyses/04_annotation/structural/prokka/efaecium_e745:Prokka:EFM745_01488 (length 232)
/home/dich3309/rnaseq-tnseq-enterococcus-analysis/analyses/04_annotation/structural/prokka/efaecium_e745:Prokka:EFM745_01489 (length 474)
/home/dich3309/rnaseq-tnseq-enterococcus-analysis/analyses/04_annotation/structural/prokka/efaecium_e745:Prokka:EFM745_01490 (length 386)
/home/dich3309/rnaseq-tnseq-enterococcus-analysis/analyses/04_annotation/structural/prokka/efaecium_e745:Prokka:EFM745_01491 (length 619)
/home/dich3309/rnaseq-tnseq-enterococcus-analysis/analyses/04_annotation/structural/prokka/efaecium_e745:Prokka:EFM745_01492 (length 144)
/home/dich3309/rnaseq-tnseq-enterococcus-analysis/analyses/04_annotation/structural/prokka/efaecium_e745:Prokka:EFM745_01494 (length 53)
/home/dich3309/rnaseq-tnseq-enterococcus-analysis/analyses/04_annotation/structural/prokka/efaecium_e745:Prokka:EFM745_01495 (length 340)
/home/dich3309/rnaseq-tnseq-enterococcus-analysis/analyses/04_annotation/structural/prokka/efaecium_e745:Prokka:EFM745_01496 (length 117)
/home/dich3309/rnaseq-tnseq-enterococcus-analysis/analyses/04_annotation/structural/prokka/efaecium_e745:Prokka:EFM745_01497 (length 388)
/home/dich3309/rnaseq-tnseq-enterococcus-analysis/analyses/04_annotation/structural/prokka/efaecium_e745:Prokka:EFM745_01498 (length 206)
/home/dich3309/rnaseq-tnseq-enterococcus-analysis/analyses/04_annotation/structural/prokka/efaecium_e745:Prokka:EFM745_01499 (length 98)
/home/dich3309/rnaseq-tnseq-enterococcus-analysis/analyses/04_annotation/structural/prokka/efaecium_e745:Prokka:EFM745_01500 (length 216)
/home/dich3309/rnaseq-tnseq-enterococcus-analysis/analyses/04_annotation/structural/prokka/efaecium_e745:Prokka:EFM745_01501 (length 575)
/home/dich3309/rnaseq-tnseq-enterococcus-analysis/analyses/04_annotation/structural/prokka/efaecium_e745:Prokka:EFM745_01502 (length 84)
/home/dich3309/rnaseq-tnseq-enterococcus-analysis/analyses/04_annotation/structural/prokka/efaecium_e745:Prokka:EFM745_01503 (length 545)
/home/dich3309/rnaseq-tnseq-enterococcus-analysis/analyses/04_annotation/structural/prokka/efaecium_e745:Prokka:EFM745_01504 (length 289)
/home/dich3309/rnaseq-tnseq-enterococcus-analysis/analyses/04_annotation/structural/prokka/efaecium_e745:Prokka:EFM745_01505 (length 341)
/home/dich3309/rnaseq-tnseq-enterococcus-analysis/analyses/04_annotation/structural/prokka/efaecium_e745:Prokka:EFM745_01506 (length 316)
/home/dich3309/rnaseq-tnseq-enterococcus-analysis/analyses/04_annotation/structural/prokka/efaecium_e745:Prokka:EFM745_01507 (length 116)
/home/dich3309/rnaseq-tnseq-enterococcus-analysis/analyses/04_annotation/structural/prokka/efaecium_e745:Prokka:EFM745_01508 (length 439)
/home/dich3309/rnaseq-tnseq-enterococcus-analysis/analyses/04_annotation/structural/prokka/efaecium_e745:Prokka:EFM745_01509 (length 677)
/home/dich3309/rnaseq-tnseq-enterococcus-analysis/analyses/04_annotation/structural/prokka/efaecium_e745:Prokka:EFM745_01510 (length 146)
/home/dich3309/rnaseq-tnseq-enterococcus-analysis/analyses/04_annotation/structural/prokka/efaecium_e745:Prokka:EFM745_01511 (length 375)
/home/dich3309/rnaseq-tnseq-enterococcus-analysis/analyses/04_annotation/structural/prokka/efaecium_e745:Prokka:EFM745_01512 (length 225)
/home/dich3309/rnaseq-tnseq-enterococcus-analysis/analyses/04_annotation/structural/prokka/efaecium_e745:Prokka:EFM745_01513 (length 588)
/home/dich3309/rnaseq-tnseq-enterococcus-analysis/analyses/04_annotation/structural/prokka/efaecium_e745:Prokka:EFM745_01514 (length 145)
/home/dich3309/rnaseq-tnseq-enterococcus-analysis/analyses/04_annotation/structural/prokka/efaecium_e745:Prokka:EFM745_01515 (length 383)
/home/dich3309/rnaseq-tnseq-enterococcus-analysis/analyses/04_annotation/structural/prokka/efaecium_e745:Prokka:EFM745_01516 (length 232)
/home/dich3309/rnaseq-tnseq-enterococcus-analysis/analyses/04_annotation/structural/prokka/efaecium_e745:Prokka:EFM745_01517 (length 450)
/home/dich3309/rnaseq-tnseq-enterococcus-analysis/analyses/04_annotation/structural/prokka/efaecium_e745:Prokka:EFM745_01518 (length 466)
/home/dich3309/rnaseq-tnseq-enterococcus-analysis/analyses/04_annotation/structural/prokka/efaecium_e745:Prokka:EFM745_01519 (length 245)
/home/dich3309/rnaseq-tnseq-enterococcus-analysis/analyses/04_annotation/structural/prokka/efaecium_e745:Prokka:EFM745_01520 (length 159)
/home/dich3309/rnaseq-tnseq-enterococcus-analysis/analyses/04_annotation/structural/prokka/efaecium_e745:Prokka:EFM745_01521 (length 255)
/home/dich3309/rnaseq-tnseq-enterococcus-analysis/analyses/04_annotation/structural/prokka/efaecium_e745:Prokka:EFM745_01522 (length 189)
/home/dich3309/rnaseq-tnseq-enterococcus-analysis/analyses/04_annotation/structural/prokka/efaecium_e745:Prokka:EFM745_01523 (length 200)
/home/dich3309/rnaseq-tnseq-enterococcus-analysis/analyses/04_annotation/structural/prokka/efaecium_e745:Prokka:EFM745_01524 (length 76)
/home/dich3309/rnaseq-tnseq-enterococcus-analysis/analyses/04_annotation/structural/prokka/efaecium_e745:Prokka:EFM745_01525 (length 82)
/home/dich3309/rnaseq-tnseq-enterococcus-analysis/analyses/04_annotation/structural/prokka/efaecium_e745:Prokka:EFM745_01526 (length 198)
/home/dich3309/rnaseq-tnseq-enterococcus-analysis/analyses/04_annotation/structural/prokka/efaecium_e745:Prokka:EFM745_01527 (length 357)
/home/dich3309/rnaseq-tnseq-enterococcus-analysis/analyses/04_annotation/structural/prokka/efaecium_e745:Prokka:EFM745_01528 (length 279)
/home/dich3309/rnaseq-tnseq-enterococcus-analysis/analyses/04_annotation/structural/prokka/efaecium_e745:Prokka:EFM745_01529 (length 341)
/home/dich3309/rnaseq-tnseq-enterococcus-analysis/analyses/04_annotation/structural/prokka/efaecium_e745:Prokka:EFM745_01530 (length 53)
/home/dich3309/rnaseq-tnseq-enterococcus-analysis/analyses/04_annotation/structural/prokka/efaecium_e745:Prokka:EFM745_01531 (length 414)
/home/dich3309/rnaseq-tnseq-enterococcus-analysis/analyses/04_annotation/structural/prokka/efaecium_e745:Prokka:EFM745_01532 (length 315)
/home/dich3309/rnaseq-tnseq-enterococcus-analysis/analyses/04_annotation/structural/prokka/efaecium_e745:Prokka:EFM745_01533 (length 209)
/home/dich3309/rnaseq-tnseq-enterococcus-analysis/analyses/04_annotation/structural/prokka/efaecium_e745:Prokka:EFM745_01534 (length 80)
/home/dich3309/rnaseq-tnseq-enterococcus-analysis/analyses/04_annotation/structural/prokka/efaecium_e745:Prokka:EFM745_01536 (length 212)
/home/dich3309/rnaseq-tnseq-enterococcus-analysis/analyses/04_annotation/structural/prokka/efaecium_e745:Prokka:EFM745_01537 (length 210)
/home/dich3309/rnaseq-tnseq-enterococcus-analysis/analyses/04_annotation/structural/prokka/efaecium_e745:Prokka:EFM745_01538 (length 99)
/home/dich3309/rnaseq-tnseq-enterococcus-analysis/analyses/04_annotation/structural/prokka/efaecium_e745:Prokka:EFM745_01539 (length 721)
/home/dich3309/rnaseq-tnseq-enterococcus-analysis/analyses/04_annotation/structural/prokka/efaecium_e745:Prokka:EFM745_01540 (length 161)
/home/dich3309/rnaseq-tnseq-enterococcus-analysis/analyses/04_annotation/structural/prokka/efaecium_e745:Prokka:EFM745_01542 (length 213)
/home/dich3309/rnaseq-tnseq-enterococcus-analysis/analyses/04_annotation/structural/prokka/efaecium_e745:Prokka:EFM745_01543 (length 211)
/home/dich3309/rnaseq-tnseq-enterococcus-analysis/analyses/04_annotation/structural/prokka/efaecium_e745:Prokka:EFM745_01544 (length 271)
/home/dich3309/rnaseq-tnseq-enterococcus-analysis/analyses/04_annotation/structural/prokka/efaecium_e745:Prokka:EFM745_01545 (length 478)
/home/dich3309/rnaseq-tnseq-enterococcus-analysis/analyses/04_annotation/structural/prokka/efaecium_e745:Prokka:EFM745_01546 (length 815)
/home/dich3309/rnaseq-tnseq-enterococcus-analysis/analyses/04_annotation/structural/prokka/efaecium_e745:Prokka:EFM745_01547 (length 355)
/home/dich3309/rnaseq-tnseq-enterococcus-analysis/analyses/04_annotation/structural/prokka/efaecium_e745:Prokka:EFM745_01548 (length 367)
/home/dich3309/rnaseq-tnseq-enterococcus-analysis/analyses/04_annotation/structural/prokka/efaecium_e745:Prokka:EFM745_01549 (length 182)
/home/dich3309/rnaseq-tnseq-enterococcus-analysis/analyses/04_annotation/structural/prokka/efaecium_e745:Prokka:EFM745_01550 (length 553)
/home/dich3309/rnaseq-tnseq-enterococcus-analysis/analyses/04_annotation/structural/prokka/efaecium_e745:Prokka:EFM745_01551 (length 115)
/home/dich3309/rnaseq-tnseq-enterococcus-analysis/analyses/04_annotation/structural/prokka/efaecium_e745:Prokka:EFM745_01552 (length 313)
/home/dich3309/rnaseq-tnseq-enterococcus-analysis/analyses/04_annotation/structural/prokka/efaecium_e745:Prokka:EFM745_01553 (length 347)
/home/dich3309/rnaseq-tnseq-enterococcus-analysis/analyses/04_annotation/structural/prokka/efaecium_e745:Prokka:EFM745_01554 (length 356)
/home/dich3309/rnaseq-tnseq-enterococcus-analysis/analyses/04_annotation/structural/prokka/efaecium_e745:Prokka:EFM745_01555 (length 317)
/home/dich3309/rnaseq-tnseq-enterococcus-analysis/analyses/04_annotation/structural/prokka/efaecium_e745:Prokka:EFM745_01556 (length 336)
/home/dich3309/rnaseq-tnseq-enterococcus-analysis/analyses/04_annotation/structural/prokka/efaecium_e745:Prokka:EFM745_01557 (length 273)
/home/dich3309/rnaseq-tnseq-enterococcus-analysis/analyses/04_annotation/structural/prokka/efaecium_e745:Prokka:EFM745_01558 (length 92)
/home/dich3309/rnaseq-tnseq-enterococcus-analysis/analyses/04_annotation/structural/prokka/efaecium_e745:Prokka:EFM745_01559 (length 669)
/home/dich3309/rnaseq-tnseq-enterococcus-analysis/analyses/04_annotation/structural/prokka/efaecium_e745:Prokka:EFM745_01560 (length 195)
/home/dich3309/rnaseq-tnseq-enterococcus-analysis/analyses/04_annotation/structural/prokka/efaecium_e745:Prokka:EFM745_01561 (length 440)
/home/dich3309/rnaseq-tnseq-enterococcus-analysis/analyses/04_annotation/structural/prokka/efaecium_e745:Prokka:EFM745_01562 (length 258)
/home/dich3309/rnaseq-tnseq-enterococcus-analysis/analyses/04_annotation/structural/prokka/efaecium_e745:Prokka:EFM745_01563 (length 189)
/home/dich3309/rnaseq-tnseq-enterococcus-analysis/analyses/04_annotation/structural/prokka/efaecium_e745:Prokka:EFM745_01564 (length 294)
/home/dich3309/rnaseq-tnseq-enterococcus-analysis/analyses/04_annotation/structural/prokka/efaecium_e745:Prokka:EFM745_01565 (length 209)
/home/dich3309/rnaseq-tnseq-enterococcus-analysis/analyses/04_annotation/structural/prokka/efaecium_e745:Prokka:EFM745_01566 (length 369)
/home/dich3309/rnaseq-tnseq-enterococcus-analysis/analyses/04_annotation/structural/prokka/efaecium_e745:Prokka:EFM745_01567 (length 140)
/home/dich3309/rnaseq-tnseq-enterococcus-analysis/analyses/04_annotation/structural/prokka/efaecium_e745:Prokka:EFM745_01569 (length 178)
/home/dich3309/rnaseq-tnseq-enterococcus-analysis/analyses/04_annotation/structural/prokka/efaecium_e745:Prokka:EFM745_01570 (length 587)
/home/dich3309/rnaseq-tnseq-enterococcus-analysis/analyses/04_annotation/structural/prokka/efaecium_e745:Prokka:EFM745_01571 (length 571)
/home/dich3309/rnaseq-tnseq-enterococcus-analysis/analyses/04_annotation/structural/prokka/efaecium_e745:Prokka:EFM745_01572 (length 74)
/home/dich3309/rnaseq-tnseq-enterococcus-analysis/analyses/04_annotation/structural/prokka/efaecium_e745:Prokka:EFM745_01573 (length 922)
/home/dich3309/rnaseq-tnseq-enterococcus-analysis/analyses/04_annotation/structural/prokka/efaecium_e745:Prokka:EFM745_01574 (length 139)
/home/dich3309/rnaseq-tnseq-enterococcus-analysis/analyses/04_annotation/structural/prokka/efaecium_e745:Prokka:EFM745_01575 (length 156)
/home/dich3309/rnaseq-tnseq-enterococcus-analysis/analyses/04_annotation/structural/prokka/efaecium_e745:Prokka:EFM745_01576 (length 259)
/home/dich3309/rnaseq-tnseq-enterococcus-analysis/analyses/04_annotation/structural/prokka/efaecium_e745:Prokka:EFM745_01577 (length 273)
/home/dich3309/rnaseq-tnseq-enterococcus-analysis/analyses/04_annotation/structural/prokka/efaecium_e745:Prokka:EFM745_01578 (length 349)
/home/dich3309/rnaseq-tnseq-enterococcus-analysis/analyses/04_annotation/structural/prokka/efaecium_e745:Prokka:EFM745_01579 (length 334)
/home/dich3309/rnaseq-tnseq-enterococcus-analysis/analyses/04_annotation/structural/prokka/efaecium_e745:Prokka:EFM745_01580 (length 339)
/home/dich3309/rnaseq-tnseq-enterococcus-analysis/analyses/04_annotation/structural/prokka/efaecium_e745:Prokka:EFM745_01581 (length 416)
/home/dich3309/rnaseq-tnseq-enterococcus-analysis/analyses/04_annotation/structural/prokka/efaecium_e745:Prokka:EFM745_01582 (length 293)
/home/dich3309/rnaseq-tnseq-enterococcus-analysis/analyses/04_annotation/structural/prokka/efaecium_e745:Prokka:EFM745_01583 (length 125)
/home/dich3309/rnaseq-tnseq-enterococcus-analysis/analyses/04_annotation/structural/prokka/efaecium_e745:Prokka:EFM745_01584 (length 204)
/home/dich3309/rnaseq-tnseq-enterococcus-analysis/analyses/04_annotation/structural/prokka/efaecium_e745:Prokka:EFM745_01585 (length 579)
/home/dich3309/rnaseq-tnseq-enterococcus-analysis/analyses/04_annotation/structural/prokka/efaecium_e745:Prokka:EFM745_01586 (length 394)
/home/dich3309/rnaseq-tnseq-enterococcus-analysis/analyses/04_annotation/structural/prokka/efaecium_e745:Prokka:EFM745_01587 (length 67)
/home/dich3309/rnaseq-tnseq-enterococcus-analysis/analyses/04_annotation/structural/prokka/efaecium_e745:Prokka:EFM745_01588 (length 220)
/home/dich3309/rnaseq-tnseq-enterococcus-analysis/analyses/04_annotation/structural/prokka/efaecium_e745:Prokka:EFM745_01589 (length 500)
/home/dich3309/rnaseq-tnseq-enterococcus-analysis/analyses/04_annotation/structural/prokka/efaecium_e745:Prokka:EFM745_01590 (length 559)
/home/dich3309/rnaseq-tnseq-enterococcus-analysis/analyses/04_annotation/structural/prokka/efaecium_e745:Prokka:EFM745_01591 (length 158)
/home/dich3309/rnaseq-tnseq-enterococcus-analysis/analyses/04_annotation/structural/prokka/efaecium_e745:Prokka:EFM745_01592 (length 226)
/home/dich3309/rnaseq-tnseq-enterococcus-analysis/analyses/04_annotation/structural/prokka/efaecium_e745:Prokka:EFM745_01593 (length 443)
/home/dich3309/rnaseq-tnseq-enterococcus-analysis/analyses/04_annotation/structural/prokka/efaecium_e745:Prokka:EFM745_01594 (length 320)
/home/dich3309/rnaseq-tnseq-enterococcus-analysis/analyses/04_annotation/structural/prokka/efaecium_e745:Prokka:EFM745_01595 (length 112)
/home/dich3309/rnaseq-tnseq-enterococcus-analysis/analyses/04_annotation/structural/prokka/efaecium_e745:Prokka:EFM745_01596 (length 235)
/home/dich3309/rnaseq-tnseq-enterococcus-analysis/analyses/04_annotation/structural/prokka/efaecium_e745:Prokka:EFM745_01597 (length 493)
/home/dich3309/rnaseq-tnseq-enterococcus-analysis/analyses/04_annotation/structural/prokka/efaecium_e745:Prokka:EFM745_01598 (length 177)
/home/dich3309/rnaseq-tnseq-enterococcus-analysis/analyses/04_annotation/structural/prokka/efaecium_e745:Prokka:EFM745_01599 (length 456)
/home/dich3309/rnaseq-tnseq-enterococcus-analysis/analyses/04_annotation/structural/prokka/efaecium_e745:Prokka:EFM745_01600 (length 111)
/home/dich3309/rnaseq-tnseq-enterococcus-analysis/analyses/04_annotation/structural/prokka/efaecium_e745:Prokka:EFM745_01601 (length 285)
/home/dich3309/rnaseq-tnseq-enterococcus-analysis/analyses/04_annotation/structural/prokka/efaecium_e745:Prokka:EFM745_01602 (length 171)
/home/dich3309/rnaseq-tnseq-enterococcus-analysis/analyses/04_annotation/structural/prokka/efaecium_e745:Prokka:EFM745_01604 (length 84)
/home/dich3309/rnaseq-tnseq-enterococcus-analysis/analyses/04_annotation/structural/prokka/efaecium_e745:Prokka:EFM745_01605 (length 461)
/home/dich3309/rnaseq-tnseq-enterococcus-analysis/analyses/04_annotation/structural/prokka/efaecium_e745:Prokka:EFM745_01606 (length 225)
/home/dich3309/rnaseq-tnseq-enterococcus-analysis/analyses/04_annotation/structural/prokka/efaecium_e745:Prokka:EFM745_01607 (length 254)
/home/dich3309/rnaseq-tnseq-enterococcus-analysis/analyses/04_annotation/structural/prokka/efaecium_e745:Prokka:EFM745_01608 (length 219)
/home/dich3309/rnaseq-tnseq-enterococcus-analysis/analyses/04_annotation/structural/prokka/efaecium_e745:Prokka:EFM745_01609 (length 169)
/home/dich3309/rnaseq-tnseq-enterococcus-analysis/analyses/04_annotation/structural/prokka/efaecium_e745:Prokka:EFM745_01610 (length 332)
/home/dich3309/rnaseq-tnseq-enterococcus-analysis/analyses/04_annotation/structural/prokka/efaecium_e745:Prokka:EFM745_01611 (length 194)
/home/dich3309/rnaseq-tnseq-enterococcus-analysis/analyses/04_annotation/structural/prokka/efaecium_e745:Prokka:EFM745_01612 (length 391)
/home/dich3309/rnaseq-tnseq-enterococcus-analysis/analyses/04_annotation/structural/prokka/efaecium_e745:Prokka:EFM745_01613 (length 126)
/home/dich3309/rnaseq-tnseq-enterococcus-analysis/analyses/04_annotation/structural/prokka/efaecium_e745:Prokka:EFM745_01614 (length 120)
/home/dich3309/rnaseq-tnseq-enterococcus-analysis/analyses/04_annotation/structural/prokka/efaecium_e745:Prokka:EFM745_01619 (length 278)
/home/dich3309/rnaseq-tnseq-enterococcus-analysis/analyses/04_annotation/structural/prokka/efaecium_e745:Prokka:EFM745_01620 (length 96)
/home/dich3309/rnaseq-tnseq-enterococcus-analysis/analyses/04_annotation/structural/prokka/efaecium_e745:Prokka:EFM745_01621 (length 124)
/home/dich3309/rnaseq-tnseq-enterococcus-analysis/analyses/04_annotation/structural/prokka/efaecium_e745:Prokka:EFM745_01622 (length 209)
/home/dich3309/rnaseq-tnseq-enterococcus-analysis/analyses/04_annotation/structural/prokka/efaecium_e745:Prokka:EFM745_01625 (length 54)
/home/dich3309/rnaseq-tnseq-enterococcus-analysis/analyses/04_annotation/structural/prokka/efaecium_e745:Prokka:EFM745_01626 (length 442)
/home/dich3309/rnaseq-tnseq-enterococcus-analysis/analyses/04_annotation/structural/prokka/efaecium_e745:Prokka:EFM745_01627 (length 277)
/home/dich3309/rnaseq-tnseq-enterococcus-analysis/analyses/04_annotation/structural/prokka/efaecium_e745:Prokka:EFM745_01628 (length 245)
/home/dich3309/rnaseq-tnseq-enterococcus-analysis/analyses/04_annotation/structural/prokka/efaecium_e745:Prokka:EFM745_01629 (length 322)
/home/dich3309/rnaseq-tnseq-enterococcus-analysis/analyses/04_annotation/structural/prokka/efaecium_e745:Prokka:EFM745_01630 (length 277)
/home/dich3309/rnaseq-tnseq-enterococcus-analysis/analyses/04_annotation/structural/prokka/efaecium_e745:Prokka:EFM745_01631 (length 279)
/home/dich3309/rnaseq-tnseq-enterococcus-analysis/analyses/04_annotation/structural/prokka/efaecium_e745:Prokka:EFM745_01632 (length 186)
/home/dich3309/rnaseq-tnseq-enterococcus-analysis/analyses/04_annotation/structural/prokka/efaecium_e745:Prokka:EFM745_01633 (length 573)
/home/dich3309/rnaseq-tnseq-enterococcus-analysis/analyses/04_annotation/structural/prokka/efaecium_e745:Prokka:EFM745_01634 (length 380)
/home/dich3309/rnaseq-tnseq-enterococcus-analysis/analyses/04_annotation/structural/prokka/efaecium_e745:Prokka:EFM745_01635 (length 403)
/home/dich3309/rnaseq-tnseq-enterococcus-analysis/analyses/04_annotation/structural/prokka/efaecium_e745:Prokka:EFM745_01636 (length 215)
/home/dich3309/rnaseq-tnseq-enterococcus-analysis/analyses/04_annotation/structural/prokka/efaecium_e745:Prokka:EFM745_01638 (length 881)
/home/dich3309/rnaseq-tnseq-enterococcus-analysis/analyses/04_annotation/structural/prokka/efaecium_e745:Prokka:EFM745_01639 (length 437)
/home/dich3309/rnaseq-tnseq-enterococcus-analysis/analyses/04_annotation/structural/prokka/efaecium_e745:Prokka:EFM745_01640 (length 217)
/home/dich3309/rnaseq-tnseq-enterococcus-analysis/analyses/04_annotation/structural/prokka/efaecium_e745:Prokka:EFM745_01641 (length 230)
/home/dich3309/rnaseq-tnseq-enterococcus-analysis/analyses/04_annotation/structural/prokka/efaecium_e745:Prokka:EFM745_01642 (length 66)
/home/dich3309/rnaseq-tnseq-enterococcus-analysis/analyses/04_annotation/structural/prokka/efaecium_e745:Prokka:EFM745_01643 (length 559)
/home/dich3309/rnaseq-tnseq-enterococcus-analysis/analyses/04_annotation/structural/prokka/efaecium_e745:Prokka:EFM745_01644 (length 70)
/home/dich3309/rnaseq-tnseq-enterococcus-analysis/analyses/04_annotation/structural/prokka/efaecium_e745:Prokka:EFM745_01645 (length 576)
/home/dich3309/rnaseq-tnseq-enterococcus-analysis/analyses/04_annotation/structural/prokka/efaecium_e745:Prokka:EFM745_01646 (length 586)
/home/dich3309/rnaseq-tnseq-enterococcus-analysis/analyses/04_annotation/structural/prokka/efaecium_e745:Prokka:EFM745_01647 (length 65)
/home/dich3309/rnaseq-tnseq-enterococcus-analysis/analyses/04_annotation/structural/prokka/efaecium_e745:Prokka:EFM745_01648 (length 161)
/home/dich3309/rnaseq-tnseq-enterococcus-analysis/analyses/04_annotation/structural/prokka/efaecium_e745:Prokka:EFM745_01649 (length 197)
/home/dich3309/rnaseq-tnseq-enterococcus-analysis/analyses/04_annotation/structural/prokka/efaecium_e745:Prokka:EFM745_01650 (length 175)
/home/dich3309/rnaseq-tnseq-enterococcus-analysis/analyses/04_annotation/structural/prokka/efaecium_e745:Prokka:EFM745_01651 (length 245)
/home/dich3309/rnaseq-tnseq-enterococcus-analysis/analyses/04_annotation/structural/prokka/efaecium_e745:Prokka:EFM745_01652 (length 305)
/home/dich3309/rnaseq-tnseq-enterococcus-analysis/analyses/04_annotation/structural/prokka/efaecium_e745:Prokka:EFM745_01653 (length 409)
/home/dich3309/rnaseq-tnseq-enterococcus-analysis/analyses/04_annotation/structural/prokka/efaecium_e745:Prokka:EFM745_01654 (length 317)
/home/dich3309/rnaseq-tnseq-enterococcus-analysis/analyses/04_annotation/structural/prokka/efaecium_e745:Prokka:EFM745_01655 (length 537)
/home/dich3309/rnaseq-tnseq-enterococcus-analysis/analyses/04_annotation/structural/prokka/efaecium_e745:Prokka:EFM745_01656 (length 299)
/home/dich3309/rnaseq-tnseq-enterococcus-analysis/analyses/04_annotation/structural/prokka/efaecium_e745:Prokka:EFM745_01657 (length 374)
/home/dich3309/rnaseq-tnseq-enterococcus-analysis/analyses/04_annotation/structural/prokka/efaecium_e745:Prokka:EFM745_01658 (length 305)
/home/dich3309/rnaseq-tnseq-enterococcus-analysis/analyses/04_annotation/structural/prokka/efaecium_e745:Prokka:EFM745_01659 (length 277)
/home/dich3309/rnaseq-tnseq-enterococcus-analysis/analyses/04_annotation/structural/prokka/efaecium_e745:Prokka:EFM745_01660 (length 372)
/home/dich3309/rnaseq-tnseq-enterococcus-analysis/analyses/04_annotation/structural/prokka/efaecium_e745:Prokka:EFM745_01661 (length 623)
/home/dich3309/rnaseq-tnseq-enterococcus-analysis/analyses/04_annotation/structural/prokka/efaecium_e745:Prokka:EFM745_01662 (length 400)
/home/dich3309/rnaseq-tnseq-enterococcus-analysis/analyses/04_annotation/structural/prokka/efaecium_e745:Prokka:EFM745_01663 (length 644)
/home/dich3309/rnaseq-tnseq-enterococcus-analysis/analyses/04_annotation/structural/prokka/efaecium_e745:Prokka:EFM745_01664 (length 218)
/home/dich3309/rnaseq-tnseq-enterococcus-analysis/analyses/04_annotation/structural/prokka/efaecium_e745:Prokka:EFM745_01665 (length 117)
/home/dich3309/rnaseq-tnseq-enterococcus-analysis/analyses/04_annotation/structural/prokka/efaecium_e745:Prokka:EFM745_01666 (length 309)
/home/dich3309/rnaseq-tnseq-enterococcus-analysis/analyses/04_annotation/structural/prokka/efaecium_e745:Prokka:EFM745_01667 (length 278)
/home/dich3309/rnaseq-tnseq-enterococcus-analysis/analyses/04_annotation/structural/prokka/efaecium_e745:Prokka:EFM745_01668 (length 258)
/home/dich3309/rnaseq-tnseq-enterococcus-analysis/analyses/04_annotation/structural/prokka/efaecium_e745:Prokka:EFM745_01669 (length 247)
/home/dich3309/rnaseq-tnseq-enterococcus-analysis/analyses/04_annotation/structural/prokka/efaecium_e745:Prokka:EFM745_01670 (length 526)
/home/dich3309/rnaseq-tnseq-enterococcus-analysis/analyses/04_annotation/structural/prokka/efaecium_e745:Prokka:EFM745_01671 (length 159)
/home/dich3309/rnaseq-tnseq-enterococcus-analysis/analyses/04_annotation/structural/prokka/efaecium_e745:Prokka:EFM745_01672 (length 250)
/home/dich3309/rnaseq-tnseq-enterococcus-analysis/analyses/04_annotation/structural/prokka/efaecium_e745:Prokka:EFM745_01674 (length 241)
/home/dich3309/rnaseq-tnseq-enterococcus-analysis/analyses/04_annotation/structural/prokka/efaecium_e745:Prokka:EFM745_01675 (length 88)
/home/dich3309/rnaseq-tnseq-enterococcus-analysis/analyses/04_annotation/structural/prokka/efaecium_e745:Prokka:EFM745_01676 (length 143)
/home/dich3309/rnaseq-tnseq-enterococcus-analysis/analyses/04_annotation/structural/prokka/efaecium_e745:Prokka:EFM745_01677 (length 101)
/home/dich3309/rnaseq-tnseq-enterococcus-analysis/analyses/04_annotation/structural/prokka/efaecium_e745:Prokka:EFM745_01678 (length 381)
/home/dich3309/rnaseq-tnseq-enterococcus-analysis/analyses/04_annotation/structural/prokka/efaecium_e745:Prokka:EFM745_01679 (length 215)
/home/dich3309/rnaseq-tnseq-enterococcus-analysis/analyses/04_annotation/structural/prokka/efaecium_e745:Prokka:EFM745_01680 (length 97)
/home/dich3309/rnaseq-tnseq-enterococcus-analysis/analyses/04_annotation/structural/prokka/efaecium_e745:Prokka:EFM745_01681 (length 103)
/home/dich3309/rnaseq-tnseq-enterococcus-analysis/analyses/04_annotation/structural/prokka/efaecium_e745:Prokka:EFM745_01682 (length 79)
/home/dich3309/rnaseq-tnseq-enterococcus-analysis/analyses/04_annotation/structural/prokka/efaecium_e745:Prokka:EFM745_01683 (length 134)
/home/dich3309/rnaseq-tnseq-enterococcus-analysis/analyses/04_annotation/structural/prokka/efaecium_e745:Prokka:EFM745_01684 (length 52)
/home/dich3309/rnaseq-tnseq-enterococcus-analysis/analyses/04_annotation/structural/prokka/efaecium_e745:Prokka:EFM745_01685 (length 120)
/home/dich3309/rnaseq-tnseq-enterococcus-analysis/analyses/04_annotation/structural/prokka/efaecium_e745:Prokka:EFM745_01686 (length 282)
/home/dich3309/rnaseq-tnseq-enterococcus-analysis/analyses/04_annotation/structural/prokka/efaecium_e745:Prokka:EFM745_01687 (length 491)
/home/dich3309/rnaseq-tnseq-enterococcus-analysis/analyses/04_annotation/structural/prokka/efaecium_e745:Prokka:EFM745_01688 (length 135)
/home/dich3309/rnaseq-tnseq-enterococcus-analysis/analyses/04_annotation/structural/prokka/efaecium_e745:Prokka:EFM745_01689 (length 71)
/home/dich3309/rnaseq-tnseq-enterococcus-analysis/analyses/04_annotation/structural/prokka/efaecium_e745:Prokka:EFM745_01690 (length 157)
/home/dich3309/rnaseq-tnseq-enterococcus-analysis/analyses/04_annotation/structural/prokka/efaecium_e745:Prokka:EFM745_01691 (length 564)
/home/dich3309/rnaseq-tnseq-enterococcus-analysis/analyses/04_annotation/structural/prokka/efaecium_e745:Prokka:EFM745_01692 (length 61)
/home/dich3309/rnaseq-tnseq-enterococcus-analysis/analyses/04_annotation/structural/prokka/efaecium_e745:Prokka:EFM745_01693 (length 391)
/home/dich3309/rnaseq-tnseq-enterococcus-analysis/analyses/04_annotation/structural/prokka/efaecium_e745:Prokka:EFM745_01694 (length 507)
/home/dich3309/rnaseq-tnseq-enterococcus-analysis/analyses/04_annotation/structural/prokka/efaecium_e745:Prokka:EFM745_01695 (length 94)
/home/dich3309/rnaseq-tnseq-enterococcus-analysis/analyses/04_annotation/structural/prokka/efaecium_e745:Prokka:EFM745_01696 (length 111)
/home/dich3309/rnaseq-tnseq-enterococcus-analysis/analyses/04_annotation/structural/prokka/efaecium_e745:Prokka:EFM745_01697 (length 208)
/home/dich3309/rnaseq-tnseq-enterococcus-analysis/analyses/04_annotation/structural/prokka/efaecium_e745:Prokka:EFM745_01698 (length 278)
/home/dich3309/rnaseq-tnseq-enterococcus-analysis/analyses/04_annotation/structural/prokka/efaecium_e745:Prokka:EFM745_01699 (length 140)
/home/dich3309/rnaseq-tnseq-enterococcus-analysis/analyses/04_annotation/structural/prokka/efaecium_e745:Prokka:EFM745_01700 (length 440)
/home/dich3309/rnaseq-tnseq-enterococcus-analysis/analyses/04_annotation/structural/prokka/efaecium_e745:Prokka:EFM745_01701 (length 546)
/home/dich3309/rnaseq-tnseq-enterococcus-analysis/analyses/04_annotation/structural/prokka/efaecium_e745:Prokka:EFM745_01702 (length 156)
/home/dich3309/rnaseq-tnseq-enterococcus-analysis/analyses/04_annotation/structural/prokka/efaecium_e745:Prokka:EFM745_01703 (length 367)
/home/dich3309/rnaseq-tnseq-enterococcus-analysis/analyses/04_annotation/structural/prokka/efaecium_e745:Prokka:EFM745_01704 (length 226)
/home/dich3309/rnaseq-tnseq-enterococcus-analysis/analyses/04_annotation/structural/prokka/efaecium_e745:Prokka:EFM745_01705 (length 344)
/home/dich3309/rnaseq-tnseq-enterococcus-analysis/analyses/04_annotation/structural/prokka/efaecium_e745:Prokka:EFM745_01706 (length 111)
/home/dich3309/rnaseq-tnseq-enterococcus-analysis/analyses/04_annotation/structural/prokka/efaecium_e745:Prokka:EFM745_01707 (length 826)
/home/dich3309/rnaseq-tnseq-enterococcus-analysis/analyses/04_annotation/structural/prokka/efaecium_e745:Prokka:EFM745_01708 (length 502)
/home/dich3309/rnaseq-tnseq-enterococcus-analysis/analyses/04_annotation/structural/prokka/efaecium_e745:Prokka:EFM745_01709 (length 454)
/home/dich3309/rnaseq-tnseq-enterococcus-analysis/analyses/04_annotation/structural/prokka/efaecium_e745:Prokka:EFM745_01710 (length 356)
/home/dich3309/rnaseq-tnseq-enterococcus-analysis/analyses/04_annotation/structural/prokka/efaecium_e745:Prokka:EFM745_01711 (length 222)
/home/dich3309/rnaseq-tnseq-enterococcus-analysis/analyses/04_annotation/structural/prokka/efaecium_e745:Prokka:EFM745_01712 (length 192)
/home/dich3309/rnaseq-tnseq-enterococcus-analysis/analyses/04_annotation/structural/prokka/efaecium_e745:Prokka:EFM745_01713 (length 303)
/home/dich3309/rnaseq-tnseq-enterococcus-analysis/analyses/04_annotation/structural/prokka/efaecium_e745:Prokka:EFM745_01714 (length 305)
/home/dich3309/rnaseq-tnseq-enterococcus-analysis/analyses/04_annotation/structural/prokka/efaecium_e745:Prokka:EFM745_01715 (length 145)
/home/dich3309/rnaseq-tnseq-enterococcus-analysis/analyses/04_annotation/structural/prokka/efaecium_e745:Prokka:EFM745_01716 (length 182)
/home/dich3309/rnaseq-tnseq-enterococcus-analysis/analyses/04_annotation/structural/prokka/efaecium_e745:Prokka:EFM745_01717 (length 786)
/home/dich3309/rnaseq-tnseq-enterococcus-analysis/analyses/04_annotation/structural/prokka/efaecium_e745:Prokka:EFM745_01718 (length 104)
/home/dich3309/rnaseq-tnseq-enterococcus-analysis/analyses/04_annotation/structural/prokka/efaecium_e745:Prokka:EFM745_01719 (length 592)
/home/dich3309/rnaseq-tnseq-enterococcus-analysis/analyses/04_annotation/structural/prokka/efaecium_e745:Prokka:EFM745_01720 (length 299)
/home/dich3309/rnaseq-tnseq-enterococcus-analysis/analyses/04_annotation/structural/prokka/efaecium_e745:Prokka:EFM745_01721 (length 420)
/home/dich3309/rnaseq-tnseq-enterococcus-analysis/analyses/04_annotation/structural/prokka/efaecium_e745:Prokka:EFM745_01722 (length 632)
/home/dich3309/rnaseq-tnseq-enterococcus-analysis/analyses/04_annotation/structural/prokka/efaecium_e745:Prokka:EFM745_01723 (length 239)
/home/dich3309/rnaseq-tnseq-enterococcus-analysis/analyses/04_annotation/structural/prokka/efaecium_e745:Prokka:EFM745_01725 (length 107)
/home/dich3309/rnaseq-tnseq-enterococcus-analysis/analyses/04_annotation/structural/prokka/efaecium_e745:Prokka:EFM745_01726 (length 667)
/home/dich3309/rnaseq-tnseq-enterococcus-analysis/analyses/04_annotation/structural/prokka/efaecium_e745:Prokka:EFM745_01727 (length 156)
/home/dich3309/rnaseq-tnseq-enterococcus-analysis/analyses/04_annotation/structural/prokka/efaecium_e745:Prokka:EFM745_01728 (length 194)
/home/dich3309/rnaseq-tnseq-enterococcus-analysis/analyses/04_annotation/structural/prokka/efaecium_e745:Prokka:EFM745_01729 (length 328)
/home/dich3309/rnaseq-tnseq-enterococcus-analysis/analyses/04_annotation/structural/prokka/efaecium_e745:Prokka:EFM745_01730 (length 103)
/home/dich3309/rnaseq-tnseq-enterococcus-analysis/analyses/04_annotation/structural/prokka/efaecium_e745:Prokka:EFM745_01731 (length 593)
/home/dich3309/rnaseq-tnseq-enterococcus-analysis/analyses/04_annotation/structural/prokka/efaecium_e745:Prokka:EFM745_01732 (length 458)
/home/dich3309/rnaseq-tnseq-enterococcus-analysis/analyses/04_annotation/structural/prokka/efaecium_e745:Prokka:EFM745_01733 (length 211)
/home/dich3309/rnaseq-tnseq-enterococcus-analysis/analyses/04_annotation/structural/prokka/efaecium_e745:Prokka:EFM745_01734 (length 451)
/home/dich3309/rnaseq-tnseq-enterococcus-analysis/analyses/04_annotation/structural/prokka/efaecium_e745:Prokka:EFM745_01735 (length 464)
/home/dich3309/rnaseq-tnseq-enterococcus-analysis/analyses/04_annotation/structural/prokka/efaecium_e745:Prokka:EFM745_01736 (length 323)
/home/dich3309/rnaseq-tnseq-enterococcus-analysis/analyses/04_annotation/structural/prokka/efaecium_e745:Prokka:EFM745_01737 (length 260)
/home/dich3309/rnaseq-tnseq-enterococcus-analysis/analyses/04_annotation/structural/prokka/efaecium_e745:Prokka:EFM745_01738 (length 123)
/home/dich3309/rnaseq-tnseq-enterococcus-analysis/analyses/04_annotation/structural/prokka/efaecium_e745:Prokka:EFM745_01739 (length 147)
/home/dich3309/rnaseq-tnseq-enterococcus-analysis/analyses/04_annotation/structural/prokka/efaecium_e745:Prokka:EFM745_01740 (length 269)
/home/dich3309/rnaseq-tnseq-enterococcus-analysis/analyses/04_annotation/structural/prokka/efaecium_e745:Prokka:EFM745_01741 (length 455)
/home/dich3309/rnaseq-tnseq-enterococcus-analysis/analyses/04_annotation/structural/prokka/efaecium_e745:Prokka:EFM745_01742 (length 276)
/home/dich3309/rnaseq-tnseq-enterococcus-analysis/analyses/04_annotation/structural/prokka/efaecium_e745:Prokka:EFM745_01743 (length 145)
/home/dich3309/rnaseq-tnseq-enterococcus-analysis/analyses/04_annotation/structural/prokka/efaecium_e745:Prokka:EFM745_01744 (length 206)
/home/dich3309/rnaseq-tnseq-enterococcus-analysis/analyses/04_annotation/structural/prokka/efaecium_e745:Prokka:EFM745_01745 (length 168)
/home/dich3309/rnaseq-tnseq-enterococcus-analysis/analyses/04_annotation/structural/prokka/efaecium_e745:Prokka:EFM745_01746 (length 299)
/home/dich3309/rnaseq-tnseq-enterococcus-analysis/analyses/04_annotation/structural/prokka/efaecium_e745:Prokka:EFM745_01747 (length 294)
/home/dich3309/rnaseq-tnseq-enterococcus-analysis/analyses/04_annotation/structural/prokka/efaecium_e745:Prokka:EFM745_01749 (length 444)
/home/dich3309/rnaseq-tnseq-enterococcus-analysis/analyses/04_annotation/structural/prokka/efaecium_e745:Prokka:EFM745_01750 (length 345)
/home/dich3309/rnaseq-tnseq-enterococcus-analysis/analyses/04_annotation/structural/prokka/efaecium_e745:Prokka:EFM745_01751 (length 333)
/home/dich3309/rnaseq-tnseq-enterococcus-analysis/analyses/04_annotation/structural/prokka/efaecium_e745:Prokka:EFM745_01752 (length 396)
/home/dich3309/rnaseq-tnseq-enterococcus-analysis/analyses/04_annotation/structural/prokka/efaecium_e745:Prokka:EFM745_01753 (length 251)
/home/dich3309/rnaseq-tnseq-enterococcus-analysis/analyses/04_annotation/structural/prokka/efaecium_e745:Prokka:EFM745_01754 (length 432)
/home/dich3309/rnaseq-tnseq-enterococcus-analysis/analyses/04_annotation/structural/prokka/efaecium_e745:Prokka:EFM745_01755 (length 178)
/home/dich3309/rnaseq-tnseq-enterococcus-analysis/analyses/04_annotation/structural/prokka/efaecium_e745:Prokka:EFM745_01756 (length 268)
/home/dich3309/rnaseq-tnseq-enterococcus-analysis/analyses/04_annotation/structural/prokka/efaecium_e745:Prokka:EFM745_01757 (length 337)
/home/dich3309/rnaseq-tnseq-enterococcus-analysis/analyses/04_annotation/structural/prokka/efaecium_e745:Prokka:EFM745_01758 (length 379)
/home/dich3309/rnaseq-tnseq-enterococcus-analysis/analyses/04_annotation/structural/prokka/efaecium_e745:Prokka:EFM745_01759 (length 191)
/home/dich3309/rnaseq-tnseq-enterococcus-analysis/analyses/04_annotation/structural/prokka/efaecium_e745:Prokka:EFM745_01760 (length 324)
/home/dich3309/rnaseq-tnseq-enterococcus-analysis/analyses/04_annotation/structural/prokka/efaecium_e745:Prokka:EFM745_01762 (length 322)
/home/dich3309/rnaseq-tnseq-enterococcus-analysis/analyses/04_annotation/structural/prokka/efaecium_e745:Prokka:EFM745_01763 (length 92)
/home/dich3309/rnaseq-tnseq-enterococcus-analysis/analyses/04_annotation/structural/prokka/efaecium_e745:Prokka:EFM745_01764 (length 78)
/home/dich3309/rnaseq-tnseq-enterococcus-analysis/analyses/04_annotation/structural/prokka/efaecium_e745:Prokka:EFM745_01765 (length 251)
/home/dich3309/rnaseq-tnseq-enterococcus-analysis/analyses/04_annotation/structural/prokka/efaecium_e745:Prokka:EFM745_01766 (length 785)
/home/dich3309/rnaseq-tnseq-enterococcus-analysis/analyses/04_annotation/structural/prokka/efaecium_e745:Prokka:EFM745_01767 (length 154)
/home/dich3309/rnaseq-tnseq-enterococcus-analysis/analyses/04_annotation/structural/prokka/efaecium_e745:Prokka:EFM745_01768 (length 239)
/home/dich3309/rnaseq-tnseq-enterococcus-analysis/analyses/04_annotation/structural/prokka/efaecium_e745:Prokka:EFM745_01769 (length 71)
/home/dich3309/rnaseq-tnseq-enterococcus-analysis/analyses/04_annotation/structural/prokka/efaecium_e745:Prokka:EFM745_01770 (length 174)
/home/dich3309/rnaseq-tnseq-enterococcus-analysis/analyses/04_annotation/structural/prokka/efaecium_e745:Prokka:EFM745_01771 (length 180)
/home/dich3309/rnaseq-tnseq-enterococcus-analysis/analyses/04_annotation/structural/prokka/efaecium_e745:Prokka:EFM745_01772 (length 518)
/home/dich3309/rnaseq-tnseq-enterococcus-analysis/analyses/04_annotation/structural/prokka/efaecium_e745:Prokka:EFM745_01773 (length 300)
/home/dich3309/rnaseq-tnseq-enterococcus-analysis/analyses/04_annotation/structural/prokka/efaecium_e745:Prokka:EFM745_01774 (length 468)
/home/dich3309/rnaseq-tnseq-enterococcus-analysis/analyses/04_annotation/structural/prokka/efaecium_e745:Prokka:EFM745_01775 (length 140)
/home/dich3309/rnaseq-tnseq-enterococcus-analysis/analyses/04_annotation/structural/prokka/efaecium_e745:Prokka:EFM745_01776 (length 76)
/home/dich3309/rnaseq-tnseq-enterococcus-analysis/analyses/04_annotation/structural/prokka/efaecium_e745:Prokka:EFM745_01777 (length 433)
/home/dich3309/rnaseq-tnseq-enterococcus-analysis/analyses/04_annotation/structural/prokka/efaecium_e745:Prokka:EFM745_01778 (length 58)
/home/dich3309/rnaseq-tnseq-enterococcus-analysis/analyses/04_annotation/structural/prokka/efaecium_e745:Prokka:EFM745_01779 (length 98)
/home/dich3309/rnaseq-tnseq-enterococcus-analysis/analyses/04_annotation/structural/prokka/efaecium_e745:Prokka:EFM745_01780 (length 155)
/home/dich3309/rnaseq-tnseq-enterococcus-analysis/analyses/04_annotation/structural/prokka/efaecium_e745:Prokka:EFM745_01781 (length 294)
/home/dich3309/rnaseq-tnseq-enterococcus-analysis/analyses/04_annotation/structural/prokka/efaecium_e745:Prokka:EFM745_01782 (length 78)
/home/dich3309/rnaseq-tnseq-enterococcus-analysis/analyses/04_annotation/structural/prokka/efaecium_e745:Prokka:EFM745_01785 (length 56)
/home/dich3309/rnaseq-tnseq-enterococcus-analysis/analyses/04_annotation/structural/prokka/efaecium_e745:Prokka:EFM745_01786 (length 235)
/home/dich3309/rnaseq-tnseq-enterococcus-analysis/analyses/04_annotation/structural/prokka/efaecium_e745:Prokka:EFM745_01787 (length 214)
/home/dich3309/rnaseq-tnseq-enterococcus-analysis/analyses/04_annotation/structural/prokka/efaecium_e745:Prokka:EFM745_01788 (length 95)
/home/dich3309/rnaseq-tnseq-enterococcus-analysis/analyses/04_annotation/structural/prokka/efaecium_e745:Prokka:EFM745_01789 (length 106)
/home/dich3309/rnaseq-tnseq-enterococcus-analysis/analyses/04_annotation/structural/prokka/efaecium_e745:Prokka:EFM745_01790 (length 437)
/home/dich3309/rnaseq-tnseq-enterococcus-analysis/analyses/04_annotation/structural/prokka/efaecium_e745:Prokka:EFM745_01791 (length 239)
/home/dich3309/rnaseq-tnseq-enterococcus-analysis/analyses/04_annotation/structural/prokka/efaecium_e745:Prokka:EFM745_01792 (length 183)
/home/dich3309/rnaseq-tnseq-enterococcus-analysis/analyses/04_annotation/structural/prokka/efaecium_e745:Prokka:EFM745_01793 (length 844)
/home/dich3309/rnaseq-tnseq-enterococcus-analysis/analyses/04_annotation/structural/prokka/efaecium_e745:Prokka:EFM745_01794 (length 327)
/home/dich3309/rnaseq-tnseq-enterococcus-analysis/analyses/04_annotation/structural/prokka/efaecium_e745:Prokka:EFM745_01795 (length 228)
/home/dich3309/rnaseq-tnseq-enterococcus-analysis/analyses/04_annotation/structural/prokka/efaecium_e745:Prokka:EFM745_01796 (length 297)
/home/dich3309/rnaseq-tnseq-enterococcus-analysis/analyses/04_annotation/structural/prokka/efaecium_e745:Prokka:EFM745_01797 (length 482)
/home/dich3309/rnaseq-tnseq-enterococcus-analysis/analyses/04_annotation/structural/prokka/efaecium_e745:Prokka:EFM745_01798 (length 285)
/home/dich3309/rnaseq-tnseq-enterococcus-analysis/analyses/04_annotation/structural/prokka/efaecium_e745:Prokka:EFM745_01799 (length 306)
/home/dich3309/rnaseq-tnseq-enterococcus-analysis/analyses/04_annotation/structural/prokka/efaecium_e745:Prokka:EFM745_01800 (length 294)
/home/dich3309/rnaseq-tnseq-enterococcus-analysis/analyses/04_annotation/structural/prokka/efaecium_e745:Prokka:EFM745_01801 (length 268)
/home/dich3309/rnaseq-tnseq-enterococcus-analysis/analyses/04_annotation/structural/prokka/efaecium_e745:Prokka:EFM745_01802 (length 252)
/home/dich3309/rnaseq-tnseq-enterococcus-analysis/analyses/04_annotation/structural/prokka/efaecium_e745:Prokka:EFM745_01803 (length 225)
/home/dich3309/rnaseq-tnseq-enterococcus-analysis/analyses/04_annotation/structural/prokka/efaecium_e745:Prokka:EFM745_01804 (length 343)
/home/dich3309/rnaseq-tnseq-enterococcus-analysis/analyses/04_annotation/structural/prokka/efaecium_e745:Prokka:EFM745_01805 (length 255)
/home/dich3309/rnaseq-tnseq-enterococcus-analysis/analyses/04_annotation/structural/prokka/efaecium_e745:Prokka:EFM745_01806 (length 522)
/home/dich3309/rnaseq-tnseq-enterococcus-analysis/analyses/04_annotation/structural/prokka/efaecium_e745:Prokka:EFM745_01807 (length 106)
/home/dich3309/rnaseq-tnseq-enterococcus-analysis/analyses/04_annotation/structural/prokka/efaecium_e745:Prokka:EFM745_01808 (length 116)
/home/dich3309/rnaseq-tnseq-enterococcus-analysis/analyses/04_annotation/structural/prokka/efaecium_e745:Prokka:EFM745_01809 (length 431)
/home/dich3309/rnaseq-tnseq-enterococcus-analysis/analyses/04_annotation/structural/prokka/efaecium_e745:Prokka:EFM745_01810 (length 312)
/home/dich3309/rnaseq-tnseq-enterococcus-analysis/analyses/04_annotation/structural/prokka/efaecium_e745:Prokka:EFM745_01811 (length 276)
/home/dich3309/rnaseq-tnseq-enterococcus-analysis/analyses/04_annotation/structural/prokka/efaecium_e745:Prokka:EFM745_01812 (length 341)
/home/dich3309/rnaseq-tnseq-enterococcus-analysis/analyses/04_annotation/structural/prokka/efaecium_e745:Prokka:EFM745_01813 (length 312)
/home/dich3309/rnaseq-tnseq-enterococcus-analysis/analyses/04_annotation/structural/prokka/efaecium_e745:Prokka:EFM745_01814 (length 146)
/home/dich3309/rnaseq-tnseq-enterococcus-analysis/analyses/04_annotation/structural/prokka/efaecium_e745:Prokka:EFM745_01815 (length 200)
/home/dich3309/rnaseq-tnseq-enterococcus-analysis/analyses/04_annotation/structural/prokka/efaecium_e745:Prokka:EFM745_01816 (length 368)
/home/dich3309/rnaseq-tnseq-enterococcus-analysis/analyses/04_annotation/structural/prokka/efaecium_e745:Prokka:EFM745_01817 (length 333)
/home/dich3309/rnaseq-tnseq-enterococcus-analysis/analyses/04_annotation/structural/prokka/efaecium_e745:Prokka:EFM745_01818 (length 781)
/home/dich3309/rnaseq-tnseq-enterococcus-analysis/analyses/04_annotation/structural/prokka/efaecium_e745:Prokka:EFM745_01819 (length 300)
/home/dich3309/rnaseq-tnseq-enterococcus-analysis/analyses/04_annotation/structural/prokka/efaecium_e745:Prokka:EFM745_01820 (length 395)
/home/dich3309/rnaseq-tnseq-enterococcus-analysis/analyses/04_annotation/structural/prokka/efaecium_e745:Prokka:EFM745_01821 (length 591)
/home/dich3309/rnaseq-tnseq-enterococcus-analysis/analyses/04_annotation/structural/prokka/efaecium_e745:Prokka:EFM745_01822 (length 528)
/home/dich3309/rnaseq-tnseq-enterococcus-analysis/analyses/04_annotation/structural/prokka/efaecium_e745:Prokka:EFM745_01823 (length 74)
/home/dich3309/rnaseq-tnseq-enterococcus-analysis/analyses/04_annotation/structural/prokka/efaecium_e745:Prokka:EFM745_01824 (length 583)
/home/dich3309/rnaseq-tnseq-enterococcus-analysis/analyses/04_annotation/structural/prokka/efaecium_e745:Prokka:EFM745_01825 (length 594)
/home/dich3309/rnaseq-tnseq-enterococcus-analysis/analyses/04_annotation/structural/prokka/efaecium_e745:Prokka:EFM745_01826 (length 283)
/home/dich3309/rnaseq-tnseq-enterococcus-analysis/analyses/04_annotation/structural/prokka/efaecium_e745:Prokka:EFM745_01827 (length 628)
/home/dich3309/rnaseq-tnseq-enterococcus-analysis/analyses/04_annotation/structural/prokka/efaecium_e745:Prokka:EFM745_01828 (length 300)
/home/dich3309/rnaseq-tnseq-enterococcus-analysis/analyses/04_annotation/structural/prokka/efaecium_e745:Prokka:EFM745_01829 (length 467)
/home/dich3309/rnaseq-tnseq-enterococcus-analysis/analyses/04_annotation/structural/prokka/efaecium_e745:Prokka:EFM745_01830 (length 477)
/home/dich3309/rnaseq-tnseq-enterococcus-analysis/analyses/04_annotation/structural/prokka/efaecium_e745:Prokka:EFM745_01831 (length 308)
/home/dich3309/rnaseq-tnseq-enterococcus-analysis/analyses/04_annotation/structural/prokka/efaecium_e745:Prokka:EFM745_01832 (length 575)
/home/dich3309/rnaseq-tnseq-enterococcus-analysis/analyses/04_annotation/structural/prokka/efaecium_e745:Prokka:EFM745_01833 (length 97)
/home/dich3309/rnaseq-tnseq-enterococcus-analysis/analyses/04_annotation/structural/prokka/efaecium_e745:Prokka:EFM745_01834 (length 286)
/home/dich3309/rnaseq-tnseq-enterococcus-analysis/analyses/04_annotation/structural/prokka/efaecium_e745:Prokka:EFM745_01835 (length 142)
/home/dich3309/rnaseq-tnseq-enterococcus-analysis/analyses/04_annotation/structural/prokka/efaecium_e745:Prokka:EFM745_01836 (length 58)
/home/dich3309/rnaseq-tnseq-enterococcus-analysis/analyses/04_annotation/structural/prokka/efaecium_e745:Prokka:EFM745_01837 (length 148)
/home/dich3309/rnaseq-tnseq-enterococcus-analysis/analyses/04_annotation/structural/prokka/efaecium_e745:Prokka:EFM745_01838 (length 459)
/home/dich3309/rnaseq-tnseq-enterococcus-analysis/analyses/04_annotation/structural/prokka/efaecium_e745:Prokka:EFM745_01839 (length 323)
/home/dich3309/rnaseq-tnseq-enterococcus-analysis/analyses/04_annotation/structural/prokka/efaecium_e745:Prokka:EFM745_01840 (length 730)
/home/dich3309/rnaseq-tnseq-enterococcus-analysis/analyses/04_annotation/structural/prokka/efaecium_e745:Prokka:EFM745_01841 (length 153)
/home/dich3309/rnaseq-tnseq-enterococcus-analysis/analyses/04_annotation/structural/prokka/efaecium_e745:Prokka:EFM745_01842 (length 131)
/home/dich3309/rnaseq-tnseq-enterococcus-analysis/analyses/04_annotation/structural/prokka/efaecium_e745:Prokka:EFM745_01843 (length 299)
/home/dich3309/rnaseq-tnseq-enterococcus-analysis/analyses/04_annotation/structural/prokka/efaecium_e745:Prokka:EFM745_01844 (length 270)
/home/dich3309/rnaseq-tnseq-enterococcus-analysis/analyses/04_annotation/structural/prokka/efaecium_e745:Prokka:EFM745_01845 (length 305)
/home/dich3309/rnaseq-tnseq-enterococcus-analysis/analyses/04_annotation/structural/prokka/efaecium_e745:Prokka:EFM745_01846 (length 691)
/home/dich3309/rnaseq-tnseq-enterococcus-analysis/analyses/04_annotation/structural/prokka/efaecium_e745:Prokka:EFM745_01847 (length 259)
/home/dich3309/rnaseq-tnseq-enterococcus-analysis/analyses/04_annotation/structural/prokka/efaecium_e745:Prokka:EFM745_01848 (length 314)
/home/dich3309/rnaseq-tnseq-enterococcus-analysis/analyses/04_annotation/structural/prokka/efaecium_e745:Prokka:EFM745_01849 (length 259)
/home/dich3309/rnaseq-tnseq-enterococcus-analysis/analyses/04_annotation/structural/prokka/efaecium_e745:Prokka:EFM745_01850 (length 232)
/home/dich3309/rnaseq-tnseq-enterococcus-analysis/analyses/04_annotation/structural/prokka/efaecium_e745:Prokka:EFM745_01851 (length 254)
/home/dich3309/rnaseq-tnseq-enterococcus-analysis/analyses/04_annotation/structural/prokka/efaecium_e745:Prokka:EFM745_01852 (length 605)
/home/dich3309/rnaseq-tnseq-enterococcus-analysis/analyses/04_annotation/structural/prokka/efaecium_e745:Prokka:EFM745_01853 (length 321)
/home/dich3309/rnaseq-tnseq-enterococcus-analysis/analyses/04_annotation/structural/prokka/efaecium_e745:Prokka:EFM745_01854 (length 231)
/home/dich3309/rnaseq-tnseq-enterococcus-analysis/analyses/04_annotation/structural/prokka/efaecium_e745:Prokka:EFM745_01855 (length 372)
/home/dich3309/rnaseq-tnseq-enterococcus-analysis/analyses/04_annotation/structural/prokka/efaecium_e745:Prokka:EFM745_01856 (length 206)
/home/dich3309/rnaseq-tnseq-enterococcus-analysis/analyses/04_annotation/structural/prokka/efaecium_e745:Prokka:EFM745_01857 (length 366)
/home/dich3309/rnaseq-tnseq-enterococcus-analysis/analyses/04_annotation/structural/prokka/efaecium_e745:Prokka:EFM745_01858 (length 90)
/home/dich3309/rnaseq-tnseq-enterococcus-analysis/analyses/04_annotation/structural/prokka/efaecium_e745:Prokka:EFM745_01859 (length 333)
/home/dich3309/rnaseq-tnseq-enterococcus-analysis/analyses/04_annotation/structural/prokka/efaecium_e745:Prokka:EFM745_01860 (length 348)
/home/dich3309/rnaseq-tnseq-enterococcus-analysis/analyses/04_annotation/structural/prokka/efaecium_e745:Prokka:EFM745_01861 (length 359)
/home/dich3309/rnaseq-tnseq-enterococcus-analysis/analyses/04_annotation/structural/prokka/efaecium_e745:Prokka:EFM745_01862 (length 474)
/home/dich3309/rnaseq-tnseq-enterococcus-analysis/analyses/04_annotation/structural/prokka/efaecium_e745:Prokka:EFM745_01863 (length 497)
/home/dich3309/rnaseq-tnseq-enterococcus-analysis/analyses/04_annotation/structural/prokka/efaecium_e745:Prokka:EFM745_01864 (length 390)
/home/dich3309/rnaseq-tnseq-enterococcus-analysis/analyses/04_annotation/structural/prokka/efaecium_e745:Prokka:EFM745_01865 (length 363)
/home/dich3309/rnaseq-tnseq-enterococcus-analysis/analyses/04_annotation/structural/prokka/efaecium_e745:Prokka:EFM745_01866 (length 492)
/home/dich3309/rnaseq-tnseq-enterococcus-analysis/analyses/04_annotation/structural/prokka/efaecium_e745:Prokka:EFM745_01867 (length 249)
/home/dich3309/rnaseq-tnseq-enterococcus-analysis/analyses/04_annotation/structural/prokka/efaecium_e745:Prokka:EFM745_01868 (length 316)
/home/dich3309/rnaseq-tnseq-enterococcus-analysis/analyses/04_annotation/structural/prokka/efaecium_e745:Prokka:EFM745_01869 (length 487)
/home/dich3309/rnaseq-tnseq-enterococcus-analysis/analyses/04_annotation/structural/prokka/efaecium_e745:Prokka:EFM745_01870 (length 152)
/home/dich3309/rnaseq-tnseq-enterococcus-analysis/analyses/04_annotation/structural/prokka/efaecium_e745:Prokka:EFM745_01871 (length 324)
/home/dich3309/rnaseq-tnseq-enterococcus-analysis/analyses/04_annotation/structural/prokka/efaecium_e745:Prokka:EFM745_01872 (length 316)
/home/dich3309/rnaseq-tnseq-enterococcus-analysis/analyses/04_annotation/structural/prokka/efaecium_e745:Prokka:EFM745_01873 (length 91)
/home/dich3309/rnaseq-tnseq-enterococcus-analysis/analyses/04_annotation/structural/prokka/efaecium_e745:Prokka:EFM745_01874 (length 254)
/home/dich3309/rnaseq-tnseq-enterococcus-analysis/analyses/04_annotation/structural/prokka/efaecium_e745:Prokka:EFM745_01875 (length 167)
/home/dich3309/rnaseq-tnseq-enterococcus-analysis/analyses/04_annotation/structural/prokka/efaecium_e745:Prokka:EFM745_01876 (length 213)
/home/dich3309/rnaseq-tnseq-enterococcus-analysis/analyses/04_annotation/structural/prokka/efaecium_e745:Prokka:EFM745_01878 (length 422)
/home/dich3309/rnaseq-tnseq-enterococcus-analysis/analyses/04_annotation/structural/prokka/efaecium_e745:Prokka:EFM745_01879 (length 399)
/home/dich3309/rnaseq-tnseq-enterococcus-analysis/analyses/04_annotation/structural/prokka/efaecium_e745:Prokka:EFM745_01880 (length 435)
/home/dich3309/rnaseq-tnseq-enterococcus-analysis/analyses/04_annotation/structural/prokka/efaecium_e745:Prokka:EFM745_01881 (length 40)
/home/dich3309/rnaseq-tnseq-enterococcus-analysis/analyses/04_annotation/structural/prokka/efaecium_e745:Prokka:EFM745_01882 (length 372)
/home/dich3309/rnaseq-tnseq-enterococcus-analysis/analyses/04_annotation/structural/prokka/efaecium_e745:Prokka:EFM745_01883 (length 106)
/home/dich3309/rnaseq-tnseq-enterococcus-analysis/analyses/04_annotation/structural/prokka/efaecium_e745:Prokka:EFM745_01884 (length 54)
/home/dich3309/rnaseq-tnseq-enterococcus-analysis/analyses/04_annotation/structural/prokka/efaecium_e745:Prokka:EFM745_01886 (length 66)
/home/dich3309/rnaseq-tnseq-enterococcus-analysis/analyses/04_annotation/structural/prokka/efaecium_e745:Prokka:EFM745_01887 (length 929)
/home/dich3309/rnaseq-tnseq-enterococcus-analysis/analyses/04_annotation/structural/prokka/efaecium_e745:Prokka:EFM745_01888 (length 167)
/home/dich3309/rnaseq-tnseq-enterococcus-analysis/analyses/04_annotation/structural/prokka/efaecium_e745:Prokka:EFM745_01889 (length 396)
/home/dich3309/rnaseq-tnseq-enterococcus-analysis/analyses/04_annotation/structural/prokka/efaecium_e745:Prokka:EFM745_01890 (length 432)
/home/dich3309/rnaseq-tnseq-enterococcus-analysis/analyses/04_annotation/structural/prokka/efaecium_e745:Prokka:EFM745_01891 (length 224)
/home/dich3309/rnaseq-tnseq-enterococcus-analysis/analyses/04_annotation/structural/prokka/efaecium_e745:Prokka:EFM745_01892 (length 113)
/home/dich3309/rnaseq-tnseq-enterococcus-analysis/analyses/04_annotation/structural/prokka/efaecium_e745:Prokka:EFM745_01893 (length 119)
/home/dich3309/rnaseq-tnseq-enterococcus-analysis/analyses/04_annotation/structural/prokka/efaecium_e745:Prokka:EFM745_01894 (length 694)
/home/dich3309/rnaseq-tnseq-enterococcus-analysis/analyses/04_annotation/structural/prokka/efaecium_e745:Prokka:EFM745_01895 (length 488)
/home/dich3309/rnaseq-tnseq-enterococcus-analysis/analyses/04_annotation/structural/prokka/efaecium_e745:Prokka:EFM745_01896 (length 431)
/home/dich3309/rnaseq-tnseq-enterococcus-analysis/analyses/04_annotation/structural/prokka/efaecium_e745:Prokka:EFM745_01897 (length 179)
/home/dich3309/rnaseq-tnseq-enterococcus-analysis/analyses/04_annotation/structural/prokka/efaecium_e745:Prokka:EFM745_01898 (length 146)
/home/dich3309/rnaseq-tnseq-enterococcus-analysis/analyses/04_annotation/structural/prokka/efaecium_e745:Prokka:EFM745_01899 (length 69)
/home/dich3309/rnaseq-tnseq-enterococcus-analysis/analyses/04_annotation/structural/prokka/efaecium_e745:Prokka:EFM745_01900 (length 728)
/home/dich3309/rnaseq-tnseq-enterococcus-analysis/analyses/04_annotation/structural/prokka/efaecium_e745:Prokka:EFM745_01901 (length 723)
/home/dich3309/rnaseq-tnseq-enterococcus-analysis/analyses/04_annotation/structural/prokka/efaecium_e745:Prokka:EFM745_01902 (length 246)
/home/dich3309/rnaseq-tnseq-enterococcus-analysis/analyses/04_annotation/structural/prokka/efaecium_e745:Prokka:EFM745_01903 (length 432)
/home/dich3309/rnaseq-tnseq-enterococcus-analysis/analyses/04_annotation/structural/prokka/efaecium_e745:Prokka:EFM745_01904 (length 250)
/home/dich3309/rnaseq-tnseq-enterococcus-analysis/analyses/04_annotation/structural/prokka/efaecium_e745:Prokka:EFM745_01905 (length 107)
/home/dich3309/rnaseq-tnseq-enterococcus-analysis/analyses/04_annotation/structural/prokka/efaecium_e745:Prokka:EFM745_01906 (length 282)
/home/dich3309/rnaseq-tnseq-enterococcus-analysis/analyses/04_annotation/structural/prokka/efaecium_e745:Prokka:EFM745_01907 (length 270)
/home/dich3309/rnaseq-tnseq-enterococcus-analysis/analyses/04_annotation/structural/prokka/efaecium_e745:Prokka:EFM745_01908 (length 107)
/home/dich3309/rnaseq-tnseq-enterococcus-analysis/analyses/04_annotation/structural/prokka/efaecium_e745:Prokka:EFM745_01909 (length 189)
/home/dich3309/rnaseq-tnseq-enterococcus-analysis/analyses/04_annotation/structural/prokka/efaecium_e745:Prokka:EFM745_01910 (length 230)
/home/dich3309/rnaseq-tnseq-enterococcus-analysis/analyses/04_annotation/structural/prokka/efaecium_e745:Prokka:EFM745_01911 (length 189)
/home/dich3309/rnaseq-tnseq-enterococcus-analysis/analyses/04_annotation/structural/prokka/efaecium_e745:Prokka:EFM745_01912 (length 178)
/home/dich3309/rnaseq-tnseq-enterococcus-analysis/analyses/04_annotation/structural/prokka/efaecium_e745:Prokka:EFM745_01913 (length 392)
/home/dich3309/rnaseq-tnseq-enterococcus-analysis/analyses/04_annotation/structural/prokka/efaecium_e745:Prokka:EFM745_01914 (length 178)
/home/dich3309/rnaseq-tnseq-enterococcus-analysis/analyses/04_annotation/structural/prokka/efaecium_e745:Prokka:EFM745_01915 (length 268)
/home/dich3309/rnaseq-tnseq-enterococcus-analysis/analyses/04_annotation/structural/prokka/efaecium_e745:Prokka:EFM745_01916 (length 138)
/home/dich3309/rnaseq-tnseq-enterococcus-analysis/analyses/04_annotation/structural/prokka/efaecium_e745:Prokka:EFM745_01917 (length 85)
/home/dich3309/rnaseq-tnseq-enterococcus-analysis/analyses/04_annotation/structural/prokka/efaecium_e745:Prokka:EFM745_01918 (length 416)
/home/dich3309/rnaseq-tnseq-enterococcus-analysis/analyses/04_annotation/structural/prokka/efaecium_e745:Prokka:EFM745_01919 (length 324)
/home/dich3309/rnaseq-tnseq-enterococcus-analysis/analyses/04_annotation/structural/prokka/efaecium_e745:Prokka:EFM745_01920 (length 431)
/home/dich3309/rnaseq-tnseq-enterococcus-analysis/analyses/04_annotation/structural/prokka/efaecium_e745:Prokka:EFM745_01921 (length 395)
/home/dich3309/rnaseq-tnseq-enterococcus-analysis/analyses/04_annotation/structural/prokka/efaecium_e745:Prokka:EFM745_01922 (length 105)
/home/dich3309/rnaseq-tnseq-enterococcus-analysis/analyses/04_annotation/structural/prokka/efaecium_e745:Prokka:EFM745_01923 (length 121)
/home/dich3309/rnaseq-tnseq-enterococcus-analysis/analyses/04_annotation/structural/prokka/efaecium_e745:Prokka:EFM745_01924 (length 160)
/home/dich3309/rnaseq-tnseq-enterococcus-analysis/analyses/04_annotation/structural/prokka/efaecium_e745:Prokka:EFM745_01925 (length 296)
/home/dich3309/rnaseq-tnseq-enterococcus-analysis/analyses/04_annotation/structural/prokka/efaecium_e745:Prokka:EFM745_01926 (length 431)
/home/dich3309/rnaseq-tnseq-enterococcus-analysis/analyses/04_annotation/structural/prokka/efaecium_e745:Prokka:EFM745_01927 (length 422)
/home/dich3309/rnaseq-tnseq-enterococcus-analysis/analyses/04_annotation/structural/prokka/efaecium_e745:Prokka:EFM745_01928 (length 823)
/home/dich3309/rnaseq-tnseq-enterococcus-analysis/analyses/04_annotation/structural/prokka/efaecium_e745:Prokka:EFM745_01929 (length 578)
/home/dich3309/rnaseq-tnseq-enterococcus-analysis/analyses/04_annotation/structural/prokka/efaecium_e745:Prokka:EFM745_01930 (length 234)
/home/dich3309/rnaseq-tnseq-enterococcus-analysis/analyses/04_annotation/structural/prokka/efaecium_e745:Prokka:EFM745_01931 (length 138)
/home/dich3309/rnaseq-tnseq-enterococcus-analysis/analyses/04_annotation/structural/prokka/efaecium_e745:Prokka:EFM745_01932 (length 112)
/home/dich3309/rnaseq-tnseq-enterococcus-analysis/analyses/04_annotation/structural/prokka/efaecium_e745:Prokka:EFM745_01933 (length 472)
/home/dich3309/rnaseq-tnseq-enterococcus-analysis/analyses/04_annotation/structural/prokka/efaecium_e745:Prokka:EFM745_01934 (length 192)
/home/dich3309/rnaseq-tnseq-enterococcus-analysis/analyses/04_annotation/structural/prokka/efaecium_e745:Prokka:EFM745_01935 (length 173)
/home/dich3309/rnaseq-tnseq-enterococcus-analysis/analyses/04_annotation/structural/prokka/efaecium_e745:Prokka:EFM745_01936 (length 184)
/home/dich3309/rnaseq-tnseq-enterococcus-analysis/analyses/04_annotation/structural/prokka/efaecium_e745:Prokka:EFM745_01937 (length 91)
/home/dich3309/rnaseq-tnseq-enterococcus-analysis/analyses/04_annotation/structural/prokka/efaecium_e745:Prokka:EFM745_01938 (length 83)
/home/dich3309/rnaseq-tnseq-enterococcus-analysis/analyses/04_annotation/structural/prokka/efaecium_e745:Prokka:EFM745_01939 (length 263)
/home/dich3309/rnaseq-tnseq-enterococcus-analysis/analyses/04_annotation/structural/prokka/efaecium_e745:Prokka:EFM745_01940 (length 173)
/home/dich3309/rnaseq-tnseq-enterococcus-analysis/analyses/04_annotation/structural/prokka/efaecium_e745:Prokka:EFM745_01941 (length 253)
/home/dich3309/rnaseq-tnseq-enterococcus-analysis/analyses/04_annotation/structural/prokka/efaecium_e745:Prokka:EFM745_01943 (length 115)
/home/dich3309/rnaseq-tnseq-enterococcus-analysis/analyses/04_annotation/structural/prokka/efaecium_e745:Prokka:EFM745_01944 (length 220)
/home/dich3309/rnaseq-tnseq-enterococcus-analysis/analyses/04_annotation/structural/prokka/efaecium_e745:Prokka:EFM745_01945 (length 1075)
/home/dich3309/rnaseq-tnseq-enterococcus-analysis/analyses/04_annotation/structural/prokka/efaecium_e745:Prokka:EFM745_01946 (length 104)
/home/dich3309/rnaseq-tnseq-enterococcus-analysis/analyses/04_annotation/structural/prokka/efaecium_e745:Prokka:EFM745_01947 (length 124)
/home/dich3309/rnaseq-tnseq-enterococcus-analysis/analyses/04_annotation/structural/prokka/efaecium_e745:Prokka:EFM745_01948 (length 114)
/home/dich3309/rnaseq-tnseq-enterococcus-analysis/analyses/04_annotation/structural/prokka/efaecium_e745:Prokka:EFM745_01949 (length 381)
/home/dich3309/rnaseq-tnseq-enterococcus-analysis/analyses/04_annotation/structural/prokka/efaecium_e745:Prokka:EFM745_01951 (length 619)
/home/dich3309/rnaseq-tnseq-enterococcus-analysis/analyses/04_annotation/structural/prokka/efaecium_e745:Prokka:EFM745_01953 (length 83)
/home/dich3309/rnaseq-tnseq-enterococcus-analysis/analyses/04_annotation/structural/prokka/efaecium_e745:Prokka:EFM745_01954 (length 380)
/home/dich3309/rnaseq-tnseq-enterococcus-analysis/analyses/04_annotation/structural/prokka/efaecium_e745:Prokka:EFM745_01955 (length 84)
/home/dich3309/rnaseq-tnseq-enterococcus-analysis/analyses/04_annotation/structural/prokka/efaecium_e745:Prokka:EFM745_01956 (length 394)
/home/dich3309/rnaseq-tnseq-enterococcus-analysis/analyses/04_annotation/structural/prokka/efaecium_e745:Prokka:EFM745_01957 (length 45)
/home/dich3309/rnaseq-tnseq-enterococcus-analysis/analyses/04_annotation/structural/prokka/efaecium_e745:Prokka:EFM745_01959 (length 636)
/home/dich3309/rnaseq-tnseq-enterococcus-analysis/analyses/04_annotation/structural/prokka/efaecium_e745:Prokka:EFM745_01961 (length 166)
/home/dich3309/rnaseq-tnseq-enterococcus-analysis/analyses/04_annotation/structural/prokka/efaecium_e745:Prokka:EFM745_01962 (length 615)
/home/dich3309/rnaseq-tnseq-enterococcus-analysis/analyses/04_annotation/structural/prokka/efaecium_e745:Prokka:EFM745_01963 (length 298)
/home/dich3309/rnaseq-tnseq-enterococcus-analysis/analyses/04_annotation/structural/prokka/efaecium_e745:Prokka:EFM745_01964 (length 129)
/home/dich3309/rnaseq-tnseq-enterococcus-analysis/analyses/04_annotation/structural/prokka/efaecium_e745:Prokka:EFM745_01965 (length 781)
/home/dich3309/rnaseq-tnseq-enterococcus-analysis/analyses/04_annotation/structural/prokka/efaecium_e745:Prokka:EFM745_01966 (length 395)
/home/dich3309/rnaseq-tnseq-enterococcus-analysis/analyses/04_annotation/structural/prokka/efaecium_e745:Prokka:EFM745_01967 (length 709)
/home/dich3309/rnaseq-tnseq-enterococcus-analysis/analyses/04_annotation/structural/prokka/efaecium_e745:Prokka:EFM745_01968 (length 335)
/home/dich3309/rnaseq-tnseq-enterococcus-analysis/analyses/04_annotation/structural/prokka/efaecium_e745:Prokka:EFM745_01969 (length 303)
/home/dich3309/rnaseq-tnseq-enterococcus-analysis/analyses/04_annotation/structural/prokka/efaecium_e745:Prokka:EFM745_01970 (length 242)
/home/dich3309/rnaseq-tnseq-enterococcus-analysis/analyses/04_annotation/structural/prokka/efaecium_e745:Prokka:EFM745_01971 (length 472)
/home/dich3309/rnaseq-tnseq-enterococcus-analysis/analyses/04_annotation/structural/prokka/efaecium_e745:Prokka:EFM745_01972 (length 373)
/home/dich3309/rnaseq-tnseq-enterococcus-analysis/analyses/04_annotation/structural/prokka/efaecium_e745:Prokka:EFM745_01973 (length 317)
/home/dich3309/rnaseq-tnseq-enterococcus-analysis/analyses/04_annotation/structural/prokka/efaecium_e745:Prokka:EFM745_01974 (length 159)
/home/dich3309/rnaseq-tnseq-enterococcus-analysis/analyses/04_annotation/structural/prokka/efaecium_e745:Prokka:EFM745_01975 (length 96)
/home/dich3309/rnaseq-tnseq-enterococcus-analysis/analyses/04_annotation/structural/prokka/efaecium_e745:Prokka:EFM745_01976 (length 278)
/home/dich3309/rnaseq-tnseq-enterococcus-analysis/analyses/04_annotation/structural/prokka/efaecium_e745:Prokka:EFM745_01977 (length 326)
/home/dich3309/rnaseq-tnseq-enterococcus-analysis/analyses/04_annotation/structural/prokka/efaecium_e745:Prokka:EFM745_01978 (length 472)
/home/dich3309/rnaseq-tnseq-enterococcus-analysis/analyses/04_annotation/structural/prokka/efaecium_e745:Prokka:EFM745_01979 (length 489)
/home/dich3309/rnaseq-tnseq-enterococcus-analysis/analyses/04_annotation/structural/prokka/efaecium_e745:Prokka:EFM745_01980 (length 155)
/home/dich3309/rnaseq-tnseq-enterococcus-analysis/analyses/04_annotation/structural/prokka/efaecium_e745:Prokka:EFM745_01981 (length 290)
/home/dich3309/rnaseq-tnseq-enterococcus-analysis/analyses/04_annotation/structural/prokka/efaecium_e745:Prokka:EFM745_01982 (length 844)
/home/dich3309/rnaseq-tnseq-enterococcus-analysis/analyses/04_annotation/structural/prokka/efaecium_e745:Prokka:EFM745_01983 (length 257)
/home/dich3309/rnaseq-tnseq-enterococcus-analysis/analyses/04_annotation/structural/prokka/efaecium_e745:Prokka:EFM745_01984 (length 263)
/home/dich3309/rnaseq-tnseq-enterococcus-analysis/analyses/04_annotation/structural/prokka/efaecium_e745:Prokka:EFM745_01985 (length 163)
/home/dich3309/rnaseq-tnseq-enterococcus-analysis/analyses/04_annotation/structural/prokka/efaecium_e745:Prokka:EFM745_01986 (length 136)
/home/dich3309/rnaseq-tnseq-enterococcus-analysis/analyses/04_annotation/structural/prokka/efaecium_e745:Prokka:EFM745_01987 (length 466)
/home/dich3309/rnaseq-tnseq-enterococcus-analysis/analyses/04_annotation/structural/prokka/efaecium_e745:Prokka:EFM745_01988 (length 124)
/home/dich3309/rnaseq-tnseq-enterococcus-analysis/analyses/04_annotation/structural/prokka/efaecium_e745:Prokka:EFM745_01989 (length 64)
/home/dich3309/rnaseq-tnseq-enterococcus-analysis/analyses/04_annotation/structural/prokka/efaecium_e745:Prokka:EFM745_01990 (length 117)
/home/dich3309/rnaseq-tnseq-enterococcus-analysis/analyses/04_annotation/structural/prokka/efaecium_e745:Prokka:EFM745_01991 (length 515)
/home/dich3309/rnaseq-tnseq-enterococcus-analysis/analyses/04_annotation/structural/prokka/efaecium_e745:Prokka:EFM745_01992 (length 142)
/home/dich3309/rnaseq-tnseq-enterococcus-analysis/analyses/04_annotation/structural/prokka/efaecium_e745:Prokka:EFM745_01993 (length 83)
/home/dich3309/rnaseq-tnseq-enterococcus-analysis/analyses/04_annotation/structural/prokka/efaecium_e745:Prokka:EFM745_01995 (length 71)
/home/dich3309/rnaseq-tnseq-enterococcus-analysis/analyses/04_annotation/structural/prokka/efaecium_e745:Prokka:EFM745_01996 (length 102)
/home/dich3309/rnaseq-tnseq-enterococcus-analysis/analyses/04_annotation/structural/prokka/efaecium_e745:Prokka:EFM745_01997 (length 392)
/home/dich3309/rnaseq-tnseq-enterococcus-analysis/analyses/04_annotation/structural/prokka/efaecium_e745:Prokka:EFM745_01998 (length 97)
/home/dich3309/rnaseq-tnseq-enterococcus-analysis/analyses/04_annotation/structural/prokka/efaecium_e745:Prokka:EFM745_01999 (length 773)
/home/dich3309/rnaseq-tnseq-enterococcus-analysis/analyses/04_annotation/structural/prokka/efaecium_e745:Prokka:EFM745_02000 (length 152)
/home/dich3309/rnaseq-tnseq-enterococcus-analysis/analyses/04_annotation/structural/prokka/efaecium_e745:Prokka:EFM745_02001 (length 337)
/home/dich3309/rnaseq-tnseq-enterococcus-analysis/analyses/04_annotation/structural/prokka/efaecium_e745:Prokka:EFM745_02002 (length 148)
/home/dich3309/rnaseq-tnseq-enterococcus-analysis/analyses/04_annotation/structural/prokka/efaecium_e745:Prokka:EFM745_02003 (length 271)
/home/dich3309/rnaseq-tnseq-enterococcus-analysis/analyses/04_annotation/structural/prokka/efaecium_e745:Prokka:EFM745_02004 (length 390)
/home/dich3309/rnaseq-tnseq-enterococcus-analysis/analyses/04_annotation/structural/prokka/efaecium_e745:Prokka:EFM745_02005 (length 65)
/home/dich3309/rnaseq-tnseq-enterococcus-analysis/analyses/04_annotation/structural/prokka/efaecium_e745:Prokka:EFM745_02006 (length 164)
/home/dich3309/rnaseq-tnseq-enterococcus-analysis/analyses/04_annotation/structural/prokka/efaecium_e745:Prokka:EFM745_02007 (length 140)
/home/dich3309/rnaseq-tnseq-enterococcus-analysis/analyses/04_annotation/structural/prokka/efaecium_e745:Prokka:EFM745_02008 (length 397)
/home/dich3309/rnaseq-tnseq-enterococcus-analysis/analyses/04_annotation/structural/prokka/efaecium_e745:Prokka:EFM745_02009 (length 125)
/home/dich3309/rnaseq-tnseq-enterococcus-analysis/analyses/04_annotation/structural/prokka/efaecium_e745:Prokka:EFM745_02010 (length 101)
/home/dich3309/rnaseq-tnseq-enterococcus-analysis/analyses/04_annotation/structural/prokka/efaecium_e745:Prokka:EFM745_02011 (length 147)
/home/dich3309/rnaseq-tnseq-enterococcus-analysis/analyses/04_annotation/structural/prokka/efaecium_e745:Prokka:EFM745_02012 (length 431)
/home/dich3309/rnaseq-tnseq-enterococcus-analysis/analyses/04_annotation/structural/prokka/efaecium_e745:Prokka:EFM745_02013 (length 271)
/home/dich3309/rnaseq-tnseq-enterococcus-analysis/analyses/04_annotation/structural/prokka/efaecium_e745:Prokka:EFM745_02014 (length 71)
/home/dich3309/rnaseq-tnseq-enterococcus-analysis/analyses/04_annotation/structural/prokka/efaecium_e745:Prokka:EFM745_02015 (length 392)
/home/dich3309/rnaseq-tnseq-enterococcus-analysis/analyses/04_annotation/structural/prokka/efaecium_e745:Prokka:EFM745_02016 (length 554)
/home/dich3309/rnaseq-tnseq-enterococcus-analysis/analyses/04_annotation/structural/prokka/efaecium_e745:Prokka:EFM745_02017 (length 236)
/home/dich3309/rnaseq-tnseq-enterococcus-analysis/analyses/04_annotation/structural/prokka/efaecium_e745:Prokka:EFM745_02018 (length 165)
/home/dich3309/rnaseq-tnseq-enterococcus-analysis/analyses/04_annotation/structural/prokka/efaecium_e745:Prokka:EFM745_02019 (length 86)
/home/dich3309/rnaseq-tnseq-enterococcus-analysis/analyses/04_annotation/structural/prokka/efaecium_e745:Prokka:EFM745_02020 (length 79)
/home/dich3309/rnaseq-tnseq-enterococcus-analysis/analyses/04_annotation/structural/prokka/efaecium_e745:Prokka:EFM745_02021 (length 392)
/home/dich3309/rnaseq-tnseq-enterococcus-analysis/analyses/04_annotation/structural/prokka/efaecium_e745:Prokka:EFM745_02023 (length 392)
/home/dich3309/rnaseq-tnseq-enterococcus-analysis/analyses/04_annotation/structural/prokka/efaecium_e745:Prokka:EFM745_02024 (length 100)
/home/dich3309/rnaseq-tnseq-enterococcus-analysis/analyses/04_annotation/structural/prokka/efaecium_e745:Prokka:EFM745_02026 (length 257)
/home/dich3309/rnaseq-tnseq-enterococcus-analysis/analyses/04_annotation/structural/prokka/efaecium_e745:Prokka:EFM745_02027 (length 116)
/home/dich3309/rnaseq-tnseq-enterococcus-analysis/analyses/04_annotation/structural/prokka/efaecium_e745:Prokka:EFM745_02028 (length 238)
/home/dich3309/rnaseq-tnseq-enterococcus-analysis/analyses/04_annotation/structural/prokka/efaecium_e745:Prokka:EFM745_02029 (length 482)
/home/dich3309/rnaseq-tnseq-enterococcus-analysis/analyses/04_annotation/structural/prokka/efaecium_e745:Prokka:EFM745_02030 (length 169)
/home/dich3309/rnaseq-tnseq-enterococcus-analysis/analyses/04_annotation/structural/prokka/efaecium_e745:Prokka:EFM745_02031 (length 241)
/home/dich3309/rnaseq-tnseq-enterococcus-analysis/analyses/04_annotation/structural/prokka/efaecium_e745:Prokka:EFM745_02032 (length 706)
/home/dich3309/rnaseq-tnseq-enterococcus-analysis/analyses/04_annotation/structural/prokka/efaecium_e745:Prokka:EFM745_02033 (length 392)
/home/dich3309/rnaseq-tnseq-enterococcus-analysis/analyses/04_annotation/structural/prokka/efaecium_e745:Prokka:EFM745_02034 (length 252)
/home/dich3309/rnaseq-tnseq-enterococcus-analysis/analyses/04_annotation/structural/prokka/efaecium_e745:Prokka:EFM745_02035 (length 161)
/home/dich3309/rnaseq-tnseq-enterococcus-analysis/analyses/04_annotation/structural/prokka/efaecium_e745:Prokka:EFM745_02036 (length 417)
/home/dich3309/rnaseq-tnseq-enterococcus-analysis/analyses/04_annotation/structural/prokka/efaecium_e745:Prokka:EFM745_02037 (length 449)
/home/dich3309/rnaseq-tnseq-enterococcus-analysis/analyses/04_annotation/structural/prokka/efaecium_e745:Prokka:EFM745_02038 (length 448)
/home/dich3309/rnaseq-tnseq-enterococcus-analysis/analyses/04_annotation/structural/prokka/efaecium_e745:Prokka:EFM745_02039 (length 431)
/home/dich3309/rnaseq-tnseq-enterococcus-analysis/analyses/04_annotation/structural/prokka/efaecium_e745:Prokka:EFM745_02040 (length 128)
/home/dich3309/rnaseq-tnseq-enterococcus-analysis/analyses/04_annotation/structural/prokka/efaecium_e745:Prokka:EFM745_02041 (length 481)
/home/dich3309/rnaseq-tnseq-enterococcus-analysis/analyses/04_annotation/structural/prokka/efaecium_e745:Prokka:EFM745_02042 (length 260)
/home/dich3309/rnaseq-tnseq-enterococcus-analysis/analyses/04_annotation/structural/prokka/efaecium_e745:Prokka:EFM745_02043 (length 319)
/home/dich3309/rnaseq-tnseq-enterococcus-analysis/analyses/04_annotation/structural/prokka/efaecium_e745:Prokka:EFM745_02044 (length 49)
/home/dich3309/rnaseq-tnseq-enterococcus-analysis/analyses/04_annotation/structural/prokka/efaecium_e745:Prokka:EFM745_02045 (length 70)
/home/dich3309/rnaseq-tnseq-enterococcus-analysis/analyses/04_annotation/structural/prokka/efaecium_e745:Prokka:EFM745_02046 (length 36)
/home/dich3309/rnaseq-tnseq-enterococcus-analysis/analyses/04_annotation/structural/prokka/efaecium_e745:Prokka:EFM745_02047 (length 599)
/home/dich3309/rnaseq-tnseq-enterococcus-analysis/analyses/04_annotation/structural/prokka/efaecium_e745:Prokka:EFM745_02048 (length 198)
/home/dich3309/rnaseq-tnseq-enterococcus-analysis/analyses/04_annotation/structural/prokka/efaecium_e745:Prokka:EFM745_02049 (length 317)
/home/dich3309/rnaseq-tnseq-enterococcus-analysis/analyses/04_annotation/structural/prokka/efaecium_e745:Prokka:EFM745_02050 (length 114)
/home/dich3309/rnaseq-tnseq-enterococcus-analysis/analyses/04_annotation/structural/prokka/efaecium_e745:Prokka:EFM745_02051 (length 139)
/home/dich3309/rnaseq-tnseq-enterococcus-analysis/analyses/04_annotation/structural/prokka/efaecium_e745:Prokka:EFM745_02052 (length 116)
/home/dich3309/rnaseq-tnseq-enterococcus-analysis/analyses/04_annotation/structural/prokka/efaecium_e745:Prokka:EFM745_02053 (length 443)
/home/dich3309/rnaseq-tnseq-enterococcus-analysis/analyses/04_annotation/structural/prokka/efaecium_e745:Prokka:EFM745_02054 (length 188)
/home/dich3309/rnaseq-tnseq-enterococcus-analysis/analyses/04_annotation/structural/prokka/efaecium_e745:Prokka:EFM745_02056 (length 401)
/home/dich3309/rnaseq-tnseq-enterococcus-analysis/analyses/04_annotation/structural/prokka/efaecium_e745:Prokka:EFM745_02057 (length 146)
/home/dich3309/rnaseq-tnseq-enterococcus-analysis/analyses/04_annotation/structural/prokka/efaecium_e745:Prokka:EFM745_02058 (length 217)
/home/dich3309/rnaseq-tnseq-enterococcus-analysis/analyses/04_annotation/structural/prokka/efaecium_e745:Prokka:EFM745_02059 (length 140)
/home/dich3309/rnaseq-tnseq-enterococcus-analysis/analyses/04_annotation/structural/prokka/efaecium_e745:Prokka:EFM745_02060 (length 124)
/home/dich3309/rnaseq-tnseq-enterococcus-analysis/analyses/04_annotation/structural/prokka/efaecium_e745:Prokka:EFM745_02061 (length 60)
/home/dich3309/rnaseq-tnseq-enterococcus-analysis/analyses/04_annotation/structural/prokka/efaecium_e745:Prokka:EFM745_02062 (length 106)
/home/dich3309/rnaseq-tnseq-enterococcus-analysis/analyses/04_annotation/structural/prokka/efaecium_e745:Prokka:EFM745_02063 (length 56)
/home/dich3309/rnaseq-tnseq-enterococcus-analysis/analyses/04_annotation/structural/prokka/efaecium_e745:Prokka:EFM745_02064 (length 50)
/home/dich3309/rnaseq-tnseq-enterococcus-analysis/analyses/04_annotation/structural/prokka/efaecium_e745:Prokka:EFM745_02065 (length 160)
/home/dich3309/rnaseq-tnseq-enterococcus-analysis/analyses/04_annotation/structural/prokka/efaecium_e745:Prokka:EFM745_02066 (length 232)
/home/dich3309/rnaseq-tnseq-enterococcus-analysis/analyses/04_annotation/structural/prokka/efaecium_e745:Prokka:EFM745_02067 (length 113)
/home/dich3309/rnaseq-tnseq-enterococcus-analysis/analyses/04_annotation/structural/prokka/efaecium_e745:Prokka:EFM745_02068 (length 223)
/home/dich3309/rnaseq-tnseq-enterococcus-analysis/analyses/04_annotation/structural/prokka/efaecium_e745:Prokka:EFM745_02069 (length 228)
/home/dich3309/rnaseq-tnseq-enterococcus-analysis/analyses/04_annotation/structural/prokka/efaecium_e745:Prokka:EFM745_02070 (length 249)
/home/dich3309/rnaseq-tnseq-enterococcus-analysis/analyses/04_annotation/structural/prokka/efaecium_e745:Prokka:EFM745_02071 (length 89)
/home/dich3309/rnaseq-tnseq-enterococcus-analysis/analyses/04_annotation/structural/prokka/efaecium_e745:Prokka:EFM745_02072 (length 54)
/home/dich3309/rnaseq-tnseq-enterococcus-analysis/analyses/04_annotation/structural/prokka/efaecium_e745:Prokka:EFM745_02073 (length 101)
/home/dich3309/rnaseq-tnseq-enterococcus-analysis/analyses/04_annotation/structural/prokka/efaecium_e745:Prokka:EFM745_02074 (length 96)
/home/dich3309/rnaseq-tnseq-enterococcus-analysis/analyses/04_annotation/structural/prokka/efaecium_e745:Prokka:EFM745_02075 (length 118)
/home/dich3309/rnaseq-tnseq-enterococcus-analysis/analyses/04_annotation/structural/prokka/efaecium_e745:Prokka:EFM745_02076 (length 81)
/home/dich3309/rnaseq-tnseq-enterococcus-analysis/analyses/04_annotation/structural/prokka/efaecium_e745:Prokka:EFM745_02077 (length 139)
/home/dich3309/rnaseq-tnseq-enterococcus-analysis/analyses/04_annotation/structural/prokka/efaecium_e745:Prokka:EFM745_02078 (length 188)
/home/dich3309/rnaseq-tnseq-enterococcus-analysis/analyses/04_annotation/structural/prokka/efaecium_e745:Prokka:EFM745_02079 (length 44)
/home/dich3309/rnaseq-tnseq-enterococcus-analysis/analyses/04_annotation/structural/prokka/efaecium_e745:Prokka:EFM745_02080 (length 229)
/home/dich3309/rnaseq-tnseq-enterococcus-analysis/analyses/04_annotation/structural/prokka/efaecium_e745:Prokka:EFM745_02081 (length 158)
/home/dich3309/rnaseq-tnseq-enterococcus-analysis/analyses/04_annotation/structural/prokka/efaecium_e745:Prokka:EFM745_02082 (length 98)
/home/dich3309/rnaseq-tnseq-enterococcus-analysis/analyses/04_annotation/structural/prokka/efaecium_e745:Prokka:EFM745_02083 (length 128)
/home/dich3309/rnaseq-tnseq-enterococcus-analysis/analyses/04_annotation/structural/prokka/efaecium_e745:Prokka:EFM745_02084 (length 128)
/home/dich3309/rnaseq-tnseq-enterococcus-analysis/analyses/04_annotation/structural/prokka/efaecium_e745:Prokka:EFM745_02085 (length 126)
/home/dich3309/rnaseq-tnseq-enterococcus-analysis/analyses/04_annotation/structural/prokka/efaecium_e745:Prokka:EFM745_02086 (length 150)
/home/dich3309/rnaseq-tnseq-enterococcus-analysis/analyses/04_annotation/structural/prokka/efaecium_e745:Prokka:EFM745_02087 (length 575)
/home/dich3309/rnaseq-tnseq-enterococcus-analysis/analyses/04_annotation/structural/prokka/efaecium_e745:Prokka:EFM745_02088 (length 409)
/home/dich3309/rnaseq-tnseq-enterococcus-analysis/analyses/04_annotation/structural/prokka/efaecium_e745:Prokka:EFM745_02089 (length 189)
/home/dich3309/rnaseq-tnseq-enterococcus-analysis/analyses/04_annotation/structural/prokka/efaecium_e745:Prokka:EFM745_02090 (length 453)
/home/dich3309/rnaseq-tnseq-enterococcus-analysis/analyses/04_annotation/structural/prokka/efaecium_e745:Prokka:EFM745_02091 (length 92)
/home/dich3309/rnaseq-tnseq-enterococcus-analysis/analyses/04_annotation/structural/prokka/efaecium_e745:Prokka:EFM745_02092 (length 108)
/home/dich3309/rnaseq-tnseq-enterococcus-analysis/analyses/04_annotation/structural/prokka/efaecium_e745:Prokka:EFM745_02093 (length 112)
/home/dich3309/rnaseq-tnseq-enterococcus-analysis/analyses/04_annotation/structural/prokka/efaecium_e745:Prokka:EFM745_02094 (length 121)
/home/dich3309/rnaseq-tnseq-enterococcus-analysis/analyses/04_annotation/structural/prokka/efaecium_e745:Prokka:EFM745_02095 (length 208)
/home/dich3309/rnaseq-tnseq-enterococcus-analysis/analyses/04_annotation/structural/prokka/efaecium_e745:Prokka:EFM745_02096 (length 154)
/home/dich3309/rnaseq-tnseq-enterococcus-analysis/analyses/04_annotation/structural/prokka/efaecium_e745:Prokka:EFM745_02097 (length 769)
/home/dich3309/rnaseq-tnseq-enterococcus-analysis/analyses/04_annotation/structural/prokka/efaecium_e745:Prokka:EFM745_02098 (length 239)
/home/dich3309/rnaseq-tnseq-enterococcus-analysis/analyses/04_annotation/structural/prokka/efaecium_e745:Prokka:EFM745_02099 (length 901)
/home/dich3309/rnaseq-tnseq-enterococcus-analysis/analyses/04_annotation/structural/prokka/efaecium_e745:Prokka:EFM745_02100 (length 572)
/home/dich3309/rnaseq-tnseq-enterococcus-analysis/analyses/04_annotation/structural/prokka/efaecium_e745:Prokka:EFM745_02101 (length 260)
/home/dich3309/rnaseq-tnseq-enterococcus-analysis/analyses/04_annotation/structural/prokka/efaecium_e745:Prokka:EFM745_02102 (length 688)
/home/dich3309/rnaseq-tnseq-enterococcus-analysis/analyses/04_annotation/structural/prokka/efaecium_e745:Prokka:EFM745_02103 (length 148)
/home/dich3309/rnaseq-tnseq-enterococcus-analysis/analyses/04_annotation/structural/prokka/efaecium_e745:Prokka:EFM745_02104 (length 45)
/home/dich3309/rnaseq-tnseq-enterococcus-analysis/analyses/04_annotation/structural/prokka/efaecium_e745:Prokka:EFM745_02105 (length 97)
/home/dich3309/rnaseq-tnseq-enterococcus-analysis/analyses/04_annotation/structural/prokka/efaecium_e745:Prokka:EFM745_02106 (length 65)
/home/dich3309/rnaseq-tnseq-enterococcus-analysis/analyses/04_annotation/structural/prokka/efaecium_e745:Prokka:EFM745_02107 (length 339)
/home/dich3309/rnaseq-tnseq-enterococcus-analysis/analyses/04_annotation/structural/prokka/efaecium_e745:Prokka:EFM745_02108 (length 268)
/home/dich3309/rnaseq-tnseq-enterococcus-analysis/analyses/04_annotation/structural/prokka/efaecium_e745:Prokka:EFM745_02109 (length 178)
/home/dich3309/rnaseq-tnseq-enterococcus-analysis/analyses/04_annotation/structural/prokka/efaecium_e745:Prokka:EFM745_02110 (length 193)
/home/dich3309/rnaseq-tnseq-enterococcus-analysis/analyses/04_annotation/structural/prokka/efaecium_e745:Prokka:EFM745_02111 (length 392)
/home/dich3309/rnaseq-tnseq-enterococcus-analysis/analyses/04_annotation/structural/prokka/efaecium_e745:Prokka:EFM745_02112 (length 113)
/home/dich3309/rnaseq-tnseq-enterococcus-analysis/analyses/04_annotation/structural/prokka/efaecium_e745:Prokka:EFM745_02113 (length 481)
/home/dich3309/rnaseq-tnseq-enterococcus-analysis/analyses/04_annotation/structural/prokka/efaecium_e745:Prokka:EFM745_02114 (length 631)
/home/dich3309/rnaseq-tnseq-enterococcus-analysis/analyses/04_annotation/structural/prokka/efaecium_e745:Prokka:EFM745_02115 (length 148)
/home/dich3309/rnaseq-tnseq-enterococcus-analysis/analyses/04_annotation/structural/prokka/efaecium_e745:Prokka:EFM745_02116 (length 49)
/home/dich3309/rnaseq-tnseq-enterococcus-analysis/analyses/04_annotation/structural/prokka/efaecium_e745:Prokka:EFM745_02117 (length 172)
/home/dich3309/rnaseq-tnseq-enterococcus-analysis/analyses/04_annotation/structural/prokka/efaecium_e745:Prokka:EFM745_02118 (length 318)
/home/dich3309/rnaseq-tnseq-enterococcus-analysis/analyses/04_annotation/structural/prokka/efaecium_e745:Prokka:EFM745_02119 (length 268)
/home/dich3309/rnaseq-tnseq-enterococcus-analysis/analyses/04_annotation/structural/prokka/efaecium_e745:Prokka:EFM745_02120 (length 329)
/home/dich3309/rnaseq-tnseq-enterococcus-analysis/analyses/04_annotation/structural/prokka/efaecium_e745:Prokka:EFM745_02121 (length 334)
/home/dich3309/rnaseq-tnseq-enterococcus-analysis/analyses/04_annotation/structural/prokka/efaecium_e745:Prokka:EFM745_02122 (length 180)
/home/dich3309/rnaseq-tnseq-enterococcus-analysis/analyses/04_annotation/structural/prokka/efaecium_e745:Prokka:EFM745_02123 (length 232)
/home/dich3309/rnaseq-tnseq-enterococcus-analysis/analyses/04_annotation/structural/prokka/efaecium_e745:Prokka:EFM745_02124 (length 70)
/home/dich3309/rnaseq-tnseq-enterococcus-analysis/analyses/04_annotation/structural/prokka/efaecium_e745:Prokka:EFM745_02125 (length 320)
/home/dich3309/rnaseq-tnseq-enterococcus-analysis/analyses/04_annotation/structural/prokka/efaecium_e745:Prokka:EFM745_02126 (length 131)
/home/dich3309/rnaseq-tnseq-enterococcus-analysis/analyses/04_annotation/structural/prokka/efaecium_e745:Prokka:EFM745_02127 (length 121)
/home/dich3309/rnaseq-tnseq-enterococcus-analysis/analyses/04_annotation/structural/prokka/efaecium_e745:Prokka:EFM745_02128 (length 603)
/home/dich3309/rnaseq-tnseq-enterococcus-analysis/analyses/04_annotation/structural/prokka/efaecium_e745:Prokka:EFM745_02129 (length 55)
/home/dich3309/rnaseq-tnseq-enterococcus-analysis/analyses/04_annotation/structural/prokka/efaecium_e745:Prokka:EFM745_02130 (length 329)
/home/dich3309/rnaseq-tnseq-enterococcus-analysis/analyses/04_annotation/structural/prokka/efaecium_e745:Prokka:EFM745_02131 (length 494)
/home/dich3309/rnaseq-tnseq-enterococcus-analysis/analyses/04_annotation/structural/prokka/efaecium_e745:Prokka:EFM745_02132 (length 326)
/home/dich3309/rnaseq-tnseq-enterococcus-analysis/analyses/04_annotation/structural/prokka/efaecium_e745:Prokka:EFM745_02133 (length 274)
/home/dich3309/rnaseq-tnseq-enterococcus-analysis/analyses/04_annotation/structural/prokka/efaecium_e745:Prokka:EFM745_02134 (length 180)
/home/dich3309/rnaseq-tnseq-enterococcus-analysis/analyses/04_annotation/structural/prokka/efaecium_e745:Prokka:EFM745_02135 (length 154)
/home/dich3309/rnaseq-tnseq-enterococcus-analysis/analyses/04_annotation/structural/prokka/efaecium_e745:Prokka:EFM745_02136 (length 338)
/home/dich3309/rnaseq-tnseq-enterococcus-analysis/analyses/04_annotation/structural/prokka/efaecium_e745:Prokka:EFM745_02137 (length 233)
/home/dich3309/rnaseq-tnseq-enterococcus-analysis/analyses/04_annotation/structural/prokka/efaecium_e745:Prokka:EFM745_02138 (length 409)
/home/dich3309/rnaseq-tnseq-enterococcus-analysis/analyses/04_annotation/structural/prokka/efaecium_e745:Prokka:EFM745_02139 (length 339)
/home/dich3309/rnaseq-tnseq-enterococcus-analysis/analyses/04_annotation/structural/prokka/efaecium_e745:Prokka:EFM745_02140 (length 315)
/home/dich3309/rnaseq-tnseq-enterococcus-analysis/analyses/04_annotation/structural/prokka/efaecium_e745:Prokka:EFM745_02141 (length 563)
/home/dich3309/rnaseq-tnseq-enterococcus-analysis/analyses/04_annotation/structural/prokka/efaecium_e745:Prokka:EFM745_02142 (length 181)
/home/dich3309/rnaseq-tnseq-enterococcus-analysis/analyses/04_annotation/structural/prokka/efaecium_e745:Prokka:EFM745_02143 (length 42)
/home/dich3309/rnaseq-tnseq-enterococcus-analysis/analyses/04_annotation/structural/prokka/efaecium_e745:Prokka:EFM745_02144 (length 363)
/home/dich3309/rnaseq-tnseq-enterococcus-analysis/analyses/04_annotation/structural/prokka/efaecium_e745:Prokka:EFM745_02145 (length 159)
/home/dich3309/rnaseq-tnseq-enterococcus-analysis/analyses/04_annotation/structural/prokka/efaecium_e745:Prokka:EFM745_02146 (length 260)
/home/dich3309/rnaseq-tnseq-enterococcus-analysis/analyses/04_annotation/structural/prokka/efaecium_e745:Prokka:EFM745_02147 (length 293)
/home/dich3309/rnaseq-tnseq-enterococcus-analysis/analyses/04_annotation/structural/prokka/efaecium_e745:Prokka:EFM745_02148 (length 240)
/home/dich3309/rnaseq-tnseq-enterococcus-analysis/analyses/04_annotation/structural/prokka/efaecium_e745:Prokka:EFM745_02149 (length 185)
/home/dich3309/rnaseq-tnseq-enterococcus-analysis/analyses/04_annotation/structural/prokka/efaecium_e745:Prokka:EFM745_02150 (length 270)
/home/dich3309/rnaseq-tnseq-enterococcus-analysis/analyses/04_annotation/structural/prokka/efaecium_e745:Prokka:EFM745_02151 (length 266)
/home/dich3309/rnaseq-tnseq-enterococcus-analysis/analyses/04_annotation/structural/prokka/efaecium_e745:Prokka:EFM745_02152 (length 422)
/home/dich3309/rnaseq-tnseq-enterococcus-analysis/analyses/04_annotation/structural/prokka/efaecium_e745:Prokka:EFM745_02153 (length 569)
/home/dich3309/rnaseq-tnseq-enterococcus-analysis/analyses/04_annotation/structural/prokka/efaecium_e745:Prokka:EFM745_02154 (length 1452)
/home/dich3309/rnaseq-tnseq-enterococcus-analysis/analyses/04_annotation/structural/prokka/efaecium_e745:Prokka:EFM745_02155 (length 157)
/home/dich3309/rnaseq-tnseq-enterococcus-analysis/analyses/04_annotation/structural/prokka/efaecium_e745:Prokka:EFM745_02156 (length 391)
/home/dich3309/rnaseq-tnseq-enterococcus-analysis/analyses/04_annotation/structural/prokka/efaecium_e745:Prokka:EFM745_02157 (length 97)
/home/dich3309/rnaseq-tnseq-enterococcus-analysis/analyses/04_annotation/structural/prokka/efaecium_e745:Prokka:EFM745_02158 (length 103)
/home/dich3309/rnaseq-tnseq-enterococcus-analysis/analyses/04_annotation/structural/prokka/efaecium_e745:Prokka:EFM745_02159 (length 768)
/home/dich3309/rnaseq-tnseq-enterococcus-analysis/analyses/04_annotation/structural/prokka/efaecium_e745:Prokka:EFM745_02160 (length 115)
/home/dich3309/rnaseq-tnseq-enterococcus-analysis/analyses/04_annotation/structural/prokka/efaecium_e745:Prokka:EFM745_02161 (length 155)
/home/dich3309/rnaseq-tnseq-enterococcus-analysis/analyses/04_annotation/structural/prokka/efaecium_e745:Prokka:EFM745_02162 (length 329)
/home/dich3309/rnaseq-tnseq-enterococcus-analysis/analyses/04_annotation/structural/prokka/efaecium_e745:Prokka:EFM745_02163 (length 294)
/home/dich3309/rnaseq-tnseq-enterococcus-analysis/analyses/04_annotation/structural/prokka/efaecium_e745:Prokka:EFM745_02164 (length 307)
/home/dich3309/rnaseq-tnseq-enterococcus-analysis/analyses/04_annotation/structural/prokka/efaecium_e745:Prokka:EFM745_02165 (length 313)
/home/dich3309/rnaseq-tnseq-enterococcus-analysis/analyses/04_annotation/structural/prokka/efaecium_e745:Prokka:EFM745_02166 (length 261)
/home/dich3309/rnaseq-tnseq-enterococcus-analysis/analyses/04_annotation/structural/prokka/efaecium_e745:Prokka:EFM745_02167 (length 283)
/home/dich3309/rnaseq-tnseq-enterococcus-analysis/analyses/04_annotation/structural/prokka/efaecium_e745:Prokka:EFM745_02168 (length 150)
/home/dich3309/rnaseq-tnseq-enterococcus-analysis/analyses/04_annotation/structural/prokka/efaecium_e745:Prokka:EFM745_02169 (length 122)
/home/dich3309/rnaseq-tnseq-enterococcus-analysis/analyses/04_annotation/structural/prokka/efaecium_e745:Prokka:EFM745_02170 (length 160)
/home/dich3309/rnaseq-tnseq-enterococcus-analysis/analyses/04_annotation/structural/prokka/efaecium_e745:Prokka:EFM745_02171 (length 336)
/home/dich3309/rnaseq-tnseq-enterococcus-analysis/analyses/04_annotation/structural/prokka/efaecium_e745:Prokka:EFM745_02172 (length 237)
/home/dich3309/rnaseq-tnseq-enterococcus-analysis/analyses/04_annotation/structural/prokka/efaecium_e745:Prokka:EFM745_02173 (length 196)
/home/dich3309/rnaseq-tnseq-enterococcus-analysis/analyses/04_annotation/structural/prokka/efaecium_e745:Prokka:EFM745_02174 (length 75)
/home/dich3309/rnaseq-tnseq-enterococcus-analysis/analyses/04_annotation/structural/prokka/efaecium_e745:Prokka:EFM745_02175 (length 388)
/home/dich3309/rnaseq-tnseq-enterococcus-analysis/analyses/04_annotation/structural/prokka/efaecium_e745:Prokka:EFM745_02176 (length 347)
/home/dich3309/rnaseq-tnseq-enterococcus-analysis/analyses/04_annotation/structural/prokka/efaecium_e745:Prokka:EFM745_02177 (length 187)
/home/dich3309/rnaseq-tnseq-enterococcus-analysis/analyses/04_annotation/structural/prokka/efaecium_e745:Prokka:EFM745_02178 (length 609)
/home/dich3309/rnaseq-tnseq-enterococcus-analysis/analyses/04_annotation/structural/prokka/efaecium_e745:Prokka:EFM745_02179 (length 388)
/home/dich3309/rnaseq-tnseq-enterococcus-analysis/analyses/04_annotation/structural/prokka/efaecium_e745:Prokka:EFM745_02180 (length 209)
/home/dich3309/rnaseq-tnseq-enterococcus-analysis/analyses/04_annotation/structural/prokka/efaecium_e745:Prokka:EFM745_02181 (length 245)
/home/dich3309/rnaseq-tnseq-enterococcus-analysis/analyses/04_annotation/structural/prokka/efaecium_e745:Prokka:EFM745_02182 (length 500)
/home/dich3309/rnaseq-tnseq-enterococcus-analysis/analyses/04_annotation/structural/prokka/efaecium_e745:Prokka:EFM745_02183 (length 664)
/home/dich3309/rnaseq-tnseq-enterococcus-analysis/analyses/04_annotation/structural/prokka/efaecium_e745:Prokka:EFM745_02184 (length 938)
/home/dich3309/rnaseq-tnseq-enterococcus-analysis/analyses/04_annotation/structural/prokka/efaecium_e745:Prokka:EFM745_02185 (length 421)
/home/dich3309/rnaseq-tnseq-enterococcus-analysis/analyses/04_annotation/structural/prokka/efaecium_e745:Prokka:EFM745_02186 (length 243)
/home/dich3309/rnaseq-tnseq-enterococcus-analysis/analyses/04_annotation/structural/prokka/efaecium_e745:Prokka:EFM745_02187 (length 294)
/home/dich3309/rnaseq-tnseq-enterococcus-analysis/analyses/04_annotation/structural/prokka/efaecium_e745:Prokka:EFM745_02188 (length 332)
/home/dich3309/rnaseq-tnseq-enterococcus-analysis/analyses/04_annotation/structural/prokka/efaecium_e745:Prokka:EFM745_02189 (length 311)
/home/dich3309/rnaseq-tnseq-enterococcus-analysis/analyses/04_annotation/structural/prokka/efaecium_e745:Prokka:EFM745_02190 (length 66)
/home/dich3309/rnaseq-tnseq-enterococcus-analysis/analyses/04_annotation/structural/prokka/efaecium_e745:Prokka:EFM745_02191 (length 208)
/home/dich3309/rnaseq-tnseq-enterococcus-analysis/analyses/04_annotation/structural/prokka/efaecium_e745:Prokka:EFM745_02192 (length 193)
/home/dich3309/rnaseq-tnseq-enterococcus-analysis/analyses/04_annotation/structural/prokka/efaecium_e745:Prokka:EFM745_02193 (length 317)
/home/dich3309/rnaseq-tnseq-enterococcus-analysis/analyses/04_annotation/structural/prokka/efaecium_e745:Prokka:EFM745_02194 (length 83)
/home/dich3309/rnaseq-tnseq-enterococcus-analysis/analyses/04_annotation/structural/prokka/efaecium_e745:Prokka:EFM745_02195 (length 85)
/home/dich3309/rnaseq-tnseq-enterococcus-analysis/analyses/04_annotation/structural/prokka/efaecium_e745:Prokka:EFM745_02196 (length 195)
/home/dich3309/rnaseq-tnseq-enterococcus-analysis/analyses/04_annotation/structural/prokka/efaecium_e745:Prokka:EFM745_02197 (length 185)
/home/dich3309/rnaseq-tnseq-enterococcus-analysis/analyses/04_annotation/structural/prokka/efaecium_e745:Prokka:EFM745_02198 (length 173)
/home/dich3309/rnaseq-tnseq-enterococcus-analysis/analyses/04_annotation/structural/prokka/efaecium_e745:Prokka:EFM745_02199 (length 1230)
/home/dich3309/rnaseq-tnseq-enterococcus-analysis/analyses/04_annotation/structural/prokka/efaecium_e745:Prokka:EFM745_02200 (length 295)
/home/dich3309/rnaseq-tnseq-enterococcus-analysis/analyses/04_annotation/structural/prokka/efaecium_e745:Prokka:EFM745_02201 (length 389)
/home/dich3309/rnaseq-tnseq-enterococcus-analysis/analyses/04_annotation/structural/prokka/efaecium_e745:Prokka:EFM745_02202 (length 451)
/home/dich3309/rnaseq-tnseq-enterococcus-analysis/analyses/04_annotation/structural/prokka/efaecium_e745:Prokka:EFM745_02203 (length 601)
/home/dich3309/rnaseq-tnseq-enterococcus-analysis/analyses/04_annotation/structural/prokka/efaecium_e745:Prokka:EFM745_02205 (length 96)
/home/dich3309/rnaseq-tnseq-enterococcus-analysis/analyses/04_annotation/structural/prokka/efaecium_e745:Prokka:EFM745_02206 (length 341)
/home/dich3309/rnaseq-tnseq-enterococcus-analysis/analyses/04_annotation/structural/prokka/efaecium_e745:Prokka:EFM745_02207 (length 219)
/home/dich3309/rnaseq-tnseq-enterococcus-analysis/analyses/04_annotation/structural/prokka/efaecium_e745:Prokka:EFM745_02208 (length 310)
/home/dich3309/rnaseq-tnseq-enterococcus-analysis/analyses/04_annotation/structural/prokka/efaecium_e745:Prokka:EFM745_02209 (length 429)
/home/dich3309/rnaseq-tnseq-enterococcus-analysis/analyses/04_annotation/structural/prokka/efaecium_e745:Prokka:EFM745_02210 (length 416)
/home/dich3309/rnaseq-tnseq-enterococcus-analysis/analyses/04_annotation/structural/prokka/efaecium_e745:Prokka:EFM745_02211 (length 195)
/home/dich3309/rnaseq-tnseq-enterococcus-analysis/analyses/04_annotation/structural/prokka/efaecium_e745:Prokka:EFM745_02212 (length 51)
/home/dich3309/rnaseq-tnseq-enterococcus-analysis/analyses/04_annotation/structural/prokka/efaecium_e745:Prokka:EFM745_02213 (length 442)
/home/dich3309/rnaseq-tnseq-enterococcus-analysis/analyses/04_annotation/structural/prokka/efaecium_e745:Prokka:EFM745_02214 (length 69)
/home/dich3309/rnaseq-tnseq-enterococcus-analysis/analyses/04_annotation/structural/prokka/efaecium_e745:Prokka:EFM745_02215 (length 250)
/home/dich3309/rnaseq-tnseq-enterococcus-analysis/analyses/04_annotation/structural/prokka/efaecium_e745:Prokka:EFM745_02216 (length 304)
/home/dich3309/rnaseq-tnseq-enterococcus-analysis/analyses/04_annotation/structural/prokka/efaecium_e745:Prokka:EFM745_02217 (length 643)
/home/dich3309/rnaseq-tnseq-enterococcus-analysis/analyses/04_annotation/structural/prokka/efaecium_e745:Prokka:EFM745_02218 (length 519)
/home/dich3309/rnaseq-tnseq-enterococcus-analysis/analyses/04_annotation/structural/prokka/efaecium_e745:Prokka:EFM745_02219 (length 744)
/home/dich3309/rnaseq-tnseq-enterococcus-analysis/analyses/04_annotation/structural/prokka/efaecium_e745:Prokka:EFM745_02220 (length 678)
/home/dich3309/rnaseq-tnseq-enterococcus-analysis/analyses/04_annotation/structural/prokka/efaecium_e745:Prokka:EFM745_02221 (length 101)
/home/dich3309/rnaseq-tnseq-enterococcus-analysis/analyses/04_annotation/structural/prokka/efaecium_e745:Prokka:EFM745_02222 (length 490)
/home/dich3309/rnaseq-tnseq-enterococcus-analysis/analyses/04_annotation/structural/prokka/efaecium_e745:Prokka:EFM745_02223 (length 476)
/home/dich3309/rnaseq-tnseq-enterococcus-analysis/analyses/04_annotation/structural/prokka/efaecium_e745:Prokka:EFM745_02224 (length 351)
/home/dich3309/rnaseq-tnseq-enterococcus-analysis/analyses/04_annotation/structural/prokka/efaecium_e745:Prokka:EFM745_02225 (length 457)
/home/dich3309/rnaseq-tnseq-enterococcus-analysis/analyses/04_annotation/structural/prokka/efaecium_e745:Prokka:EFM745_02226 (length 42)
/home/dich3309/rnaseq-tnseq-enterococcus-analysis/analyses/04_annotation/structural/prokka/efaecium_e745:Prokka:EFM745_02227 (length 337)
/home/dich3309/rnaseq-tnseq-enterococcus-analysis/analyses/04_annotation/structural/prokka/efaecium_e745:Prokka:EFM745_02228 (length 344)
/home/dich3309/rnaseq-tnseq-enterococcus-analysis/analyses/04_annotation/structural/prokka/efaecium_e745:Prokka:EFM745_02229 (length 741)
/home/dich3309/rnaseq-tnseq-enterococcus-analysis/analyses/04_annotation/structural/prokka/efaecium_e745:Prokka:EFM745_02230 (length 627)
/home/dich3309/rnaseq-tnseq-enterococcus-analysis/analyses/04_annotation/structural/prokka/efaecium_e745:Prokka:EFM745_02231 (length 324)
/home/dich3309/rnaseq-tnseq-enterococcus-analysis/analyses/04_annotation/structural/prokka/efaecium_e745:Prokka:EFM745_02233 (length 340)
/home/dich3309/rnaseq-tnseq-enterococcus-analysis/analyses/04_annotation/structural/prokka/efaecium_e745:Prokka:EFM745_02234 (length 354)
/home/dich3309/rnaseq-tnseq-enterococcus-analysis/analyses/04_annotation/structural/prokka/efaecium_e745:Prokka:EFM745_02235 (length 388)
/home/dich3309/rnaseq-tnseq-enterococcus-analysis/analyses/04_annotation/structural/prokka/efaecium_e745:Prokka:EFM745_02236 (length 363)
/home/dich3309/rnaseq-tnseq-enterococcus-analysis/analyses/04_annotation/structural/prokka/efaecium_e745:Prokka:EFM745_02237 (length 431)
/home/dich3309/rnaseq-tnseq-enterococcus-analysis/analyses/04_annotation/structural/prokka/efaecium_e745:Prokka:EFM745_02238 (length 169)
/home/dich3309/rnaseq-tnseq-enterococcus-analysis/analyses/04_annotation/structural/prokka/efaecium_e745:Prokka:EFM745_02239 (length 278)
/home/dich3309/rnaseq-tnseq-enterococcus-analysis/analyses/04_annotation/structural/prokka/efaecium_e745:Prokka:EFM745_02240 (length 578)
/home/dich3309/rnaseq-tnseq-enterococcus-analysis/analyses/04_annotation/structural/prokka/efaecium_e745:Prokka:EFM745_02241 (length 291)
/home/dich3309/rnaseq-tnseq-enterococcus-analysis/analyses/04_annotation/structural/prokka/efaecium_e745:Prokka:EFM745_02242 (length 192)
/home/dich3309/rnaseq-tnseq-enterococcus-analysis/analyses/04_annotation/structural/prokka/efaecium_e745:Prokka:EFM745_02243 (length 428)
/home/dich3309/rnaseq-tnseq-enterococcus-analysis/analyses/04_annotation/structural/prokka/efaecium_e745:Prokka:EFM745_02244 (length 289)
/home/dich3309/rnaseq-tnseq-enterococcus-analysis/analyses/04_annotation/structural/prokka/efaecium_e745:Prokka:EFM745_02245 (length 289)
/home/dich3309/rnaseq-tnseq-enterococcus-analysis/analyses/04_annotation/structural/prokka/efaecium_e745:Prokka:EFM745_02246 (length 227)
/home/dich3309/rnaseq-tnseq-enterococcus-analysis/analyses/04_annotation/structural/prokka/efaecium_e745:Prokka:EFM745_02247 (length 257)
/home/dich3309/rnaseq-tnseq-enterococcus-analysis/analyses/04_annotation/structural/prokka/efaecium_e745:Prokka:EFM745_02248 (length 132)
/home/dich3309/rnaseq-tnseq-enterococcus-analysis/analyses/04_annotation/structural/prokka/efaecium_e745:Prokka:EFM745_02249 (length 223)
/home/dich3309/rnaseq-tnseq-enterococcus-analysis/analyses/04_annotation/structural/prokka/efaecium_e745:Prokka:EFM745_02250 (length 146)
/home/dich3309/rnaseq-tnseq-enterococcus-analysis/analyses/04_annotation/structural/prokka/efaecium_e745:Prokka:EFM745_02251 (length 222)
/home/dich3309/rnaseq-tnseq-enterococcus-analysis/analyses/04_annotation/structural/prokka/efaecium_e745:Prokka:EFM745_02252 (length 207)
/home/dich3309/rnaseq-tnseq-enterococcus-analysis/analyses/04_annotation/structural/prokka/efaecium_e745:Prokka:EFM745_02253 (length 128)
/home/dich3309/rnaseq-tnseq-enterococcus-analysis/analyses/04_annotation/structural/prokka/efaecium_e745:Prokka:EFM745_02254 (length 463)
/home/dich3309/rnaseq-tnseq-enterococcus-analysis/analyses/04_annotation/structural/prokka/efaecium_e745:Prokka:EFM745_02255 (length 122)
/home/dich3309/rnaseq-tnseq-enterococcus-analysis/analyses/04_annotation/structural/prokka/efaecium_e745:Prokka:EFM745_02256 (length 313)
/home/dich3309/rnaseq-tnseq-enterococcus-analysis/analyses/04_annotation/structural/prokka/efaecium_e745:Prokka:EFM745_02257 (length 243)
/home/dich3309/rnaseq-tnseq-enterococcus-analysis/analyses/04_annotation/structural/prokka/efaecium_e745:Prokka:EFM745_02258 (length 726)
/home/dich3309/rnaseq-tnseq-enterococcus-analysis/analyses/04_annotation/structural/prokka/efaecium_e745:Prokka:EFM745_02259 (length 160)
/home/dich3309/rnaseq-tnseq-enterococcus-analysis/analyses/04_annotation/structural/prokka/efaecium_e745:Prokka:EFM745_02260 (length 253)
/home/dich3309/rnaseq-tnseq-enterococcus-analysis/analyses/04_annotation/structural/prokka/efaecium_e745:Prokka:EFM745_02261 (length 444)
/home/dich3309/rnaseq-tnseq-enterococcus-analysis/analyses/04_annotation/structural/prokka/efaecium_e745:Prokka:EFM745_02262 (length 161)
/home/dich3309/rnaseq-tnseq-enterococcus-analysis/analyses/04_annotation/structural/prokka/efaecium_e745:Prokka:EFM745_02263 (length 227)
/home/dich3309/rnaseq-tnseq-enterococcus-analysis/analyses/04_annotation/structural/prokka/efaecium_e745:Prokka:EFM745_02264 (length 881)
/home/dich3309/rnaseq-tnseq-enterococcus-analysis/analyses/04_annotation/structural/prokka/efaecium_e745:Prokka:EFM745_02265 (length 278)
/home/dich3309/rnaseq-tnseq-enterococcus-analysis/analyses/04_annotation/structural/prokka/efaecium_e745:Prokka:EFM745_02266 (length 209)
/home/dich3309/rnaseq-tnseq-enterococcus-analysis/analyses/04_annotation/structural/prokka/efaecium_e745:Prokka:EFM745_02267 (length 110)
/home/dich3309/rnaseq-tnseq-enterococcus-analysis/analyses/04_annotation/structural/prokka/efaecium_e745:Prokka:EFM745_02268 (length 163)
/home/dich3309/rnaseq-tnseq-enterococcus-analysis/analyses/04_annotation/structural/prokka/efaecium_e745:Prokka:EFM745_02269 (length 457)
/home/dich3309/rnaseq-tnseq-enterococcus-analysis/analyses/04_annotation/structural/prokka/efaecium_e745:Prokka:EFM745_02270 (length 308)
/home/dich3309/rnaseq-tnseq-enterococcus-analysis/analyses/04_annotation/structural/prokka/efaecium_e745:Prokka:EFM745_02271 (length 146)
/home/dich3309/rnaseq-tnseq-enterococcus-analysis/analyses/04_annotation/structural/prokka/efaecium_e745:Prokka:EFM745_02272 (length 431)
/home/dich3309/rnaseq-tnseq-enterococcus-analysis/analyses/04_annotation/structural/prokka/efaecium_e745:Prokka:EFM745_02273 (length 233)
/home/dich3309/rnaseq-tnseq-enterococcus-analysis/analyses/04_annotation/structural/prokka/efaecium_e745:Prokka:EFM745_02274 (length 373)
/home/dich3309/rnaseq-tnseq-enterococcus-analysis/analyses/04_annotation/structural/prokka/efaecium_e745:Prokka:EFM745_02275 (length 410)
/home/dich3309/rnaseq-tnseq-enterococcus-analysis/analyses/04_annotation/structural/prokka/efaecium_e745:Prokka:EFM745_02276 (length 302)
/home/dich3309/rnaseq-tnseq-enterococcus-analysis/analyses/04_annotation/structural/prokka/efaecium_e745:Prokka:EFM745_02277 (length 90)
/home/dich3309/rnaseq-tnseq-enterococcus-analysis/analyses/04_annotation/structural/prokka/efaecium_e745:Prokka:EFM745_02278 (length 348)
/home/dich3309/rnaseq-tnseq-enterococcus-analysis/analyses/04_annotation/structural/prokka/efaecium_e745:Prokka:EFM745_02279 (length 869)
/home/dich3309/rnaseq-tnseq-enterococcus-analysis/analyses/04_annotation/structural/prokka/efaecium_e745:Prokka:EFM745_02280 (length 223)
/home/dich3309/rnaseq-tnseq-enterococcus-analysis/analyses/04_annotation/structural/prokka/efaecium_e745:Prokka:EFM745_02281 (length 164)
/home/dich3309/rnaseq-tnseq-enterococcus-analysis/analyses/04_annotation/structural/prokka/efaecium_e745:Prokka:EFM745_02282 (length 406)
/home/dich3309/rnaseq-tnseq-enterococcus-analysis/analyses/04_annotation/structural/prokka/efaecium_e745:Prokka:EFM745_02283 (length 611)
/home/dich3309/rnaseq-tnseq-enterococcus-analysis/analyses/04_annotation/structural/prokka/efaecium_e745:Prokka:EFM745_02284 (length 375)
/home/dich3309/rnaseq-tnseq-enterococcus-analysis/analyses/04_annotation/structural/prokka/efaecium_e745:Prokka:EFM745_02285 (length 317)
/home/dich3309/rnaseq-tnseq-enterococcus-analysis/analyses/04_annotation/structural/prokka/efaecium_e745:Prokka:EFM745_02286 (length 392)
/home/dich3309/rnaseq-tnseq-enterococcus-analysis/analyses/04_annotation/structural/prokka/efaecium_e745:Prokka:EFM745_02287 (length 137)
/home/dich3309/rnaseq-tnseq-enterococcus-analysis/analyses/04_annotation/structural/prokka/efaecium_e745:Prokka:EFM745_02288 (length 161)
/home/dich3309/rnaseq-tnseq-enterococcus-analysis/analyses/04_annotation/structural/prokka/efaecium_e745:Prokka:EFM745_02289 (length 71)
/home/dich3309/rnaseq-tnseq-enterococcus-analysis/analyses/04_annotation/structural/prokka/efaecium_e745:Prokka:EFM745_02290 (length 266)
/home/dich3309/rnaseq-tnseq-enterococcus-analysis/analyses/04_annotation/structural/prokka/efaecium_e745:Prokka:EFM745_02291 (length 622)
/home/dich3309/rnaseq-tnseq-enterococcus-analysis/analyses/04_annotation/structural/prokka/efaecium_e745:Prokka:EFM745_02292 (length 163)
/home/dich3309/rnaseq-tnseq-enterococcus-analysis/analyses/04_annotation/structural/prokka/efaecium_e745:Prokka:EFM745_02293 (length 184)
/home/dich3309/rnaseq-tnseq-enterococcus-analysis/analyses/04_annotation/structural/prokka/efaecium_e745:Prokka:EFM745_02294 (length 331)
/home/dich3309/rnaseq-tnseq-enterococcus-analysis/analyses/04_annotation/structural/prokka/efaecium_e745:Prokka:EFM745_02295 (length 416)
/home/dich3309/rnaseq-tnseq-enterococcus-analysis/analyses/04_annotation/structural/prokka/efaecium_e745:Prokka:EFM745_02296 (length 132)
/home/dich3309/rnaseq-tnseq-enterococcus-analysis/analyses/04_annotation/structural/prokka/efaecium_e745:Prokka:EFM745_02297 (length 236)
/home/dich3309/rnaseq-tnseq-enterococcus-analysis/analyses/04_annotation/structural/prokka/efaecium_e745:Prokka:EFM745_02299 (length 295)
/home/dich3309/rnaseq-tnseq-enterococcus-analysis/analyses/04_annotation/structural/prokka/efaecium_e745:Prokka:EFM745_02300 (length 279)
/home/dich3309/rnaseq-tnseq-enterococcus-analysis/analyses/04_annotation/structural/prokka/efaecium_e745:Prokka:EFM745_02301 (length 324)
/home/dich3309/rnaseq-tnseq-enterococcus-analysis/analyses/04_annotation/structural/prokka/efaecium_e745:Prokka:EFM745_02302 (length 118)
/home/dich3309/rnaseq-tnseq-enterococcus-analysis/analyses/04_annotation/structural/prokka/efaecium_e745:Prokka:EFM745_02303 (length 385)
/home/dich3309/rnaseq-tnseq-enterococcus-analysis/analyses/04_annotation/structural/prokka/efaecium_e745:Prokka:EFM745_02304 (length 146)
/home/dich3309/rnaseq-tnseq-enterococcus-analysis/analyses/04_annotation/structural/prokka/efaecium_e745:Prokka:EFM745_02305 (length 168)
/home/dich3309/rnaseq-tnseq-enterococcus-analysis/analyses/04_annotation/structural/prokka/efaecium_e745:Prokka:EFM745_02306 (length 634)
/home/dich3309/rnaseq-tnseq-enterococcus-analysis/analyses/04_annotation/structural/prokka/efaecium_e745:Prokka:EFM745_02307 (length 333)
/home/dich3309/rnaseq-tnseq-enterococcus-analysis/analyses/04_annotation/structural/prokka/efaecium_e745:Prokka:EFM745_02308 (length 68)
/home/dich3309/rnaseq-tnseq-enterococcus-analysis/analyses/04_annotation/structural/prokka/efaecium_e745:Prokka:EFM745_02309 (length 282)
/home/dich3309/rnaseq-tnseq-enterococcus-analysis/analyses/04_annotation/structural/prokka/efaecium_e745:Prokka:EFM745_02310 (length 300)
/home/dich3309/rnaseq-tnseq-enterococcus-analysis/analyses/04_annotation/structural/prokka/efaecium_e745:Prokka:EFM745_02311 (length 333)
/home/dich3309/rnaseq-tnseq-enterococcus-analysis/analyses/04_annotation/structural/prokka/efaecium_e745:Prokka:EFM745_02312 (length 90)
/home/dich3309/rnaseq-tnseq-enterococcus-analysis/analyses/04_annotation/structural/prokka/efaecium_e745:Prokka:EFM745_02313 (length 265)
/home/dich3309/rnaseq-tnseq-enterococcus-analysis/analyses/04_annotation/structural/prokka/efaecium_e745:Prokka:EFM745_02314 (length 277)
/home/dich3309/rnaseq-tnseq-enterococcus-analysis/analyses/04_annotation/structural/prokka/efaecium_e745:Prokka:EFM745_02315 (length 285)
/home/dich3309/rnaseq-tnseq-enterococcus-analysis/analyses/04_annotation/structural/prokka/efaecium_e745:Prokka:EFM745_02316 (length 169)
/home/dich3309/rnaseq-tnseq-enterococcus-analysis/analyses/04_annotation/structural/prokka/efaecium_e745:Prokka:EFM745_02317 (length 133)
/home/dich3309/rnaseq-tnseq-enterococcus-analysis/analyses/04_annotation/structural/prokka/efaecium_e745:Prokka:EFM745_02318 (length 140)
/home/dich3309/rnaseq-tnseq-enterococcus-analysis/analyses/04_annotation/structural/prokka/efaecium_e745:Prokka:EFM745_02319 (length 147)
/home/dich3309/rnaseq-tnseq-enterococcus-analysis/analyses/04_annotation/structural/prokka/efaecium_e745:Prokka:EFM745_02320 (length 361)
/home/dich3309/rnaseq-tnseq-enterococcus-analysis/analyses/04_annotation/structural/prokka/efaecium_e745:Prokka:EFM745_02321 (length 237)
/home/dich3309/rnaseq-tnseq-enterococcus-analysis/analyses/04_annotation/structural/prokka/efaecium_e745:Prokka:EFM745_02322 (length 49)
/home/dich3309/rnaseq-tnseq-enterococcus-analysis/analyses/04_annotation/structural/prokka/efaecium_e745:Prokka:EFM745_02324 (length 66)
/home/dich3309/rnaseq-tnseq-enterococcus-analysis/analyses/04_annotation/structural/prokka/efaecium_e745:Prokka:EFM745_02325 (length 32)
/home/dich3309/rnaseq-tnseq-enterococcus-analysis/analyses/04_annotation/structural/prokka/efaecium_e745:Prokka:EFM745_02326 (length 121)
/home/dich3309/rnaseq-tnseq-enterococcus-analysis/analyses/04_annotation/structural/prokka/efaecium_e745:Prokka:EFM745_02327 (length 81)
/home/dich3309/rnaseq-tnseq-enterococcus-analysis/analyses/04_annotation/structural/prokka/efaecium_e745:Prokka:EFM745_02328 (length 84)
/home/dich3309/rnaseq-tnseq-enterococcus-analysis/analyses/04_annotation/structural/prokka/efaecium_e745:Prokka:EFM745_02329 (length 101)
/home/dich3309/rnaseq-tnseq-enterococcus-analysis/analyses/04_annotation/structural/prokka/efaecium_e745:Prokka:EFM745_02331 (length 165)
/home/dich3309/rnaseq-tnseq-enterococcus-analysis/analyses/04_annotation/structural/prokka/efaecium_e745:Prokka:EFM745_02332 (length 269)
/home/dich3309/rnaseq-tnseq-enterococcus-analysis/analyses/04_annotation/structural/prokka/efaecium_e745:Prokka:EFM745_02333 (length 285)
/home/dich3309/rnaseq-tnseq-enterococcus-analysis/analyses/04_annotation/structural/prokka/efaecium_e745:Prokka:EFM745_02334 (length 300)
/home/dich3309/rnaseq-tnseq-enterococcus-analysis/analyses/04_annotation/structural/prokka/efaecium_e745:Prokka:EFM745_02335 (length 116)
/home/dich3309/rnaseq-tnseq-enterococcus-analysis/analyses/04_annotation/structural/prokka/efaecium_e745:Prokka:EFM745_02336 (length 312)
/home/dich3309/rnaseq-tnseq-enterococcus-analysis/analyses/04_annotation/structural/prokka/efaecium_e745:Prokka:EFM745_02337 (length 297)
/home/dich3309/rnaseq-tnseq-enterococcus-analysis/analyses/04_annotation/structural/prokka/efaecium_e745:Prokka:EFM745_02338 (length 187)
/home/dich3309/rnaseq-tnseq-enterococcus-analysis/analyses/04_annotation/structural/prokka/efaecium_e745:Prokka:EFM745_02339 (length 62)
/home/dich3309/rnaseq-tnseq-enterococcus-analysis/analyses/04_annotation/structural/prokka/efaecium_e745:Prokka:EFM745_02340 (length 300)
/home/dich3309/rnaseq-tnseq-enterococcus-analysis/analyses/04_annotation/structural/prokka/efaecium_e745:Prokka:EFM745_02341 (length 80)
/home/dich3309/rnaseq-tnseq-enterococcus-analysis/analyses/04_annotation/structural/prokka/efaecium_e745:Prokka:EFM745_02342 (length 123)
/home/dich3309/rnaseq-tnseq-enterococcus-analysis/analyses/04_annotation/structural/prokka/efaecium_e745:Prokka:EFM745_02343 (length 75)
/home/dich3309/rnaseq-tnseq-enterococcus-analysis/analyses/04_annotation/structural/prokka/efaecium_e745:Prokka:EFM745_02344 (length 157)
/home/dich3309/rnaseq-tnseq-enterococcus-analysis/analyses/04_annotation/structural/prokka/efaecium_e745:Prokka:EFM745_02345 (length 57)
/home/dich3309/rnaseq-tnseq-enterococcus-analysis/analyses/04_annotation/structural/prokka/efaecium_e745:Prokka:EFM745_02346 (length 188)
/home/dich3309/rnaseq-tnseq-enterococcus-analysis/analyses/04_annotation/structural/prokka/efaecium_e745:Prokka:EFM745_02347 (length 62)
/home/dich3309/rnaseq-tnseq-enterococcus-analysis/analyses/04_annotation/structural/prokka/efaecium_e745:Prokka:EFM745_02348 (length 185)
/home/dich3309/rnaseq-tnseq-enterococcus-analysis/analyses/04_annotation/structural/prokka/efaecium_e745:Prokka:EFM745_02349 (length 80)
/home/dich3309/rnaseq-tnseq-enterococcus-analysis/analyses/04_annotation/structural/prokka/efaecium_e745:Prokka:EFM745_02350 (length 431)
/home/dich3309/rnaseq-tnseq-enterococcus-analysis/analyses/04_annotation/structural/prokka/efaecium_e745:Prokka:EFM745_02351 (length 404)
/home/dich3309/rnaseq-tnseq-enterococcus-analysis/analyses/04_annotation/structural/prokka/efaecium_e745:Prokka:EFM745_02352 (length 475)
/home/dich3309/rnaseq-tnseq-enterococcus-analysis/analyses/04_annotation/structural/prokka/efaecium_e745:Prokka:EFM745_02353 (length 308)
/home/dich3309/rnaseq-tnseq-enterococcus-analysis/analyses/04_annotation/structural/prokka/efaecium_e745:Prokka:EFM745_02354 (length 486)
/home/dich3309/rnaseq-tnseq-enterococcus-analysis/analyses/04_annotation/structural/prokka/efaecium_e745:Prokka:EFM745_02355 (length 587)
/home/dich3309/rnaseq-tnseq-enterococcus-analysis/analyses/04_annotation/structural/prokka/efaecium_e745:Prokka:EFM745_02356 (length 118)
/home/dich3309/rnaseq-tnseq-enterococcus-analysis/analyses/04_annotation/structural/prokka/efaecium_e745:Prokka:EFM745_02357 (length 227)
/home/dich3309/rnaseq-tnseq-enterococcus-analysis/analyses/04_annotation/structural/prokka/efaecium_e745:Prokka:EFM745_02358 (length 204)
/home/dich3309/rnaseq-tnseq-enterococcus-analysis/analyses/04_annotation/structural/prokka/efaecium_e745:Prokka:EFM745_02359 (length 68)
/home/dich3309/rnaseq-tnseq-enterococcus-analysis/analyses/04_annotation/structural/prokka/efaecium_e745:Prokka:EFM745_02361 (length 387)
/home/dich3309/rnaseq-tnseq-enterococcus-analysis/analyses/04_annotation/structural/prokka/efaecium_e745:Prokka:EFM745_02362 (length 251)
/home/dich3309/rnaseq-tnseq-enterococcus-analysis/analyses/04_annotation/structural/prokka/efaecium_e745:Prokka:EFM745_02363 (length 679)
/home/dich3309/rnaseq-tnseq-enterococcus-analysis/analyses/04_annotation/structural/prokka/efaecium_e745:Prokka:EFM745_02364 (length 383)
/home/dich3309/rnaseq-tnseq-enterococcus-analysis/analyses/04_annotation/structural/prokka/efaecium_e745:Prokka:EFM745_02365 (length 176)
/home/dich3309/rnaseq-tnseq-enterococcus-analysis/analyses/04_annotation/structural/prokka/efaecium_e745:Prokka:EFM745_02366 (length 116)
/home/dich3309/rnaseq-tnseq-enterococcus-analysis/analyses/04_annotation/structural/prokka/efaecium_e745:Prokka:EFM745_02367 (length 509)
/home/dich3309/rnaseq-tnseq-enterococcus-analysis/analyses/04_annotation/structural/prokka/efaecium_e745:Prokka:EFM745_02368 (length 187)
/home/dich3309/rnaseq-tnseq-enterococcus-analysis/analyses/04_annotation/structural/prokka/efaecium_e745:Prokka:EFM745_02369 (length 220)
/home/dich3309/rnaseq-tnseq-enterococcus-analysis/analyses/04_annotation/structural/prokka/efaecium_e745:Prokka:EFM745_02370 (length 548)
/home/dich3309/rnaseq-tnseq-enterococcus-analysis/analyses/04_annotation/structural/prokka/efaecium_e745:Prokka:EFM745_02371 (length 360)
/home/dich3309/rnaseq-tnseq-enterococcus-analysis/analyses/04_annotation/structural/prokka/efaecium_e745:Prokka:EFM745_02372 (length 517)
/home/dich3309/rnaseq-tnseq-enterococcus-analysis/analyses/04_annotation/structural/prokka/efaecium_e745:Prokka:EFM745_02373 (length 429)
/home/dich3309/rnaseq-tnseq-enterococcus-analysis/analyses/04_annotation/structural/prokka/efaecium_e745:Prokka:EFM745_02374 (length 345)
/home/dich3309/rnaseq-tnseq-enterococcus-analysis/analyses/04_annotation/structural/prokka/efaecium_e745:Prokka:EFM745_02375 (length 146)
/home/dich3309/rnaseq-tnseq-enterococcus-analysis/analyses/04_annotation/structural/prokka/efaecium_e745:Prokka:EFM745_02376 (length 136)
/home/dich3309/rnaseq-tnseq-enterococcus-analysis/analyses/04_annotation/structural/prokka/efaecium_e745:Prokka:EFM745_02377 (length 144)
/home/dich3309/rnaseq-tnseq-enterococcus-analysis/analyses/04_annotation/structural/prokka/efaecium_e745:Prokka:EFM745_02378 (length 256)
/home/dich3309/rnaseq-tnseq-enterococcus-analysis/analyses/04_annotation/structural/prokka/efaecium_e745:Prokka:EFM745_02379 (length 588)
/home/dich3309/rnaseq-tnseq-enterococcus-analysis/analyses/04_annotation/structural/prokka/efaecium_e745:Prokka:EFM745_02380 (length 419)
/home/dich3309/rnaseq-tnseq-enterococcus-analysis/analyses/04_annotation/structural/prokka/efaecium_e745:Prokka:EFM745_02381 (length 433)
/home/dich3309/rnaseq-tnseq-enterococcus-analysis/analyses/04_annotation/structural/prokka/efaecium_e745:Prokka:EFM745_02382 (length 283)
/home/dich3309/rnaseq-tnseq-enterococcus-analysis/analyses/04_annotation/structural/prokka/efaecium_e745:Prokka:EFM745_02383 (length 271)
/home/dich3309/rnaseq-tnseq-enterococcus-analysis/analyses/04_annotation/structural/prokka/efaecium_e745:Prokka:EFM745_02384 (length 388)
/home/dich3309/rnaseq-tnseq-enterococcus-analysis/analyses/04_annotation/structural/prokka/efaecium_e745:Prokka:EFM745_02385 (length 215)
/home/dich3309/rnaseq-tnseq-enterococcus-analysis/analyses/04_annotation/structural/prokka/efaecium_e745:Prokka:EFM745_02386 (length 314)
/home/dich3309/rnaseq-tnseq-enterococcus-analysis/analyses/04_annotation/structural/prokka/efaecium_e745:Prokka:EFM745_02387 (length 483)
/home/dich3309/rnaseq-tnseq-enterococcus-analysis/analyses/04_annotation/structural/prokka/efaecium_e745:Prokka:EFM745_02388 (length 278)
/home/dich3309/rnaseq-tnseq-enterococcus-analysis/analyses/04_annotation/structural/prokka/efaecium_e745:Prokka:EFM745_02389 (length 219)
/home/dich3309/rnaseq-tnseq-enterococcus-analysis/analyses/04_annotation/structural/prokka/efaecium_e745:Prokka:EFM745_02390 (length 229)
/home/dich3309/rnaseq-tnseq-enterococcus-analysis/analyses/04_annotation/structural/prokka/efaecium_e745:Prokka:EFM745_02391 (length 318)
/home/dich3309/rnaseq-tnseq-enterococcus-analysis/analyses/04_annotation/structural/prokka/efaecium_e745:Prokka:EFM745_02392 (length 170)
/home/dich3309/rnaseq-tnseq-enterococcus-analysis/analyses/04_annotation/structural/prokka/efaecium_e745:Prokka:EFM745_02393 (length 182)
/home/dich3309/rnaseq-tnseq-enterococcus-analysis/analyses/04_annotation/structural/prokka/efaecium_e745:Prokka:EFM745_02394 (length 393)
/home/dich3309/rnaseq-tnseq-enterococcus-analysis/analyses/04_annotation/structural/prokka/efaecium_e745:Prokka:EFM745_02395 (length 502)
/home/dich3309/rnaseq-tnseq-enterococcus-analysis/analyses/04_annotation/structural/prokka/efaecium_e745:Prokka:EFM745_02396 (length 63)
/home/dich3309/rnaseq-tnseq-enterococcus-analysis/analyses/04_annotation/structural/prokka/efaecium_e745:Prokka:EFM745_02397 (length 305)
/home/dich3309/rnaseq-tnseq-enterococcus-analysis/analyses/04_annotation/structural/prokka/efaecium_e745:Prokka:EFM745_02398 (length 357)
/home/dich3309/rnaseq-tnseq-enterococcus-analysis/analyses/04_annotation/structural/prokka/efaecium_e745:Prokka:EFM745_02399 (length 172)
/home/dich3309/rnaseq-tnseq-enterococcus-analysis/analyses/04_annotation/structural/prokka/efaecium_e745:Prokka:EFM745_02400 (length 130)
/home/dich3309/rnaseq-tnseq-enterococcus-analysis/analyses/04_annotation/structural/prokka/efaecium_e745:Prokka:EFM745_02401 (length 311)
/home/dich3309/rnaseq-tnseq-enterococcus-analysis/analyses/04_annotation/structural/prokka/efaecium_e745:Prokka:EFM745_02402 (length 259)
/home/dich3309/rnaseq-tnseq-enterococcus-analysis/analyses/04_annotation/structural/prokka/efaecium_e745:Prokka:EFM745_02403 (length 105)
/home/dich3309/rnaseq-tnseq-enterococcus-analysis/analyses/04_annotation/structural/prokka/efaecium_e745:Prokka:EFM745_02404 (length 536)
/home/dich3309/rnaseq-tnseq-enterococcus-analysis/analyses/04_annotation/structural/prokka/efaecium_e745:Prokka:EFM745_02405 (length 282)
/home/dich3309/rnaseq-tnseq-enterococcus-analysis/analyses/04_annotation/structural/prokka/efaecium_e745:Prokka:EFM745_02406 (length 159)
/home/dich3309/rnaseq-tnseq-enterococcus-analysis/analyses/04_annotation/structural/prokka/efaecium_e745:Prokka:EFM745_02407 (length 742)
/home/dich3309/rnaseq-tnseq-enterococcus-analysis/analyses/04_annotation/structural/prokka/efaecium_e745:Prokka:EFM745_02408 (length 547)
/home/dich3309/rnaseq-tnseq-enterococcus-analysis/analyses/04_annotation/structural/prokka/efaecium_e745:Prokka:EFM745_02409 (length 181)
/home/dich3309/rnaseq-tnseq-enterococcus-analysis/analyses/04_annotation/structural/prokka/efaecium_e745:Prokka:EFM745_02410 (length 161)
/home/dich3309/rnaseq-tnseq-enterococcus-analysis/analyses/04_annotation/structural/prokka/efaecium_e745:Prokka:EFM745_02411 (length 270)
/home/dich3309/rnaseq-tnseq-enterococcus-analysis/analyses/04_annotation/structural/prokka/efaecium_e745:Prokka:EFM745_02412 (length 513)
/home/dich3309/rnaseq-tnseq-enterococcus-analysis/analyses/04_annotation/structural/prokka/efaecium_e745:Prokka:EFM745_02413 (length 343)
/home/dich3309/rnaseq-tnseq-enterococcus-analysis/analyses/04_annotation/structural/prokka/efaecium_e745:Prokka:EFM745_02414 (length 328)
/home/dich3309/rnaseq-tnseq-enterococcus-analysis/analyses/04_annotation/structural/prokka/efaecium_e745:Prokka:EFM745_02415 (length 446)
/home/dich3309/rnaseq-tnseq-enterococcus-analysis/analyses/04_annotation/structural/prokka/efaecium_e745:Prokka:EFM745_02416 (length 224)
/home/dich3309/rnaseq-tnseq-enterococcus-analysis/analyses/04_annotation/structural/prokka/efaecium_e745:Prokka:EFM745_02417 (length 357)
/home/dich3309/rnaseq-tnseq-enterococcus-analysis/analyses/04_annotation/structural/prokka/efaecium_e745:Prokka:EFM745_02418 (length 228)
/home/dich3309/rnaseq-tnseq-enterococcus-analysis/analyses/04_annotation/structural/prokka/efaecium_e745:Prokka:EFM745_02419 (length 215)
/home/dich3309/rnaseq-tnseq-enterococcus-analysis/analyses/04_annotation/structural/prokka/efaecium_e745:Prokka:EFM745_02420 (length 463)
/home/dich3309/rnaseq-tnseq-enterococcus-analysis/analyses/04_annotation/structural/prokka/efaecium_e745:Prokka:EFM745_02421 (length 263)
/home/dich3309/rnaseq-tnseq-enterococcus-analysis/analyses/04_annotation/structural/prokka/efaecium_e745:Prokka:EFM745_02422 (length 852)
/home/dich3309/rnaseq-tnseq-enterococcus-analysis/analyses/04_annotation/structural/prokka/efaecium_e745:Prokka:EFM745_02423 (length 473)
/home/dich3309/rnaseq-tnseq-enterococcus-analysis/analyses/04_annotation/structural/prokka/efaecium_e745:Prokka:EFM745_02424 (length 625)
/home/dich3309/rnaseq-tnseq-enterococcus-analysis/analyses/04_annotation/structural/prokka/efaecium_e745:Prokka:EFM745_02425 (length 280)
/home/dich3309/rnaseq-tnseq-enterococcus-analysis/analyses/04_annotation/structural/prokka/efaecium_e745:Prokka:EFM745_02426 (length 291)
/home/dich3309/rnaseq-tnseq-enterococcus-analysis/analyses/04_annotation/structural/prokka/efaecium_e745:Prokka:EFM745_02427 (length 343)
/home/dich3309/rnaseq-tnseq-enterococcus-analysis/analyses/04_annotation/structural/prokka/efaecium_e745:Prokka:EFM745_02428 (length 101)
/home/dich3309/rnaseq-tnseq-enterococcus-analysis/analyses/04_annotation/structural/prokka/efaecium_e745:Prokka:EFM745_02429 (length 671)
/home/dich3309/rnaseq-tnseq-enterococcus-analysis/analyses/04_annotation/structural/prokka/efaecium_e745:Prokka:EFM745_02430 (length 94)
/home/dich3309/rnaseq-tnseq-enterococcus-analysis/analyses/04_annotation/structural/prokka/efaecium_e745:Prokka:EFM745_02431 (length 457)
/home/dich3309/rnaseq-tnseq-enterococcus-analysis/analyses/04_annotation/structural/prokka/efaecium_e745:Prokka:EFM745_02432 (length 671)
/home/dich3309/rnaseq-tnseq-enterococcus-analysis/analyses/04_annotation/structural/prokka/efaecium_e745:Prokka:EFM745_02433 (length 402)
/home/dich3309/rnaseq-tnseq-enterococcus-analysis/analyses/04_annotation/structural/prokka/efaecium_e745:Prokka:EFM745_02434 (length 314)
/home/dich3309/rnaseq-tnseq-enterococcus-analysis/analyses/04_annotation/structural/prokka/efaecium_e745:Prokka:EFM745_02435 (length 57)
/home/dich3309/rnaseq-tnseq-enterococcus-analysis/analyses/04_annotation/structural/prokka/efaecium_e745:Prokka:EFM745_02436 (length 314)
/home/dich3309/rnaseq-tnseq-enterococcus-analysis/analyses/04_annotation/structural/prokka/efaecium_e745:Prokka:EFM745_02437 (length 132)
/home/dich3309/rnaseq-tnseq-enterococcus-analysis/analyses/04_annotation/structural/prokka/efaecium_e745:Prokka:EFM745_02438 (length 78)
/home/dich3309/rnaseq-tnseq-enterococcus-analysis/analyses/04_annotation/structural/prokka/efaecium_e745:Prokka:EFM745_02439 (length 105)
/home/dich3309/rnaseq-tnseq-enterococcus-analysis/analyses/04_annotation/structural/prokka/efaecium_e745:Prokka:EFM745_02440 (length 742)
/home/dich3309/rnaseq-tnseq-enterococcus-analysis/analyses/04_annotation/structural/prokka/efaecium_e745:Prokka:EFM745_02441 (length 136)
/home/dich3309/rnaseq-tnseq-enterococcus-analysis/analyses/04_annotation/structural/prokka/efaecium_e745:Prokka:EFM745_02442 (length 387)
/home/dich3309/rnaseq-tnseq-enterococcus-analysis/analyses/04_annotation/structural/prokka/efaecium_e745:Prokka:EFM745_02443 (length 284)
/home/dich3309/rnaseq-tnseq-enterococcus-analysis/analyses/04_annotation/structural/prokka/efaecium_e745:Prokka:EFM745_02444 (length 256)
/home/dich3309/rnaseq-tnseq-enterococcus-analysis/analyses/04_annotation/structural/prokka/efaecium_e745:Prokka:EFM745_02445 (length 293)
/home/dich3309/rnaseq-tnseq-enterococcus-analysis/analyses/04_annotation/structural/prokka/efaecium_e745:Prokka:EFM745_02446 (length 349)
/home/dich3309/rnaseq-tnseq-enterococcus-analysis/analyses/04_annotation/structural/prokka/efaecium_e745:Prokka:EFM745_02447 (length 207)
/home/dich3309/rnaseq-tnseq-enterococcus-analysis/analyses/04_annotation/structural/prokka/efaecium_e745:Prokka:EFM745_02448 (length 317)
/home/dich3309/rnaseq-tnseq-enterococcus-analysis/analyses/04_annotation/structural/prokka/efaecium_e745:Prokka:EFM745_02449 (length 568)
/home/dich3309/rnaseq-tnseq-enterococcus-analysis/analyses/04_annotation/structural/prokka/efaecium_e745:Prokka:EFM745_02450 (length 300)
/home/dich3309/rnaseq-tnseq-enterococcus-analysis/analyses/04_annotation/structural/prokka/efaecium_e745:Prokka:EFM745_02451 (length 234)
/home/dich3309/rnaseq-tnseq-enterococcus-analysis/analyses/04_annotation/structural/prokka/efaecium_e745:Prokka:EFM745_02452 (length 213)
/home/dich3309/rnaseq-tnseq-enterococcus-analysis/analyses/04_annotation/structural/prokka/efaecium_e745:Prokka:EFM745_02453 (length 209)
/home/dich3309/rnaseq-tnseq-enterococcus-analysis/analyses/04_annotation/structural/prokka/efaecium_e745:Prokka:EFM745_02454 (length 238)
/home/dich3309/rnaseq-tnseq-enterococcus-analysis/analyses/04_annotation/structural/prokka/efaecium_e745:Prokka:EFM745_02455 (length 310)
/home/dich3309/rnaseq-tnseq-enterococcus-analysis/analyses/04_annotation/structural/prokka/efaecium_e745:Prokka:EFM745_02456 (length 117)
/home/dich3309/rnaseq-tnseq-enterococcus-analysis/analyses/04_annotation/structural/prokka/efaecium_e745:Prokka:EFM745_02457 (length 148)
/home/dich3309/rnaseq-tnseq-enterococcus-analysis/analyses/04_annotation/structural/prokka/efaecium_e745:Prokka:EFM745_02458 (length 1061)
/home/dich3309/rnaseq-tnseq-enterococcus-analysis/analyses/04_annotation/structural/prokka/efaecium_e745:Prokka:EFM745_02459 (length 358)
/home/dich3309/rnaseq-tnseq-enterococcus-analysis/analyses/04_annotation/structural/prokka/efaecium_e745:Prokka:EFM745_02460 (length 426)
/home/dich3309/rnaseq-tnseq-enterococcus-analysis/analyses/04_annotation/structural/prokka/efaecium_e745:Prokka:EFM745_02461 (length 308)
/home/dich3309/rnaseq-tnseq-enterococcus-analysis/analyses/04_annotation/structural/prokka/efaecium_e745:Prokka:EFM745_02462 (length 427)
/home/dich3309/rnaseq-tnseq-enterococcus-analysis/analyses/04_annotation/structural/prokka/efaecium_e745:Prokka:EFM745_02463 (length 179)
/home/dich3309/rnaseq-tnseq-enterococcus-analysis/analyses/04_annotation/structural/prokka/efaecium_e745:Prokka:EFM745_02465 (length 303)
/home/dich3309/rnaseq-tnseq-enterococcus-analysis/analyses/04_annotation/structural/prokka/efaecium_e745:Prokka:EFM745_02466 (length 154)
/home/dich3309/rnaseq-tnseq-enterococcus-analysis/analyses/04_annotation/structural/prokka/efaecium_e745:Prokka:EFM745_02467 (length 232)
/home/dich3309/rnaseq-tnseq-enterococcus-analysis/analyses/04_annotation/structural/prokka/efaecium_e745:Prokka:EFM745_02468 (length 128)
/home/dich3309/rnaseq-tnseq-enterococcus-analysis/analyses/04_annotation/structural/prokka/efaecium_e745:Prokka:EFM745_02469 (length 556)
/home/dich3309/rnaseq-tnseq-enterococcus-analysis/analyses/04_annotation/structural/prokka/efaecium_e745:Prokka:EFM745_02470 (length 77)
/home/dich3309/rnaseq-tnseq-enterococcus-analysis/analyses/04_annotation/structural/prokka/efaecium_e745:Prokka:EFM745_02471 (length 143)
/home/dich3309/rnaseq-tnseq-enterococcus-analysis/analyses/04_annotation/structural/prokka/efaecium_e745:Prokka:EFM745_02472 (length 137)
/home/dich3309/rnaseq-tnseq-enterococcus-analysis/analyses/04_annotation/structural/prokka/efaecium_e745:Prokka:EFM745_02473 (length 382)
/home/dich3309/rnaseq-tnseq-enterococcus-analysis/analyses/04_annotation/structural/prokka/efaecium_e745:Prokka:EFM745_02474 (length 198)
/home/dich3309/rnaseq-tnseq-enterococcus-analysis/analyses/04_annotation/structural/prokka/efaecium_e745:Prokka:EFM745_02475 (length 880)
/home/dich3309/rnaseq-tnseq-enterococcus-analysis/analyses/04_annotation/structural/prokka/efaecium_e745:Prokka:EFM745_02476 (length 143)
/home/dich3309/rnaseq-tnseq-enterococcus-analysis/analyses/04_annotation/structural/prokka/efaecium_e745:Prokka:EFM745_02477 (length 449)
/home/dich3309/rnaseq-tnseq-enterococcus-analysis/analyses/04_annotation/structural/prokka/efaecium_e745:Prokka:EFM745_02478 (length 387)
/home/dich3309/rnaseq-tnseq-enterococcus-analysis/analyses/04_annotation/structural/prokka/efaecium_e745:Prokka:EFM745_02479 (length 107)
/home/dich3309/rnaseq-tnseq-enterococcus-analysis/analyses/04_annotation/structural/prokka/efaecium_e745:Prokka:EFM745_02480 (length 449)
/home/dich3309/rnaseq-tnseq-enterococcus-analysis/analyses/04_annotation/structural/prokka/efaecium_e745:Prokka:EFM745_02481 (length 317)
/home/dich3309/rnaseq-tnseq-enterococcus-analysis/analyses/04_annotation/structural/prokka/efaecium_e745:Prokka:EFM745_02482 (length 396)
/home/dich3309/rnaseq-tnseq-enterococcus-analysis/analyses/04_annotation/structural/prokka/efaecium_e745:Prokka:EFM745_02483 (length 73)
/home/dich3309/rnaseq-tnseq-enterococcus-analysis/analyses/04_annotation/structural/prokka/efaecium_e745:Prokka:EFM745_02484 (length 227)
/home/dich3309/rnaseq-tnseq-enterococcus-analysis/analyses/04_annotation/structural/prokka/efaecium_e745:Prokka:EFM745_02485 (length 498)
/home/dich3309/rnaseq-tnseq-enterococcus-analysis/analyses/04_annotation/structural/prokka/efaecium_e745:Prokka:EFM745_02486 (length 388)
/home/dich3309/rnaseq-tnseq-enterococcus-analysis/analyses/04_annotation/structural/prokka/efaecium_e745:Prokka:EFM745_02488 (length 139)
/home/dich3309/rnaseq-tnseq-enterococcus-analysis/analyses/04_annotation/structural/prokka/efaecium_e745:Prokka:EFM745_02489 (length 179)
/home/dich3309/rnaseq-tnseq-enterococcus-analysis/analyses/04_annotation/structural/prokka/efaecium_e745:Prokka:EFM745_02490 (length 215)
/home/dich3309/rnaseq-tnseq-enterococcus-analysis/analyses/04_annotation/structural/prokka/efaecium_e745:Prokka:EFM745_02491 (length 793)
/home/dich3309/rnaseq-tnseq-enterococcus-analysis/analyses/04_annotation/structural/prokka/efaecium_e745:Prokka:EFM745_02492 (length 431)
/home/dich3309/rnaseq-tnseq-enterococcus-analysis/analyses/04_annotation/structural/prokka/efaecium_e745:Prokka:EFM745_02493 (length 165)
/home/dich3309/rnaseq-tnseq-enterococcus-analysis/analyses/04_annotation/structural/prokka/efaecium_e745:Prokka:EFM745_02494 (length 225)
/home/dich3309/rnaseq-tnseq-enterococcus-analysis/analyses/04_annotation/structural/prokka/efaecium_e745:Prokka:EFM745_02495 (length 232)
/home/dich3309/rnaseq-tnseq-enterococcus-analysis/analyses/04_annotation/structural/prokka/efaecium_e745:Prokka:EFM745_02496 (length 394)
/home/dich3309/rnaseq-tnseq-enterococcus-analysis/analyses/04_annotation/structural/prokka/efaecium_e745:Prokka:EFM745_02497 (length 147)
/home/dich3309/rnaseq-tnseq-enterococcus-analysis/analyses/04_annotation/structural/prokka/efaecium_e745:Prokka:EFM745_02498 (length 95)
/home/dich3309/rnaseq-tnseq-enterococcus-analysis/analyses/04_annotation/structural/prokka/efaecium_e745:Prokka:EFM745_02499 (length 450)
/home/dich3309/rnaseq-tnseq-enterococcus-analysis/analyses/04_annotation/structural/prokka/efaecium_e745:Prokka:EFM745_02500 (length 148)
/home/dich3309/rnaseq-tnseq-enterococcus-analysis/analyses/04_annotation/structural/prokka/efaecium_e745:Prokka:EFM745_02501 (length 308)
/home/dich3309/rnaseq-tnseq-enterococcus-analysis/analyses/04_annotation/structural/prokka/efaecium_e745:Prokka:EFM745_02502 (length 295)
/home/dich3309/rnaseq-tnseq-enterococcus-analysis/analyses/04_annotation/structural/prokka/efaecium_e745:Prokka:EFM745_02503 (length 317)
/home/dich3309/rnaseq-tnseq-enterococcus-analysis/analyses/04_annotation/structural/prokka/efaecium_e745:Prokka:EFM745_02504 (length 665)
/home/dich3309/rnaseq-tnseq-enterococcus-analysis/analyses/04_annotation/structural/prokka/efaecium_e745:Prokka:EFM745_02505 (length 83)
/home/dich3309/rnaseq-tnseq-enterococcus-analysis/analyses/04_annotation/structural/prokka/efaecium_e745:Prokka:EFM745_02506 (length 207)
/home/dich3309/rnaseq-tnseq-enterococcus-analysis/analyses/04_annotation/structural/prokka/efaecium_e745:Prokka:EFM745_02507 (length 72)
/home/dich3309/rnaseq-tnseq-enterococcus-analysis/analyses/04_annotation/structural/prokka/efaecium_e745:Prokka:EFM745_02508 (length 170)
/home/dich3309/rnaseq-tnseq-enterococcus-analysis/analyses/04_annotation/structural/prokka/efaecium_e745:Prokka:EFM745_02509 (length 765)
/home/dich3309/rnaseq-tnseq-enterococcus-analysis/analyses/04_annotation/structural/prokka/efaecium_e745:Prokka:EFM745_02510 (length 144)
/home/dich3309/rnaseq-tnseq-enterococcus-analysis/analyses/04_annotation/structural/prokka/efaecium_e745:Prokka:EFM745_02511 (length 262)
/home/dich3309/rnaseq-tnseq-enterococcus-analysis/analyses/04_annotation/structural/prokka/efaecium_e745:Prokka:EFM745_02512 (length 313)
/home/dich3309/rnaseq-tnseq-enterococcus-analysis/analyses/04_annotation/structural/prokka/efaecium_e745:Prokka:EFM745_02513 (length 195)
/home/dich3309/rnaseq-tnseq-enterococcus-analysis/analyses/04_annotation/structural/prokka/efaecium_e745:Prokka:EFM745_02514 (length 437)
/home/dich3309/rnaseq-tnseq-enterococcus-analysis/analyses/04_annotation/structural/prokka/efaecium_e745:Prokka:EFM745_02515 (length 336)
/home/dich3309/rnaseq-tnseq-enterococcus-analysis/analyses/04_annotation/structural/prokka/efaecium_e745:Prokka:EFM745_02516 (length 311)
/home/dich3309/rnaseq-tnseq-enterococcus-analysis/analyses/04_annotation/structural/prokka/efaecium_e745:Prokka:EFM745_02517 (length 319)
/home/dich3309/rnaseq-tnseq-enterococcus-analysis/analyses/04_annotation/structural/prokka/efaecium_e745:Prokka:EFM745_02518 (length 364)
/home/dich3309/rnaseq-tnseq-enterococcus-analysis/analyses/04_annotation/structural/prokka/efaecium_e745:Prokka:EFM745_02519 (length 253)
/home/dich3309/rnaseq-tnseq-enterococcus-analysis/analyses/04_annotation/structural/prokka/efaecium_e745:Prokka:EFM745_02520 (length 146)
/home/dich3309/rnaseq-tnseq-enterococcus-analysis/analyses/04_annotation/structural/prokka/efaecium_e745:Prokka:EFM745_02521 (length 251)
/home/dich3309/rnaseq-tnseq-enterococcus-analysis/analyses/04_annotation/structural/prokka/efaecium_e745:Prokka:EFM745_02522 (length 337)
/home/dich3309/rnaseq-tnseq-enterococcus-analysis/analyses/04_annotation/structural/prokka/efaecium_e745:Prokka:EFM745_02523 (length 306)
/home/dich3309/rnaseq-tnseq-enterococcus-analysis/analyses/04_annotation/structural/prokka/efaecium_e745:Prokka:EFM745_02524 (length 166)
/home/dich3309/rnaseq-tnseq-enterococcus-analysis/analyses/04_annotation/structural/prokka/efaecium_e745:Prokka:EFM745_02525 (length 172)
/home/dich3309/rnaseq-tnseq-enterococcus-analysis/analyses/04_annotation/structural/prokka/efaecium_e745:Prokka:EFM745_02526 (length 451)
/home/dich3309/rnaseq-tnseq-enterococcus-analysis/analyses/04_annotation/structural/prokka/efaecium_e745:Prokka:EFM745_02527 (length 277)
/home/dich3309/rnaseq-tnseq-enterococcus-analysis/analyses/04_annotation/structural/prokka/efaecium_e745:Prokka:EFM745_02528 (length 218)
/home/dich3309/rnaseq-tnseq-enterococcus-analysis/analyses/04_annotation/structural/prokka/efaecium_e745:Prokka:EFM745_02529 (length 215)
/home/dich3309/rnaseq-tnseq-enterococcus-analysis/analyses/04_annotation/structural/prokka/efaecium_e745:Prokka:EFM745_02530 (length 271)
/home/dich3309/rnaseq-tnseq-enterococcus-analysis/analyses/04_annotation/structural/prokka/efaecium_e745:Prokka:EFM745_02531 (length 245)
/home/dich3309/rnaseq-tnseq-enterococcus-analysis/analyses/04_annotation/structural/prokka/efaecium_e745:Prokka:EFM745_02532 (length 336)
/home/dich3309/rnaseq-tnseq-enterococcus-analysis/analyses/04_annotation/structural/prokka/efaecium_e745:Prokka:EFM745_02533 (length 806)
/home/dich3309/rnaseq-tnseq-enterococcus-analysis/analyses/04_annotation/structural/prokka/efaecium_e745:Prokka:EFM745_02534 (length 347)
/home/dich3309/rnaseq-tnseq-enterococcus-analysis/analyses/04_annotation/structural/prokka/efaecium_e745:Prokka:EFM745_02535 (length 113)
/home/dich3309/rnaseq-tnseq-enterococcus-analysis/analyses/04_annotation/structural/prokka/efaecium_e745:Prokka:EFM745_02536 (length 1240)
/home/dich3309/rnaseq-tnseq-enterococcus-analysis/analyses/04_annotation/structural/prokka/efaecium_e745:Prokka:EFM745_02537 (length 1175)
/home/dich3309/rnaseq-tnseq-enterococcus-analysis/analyses/04_annotation/structural/prokka/efaecium_e745:Prokka:EFM745_02538 (length 431)
/home/dich3309/rnaseq-tnseq-enterococcus-analysis/analyses/04_annotation/structural/prokka/efaecium_e745:Prokka:EFM745_02539 (length 276)
/home/dich3309/rnaseq-tnseq-enterococcus-analysis/analyses/04_annotation/structural/prokka/efaecium_e745:Prokka:EFM745_02540 (length 212)
/home/dich3309/rnaseq-tnseq-enterococcus-analysis/analyses/04_annotation/structural/prokka/efaecium_e745:Prokka:EFM745_02541 (length 198)
/home/dich3309/rnaseq-tnseq-enterococcus-analysis/analyses/04_annotation/structural/prokka/efaecium_e745:Prokka:EFM745_02542 (length 160)
/home/dich3309/rnaseq-tnseq-enterococcus-analysis/analyses/04_annotation/structural/prokka/efaecium_e745:Prokka:EFM745_02543 (length 65)
/home/dich3309/rnaseq-tnseq-enterococcus-analysis/analyses/04_annotation/structural/prokka/efaecium_e745:Prokka:EFM745_02544 (length 252)
/home/dich3309/rnaseq-tnseq-enterococcus-analysis/analyses/04_annotation/structural/prokka/efaecium_e745:Prokka:EFM745_02545 (length 142)
/home/dich3309/rnaseq-tnseq-enterococcus-analysis/analyses/04_annotation/structural/prokka/efaecium_e745:Prokka:EFM745_02547 (length 123)
/home/dich3309/rnaseq-tnseq-enterococcus-analysis/analyses/04_annotation/structural/prokka/efaecium_e745:Prokka:EFM745_02548 (length 61)
/home/dich3309/rnaseq-tnseq-enterococcus-analysis/analyses/04_annotation/structural/prokka/efaecium_e745:Prokka:EFM745_02549 (length 62)
/home/dich3309/rnaseq-tnseq-enterococcus-analysis/analyses/04_annotation/structural/prokka/efaecium_e745:Prokka:EFM745_02550 (length 87)
/home/dich3309/rnaseq-tnseq-enterococcus-analysis/analyses/04_annotation/structural/prokka/efaecium_e745:Prokka:EFM745_02551 (length 85)
/home/dich3309/rnaseq-tnseq-enterococcus-analysis/analyses/04_annotation/structural/prokka/efaecium_e745:Prokka:EFM745_02552 (length 63)
/home/dich3309/rnaseq-tnseq-enterococcus-analysis/analyses/04_annotation/structural/prokka/efaecium_e745:Prokka:EFM745_02553 (length 106)
/home/dich3309/rnaseq-tnseq-enterococcus-analysis/analyses/04_annotation/structural/prokka/efaecium_e745:Prokka:EFM745_02554 (length 144)
/home/dich3309/rnaseq-tnseq-enterococcus-analysis/analyses/04_annotation/structural/prokka/efaecium_e745:Prokka:EFM745_02555 (length 212)
/home/dich3309/rnaseq-tnseq-enterococcus-analysis/analyses/04_annotation/structural/prokka/efaecium_e745:Prokka:EFM745_02557 (length 166)
/home/dich3309/rnaseq-tnseq-enterococcus-analysis/analyses/04_annotation/structural/prokka/efaecium_e745:Prokka:EFM745_02558 (length 114)
/home/dich3309/rnaseq-tnseq-enterococcus-analysis/analyses/04_annotation/structural/prokka/efaecium_e745:Prokka:EFM745_02559 (length 312)
/home/dich3309/rnaseq-tnseq-enterococcus-analysis/analyses/04_annotation/structural/prokka/efaecium_e745:Prokka:EFM745_02560 (length 163)
/home/dich3309/rnaseq-tnseq-enterococcus-analysis/analyses/04_annotation/structural/prokka/efaecium_e745:Prokka:EFM745_02561 (length 791)
/home/dich3309/rnaseq-tnseq-enterococcus-analysis/analyses/04_annotation/structural/prokka/efaecium_e745:Prokka:EFM745_02562 (length 208)
/home/dich3309/rnaseq-tnseq-enterococcus-analysis/analyses/04_annotation/structural/prokka/efaecium_e745:Prokka:EFM745_02563 (length 234)
/home/dich3309/rnaseq-tnseq-enterococcus-analysis/analyses/04_annotation/structural/prokka/efaecium_e745:Prokka:EFM745_02564 (length 277)
/home/dich3309/rnaseq-tnseq-enterococcus-analysis/analyses/04_annotation/structural/prokka/efaecium_e745:Prokka:EFM745_02565 (length 642)
/home/dich3309/rnaseq-tnseq-enterococcus-analysis/analyses/04_annotation/structural/prokka/efaecium_e745:Prokka:EFM745_02566 (length 151)
/home/dich3309/rnaseq-tnseq-enterococcus-analysis/analyses/04_annotation/structural/prokka/efaecium_e745:Prokka:EFM745_02567 (length 89)
/home/dich3309/rnaseq-tnseq-enterococcus-analysis/analyses/04_annotation/structural/prokka/efaecium_e745:Prokka:EFM745_02568 (length 84)
/home/dich3309/rnaseq-tnseq-enterococcus-analysis/analyses/04_annotation/structural/prokka/efaecium_e745:Prokka:EFM745_02569 (length 348)
/home/dich3309/rnaseq-tnseq-enterococcus-analysis/analyses/04_annotation/structural/prokka/efaecium_e745:Prokka:EFM745_02570 (length 757)
/home/dich3309/rnaseq-tnseq-enterococcus-analysis/analyses/04_annotation/structural/prokka/efaecium_e745:Prokka:EFM745_02571 (length 179)
/home/dich3309/rnaseq-tnseq-enterococcus-analysis/analyses/04_annotation/structural/prokka/efaecium_e745:Prokka:EFM745_02572 (length 72)
/home/dich3309/rnaseq-tnseq-enterococcus-analysis/analyses/04_annotation/structural/prokka/efaecium_e745:Prokka:EFM745_02573 (length 81)
/home/dich3309/rnaseq-tnseq-enterococcus-analysis/analyses/04_annotation/structural/prokka/efaecium_e745:Prokka:EFM745_02574 (length 205)
/home/dich3309/rnaseq-tnseq-enterococcus-analysis/analyses/04_annotation/structural/prokka/efaecium_e745:Prokka:EFM745_02575 (length 347)
/home/dich3309/rnaseq-tnseq-enterococcus-analysis/analyses/04_annotation/structural/prokka/efaecium_e745:Prokka:EFM745_02576 (length 163)
/home/dich3309/rnaseq-tnseq-enterococcus-analysis/analyses/04_annotation/structural/prokka/efaecium_e745:Prokka:EFM745_02577 (length 186)
/home/dich3309/rnaseq-tnseq-enterococcus-analysis/analyses/04_annotation/structural/prokka/efaecium_e745:Prokka:EFM745_02578 (length 112)
/home/dich3309/rnaseq-tnseq-enterococcus-analysis/analyses/04_annotation/structural/prokka/efaecium_e745:Prokka:EFM745_02579 (length 148)
/home/dich3309/rnaseq-tnseq-enterococcus-analysis/analyses/04_annotation/structural/prokka/efaecium_e745:Prokka:EFM745_02580 (length 374)
/home/dich3309/rnaseq-tnseq-enterococcus-analysis/analyses/04_annotation/structural/prokka/efaecium_e745:Prokka:EFM745_02581 (length 1142)
/home/dich3309/rnaseq-tnseq-enterococcus-analysis/analyses/04_annotation/structural/prokka/efaecium_e745:Prokka:EFM745_02582 (length 387)
/home/dich3309/rnaseq-tnseq-enterococcus-analysis/analyses/04_annotation/structural/prokka/efaecium_e745:Prokka:EFM745_02583 (length 100)
/home/dich3309/rnaseq-tnseq-enterococcus-analysis/analyses/04_annotation/structural/prokka/efaecium_e745:Prokka:EFM745_02584 (length 590)
/home/dich3309/rnaseq-tnseq-enterococcus-analysis/analyses/04_annotation/structural/prokka/efaecium_e745:Prokka:EFM745_02585 (length 609)
/home/dich3309/rnaseq-tnseq-enterococcus-analysis/analyses/04_annotation/structural/prokka/efaecium_e745:Prokka:EFM745_02586 (length 252)
/home/dich3309/rnaseq-tnseq-enterococcus-analysis/analyses/04_annotation/structural/prokka/efaecium_e745:Prokka:EFM745_02587 (length 91)
/home/dich3309/rnaseq-tnseq-enterococcus-analysis/analyses/04_annotation/structural/prokka/efaecium_e745:Prokka:EFM745_02588 (length 468)
/home/dich3309/rnaseq-tnseq-enterococcus-analysis/analyses/04_annotation/structural/prokka/efaecium_e745:Prokka:EFM745_02589 (length 547)
/home/dich3309/rnaseq-tnseq-enterococcus-analysis/analyses/04_annotation/structural/prokka/efaecium_e745:Prokka:EFM745_02590 (length 325)
/home/dich3309/rnaseq-tnseq-enterococcus-analysis/analyses/04_annotation/structural/prokka/efaecium_e745:Prokka:EFM745_02591 (length 369)
/home/dich3309/rnaseq-tnseq-enterococcus-analysis/analyses/04_annotation/structural/prokka/efaecium_e745:Prokka:EFM745_02592 (length 474)
/home/dich3309/rnaseq-tnseq-enterococcus-analysis/analyses/04_annotation/structural/prokka/efaecium_e745:Prokka:EFM745_02593 (length 325)
/home/dich3309/rnaseq-tnseq-enterococcus-analysis/analyses/04_annotation/structural/prokka/efaecium_e745:Prokka:EFM745_02594 (length 401)
/home/dich3309/rnaseq-tnseq-enterococcus-analysis/analyses/04_annotation/structural/prokka/efaecium_e745:Prokka:EFM745_02595 (length 508)
/home/dich3309/rnaseq-tnseq-enterococcus-analysis/analyses/04_annotation/structural/prokka/efaecium_e745:Prokka:EFM745_02596 (length 362)
/home/dich3309/rnaseq-tnseq-enterococcus-analysis/analyses/04_annotation/structural/prokka/efaecium_e745:Prokka:EFM745_02597 (length 338)
/home/dich3309/rnaseq-tnseq-enterococcus-analysis/analyses/04_annotation/structural/prokka/efaecium_e745:Prokka:EFM745_02598 (length 483)
/home/dich3309/rnaseq-tnseq-enterococcus-analysis/analyses/04_annotation/structural/prokka/efaecium_e745:Prokka:EFM745_02599 (length 521)
/home/dich3309/rnaseq-tnseq-enterococcus-analysis/analyses/04_annotation/structural/prokka/efaecium_e745:Prokka:EFM745_02600 (length 304)
/home/dich3309/rnaseq-tnseq-enterococcus-analysis/analyses/04_annotation/structural/prokka/efaecium_e745:Prokka:EFM745_02601 (length 424)
/home/dich3309/rnaseq-tnseq-enterococcus-analysis/analyses/04_annotation/structural/prokka/efaecium_e745:Prokka:EFM745_02602 (length 511)
/home/dich3309/rnaseq-tnseq-enterococcus-analysis/analyses/04_annotation/structural/prokka/efaecium_e745:Prokka:EFM745_02603 (length 192)
/home/dich3309/rnaseq-tnseq-enterococcus-analysis/analyses/04_annotation/structural/prokka/efaecium_e745:Prokka:EFM745_02604 (length 350)
/home/dich3309/rnaseq-tnseq-enterococcus-analysis/analyses/04_annotation/structural/prokka/efaecium_e745:Prokka:EFM745_02605 (length 479)
/home/dich3309/rnaseq-tnseq-enterococcus-analysis/analyses/04_annotation/structural/prokka/efaecium_e745:Prokka:EFM745_02606 (length 740)
/home/dich3309/rnaseq-tnseq-enterococcus-analysis/analyses/04_annotation/structural/prokka/efaecium_e745:Prokka:EFM745_02607 (length 223)
/home/dich3309/rnaseq-tnseq-enterococcus-analysis/analyses/04_annotation/structural/prokka/efaecium_e745:Prokka:EFM745_02608 (length 84)
/home/dich3309/rnaseq-tnseq-enterococcus-analysis/analyses/04_annotation/structural/prokka/efaecium_e745:Prokka:EFM745_02609 (length 242)
/home/dich3309/rnaseq-tnseq-enterococcus-analysis/analyses/04_annotation/structural/prokka/efaecium_e745:Prokka:EFM745_02610 (length 125)
/home/dich3309/rnaseq-tnseq-enterococcus-analysis/analyses/04_annotation/structural/prokka/efaecium_e745:Prokka:EFM745_02611 (length 431)
/home/dich3309/rnaseq-tnseq-enterococcus-analysis/analyses/04_annotation/structural/prokka/efaecium_e745:Prokka:EFM745_02612 (length 374)
/home/dich3309/rnaseq-tnseq-enterococcus-analysis/analyses/04_annotation/structural/prokka/efaecium_e745:Prokka:EFM745_02613 (length 162)
/home/dich3309/rnaseq-tnseq-enterococcus-analysis/analyses/04_annotation/structural/prokka/efaecium_e745:Prokka:EFM745_02614 (length 435)
/home/dich3309/rnaseq-tnseq-enterococcus-analysis/analyses/04_annotation/structural/prokka/efaecium_e745:Prokka:EFM745_02615 (length 193)
/home/dich3309/rnaseq-tnseq-enterococcus-analysis/analyses/04_annotation/structural/prokka/efaecium_e745:Prokka:EFM745_02617 (length 430)
/home/dich3309/rnaseq-tnseq-enterococcus-analysis/analyses/04_annotation/structural/prokka/efaecium_e745:Prokka:EFM745_02618 (length 207)
/home/dich3309/rnaseq-tnseq-enterococcus-analysis/analyses/04_annotation/structural/prokka/efaecium_e745:Prokka:EFM745_02619 (length 278)
/home/dich3309/rnaseq-tnseq-enterococcus-analysis/analyses/04_annotation/structural/prokka/efaecium_e745:Prokka:EFM745_02620 (length 295)
/home/dich3309/rnaseq-tnseq-enterococcus-analysis/analyses/04_annotation/structural/prokka/efaecium_e745:Prokka:EFM745_02621 (length 427)
/home/dich3309/rnaseq-tnseq-enterococcus-analysis/analyses/04_annotation/structural/prokka/efaecium_e745:Prokka:EFM745_02622 (length 227)
/home/dich3309/rnaseq-tnseq-enterococcus-analysis/analyses/04_annotation/structural/prokka/efaecium_e745:Prokka:EFM745_02623 (length 205)
/home/dich3309/rnaseq-tnseq-enterococcus-analysis/analyses/04_annotation/structural/prokka/efaecium_e745:Prokka:EFM745_02624 (length 274)
/home/dich3309/rnaseq-tnseq-enterococcus-analysis/analyses/04_annotation/structural/prokka/efaecium_e745:Prokka:EFM745_02625 (length 186)
/home/dich3309/rnaseq-tnseq-enterococcus-analysis/analyses/04_annotation/structural/prokka/efaecium_e745:Prokka:EFM745_02626 (length 315)
/home/dich3309/rnaseq-tnseq-enterococcus-analysis/analyses/04_annotation/structural/prokka/efaecium_e745:Prokka:EFM745_02627 (length 318)
/home/dich3309/rnaseq-tnseq-enterococcus-analysis/analyses/04_annotation/structural/prokka/efaecium_e745:Prokka:EFM745_02628 (length 200)
/home/dich3309/rnaseq-tnseq-enterococcus-analysis/analyses/04_annotation/structural/prokka/efaecium_e745:Prokka:EFM745_02629 (length 499)
/home/dich3309/rnaseq-tnseq-enterococcus-analysis/analyses/04_annotation/structural/prokka/efaecium_e745:Prokka:EFM745_02630 (length 174)
/home/dich3309/rnaseq-tnseq-enterococcus-analysis/analyses/04_annotation/structural/prokka/efaecium_e745:Prokka:EFM745_02631 (length 290)
/home/dich3309/rnaseq-tnseq-enterococcus-analysis/analyses/04_annotation/structural/prokka/efaecium_e745:Prokka:EFM745_02632 (length 261)
/home/dich3309/rnaseq-tnseq-enterococcus-analysis/analyses/04_annotation/structural/prokka/efaecium_e745:Prokka:EFM745_02633 (length 238)
/home/dich3309/rnaseq-tnseq-enterococcus-analysis/analyses/04_annotation/structural/prokka/efaecium_e745:Prokka:EFM745_02634 (length 339)
/home/dich3309/rnaseq-tnseq-enterococcus-analysis/analyses/04_annotation/structural/prokka/efaecium_e745:Prokka:EFM745_02635 (length 352)
/home/dich3309/rnaseq-tnseq-enterococcus-analysis/analyses/04_annotation/structural/prokka/efaecium_e745:Prokka:EFM745_02636 (length 382)
/home/dich3309/rnaseq-tnseq-enterococcus-analysis/analyses/04_annotation/structural/prokka/efaecium_e745:Prokka:EFM745_02637 (length 278)
/home/dich3309/rnaseq-tnseq-enterococcus-analysis/analyses/04_annotation/structural/prokka/efaecium_e745:Prokka:EFM745_02638 (length 406)
/home/dich3309/rnaseq-tnseq-enterococcus-analysis/analyses/04_annotation/structural/prokka/efaecium_e745:Prokka:EFM745_02639 (length 53)
/home/dich3309/rnaseq-tnseq-enterococcus-analysis/analyses/04_annotation/structural/prokka/efaecium_e745:Prokka:EFM745_02641 (length 192)
/home/dich3309/rnaseq-tnseq-enterococcus-analysis/analyses/04_annotation/structural/prokka/efaecium_e745:Prokka:EFM745_02642 (length 128)
/home/dich3309/rnaseq-tnseq-enterococcus-analysis/analyses/04_annotation/structural/prokka/efaecium_e745:Prokka:EFM745_02643 (length 392)
/home/dich3309/rnaseq-tnseq-enterococcus-analysis/analyses/04_annotation/structural/prokka/efaecium_e745:Prokka:EFM745_02644 (length 108)
/home/dich3309/rnaseq-tnseq-enterococcus-analysis/analyses/04_annotation/structural/prokka/efaecium_e745:Prokka:EFM745_02645 (length 80)
/home/dich3309/rnaseq-tnseq-enterococcus-analysis/analyses/04_annotation/structural/prokka/efaecium_e745:Prokka:EFM745_02646 (length 96)
/home/dich3309/rnaseq-tnseq-enterococcus-analysis/analyses/04_annotation/structural/prokka/efaecium_e745:Prokka:EFM745_02647 (length 230)
/home/dich3309/rnaseq-tnseq-enterococcus-analysis/analyses/04_annotation/structural/prokka/efaecium_e745:Prokka:EFM745_02648 (length 207)
/home/dich3309/rnaseq-tnseq-enterococcus-analysis/analyses/04_annotation/structural/prokka/efaecium_e745:Prokka:EFM745_02649 (length 240)
/home/dich3309/rnaseq-tnseq-enterococcus-analysis/analyses/04_annotation/structural/prokka/efaecium_e745:Prokka:EFM745_02650 (length 245)
/home/dich3309/rnaseq-tnseq-enterococcus-analysis/analyses/04_annotation/structural/prokka/efaecium_e745:Prokka:EFM745_02651 (length 330)
/home/dich3309/rnaseq-tnseq-enterococcus-analysis/analyses/04_annotation/structural/prokka/efaecium_e745:Prokka:EFM745_02652 (length 247)
/home/dich3309/rnaseq-tnseq-enterococcus-analysis/analyses/04_annotation/structural/prokka/efaecium_e745:Prokka:EFM745_02654 (length 440)
/home/dich3309/rnaseq-tnseq-enterococcus-analysis/analyses/04_annotation/structural/prokka/efaecium_e745:Prokka:EFM745_02655 (length 102)
/home/dich3309/rnaseq-tnseq-enterococcus-analysis/analyses/04_annotation/structural/prokka/efaecium_e745:Prokka:EFM745_02656 (length 230)
/home/dich3309/rnaseq-tnseq-enterococcus-analysis/analyses/04_annotation/structural/prokka/efaecium_e745:Prokka:EFM745_02657 (length 512)
/home/dich3309/rnaseq-tnseq-enterococcus-analysis/analyses/04_annotation/structural/prokka/efaecium_e745:Prokka:EFM745_02658 (length 95)
/home/dich3309/rnaseq-tnseq-enterococcus-analysis/analyses/04_annotation/structural/prokka/efaecium_e745:Prokka:EFM745_02659 (length 222)
/home/dich3309/rnaseq-tnseq-enterococcus-analysis/analyses/04_annotation/structural/prokka/efaecium_e745:Prokka:EFM745_02660 (length 246)
/home/dich3309/rnaseq-tnseq-enterococcus-analysis/analyses/04_annotation/structural/prokka/efaecium_e745:Prokka:EFM745_02661 (length 315)
/home/dich3309/rnaseq-tnseq-enterococcus-analysis/analyses/04_annotation/structural/prokka/efaecium_e745:Prokka:EFM745_02662 (length 254)
/home/dich3309/rnaseq-tnseq-enterococcus-analysis/analyses/04_annotation/structural/prokka/efaecium_e745:Prokka:EFM745_02663 (length 129)
/home/dich3309/rnaseq-tnseq-enterococcus-analysis/analyses/04_annotation/structural/prokka/efaecium_e745:Prokka:EFM745_02664 (length 180)
/home/dich3309/rnaseq-tnseq-enterococcus-analysis/analyses/04_annotation/structural/prokka/efaecium_e745:Prokka:EFM745_02665 (length 204)
/home/dich3309/rnaseq-tnseq-enterococcus-analysis/analyses/04_annotation/structural/prokka/efaecium_e745:Prokka:EFM745_02666 (length 297)
/home/dich3309/rnaseq-tnseq-enterococcus-analysis/analyses/04_annotation/structural/prokka/efaecium_e745:Prokka:EFM745_02667 (length 308)
/home/dich3309/rnaseq-tnseq-enterococcus-analysis/analyses/04_annotation/structural/prokka/efaecium_e745:Prokka:EFM745_02668 (length 253)
/home/dich3309/rnaseq-tnseq-enterococcus-analysis/analyses/04_annotation/structural/prokka/efaecium_e745:Prokka:EFM745_02669 (length 743)
/home/dich3309/rnaseq-tnseq-enterococcus-analysis/analyses/04_annotation/structural/prokka/efaecium_e745:Prokka:EFM745_02670 (length 816)
/home/dich3309/rnaseq-tnseq-enterococcus-analysis/analyses/04_annotation/structural/prokka/efaecium_e745:Prokka:EFM745_02671 (length 681)
/home/dich3309/rnaseq-tnseq-enterococcus-analysis/analyses/04_annotation/structural/prokka/efaecium_e745:Prokka:EFM745_02672 (length 144)
/home/dich3309/rnaseq-tnseq-enterococcus-analysis/analyses/04_annotation/structural/prokka/efaecium_e745:Prokka:EFM745_02673 (length 212)
/home/dich3309/rnaseq-tnseq-enterococcus-analysis/analyses/04_annotation/structural/prokka/efaecium_e745:Prokka:EFM745_02674 (length 291)
/home/dich3309/rnaseq-tnseq-enterococcus-analysis/analyses/04_annotation/structural/prokka/efaecium_e745:Prokka:EFM745_02675 (length 263)
/home/dich3309/rnaseq-tnseq-enterococcus-analysis/analyses/04_annotation/structural/prokka/efaecium_e745:Prokka:EFM745_02676 (length 466)
/home/dich3309/rnaseq-tnseq-enterococcus-analysis/analyses/04_annotation/structural/prokka/efaecium_e745:Prokka:EFM745_02677 (length 182)
/home/dich3309/rnaseq-tnseq-enterococcus-analysis/analyses/04_annotation/structural/prokka/efaecium_e745:Prokka:EFM745_02678 (length 301)
/home/dich3309/rnaseq-tnseq-enterococcus-analysis/analyses/04_annotation/structural/prokka/efaecium_e745:Prokka:EFM745_02679 (length 441)
/home/dich3309/rnaseq-tnseq-enterococcus-analysis/analyses/04_annotation/structural/prokka/efaecium_e745:Prokka:EFM745_02680 (length 692)
/home/dich3309/rnaseq-tnseq-enterococcus-analysis/analyses/04_annotation/structural/prokka/efaecium_e745:Prokka:EFM745_02681 (length 285)
/home/dich3309/rnaseq-tnseq-enterococcus-analysis/analyses/04_annotation/structural/prokka/efaecium_e745:Prokka:EFM745_02682 (length 255)
/home/dich3309/rnaseq-tnseq-enterococcus-analysis/analyses/04_annotation/structural/prokka/efaecium_e745:Prokka:EFM745_02683 (length 286)
/home/dich3309/rnaseq-tnseq-enterococcus-analysis/analyses/04_annotation/structural/prokka/efaecium_e745:Prokka:EFM745_02684 (length 132)
/home/dich3309/rnaseq-tnseq-enterococcus-analysis/analyses/04_annotation/structural/prokka/efaecium_e745:Prokka:EFM745_02685 (length 180)
/home/dich3309/rnaseq-tnseq-enterococcus-analysis/analyses/04_annotation/structural/prokka/efaecium_e745:Prokka:EFM745_02686 (length 183)
/home/dich3309/rnaseq-tnseq-enterococcus-analysis/analyses/04_annotation/structural/prokka/efaecium_e745:Prokka:EFM745_02687 (length 75)
/home/dich3309/rnaseq-tnseq-enterococcus-analysis/analyses/04_annotation/structural/prokka/efaecium_e745:Prokka:EFM745_02688 (length 172)
/home/dich3309/rnaseq-tnseq-enterococcus-analysis/analyses/04_annotation/structural/prokka/efaecium_e745:Prokka:EFM745_02689 (length 237)
/home/dich3309/rnaseq-tnseq-enterococcus-analysis/analyses/04_annotation/structural/prokka/efaecium_e745:Prokka:EFM745_02690 (length 298)
/home/dich3309/rnaseq-tnseq-enterococcus-analysis/analyses/04_annotation/structural/prokka/efaecium_e745:Prokka:EFM745_02691 (length 280)
/home/dich3309/rnaseq-tnseq-enterococcus-analysis/analyses/04_annotation/structural/prokka/efaecium_e745:Prokka:EFM745_02692 (length 217)
/home/dich3309/rnaseq-tnseq-enterococcus-analysis/analyses/04_annotation/structural/prokka/efaecium_e745:Prokka:EFM745_02693 (length 175)
/home/dich3309/rnaseq-tnseq-enterococcus-analysis/analyses/04_annotation/structural/prokka/efaecium_e745:Prokka:EFM745_02694 (length 315)
/home/dich3309/rnaseq-tnseq-enterococcus-analysis/analyses/04_annotation/structural/prokka/efaecium_e745:Prokka:EFM745_02695 (length 628)
/home/dich3309/rnaseq-tnseq-enterococcus-analysis/analyses/04_annotation/structural/prokka/efaecium_e745:Prokka:EFM745_02696 (length 692)
/home/dich3309/rnaseq-tnseq-enterococcus-analysis/analyses/04_annotation/structural/prokka/efaecium_e745:Prokka:EFM745_02697 (length 91)
/home/dich3309/rnaseq-tnseq-enterococcus-analysis/analyses/04_annotation/structural/prokka/efaecium_e745:Prokka:EFM745_02698 (length 151)
/home/dich3309/rnaseq-tnseq-enterococcus-analysis/analyses/04_annotation/structural/prokka/efaecium_e745:Prokka:EFM745_02699 (length 402)
/home/dich3309/rnaseq-tnseq-enterococcus-analysis/analyses/04_annotation/structural/prokka/efaecium_e745:Prokka:EFM745_02700 (length 110)
/home/dich3309/rnaseq-tnseq-enterococcus-analysis/analyses/04_annotation/structural/prokka/efaecium_e745:Prokka:EFM745_02701 (length 291)
/home/dich3309/rnaseq-tnseq-enterococcus-analysis/analyses/04_annotation/structural/prokka/efaecium_e745:Prokka:EFM745_02702 (length 193)
/home/dich3309/rnaseq-tnseq-enterococcus-analysis/analyses/04_annotation/structural/prokka/efaecium_e745:Prokka:EFM745_02703 (length 419)
/home/dich3309/rnaseq-tnseq-enterococcus-analysis/analyses/04_annotation/structural/prokka/efaecium_e745:Prokka:EFM745_02704 (length 348)
/home/dich3309/rnaseq-tnseq-enterococcus-analysis/analyses/04_annotation/structural/prokka/efaecium_e745:Prokka:EFM745_02705 (length 91)
/home/dich3309/rnaseq-tnseq-enterococcus-analysis/analyses/04_annotation/structural/prokka/efaecium_e745:Prokka:EFM745_02706 (length 436)
/home/dich3309/rnaseq-tnseq-enterococcus-analysis/analyses/04_annotation/structural/prokka/efaecium_e745:Prokka:EFM745_02707 (length 409)
/home/dich3309/rnaseq-tnseq-enterococcus-analysis/analyses/04_annotation/structural/prokka/efaecium_e745:Prokka:EFM745_02708 (length 226)
/home/dich3309/rnaseq-tnseq-enterococcus-analysis/analyses/04_annotation/structural/prokka/efaecium_e745:Prokka:EFM745_02709 (length 211)
/home/dich3309/rnaseq-tnseq-enterococcus-analysis/analyses/04_annotation/structural/prokka/efaecium_e745:Prokka:EFM745_02710 (length 467)
/home/dich3309/rnaseq-tnseq-enterococcus-analysis/analyses/04_annotation/structural/prokka/efaecium_e745:Prokka:EFM745_02711 (length 343)
/home/dich3309/rnaseq-tnseq-enterococcus-analysis/analyses/04_annotation/structural/prokka/efaecium_e745:Prokka:EFM745_02712 (length 73)
/home/dich3309/rnaseq-tnseq-enterococcus-analysis/analyses/04_annotation/structural/prokka/efaecium_e745:Prokka:EFM745_02713 (length 245)
/home/dich3309/rnaseq-tnseq-enterococcus-analysis/analyses/04_annotation/structural/prokka/efaecium_e745:Prokka:EFM745_02714 (length 446)
/home/dich3309/rnaseq-tnseq-enterococcus-analysis/analyses/04_annotation/structural/prokka/efaecium_e745:Prokka:EFM745_02715 (length 507)
/home/dich3309/rnaseq-tnseq-enterococcus-analysis/analyses/04_annotation/structural/prokka/efaecium_e745:Prokka:EFM745_02716 (length 203)
/home/dich3309/rnaseq-tnseq-enterococcus-analysis/analyses/04_annotation/structural/prokka/efaecium_e745:Prokka:EFM745_02718 (length 238)
/home/dich3309/rnaseq-tnseq-enterococcus-analysis/analyses/04_annotation/structural/prokka/efaecium_e745:Prokka:EFM745_02719 (length 189)
/home/dich3309/rnaseq-tnseq-enterococcus-analysis/analyses/04_annotation/structural/prokka/efaecium_e745:Prokka:EFM745_02720 (length 265)
/home/dich3309/rnaseq-tnseq-enterococcus-analysis/analyses/04_annotation/structural/prokka/efaecium_e745:Prokka:EFM745_02721 (length 123)
/home/dich3309/rnaseq-tnseq-enterococcus-analysis/analyses/04_annotation/structural/prokka/efaecium_e745:Prokka:EFM745_02722 (length 295)
/home/dich3309/rnaseq-tnseq-enterococcus-analysis/analyses/04_annotation/structural/prokka/efaecium_e745:Prokka:EFM745_02723 (length 56)
/home/dich3309/rnaseq-tnseq-enterococcus-analysis/analyses/04_annotation/structural/prokka/efaecium_e745:Prokka:EFM745_02724 (length 155)
/home/dich3309/rnaseq-tnseq-enterococcus-analysis/analyses/04_annotation/structural/prokka/efaecium_e745:Prokka:EFM745_02725 (length 287)
/home/dich3309/rnaseq-tnseq-enterococcus-analysis/analyses/04_annotation/structural/prokka/efaecium_e745:Prokka:EFM745_02726 (length 700)
/home/dich3309/rnaseq-tnseq-enterococcus-analysis/analyses/04_annotation/structural/prokka/efaecium_e745:Prokka:EFM745_02727 (length 431)
/home/dich3309/rnaseq-tnseq-enterococcus-analysis/analyses/04_annotation/structural/prokka/efaecium_e745:Prokka:EFM745_02728 (length 369)
/home/dich3309/rnaseq-tnseq-enterococcus-analysis/analyses/04_annotation/structural/prokka/efaecium_e745:Prokka:EFM745_02729 (length 613)
/home/dich3309/rnaseq-tnseq-enterococcus-analysis/analyses/04_annotation/structural/prokka/efaecium_e745:Prokka:EFM745_02730 (length 771)
/home/dich3309/rnaseq-tnseq-enterococcus-analysis/analyses/04_annotation/structural/prokka/efaecium_e745:Prokka:EFM745_02731 (length 286)
/home/dich3309/rnaseq-tnseq-enterococcus-analysis/analyses/04_annotation/structural/prokka/efaecium_e745:Prokka:EFM745_02732 (length 113)
/home/dich3309/rnaseq-tnseq-enterococcus-analysis/analyses/04_annotation/structural/prokka/efaecium_e745:Prokka:EFM745_02733 (length 239)
/home/dich3309/rnaseq-tnseq-enterococcus-analysis/analyses/04_annotation/structural/prokka/efaecium_e745:Prokka:EFM745_02734 (length 863)
/home/dich3309/rnaseq-tnseq-enterococcus-analysis/analyses/04_annotation/structural/prokka/efaecium_e745:Prokka:EFM745_02735 (length 395)
/home/dich3309/rnaseq-tnseq-enterococcus-analysis/analyses/04_annotation/structural/prokka/efaecium_e745:Prokka:EFM745_02736 (length 118)
/home/dich3309/rnaseq-tnseq-enterococcus-analysis/analyses/04_annotation/structural/prokka/efaecium_e745:Prokka:EFM745_02737 (length 334)
/home/dich3309/rnaseq-tnseq-enterococcus-analysis/analyses/04_annotation/structural/prokka/efaecium_e745:Prokka:EFM745_02738 (length 283)
/home/dich3309/rnaseq-tnseq-enterococcus-analysis/analyses/04_annotation/structural/prokka/efaecium_e745:Prokka:EFM745_02739 (length 81)
/home/dich3309/rnaseq-tnseq-enterococcus-analysis/analyses/04_annotation/structural/prokka/efaecium_e745:Prokka:EFM745_02740 (length 234)
/home/dich3309/rnaseq-tnseq-enterococcus-analysis/analyses/04_annotation/structural/prokka/efaecium_e745:Prokka:EFM745_02741 (length 420)
/home/dich3309/rnaseq-tnseq-enterococcus-analysis/analyses/04_annotation/structural/prokka/efaecium_e745:Prokka:EFM745_02742 (length 406)
/home/dich3309/rnaseq-tnseq-enterococcus-analysis/analyses/04_annotation/structural/prokka/efaecium_e745:Prokka:EFM745_02743 (length 384)
/home/dich3309/rnaseq-tnseq-enterococcus-analysis/analyses/04_annotation/structural/prokka/efaecium_e745:Prokka:EFM745_02744 (length 250)
/home/dich3309/rnaseq-tnseq-enterococcus-analysis/analyses/04_annotation/structural/prokka/efaecium_e745:Prokka:EFM745_02745 (length 888)
/home/dich3309/rnaseq-tnseq-enterococcus-analysis/analyses/04_annotation/structural/prokka/efaecium_e745:Prokka:EFM745_02746 (length 483)
/home/dich3309/rnaseq-tnseq-enterococcus-analysis/analyses/04_annotation/structural/prokka/efaecium_e745:Prokka:EFM745_02747 (length 271)
/home/dich3309/rnaseq-tnseq-enterococcus-analysis/analyses/04_annotation/structural/prokka/efaecium_e745:Prokka:EFM745_02748 (length 91)
/home/dich3309/rnaseq-tnseq-enterococcus-analysis/analyses/04_annotation/structural/prokka/efaecium_e745:Prokka:EFM745_02749 (length 151)
/home/dich3309/rnaseq-tnseq-enterococcus-analysis/analyses/04_annotation/structural/prokka/efaecium_e745:Prokka:EFM745_02750 (length 249)
/home/dich3309/rnaseq-tnseq-enterococcus-analysis/analyses/04_annotation/structural/prokka/efaecium_e745:Prokka:EFM745_02751 (length 108)
/home/dich3309/rnaseq-tnseq-enterococcus-analysis/analyses/04_annotation/structural/prokka/efaecium_e745:Prokka:EFM745_02752 (length 146)
/home/dich3309/rnaseq-tnseq-enterococcus-analysis/analyses/04_annotation/structural/prokka/efaecium_e745:Prokka:EFM745_02753 (length 465)
/home/dich3309/rnaseq-tnseq-enterococcus-analysis/analyses/04_annotation/structural/prokka/efaecium_e745:Prokka:EFM745_02754 (length 423)
/home/dich3309/rnaseq-tnseq-enterococcus-analysis/analyses/04_annotation/structural/prokka/efaecium_e745:Prokka:EFM745_02755 (length 239)
/home/dich3309/rnaseq-tnseq-enterococcus-analysis/analyses/04_annotation/structural/prokka/efaecium_e745:Prokka:EFM745_02756 (length 324)
/home/dich3309/rnaseq-tnseq-enterococcus-analysis/analyses/04_annotation/structural/prokka/efaecium_e745:Prokka:EFM745_02757 (length 201)
/home/dich3309/rnaseq-tnseq-enterococcus-analysis/analyses/04_annotation/structural/prokka/efaecium_e745:Prokka:EFM745_02758 (length 250)
/home/dich3309/rnaseq-tnseq-enterococcus-analysis/analyses/04_annotation/structural/prokka/efaecium_e745:Prokka:EFM745_02759 (length 86)
/home/dich3309/rnaseq-tnseq-enterococcus-analysis/analyses/04_annotation/structural/prokka/efaecium_e745:Prokka:EFM745_02760 (length 453)
/home/dich3309/rnaseq-tnseq-enterococcus-analysis/analyses/04_annotation/structural/prokka/efaecium_e745:Prokka:EFM745_02761 (length 99)
/home/dich3309/rnaseq-tnseq-enterococcus-analysis/analyses/04_annotation/structural/prokka/efaecium_e745:Prokka:EFM745_02762 (length 152)
/home/dich3309/rnaseq-tnseq-enterococcus-analysis/analyses/04_annotation/structural/prokka/efaecium_e745:Prokka:EFM745_02763 (length 263)
/home/dich3309/rnaseq-tnseq-enterococcus-analysis/analyses/04_annotation/structural/prokka/efaecium_e745:Prokka:EFM745_02764 (length 317)
/home/dich3309/rnaseq-tnseq-enterococcus-analysis/analyses/04_annotation/structural/prokka/efaecium_e745:Prokka:EFM745_02765 (length 324)
/home/dich3309/rnaseq-tnseq-enterococcus-analysis/analyses/04_annotation/structural/prokka/efaecium_e745:Prokka:EFM745_02766 (length 144)
/home/dich3309/rnaseq-tnseq-enterococcus-analysis/analyses/04_annotation/structural/prokka/efaecium_e745:Prokka:EFM745_02767 (length 340)
/home/dich3309/rnaseq-tnseq-enterococcus-analysis/analyses/04_annotation/structural/prokka/efaecium_e745:Prokka:EFM745_02768 (length 140)
/home/dich3309/rnaseq-tnseq-enterococcus-analysis/analyses/04_annotation/structural/prokka/efaecium_e745:Prokka:EFM745_02769 (length 640)
/home/dich3309/rnaseq-tnseq-enterococcus-analysis/analyses/04_annotation/structural/prokka/efaecium_e745:Prokka:EFM745_02770 (length 646)
/home/dich3309/rnaseq-tnseq-enterococcus-analysis/analyses/04_annotation/structural/prokka/efaecium_e745:Prokka:EFM745_02771 (length 246)
/home/dich3309/rnaseq-tnseq-enterococcus-analysis/analyses/04_annotation/structural/prokka/efaecium_e745:Prokka:EFM745_02772 (length 363)
/home/dich3309/rnaseq-tnseq-enterococcus-analysis/analyses/04_annotation/structural/prokka/efaecium_e745:Prokka:EFM745_02773 (length 368)
/home/dich3309/rnaseq-tnseq-enterococcus-analysis/analyses/04_annotation/structural/prokka/efaecium_e745:Prokka:EFM745_02774 (length 225)
/home/dich3309/rnaseq-tnseq-enterococcus-analysis/analyses/04_annotation/structural/prokka/efaecium_e745:Prokka:EFM745_02775 (length 259)
/home/dich3309/rnaseq-tnseq-enterococcus-analysis/analyses/04_annotation/structural/prokka/efaecium_e745:Prokka:EFM745_02776 (length 116)
/home/dich3309/rnaseq-tnseq-enterococcus-analysis/analyses/04_annotation/structural/prokka/efaecium_e745:Prokka:EFM745_02777 (length 118)
/home/dich3309/rnaseq-tnseq-enterococcus-analysis/analyses/04_annotation/structural/prokka/efaecium_e745:Prokka:EFM745_02778 (length 416)
/home/dich3309/rnaseq-tnseq-enterococcus-analysis/analyses/04_annotation/structural/prokka/efaecium_e745:Prokka:EFM745_02779 (length 110)
/home/dich3309/rnaseq-tnseq-enterococcus-analysis/analyses/04_annotation/structural/prokka/efaecium_e745:Prokka:EFM745_02780 (length 620)
/home/dich3309/rnaseq-tnseq-enterococcus-analysis/analyses/04_annotation/structural/prokka/efaecium_e745:Prokka:EFM745_02781 (length 317)
/home/dich3309/rnaseq-tnseq-enterococcus-analysis/analyses/04_annotation/structural/prokka/efaecium_e745:Prokka:EFM745_02782 (length 64)
/home/dich3309/rnaseq-tnseq-enterococcus-analysis/analyses/04_annotation/structural/prokka/efaecium_e745:Prokka:EFM745_02783 (length 99)
/home/dich3309/rnaseq-tnseq-enterococcus-analysis/analyses/04_annotation/structural/prokka/efaecium_e745:Prokka:EFM745_02784 (length 144)
/home/dich3309/rnaseq-tnseq-enterococcus-analysis/analyses/04_annotation/structural/prokka/efaecium_e745:Prokka:EFM745_02785 (length 236)
/home/dich3309/rnaseq-tnseq-enterococcus-analysis/analyses/04_annotation/structural/prokka/efaecium_e745:Prokka:EFM745_02786 (length 286)
/home/dich3309/rnaseq-tnseq-enterococcus-analysis/analyses/04_annotation/structural/prokka/efaecium_e745:Prokka:EFM745_02787 (length 212)
/home/dich3309/rnaseq-tnseq-enterococcus-analysis/analyses/04_annotation/structural/prokka/efaecium_e745:Prokka:EFM745_02788 (length 99)
/home/dich3309/rnaseq-tnseq-enterococcus-analysis/analyses/04_annotation/structural/prokka/efaecium_e745:Prokka:EFM745_02789 (length 494)
/home/dich3309/rnaseq-tnseq-enterococcus-analysis/analyses/04_annotation/structural/prokka/efaecium_e745:Prokka:EFM745_02790 (length 153)
/home/dich3309/rnaseq-tnseq-enterococcus-analysis/analyses/04_annotation/structural/prokka/efaecium_e745:Prokka:EFM745_02791 (length 355)
/home/dich3309/rnaseq-tnseq-enterococcus-analysis/analyses/04_annotation/structural/prokka/efaecium_e745:Prokka:EFM745_02792 (length 256)
/home/dich3309/rnaseq-tnseq-enterococcus-analysis/analyses/04_annotation/structural/prokka/efaecium_e745:Prokka:EFM745_02793 (length 275)
/home/dich3309/rnaseq-tnseq-enterococcus-analysis/analyses/04_annotation/structural/prokka/efaecium_e745:Prokka:EFM745_02794 (length 411)
/home/dich3309/rnaseq-tnseq-enterococcus-analysis/analyses/04_annotation/structural/prokka/efaecium_e745:Prokka:EFM745_02795 (length 86)
/home/dich3309/rnaseq-tnseq-enterococcus-analysis/analyses/04_annotation/structural/prokka/efaecium_e745:Prokka:EFM745_02796 (length 433)
/home/dich3309/rnaseq-tnseq-enterococcus-analysis/analyses/04_annotation/structural/prokka/efaecium_e745:Prokka:EFM745_02797 (length 152)
/home/dich3309/rnaseq-tnseq-enterococcus-analysis/analyses/04_annotation/structural/prokka/efaecium_e745:Prokka:EFM745_02798 (length 442)
/home/dich3309/rnaseq-tnseq-enterococcus-analysis/analyses/04_annotation/structural/prokka/efaecium_e745:Prokka:EFM745_02799 (length 470)
/home/dich3309/rnaseq-tnseq-enterococcus-analysis/analyses/04_annotation/structural/prokka/efaecium_e745:Prokka:EFM745_02800 (length 254)
/home/dich3309/rnaseq-tnseq-enterococcus-analysis/analyses/04_annotation/structural/prokka/efaecium_e745:Prokka:EFM745_02801 (length 291)
/home/dich3309/rnaseq-tnseq-enterococcus-analysis/analyses/04_annotation/structural/prokka/efaecium_e745:Prokka:EFM745_2 (length 218577)
/home/dich3309/rnaseq-tnseq-enterococcus-analysis/analyses/04_annotation/structural/prokka/efaecium_e745:Prokka:EFM745_02819 (length 234)
/home/dich3309/rnaseq-tnseq-enterococcus-analysis/analyses/04_annotation/structural/prokka/efaecium_e745:Prokka:EFM745_02820 (length 431)
/home/dich3309/rnaseq-tnseq-enterococcus-analysis/analyses/04_annotation/structural/prokka/efaecium_e745:Prokka:EFM745_02821 (length 346)
/home/dich3309/rnaseq-tnseq-enterococcus-analysis/analyses/04_annotation/structural/prokka/efaecium_e745:Prokka:EFM745_02822 (length 110)
/home/dich3309/rnaseq-tnseq-enterococcus-analysis/analyses/04_annotation/structural/prokka/efaecium_e745:Prokka:EFM745_02823 (length 51)
/home/dich3309/rnaseq-tnseq-enterococcus-analysis/analyses/04_annotation/structural/prokka/efaecium_e745:Prokka:EFM745_02824 (length 40)
/home/dich3309/rnaseq-tnseq-enterococcus-analysis/analyses/04_annotation/structural/prokka/efaecium_e745:Prokka:EFM745_02825 (length 79)
/home/dich3309/rnaseq-tnseq-enterococcus-analysis/analyses/04_annotation/structural/prokka/efaecium_e745:Prokka:EFM745_02826 (length 229)
/home/dich3309/rnaseq-tnseq-enterococcus-analysis/analyses/04_annotation/structural/prokka/efaecium_e745:Prokka:EFM745_02827 (length 357)
/home/dich3309/rnaseq-tnseq-enterococcus-analysis/analyses/04_annotation/structural/prokka/efaecium_e745:Prokka:EFM745_02828 (length 224)
/home/dich3309/rnaseq-tnseq-enterococcus-analysis/analyses/04_annotation/structural/prokka/efaecium_e745:Prokka:EFM745_02829 (length 658)
/home/dich3309/rnaseq-tnseq-enterococcus-analysis/analyses/04_annotation/structural/prokka/efaecium_e745:Prokka:EFM745_02830 (length 250)
/home/dich3309/rnaseq-tnseq-enterococcus-analysis/analyses/04_annotation/structural/prokka/efaecium_e745:Prokka:EFM745_02831 (length 251)
/home/dich3309/rnaseq-tnseq-enterococcus-analysis/analyses/04_annotation/structural/prokka/efaecium_e745:Prokka:EFM745_02832 (length 86)
/home/dich3309/rnaseq-tnseq-enterococcus-analysis/analyses/04_annotation/structural/prokka/efaecium_e745:Prokka:EFM745_02833 (length 696)
/home/dich3309/rnaseq-tnseq-enterococcus-analysis/analyses/04_annotation/structural/prokka/efaecium_e745:Prokka:EFM745_02834 (length 144)
/home/dich3309/rnaseq-tnseq-enterococcus-analysis/analyses/04_annotation/structural/prokka/efaecium_e745:Prokka:EFM745_02835 (length 80)
/home/dich3309/rnaseq-tnseq-enterococcus-analysis/analyses/04_annotation/structural/prokka/efaecium_e745:Prokka:EFM745_02836 (length 100)
/home/dich3309/rnaseq-tnseq-enterococcus-analysis/analyses/04_annotation/structural/prokka/efaecium_e745:Prokka:EFM745_02837 (length 687)
/home/dich3309/rnaseq-tnseq-enterococcus-analysis/analyses/04_annotation/structural/prokka/efaecium_e745:Prokka:EFM745_02838 (length 609)
/home/dich3309/rnaseq-tnseq-enterococcus-analysis/analyses/04_annotation/structural/prokka/efaecium_e745:Prokka:EFM745_02840 (length 632)
/home/dich3309/rnaseq-tnseq-enterococcus-analysis/analyses/04_annotation/structural/prokka/efaecium_e745:Prokka:EFM745_02842 (length 263)
/home/dich3309/rnaseq-tnseq-enterococcus-analysis/analyses/04_annotation/structural/prokka/efaecium_e745:Prokka:EFM745_02843 (length 790)
/home/dich3309/rnaseq-tnseq-enterococcus-analysis/analyses/04_annotation/structural/prokka/efaecium_e745:Prokka:EFM745_02844 (length 110)
/home/dich3309/rnaseq-tnseq-enterococcus-analysis/analyses/04_annotation/structural/prokka/efaecium_e745:Prokka:EFM745_02845 (length 197)
/home/dich3309/rnaseq-tnseq-enterococcus-analysis/analyses/04_annotation/structural/prokka/efaecium_e745:Prokka:EFM745_02846 (length 50)
/home/dich3309/rnaseq-tnseq-enterococcus-analysis/analyses/04_annotation/structural/prokka/efaecium_e745:Prokka:EFM745_02847 (length 674)
/home/dich3309/rnaseq-tnseq-enterococcus-analysis/analyses/04_annotation/structural/prokka/efaecium_e745:Prokka:EFM745_02848 (length 401)
/home/dich3309/rnaseq-tnseq-enterococcus-analysis/analyses/04_annotation/structural/prokka/efaecium_e745:Prokka:EFM745_02849 (length 214)
/home/dich3309/rnaseq-tnseq-enterococcus-analysis/analyses/04_annotation/structural/prokka/efaecium_e745:Prokka:EFM745_02850 (length 268)
/home/dich3309/rnaseq-tnseq-enterococcus-analysis/analyses/04_annotation/structural/prokka/efaecium_e745:Prokka:EFM745_02851 (length 44)
/home/dich3309/rnaseq-tnseq-enterococcus-analysis/analyses/04_annotation/structural/prokka/efaecium_e745:Prokka:EFM745_02852 (length 357)
/home/dich3309/rnaseq-tnseq-enterococcus-analysis/analyses/04_annotation/structural/prokka/efaecium_e745:Prokka:EFM745_02853 (length 89)
/home/dich3309/rnaseq-tnseq-enterococcus-analysis/analyses/04_annotation/structural/prokka/efaecium_e745:Prokka:EFM745_02854 (length 98)
/home/dich3309/rnaseq-tnseq-enterococcus-analysis/analyses/04_annotation/structural/prokka/efaecium_e745:Prokka:EFM745_02855 (length 140)
/home/dich3309/rnaseq-tnseq-enterococcus-analysis/analyses/04_annotation/structural/prokka/efaecium_e745:Prokka:EFM745_02856 (length 530)
/home/dich3309/rnaseq-tnseq-enterococcus-analysis/analyses/04_annotation/structural/prokka/efaecium_e745:Prokka:EFM745_02857 (length 111)
/home/dich3309/rnaseq-tnseq-enterococcus-analysis/analyses/04_annotation/structural/prokka/efaecium_e745:Prokka:EFM745_02858 (length 64)
/home/dich3309/rnaseq-tnseq-enterococcus-analysis/analyses/04_annotation/structural/prokka/efaecium_e745:Prokka:EFM745_02859 (length 416)
/home/dich3309/rnaseq-tnseq-enterococcus-analysis/analyses/04_annotation/structural/prokka/efaecium_e745:Prokka:EFM745_02860 (length 790)
/home/dich3309/rnaseq-tnseq-enterococcus-analysis/analyses/04_annotation/structural/prokka/efaecium_e745:Prokka:EFM745_02861 (length 489)
/home/dich3309/rnaseq-tnseq-enterococcus-analysis/analyses/04_annotation/structural/prokka/efaecium_e745:Prokka:EFM745_02862 (length 669)
/home/dich3309/rnaseq-tnseq-enterococcus-analysis/analyses/04_annotation/structural/prokka/efaecium_e745:Prokka:EFM745_02863 (length 49)
/home/dich3309/rnaseq-tnseq-enterococcus-analysis/analyses/04_annotation/structural/prokka/efaecium_e745:Prokka:EFM745_02864 (length 198)
/home/dich3309/rnaseq-tnseq-enterococcus-analysis/analyses/04_annotation/structural/prokka/efaecium_e745:Prokka:EFM745_02865 (length 299)
/home/dich3309/rnaseq-tnseq-enterococcus-analysis/analyses/04_annotation/structural/prokka/efaecium_e745:Prokka:EFM745_02866 (length 43)
/home/dich3309/rnaseq-tnseq-enterococcus-analysis/analyses/04_annotation/structural/prokka/efaecium_e745:Prokka:EFM745_02867 (length 101)
/home/dich3309/rnaseq-tnseq-enterococcus-analysis/analyses/04_annotation/structural/prokka/efaecium_e745:Prokka:EFM745_02868 (length 85)
/home/dich3309/rnaseq-tnseq-enterococcus-analysis/analyses/04_annotation/structural/prokka/efaecium_e745:Prokka:EFM745_02871 (length 68)
/home/dich3309/rnaseq-tnseq-enterococcus-analysis/analyses/04_annotation/structural/prokka/efaecium_e745:Prokka:EFM745_02872 (length 83)
/home/dich3309/rnaseq-tnseq-enterococcus-analysis/analyses/04_annotation/structural/prokka/efaecium_e745:Prokka:EFM745_02873 (length 51)
/home/dich3309/rnaseq-tnseq-enterococcus-analysis/analyses/04_annotation/structural/prokka/efaecium_e745:Prokka:EFM745_02874 (length 90)
/home/dich3309/rnaseq-tnseq-enterococcus-analysis/analyses/04_annotation/structural/prokka/efaecium_e745:Prokka:EFM745_02875 (length 59)
/home/dich3309/rnaseq-tnseq-enterococcus-analysis/analyses/04_annotation/structural/prokka/efaecium_e745:Prokka:EFM745_02876 (length 118)
/home/dich3309/rnaseq-tnseq-enterococcus-analysis/analyses/04_annotation/structural/prokka/efaecium_e745:Prokka:EFM745_02877 (length 93)
/home/dich3309/rnaseq-tnseq-enterococcus-analysis/analyses/04_annotation/structural/prokka/efaecium_e745:Prokka:EFM745_02878 (length 317)
/home/dich3309/rnaseq-tnseq-enterococcus-analysis/analyses/04_annotation/structural/prokka/efaecium_e745:Prokka:EFM745_02879 (length 87)
/home/dich3309/rnaseq-tnseq-enterococcus-analysis/analyses/04_annotation/structural/prokka/efaecium_e745:Prokka:EFM745_02880 (length 96)
/home/dich3309/rnaseq-tnseq-enterococcus-analysis/analyses/04_annotation/structural/prokka/efaecium_e745:Prokka:EFM745_02881 (length 392)
/home/dich3309/rnaseq-tnseq-enterococcus-analysis/analyses/04_annotation/structural/prokka/efaecium_e745:Prokka:EFM745_02882 (length 648)
/home/dich3309/rnaseq-tnseq-enterococcus-analysis/analyses/04_annotation/structural/prokka/efaecium_e745:Prokka:EFM745_02883 (length 151)
/home/dich3309/rnaseq-tnseq-enterococcus-analysis/analyses/04_annotation/structural/prokka/efaecium_e745:Prokka:EFM745_02884 (length 442)
/home/dich3309/rnaseq-tnseq-enterococcus-analysis/analyses/04_annotation/structural/prokka/efaecium_e745:Prokka:EFM745_02885 (length 94)
/home/dich3309/rnaseq-tnseq-enterococcus-analysis/analyses/04_annotation/structural/prokka/efaecium_e745:Prokka:EFM745_02886 (length 171)
/home/dich3309/rnaseq-tnseq-enterococcus-analysis/analyses/04_annotation/structural/prokka/efaecium_e745:Prokka:EFM745_02887 (length 220)
/home/dich3309/rnaseq-tnseq-enterococcus-analysis/analyses/04_annotation/structural/prokka/efaecium_e745:Prokka:EFM745_02888 (length 190)
/home/dich3309/rnaseq-tnseq-enterococcus-analysis/analyses/04_annotation/structural/prokka/efaecium_e745:Prokka:EFM745_02889 (length 506)
/home/dich3309/rnaseq-tnseq-enterococcus-analysis/analyses/04_annotation/structural/prokka/efaecium_e745:Prokka:EFM745_02890 (length 59)
/home/dich3309/rnaseq-tnseq-enterococcus-analysis/analyses/04_annotation/structural/prokka/efaecium_e745:Prokka:EFM745_02891 (length 60)
/home/dich3309/rnaseq-tnseq-enterococcus-analysis/analyses/04_annotation/structural/prokka/efaecium_e745:Prokka:EFM745_02892 (length 199)
/home/dich3309/rnaseq-tnseq-enterococcus-analysis/analyses/04_annotation/structural/prokka/efaecium_e745:Prokka:EFM745_02893 (length 199)
/home/dich3309/rnaseq-tnseq-enterococcus-analysis/analyses/04_annotation/structural/prokka/efaecium_e745:Prokka:EFM745_02894 (length 139)
/home/dich3309/rnaseq-tnseq-enterococcus-analysis/analyses/04_annotation/structural/prokka/efaecium_e745:Prokka:EFM745_02895 (length 94)
/home/dich3309/rnaseq-tnseq-enterococcus-analysis/analyses/04_annotation/structural/prokka/efaecium_e745:Prokka:EFM745_02896 (length 290)
/home/dich3309/rnaseq-tnseq-enterococcus-analysis/analyses/04_annotation/structural/prokka/efaecium_e745:Prokka:EFM745_02897 (length 390)
/home/dich3309/rnaseq-tnseq-enterococcus-analysis/analyses/04_annotation/structural/prokka/efaecium_e745:Prokka:EFM745_02898 (length 648)
/home/dich3309/rnaseq-tnseq-enterococcus-analysis/analyses/04_annotation/structural/prokka/efaecium_e745:Prokka:EFM745_02899 (length 479)
/home/dich3309/rnaseq-tnseq-enterococcus-analysis/analyses/04_annotation/structural/prokka/efaecium_e745:Prokka:EFM745_02900 (length 320)
/home/dich3309/rnaseq-tnseq-enterococcus-analysis/analyses/04_annotation/structural/prokka/efaecium_e745:Prokka:EFM745_02901 (length 267)
/home/dich3309/rnaseq-tnseq-enterococcus-analysis/analyses/04_annotation/structural/prokka/efaecium_e745:Prokka:EFM745_02902 (length 193)
/home/dich3309/rnaseq-tnseq-enterococcus-analysis/analyses/04_annotation/structural/prokka/efaecium_e745:Prokka:EFM745_02903 (length 151)
/home/dich3309/rnaseq-tnseq-enterococcus-analysis/analyses/04_annotation/structural/prokka/efaecium_e745:Prokka:EFM745_02904 (length 77)
/home/dich3309/rnaseq-tnseq-enterococcus-analysis/analyses/04_annotation/structural/prokka/efaecium_e745:Prokka:EFM745_02905 (length 439)
/home/dich3309/rnaseq-tnseq-enterococcus-analysis/analyses/04_annotation/structural/prokka/efaecium_e745:Prokka:EFM745_02906 (length 72)
/home/dich3309/rnaseq-tnseq-enterococcus-analysis/analyses/04_annotation/structural/prokka/efaecium_e745:Prokka:EFM745_02907 (length 272)
/home/dich3309/rnaseq-tnseq-enterococcus-analysis/analyses/04_annotation/structural/prokka/efaecium_e745:Prokka:EFM745_02908 (length 229)
/home/dich3309/rnaseq-tnseq-enterococcus-analysis/analyses/04_annotation/structural/prokka/efaecium_e745:Prokka:EFM745_02909 (length 500)
/home/dich3309/rnaseq-tnseq-enterococcus-analysis/analyses/04_annotation/structural/prokka/efaecium_e745:Prokka:EFM745_02910 (length 416)
/home/dich3309/rnaseq-tnseq-enterococcus-analysis/analyses/04_annotation/structural/prokka/efaecium_e745:Prokka:EFM745_02911 (length 158)
/home/dich3309/rnaseq-tnseq-enterococcus-analysis/analyses/04_annotation/structural/prokka/efaecium_e745:Prokka:EFM745_02912 (length 278)
/home/dich3309/rnaseq-tnseq-enterococcus-analysis/analyses/04_annotation/structural/prokka/efaecium_e745:Prokka:EFM745_02913 (length 172)
/home/dich3309/rnaseq-tnseq-enterococcus-analysis/analyses/04_annotation/structural/prokka/efaecium_e745:Prokka:EFM745_02915 (length 361)
/home/dich3309/rnaseq-tnseq-enterococcus-analysis/analyses/04_annotation/structural/prokka/efaecium_e745:Prokka:EFM745_02916 (length 317)
/home/dich3309/rnaseq-tnseq-enterococcus-analysis/analyses/04_annotation/structural/prokka/efaecium_e745:Prokka:EFM745_02917 (length 416)
/home/dich3309/rnaseq-tnseq-enterococcus-analysis/analyses/04_annotation/structural/prokka/efaecium_e745:Prokka:EFM745_02918 (length 308)
/home/dich3309/rnaseq-tnseq-enterococcus-analysis/analyses/04_annotation/structural/prokka/efaecium_e745:Prokka:EFM745_02919 (length 331)
/home/dich3309/rnaseq-tnseq-enterococcus-analysis/analyses/04_annotation/structural/prokka/efaecium_e745:Prokka:EFM745_02920 (length 389)
/home/dich3309/rnaseq-tnseq-enterococcus-analysis/analyses/04_annotation/structural/prokka/efaecium_e745:Prokka:EFM745_02921 (length 244)
/home/dich3309/rnaseq-tnseq-enterococcus-analysis/analyses/04_annotation/structural/prokka/efaecium_e745:Prokka:EFM745_02922 (length 278)
/home/dich3309/rnaseq-tnseq-enterococcus-analysis/analyses/04_annotation/structural/prokka/efaecium_e745:Prokka:EFM745_02923 (length 475)
/home/dich3309/rnaseq-tnseq-enterococcus-analysis/analyses/04_annotation/structural/prokka/efaecium_e745:Prokka:EFM745_02924 (length 134)
/home/dich3309/rnaseq-tnseq-enterococcus-analysis/analyses/04_annotation/structural/prokka/efaecium_e745:Prokka:EFM745_02925 (length 382)
/home/dich3309/rnaseq-tnseq-enterococcus-analysis/analyses/04_annotation/structural/prokka/efaecium_e745:Prokka:EFM745_02926 (length 461)
/home/dich3309/rnaseq-tnseq-enterococcus-analysis/analyses/04_annotation/structural/prokka/efaecium_e745:Prokka:EFM745_02927 (length 446)
/home/dich3309/rnaseq-tnseq-enterococcus-analysis/analyses/04_annotation/structural/prokka/efaecium_e745:Prokka:EFM745_02928 (length 284)
/home/dich3309/rnaseq-tnseq-enterococcus-analysis/analyses/04_annotation/structural/prokka/efaecium_e745:Prokka:EFM745_02929 (length 730)
/home/dich3309/rnaseq-tnseq-enterococcus-analysis/analyses/04_annotation/structural/prokka/efaecium_e745:Prokka:EFM745_02930 (length 151)
/home/dich3309/rnaseq-tnseq-enterococcus-analysis/analyses/04_annotation/structural/prokka/efaecium_e745:Prokka:EFM745_02931 (length 278)
/home/dich3309/rnaseq-tnseq-enterococcus-analysis/analyses/04_annotation/structural/prokka/efaecium_e745:Prokka:EFM745_02932 (length 96)
/home/dich3309/rnaseq-tnseq-enterococcus-analysis/analyses/04_annotation/structural/prokka/efaecium_e745:Prokka:EFM745_02933 (length 178)
/home/dich3309/rnaseq-tnseq-enterococcus-analysis/analyses/04_annotation/structural/prokka/efaecium_e745:Prokka:EFM745_02934 (length 268)
/home/dich3309/rnaseq-tnseq-enterococcus-analysis/analyses/04_annotation/structural/prokka/efaecium_e745:Prokka:EFM745_02935 (length 287)
/home/dich3309/rnaseq-tnseq-enterococcus-analysis/analyses/04_annotation/structural/prokka/efaecium_e745:Prokka:EFM745_02936 (length 125)
/home/dich3309/rnaseq-tnseq-enterococcus-analysis/analyses/04_annotation/structural/prokka/efaecium_e745:Prokka:EFM745_02937 (length 431)
/home/dich3309/rnaseq-tnseq-enterococcus-analysis/analyses/04_annotation/structural/prokka/efaecium_e745:Prokka:EFM745_02938 (length 134)
/home/dich3309/rnaseq-tnseq-enterococcus-analysis/analyses/04_annotation/structural/prokka/efaecium_e745:Prokka:EFM745_02939 (length 382)
/home/dich3309/rnaseq-tnseq-enterococcus-analysis/analyses/04_annotation/structural/prokka/efaecium_e745:Prokka:EFM745_02940 (length 86)
/home/dich3309/rnaseq-tnseq-enterococcus-analysis/analyses/04_annotation/structural/prokka/efaecium_e745:Prokka:EFM745_02941 (length 392)
/home/dich3309/rnaseq-tnseq-enterococcus-analysis/analyses/04_annotation/structural/prokka/efaecium_e745:Prokka:EFM745_02942 (length 439)
/home/dich3309/rnaseq-tnseq-enterococcus-analysis/analyses/04_annotation/structural/prokka/efaecium_e745:Prokka:EFM745_02943 (length 217)
/home/dich3309/rnaseq-tnseq-enterococcus-analysis/analyses/04_annotation/structural/prokka/efaecium_e745:Prokka:EFM745_02944 (length 424)
/home/dich3309/rnaseq-tnseq-enterococcus-analysis/analyses/04_annotation/structural/prokka/efaecium_e745:Prokka:EFM745_02945 (length 537)
/home/dich3309/rnaseq-tnseq-enterococcus-analysis/analyses/04_annotation/structural/prokka/efaecium_e745:Prokka:EFM745_02947 (length 310)
/home/dich3309/rnaseq-tnseq-enterococcus-analysis/analyses/04_annotation/structural/prokka/efaecium_e745:Prokka:EFM745_02948 (length 553)
/home/dich3309/rnaseq-tnseq-enterococcus-analysis/analyses/04_annotation/structural/prokka/efaecium_e745:Prokka:EFM745_02949 (length 993)
/home/dich3309/rnaseq-tnseq-enterococcus-analysis/analyses/04_annotation/structural/prokka/efaecium_e745:Prokka:EFM745_02950 (length 637)
/home/dich3309/rnaseq-tnseq-enterococcus-analysis/analyses/04_annotation/structural/prokka/efaecium_e745:Prokka:EFM745_02951 (length 203)
/home/dich3309/rnaseq-tnseq-enterococcus-analysis/analyses/04_annotation/structural/prokka/efaecium_e745:Prokka:EFM745_02952 (length 490)
/home/dich3309/rnaseq-tnseq-enterococcus-analysis/analyses/04_annotation/structural/prokka/efaecium_e745:Prokka:EFM745_02953 (length 303)
/home/dich3309/rnaseq-tnseq-enterococcus-analysis/analyses/04_annotation/structural/prokka/efaecium_e745:Prokka:EFM745_02954 (length 312)
/home/dich3309/rnaseq-tnseq-enterococcus-analysis/analyses/04_annotation/structural/prokka/efaecium_e745:Prokka:EFM745_02955 (length 524)
/home/dich3309/rnaseq-tnseq-enterococcus-analysis/analyses/04_annotation/structural/prokka/efaecium_e745:Prokka:EFM745_02956 (length 242)
/home/dich3309/rnaseq-tnseq-enterococcus-analysis/analyses/04_annotation/structural/prokka/efaecium_e745:Prokka:EFM745_02957 (length 424)
/home/dich3309/rnaseq-tnseq-enterococcus-analysis/analyses/04_annotation/structural/prokka/efaecium_e745:Prokka:EFM745_02958 (length 343)
/home/dich3309/rnaseq-tnseq-enterococcus-analysis/analyses/04_annotation/structural/prokka/efaecium_e745:Prokka:EFM745_02959 (length 276)
/home/dich3309/rnaseq-tnseq-enterococcus-analysis/analyses/04_annotation/structural/prokka/efaecium_e745:Prokka:EFM745_02960 (length 271)
/home/dich3309/rnaseq-tnseq-enterococcus-analysis/analyses/04_annotation/structural/prokka/efaecium_e745:Prokka:EFM745_02961 (length 274)
/home/dich3309/rnaseq-tnseq-enterococcus-analysis/analyses/04_annotation/structural/prokka/efaecium_e745:Prokka:EFM745_02962 (length 366)
/home/dich3309/rnaseq-tnseq-enterococcus-analysis/analyses/04_annotation/structural/prokka/efaecium_e745:Prokka:EFM745_02963 (length 261)
/home/dich3309/rnaseq-tnseq-enterococcus-analysis/analyses/04_annotation/structural/prokka/efaecium_e745:Prokka:EFM745_02964 (length 95)
/home/dich3309/rnaseq-tnseq-enterococcus-analysis/analyses/04_annotation/structural/prokka/efaecium_e745:Prokka:EFM745_02965 (length 78)
/home/dich3309/rnaseq-tnseq-enterococcus-analysis/analyses/04_annotation/structural/prokka/efaecium_e745:Prokka:EFM745_02966 (length 271)
/home/dich3309/rnaseq-tnseq-enterococcus-analysis/analyses/04_annotation/structural/prokka/efaecium_e745:Prokka:EFM745_02967 (length 231)
/home/dich3309/rnaseq-tnseq-enterococcus-analysis/analyses/04_annotation/structural/prokka/efaecium_e745:Prokka:EFM745_02968 (length 163)
/home/dich3309/rnaseq-tnseq-enterococcus-analysis/analyses/04_annotation/structural/prokka/efaecium_e745:Prokka:EFM745_02969 (length 431)
/home/dich3309/rnaseq-tnseq-enterococcus-analysis/analyses/04_annotation/structural/prokka/efaecium_e745:Prokka:EFM745_02970 (length 515)
/home/dich3309/rnaseq-tnseq-enterococcus-analysis/analyses/04_annotation/structural/prokka/efaecium_e745:Prokka:EFM745_02971 (length 64)
/home/dich3309/rnaseq-tnseq-enterococcus-analysis/analyses/04_annotation/structural/prokka/efaecium_e745:Prokka:EFM745_02972 (length 33)
/home/dich3309/rnaseq-tnseq-enterococcus-analysis/analyses/04_annotation/structural/prokka/efaecium_e745:Prokka:EFM745_02973 (length 458)
/home/dich3309/rnaseq-tnseq-enterococcus-analysis/analyses/04_annotation/structural/prokka/efaecium_e745:Prokka:EFM745_02974 (length 218)
/home/dich3309/rnaseq-tnseq-enterococcus-analysis/analyses/04_annotation/structural/prokka/efaecium_e745:Prokka:EFM745_02975 (length 425)
/home/dich3309/rnaseq-tnseq-enterococcus-analysis/analyses/04_annotation/structural/prokka/efaecium_e745:Prokka:EFM745_02976 (length 96)
/home/dich3309/rnaseq-tnseq-enterococcus-analysis/analyses/04_annotation/structural/prokka/efaecium_e745:Prokka:EFM745_02977 (length 278)
/home/dich3309/rnaseq-tnseq-enterococcus-analysis/analyses/04_annotation/structural/prokka/efaecium_e745:Prokka:EFM745_02978 (length 124)
/home/dich3309/rnaseq-tnseq-enterococcus-analysis/analyses/04_annotation/structural/prokka/efaecium_e745:Prokka:EFM745_02979 (length 180)
/home/dich3309/rnaseq-tnseq-enterococcus-analysis/analyses/04_annotation/structural/prokka/efaecium_e745:Prokka:EFM745_02980 (length 96)
/home/dich3309/rnaseq-tnseq-enterococcus-analysis/analyses/04_annotation/structural/prokka/efaecium_e745:Prokka:EFM745_02981 (length 278)
/home/dich3309/rnaseq-tnseq-enterococcus-analysis/analyses/04_annotation/structural/prokka/efaecium_e745:Prokka:EFM745_02982 (length 106)
/home/dich3309/rnaseq-tnseq-enterococcus-analysis/analyses/04_annotation/structural/prokka/efaecium_e745:Prokka:EFM745_02983 (length 319)
/home/dich3309/rnaseq-tnseq-enterococcus-analysis/analyses/04_annotation/structural/prokka/efaecium_e745:Prokka:EFM745_02984 (length 201)
/home/dich3309/rnaseq-tnseq-enterococcus-analysis/analyses/04_annotation/structural/prokka/efaecium_e745:Prokka:EFM745_02985 (length 382)
/home/dich3309/rnaseq-tnseq-enterococcus-analysis/analyses/04_annotation/structural/prokka/efaecium_e745:Prokka:EFM745_02986 (length 134)
/home/dich3309/rnaseq-tnseq-enterococcus-analysis/analyses/04_annotation/structural/prokka/efaecium_e745:Prokka:EFM745_02987 (length 184)
/home/dich3309/rnaseq-tnseq-enterococcus-analysis/analyses/04_annotation/structural/prokka/efaecium_e745:Prokka:EFM745_02988 (length 302)
/home/dich3309/rnaseq-tnseq-enterococcus-analysis/analyses/04_annotation/structural/prokka/efaecium_e745:Prokka:EFM745_02989 (length 201)
/home/dich3309/rnaseq-tnseq-enterococcus-analysis/analyses/04_annotation/structural/prokka/efaecium_e745:Prokka:EFM745_02990 (length 99)
/home/dich3309/rnaseq-tnseq-enterococcus-analysis/analyses/04_annotation/structural/prokka/efaecium_e745:Prokka:EFM745_02991 (length 317)
/home/dich3309/rnaseq-tnseq-enterococcus-analysis/analyses/04_annotation/structural/prokka/efaecium_e745:Prokka:EFM745_02992 (length 216)
/home/dich3309/rnaseq-tnseq-enterococcus-analysis/analyses/04_annotation/structural/prokka/efaecium_e745:Prokka:EFM745_02993 (length 169)
/home/dich3309/rnaseq-tnseq-enterococcus-analysis/analyses/04_annotation/structural/prokka/efaecium_e745:Prokka:EFM745_02994 (length 187)
/home/dich3309/rnaseq-tnseq-enterococcus-analysis/analyses/04_annotation/structural/prokka/efaecium_e745:Prokka:EFM745_02995 (length 347)
/home/dich3309/rnaseq-tnseq-enterococcus-analysis/analyses/04_annotation/structural/prokka/efaecium_e745:Prokka:EFM745_02996 (length 134)
/home/dich3309/rnaseq-tnseq-enterococcus-analysis/analyses/04_annotation/structural/prokka/efaecium_e745:Prokka:EFM745_02997 (length 82)
/home/dich3309/rnaseq-tnseq-enterococcus-analysis/analyses/04_annotation/structural/prokka/efaecium_e745:Prokka:EFM745_02998 (length 392)
/home/dich3309/rnaseq-tnseq-enterococcus-analysis/analyses/04_annotation/structural/prokka/efaecium_e745:Prokka:EFM745_02999 (length 203)
/home/dich3309/rnaseq-tnseq-enterococcus-analysis/analyses/04_annotation/structural/prokka/efaecium_e745:Prokka:EFM745_03000 (length 392)
/home/dich3309/rnaseq-tnseq-enterococcus-analysis/analyses/04_annotation/structural/prokka/efaecium_e745:Prokka:EFM745_03001 (length 98)
/home/dich3309/rnaseq-tnseq-enterococcus-analysis/analyses/04_annotation/structural/prokka/efaecium_e745:Prokka:EFM745_03002 (length 292)
/home/dich3309/rnaseq-tnseq-enterococcus-analysis/analyses/04_annotation/structural/prokka/efaecium_e745:Prokka:EFM745_03003 (length 319)
/home/dich3309/rnaseq-tnseq-enterococcus-analysis/analyses/04_annotation/structural/prokka/efaecium_e745:Prokka:EFM745_03004 (length 223)
/home/dich3309/rnaseq-tnseq-enterococcus-analysis/analyses/04_annotation/structural/prokka/efaecium_e745:Prokka:EFM745_03005 (length 476)
/home/dich3309/rnaseq-tnseq-enterococcus-analysis/analyses/04_annotation/structural/prokka/efaecium_e745:Prokka:EFM745_03006 (length 431)
/home/dich3309/rnaseq-tnseq-enterococcus-analysis/analyses/04_annotation/structural/prokka/efaecium_e745:Prokka:EFM745_03007 (length 280)
/home/dich3309/rnaseq-tnseq-enterococcus-analysis/analyses/04_annotation/structural/prokka/efaecium_e745:Prokka:EFM745_03008 (length 488)
/home/dich3309/rnaseq-tnseq-enterococcus-analysis/analyses/04_annotation/structural/prokka/efaecium_e745:Prokka:EFM745_03009 (length 614)
/home/dich3309/rnaseq-tnseq-enterococcus-analysis/analyses/04_annotation/structural/prokka/efaecium_e745:Prokka:EFM745_03010 (length 226)
/home/dich3309/rnaseq-tnseq-enterococcus-analysis/analyses/04_annotation/structural/prokka/efaecium_e745:Prokka:EFM745_03011 (length 269)
/home/dich3309/rnaseq-tnseq-enterococcus-analysis/analyses/04_annotation/structural/prokka/efaecium_e745:Prokka:EFM745_03012 (length 248)
/home/dich3309/rnaseq-tnseq-enterococcus-analysis/analyses/04_annotation/structural/prokka/efaecium_e745:Prokka:EFM745_03013 (length 155)
/home/dich3309/rnaseq-tnseq-enterococcus-analysis/analyses/04_annotation/structural/prokka/efaecium_e745:Prokka:EFM745_03014 (length 136)
/home/dich3309/rnaseq-tnseq-enterococcus-analysis/analyses/04_annotation/structural/prokka/efaecium_e745:Prokka:EFM745_03015 (length 337)
/home/dich3309/rnaseq-tnseq-enterococcus-analysis/analyses/04_annotation/structural/prokka/efaecium_e745:Prokka:EFM745_03016 (length 244)
/home/dich3309/rnaseq-tnseq-enterococcus-analysis/analyses/04_annotation/structural/prokka/efaecium_e745:Prokka:EFM745_03017 (length 232)
/home/dich3309/rnaseq-tnseq-enterococcus-analysis/analyses/04_annotation/structural/prokka/efaecium_e745:Prokka:EFM745_03018 (length 51)
/home/dich3309/rnaseq-tnseq-enterococcus-analysis/analyses/04_annotation/structural/prokka/efaecium_e745:Prokka:EFM745_03019 (length 152)
/home/dich3309/rnaseq-tnseq-enterococcus-analysis/analyses/04_annotation/structural/prokka/efaecium_e745:Prokka:EFM745_03020 (length 275)
/home/dich3309/rnaseq-tnseq-enterococcus-analysis/analyses/04_annotation/structural/prokka/efaecium_e745:Prokka:EFM745_03021 (length 210)
/home/dich3309/rnaseq-tnseq-enterococcus-analysis/analyses/04_annotation/structural/prokka/efaecium_e745:Prokka:EFM745_03022 (length 907)
/home/dich3309/rnaseq-tnseq-enterococcus-analysis/analyses/04_annotation/structural/prokka/efaecium_e745:Prokka:EFM745_03023 (length 321)
/home/dich3309/rnaseq-tnseq-enterococcus-analysis/analyses/04_annotation/structural/prokka/efaecium_e745:Prokka:EFM745_03024 (length 270)
/home/dich3309/rnaseq-tnseq-enterococcus-analysis/analyses/04_annotation/structural/prokka/efaecium_e745:Prokka:EFM745_03025 (length 257)
/home/dich3309/rnaseq-tnseq-enterococcus-analysis/analyses/04_annotation/structural/prokka/efaecium_e745:Prokka:EFM745_03026 (length 156)
/home/dich3309/rnaseq-tnseq-enterococcus-analysis/analyses/04_annotation/structural/prokka/efaecium_e745:Prokka:EFM745_03027 (length 138)
/home/dich3309/rnaseq-tnseq-enterococcus-analysis/analyses/04_annotation/structural/prokka/efaecium_e745:Prokka:EFM745_03028 (length 274)
/home/dich3309/rnaseq-tnseq-enterococcus-analysis/analyses/04_annotation/structural/prokka/efaecium_e745:Prokka:EFM745_03029 (length 382)
/home/dich3309/rnaseq-tnseq-enterococcus-analysis/analyses/04_annotation/structural/prokka/efaecium_e745:Prokka:EFM745_03030 (length 134)
/home/dich3309/rnaseq-tnseq-enterococcus-analysis/analyses/04_annotation/structural/prokka/efaecium_e745:Prokka:EFM745_03031 (length 474)
/home/dich3309/rnaseq-tnseq-enterococcus-analysis/analyses/04_annotation/structural/prokka/efaecium_e745:Prokka:EFM745_03032 (length 201)
/home/dich3309/rnaseq-tnseq-enterococcus-analysis/analyses/04_annotation/structural/prokka/efaecium_e745:Prokka:EFM745_03033 (length 106)
/home/dich3309/rnaseq-tnseq-enterococcus-analysis/analyses/04_annotation/structural/prokka/efaecium_e745:Prokka:EFM745_03034 (length 119)
/home/dich3309/rnaseq-tnseq-enterococcus-analysis/analyses/04_annotation/structural/prokka/efaecium_e745:Prokka:EFM745_03035 (length 475)
/home/dich3309/rnaseq-tnseq-enterococcus-analysis/analyses/04_annotation/structural/prokka/efaecium_e745:Prokka:EFM745_03036 (length 182)
/home/dich3309/rnaseq-tnseq-enterococcus-analysis/analyses/04_annotation/structural/prokka/efaecium_e745:Prokka:EFM745_03037 (length 285)
/home/dich3309/rnaseq-tnseq-enterococcus-analysis/analyses/04_annotation/structural/prokka/efaecium_e745:Prokka:EFM745_03038 (length 95)
/home/dich3309/rnaseq-tnseq-enterococcus-analysis/analyses/04_annotation/structural/prokka/efaecium_e745:Prokka:EFM745_03039 (length 109)
/home/dich3309/rnaseq-tnseq-enterococcus-analysis/analyses/04_annotation/structural/prokka/efaecium_e745:Prokka:EFM745_3 (length 28887)
/home/dich3309/rnaseq-tnseq-enterococcus-analysis/analyses/04_annotation/structural/prokka/efaecium_e745:Prokka:EFM745_03040 (length 82)
/home/dich3309/rnaseq-tnseq-enterococcus-analysis/analyses/04_annotation/structural/prokka/efaecium_e745:Prokka:EFM745_03041 (length 274)
/home/dich3309/rnaseq-tnseq-enterococcus-analysis/analyses/04_annotation/structural/prokka/efaecium_e745:Prokka:EFM745_03042 (length 251)
/home/dich3309/rnaseq-tnseq-enterococcus-analysis/analyses/04_annotation/structural/prokka/efaecium_e745:Prokka:EFM745_03043 (length 658)
/home/dich3309/rnaseq-tnseq-enterococcus-analysis/analyses/04_annotation/structural/prokka/efaecium_e745:Prokka:EFM745_03044 (length 223)
/home/dich3309/rnaseq-tnseq-enterococcus-analysis/analyses/04_annotation/structural/prokka/efaecium_e745:Prokka:EFM745_03045 (length 79)
/home/dich3309/rnaseq-tnseq-enterococcus-analysis/analyses/04_annotation/structural/prokka/efaecium_e745:Prokka:EFM745_03046 (length 79)
/home/dich3309/rnaseq-tnseq-enterococcus-analysis/analyses/04_annotation/structural/prokka/efaecium_e745:Prokka:EFM745_03047 (length 113)
/home/dich3309/rnaseq-tnseq-enterococcus-analysis/analyses/04_annotation/structural/prokka/efaecium_e745:Prokka:EFM745_03048 (length 109)
/home/dich3309/rnaseq-tnseq-enterococcus-analysis/analyses/04_annotation/structural/prokka/efaecium_e745:Prokka:EFM745_03049 (length 110)
/home/dich3309/rnaseq-tnseq-enterococcus-analysis/analyses/04_annotation/structural/prokka/efaecium_e745:Prokka:EFM745_03050 (length 361)
/home/dich3309/rnaseq-tnseq-enterococcus-analysis/analyses/04_annotation/structural/prokka/efaecium_e745:Prokka:EFM745_03051 (length 184)
/home/dich3309/rnaseq-tnseq-enterococcus-analysis/analyses/04_annotation/structural/prokka/efaecium_e745:Prokka:EFM745_03052 (length 280)
/home/dich3309/rnaseq-tnseq-enterococcus-analysis/analyses/04_annotation/structural/prokka/efaecium_e745:Prokka:EFM745_03053 (length 97)
/home/dich3309/rnaseq-tnseq-enterococcus-analysis/analyses/04_annotation/structural/prokka/efaecium_e745:Prokka:EFM745_03054 (length 34)
/home/dich3309/rnaseq-tnseq-enterococcus-analysis/analyses/04_annotation/structural/prokka/efaecium_e745:Prokka:EFM745_03055 (length 116)
/home/dich3309/rnaseq-tnseq-enterococcus-analysis/analyses/04_annotation/structural/prokka/efaecium_e745:Prokka:EFM745_03056 (length 441)
/home/dich3309/rnaseq-tnseq-enterococcus-analysis/analyses/04_annotation/structural/prokka/efaecium_e745:Prokka:EFM745_03057 (length 204)
/home/dich3309/rnaseq-tnseq-enterococcus-analysis/analyses/04_annotation/structural/prokka/efaecium_e745:Prokka:EFM745_03058 (length 116)
/home/dich3309/rnaseq-tnseq-enterococcus-analysis/analyses/04_annotation/structural/prokka/efaecium_e745:Prokka:EFM745_03059 (length 87)
/home/dich3309/rnaseq-tnseq-enterococcus-analysis/analyses/04_annotation/structural/prokka/efaecium_e745:Prokka:EFM745_03060 (length 49)
/home/dich3309/rnaseq-tnseq-enterococcus-analysis/analyses/04_annotation/structural/prokka/efaecium_e745:Prokka:EFM745_03061 (length 59)
/home/dich3309/rnaseq-tnseq-enterococcus-analysis/analyses/04_annotation/structural/prokka/efaecium_e745:Prokka:EFM745_03062 (length 66)
/home/dich3309/rnaseq-tnseq-enterococcus-analysis/analyses/04_annotation/structural/prokka/efaecium_e745:Prokka:EFM745_03063 (length 235)
/home/dich3309/rnaseq-tnseq-enterococcus-analysis/analyses/04_annotation/structural/prokka/efaecium_e745:Prokka:EFM745_03064 (length 145)
/home/dich3309/rnaseq-tnseq-enterococcus-analysis/analyses/04_annotation/structural/prokka/efaecium_e745:Prokka:EFM745_03065 (length 83)
/home/dich3309/rnaseq-tnseq-enterococcus-analysis/analyses/04_annotation/structural/prokka/efaecium_e745:Prokka:EFM745_03066 (length 68)
/home/dich3309/rnaseq-tnseq-enterococcus-analysis/analyses/04_annotation/structural/prokka/efaecium_e745:Prokka:EFM745_03067 (length 86)
/home/dich3309/rnaseq-tnseq-enterococcus-analysis/analyses/04_annotation/structural/prokka/efaecium_e745:Prokka:EFM745_03069 (length 161)
/home/dich3309/rnaseq-tnseq-enterococcus-analysis/analyses/04_annotation/structural/prokka/efaecium_e745:Prokka:EFM745_03070 (length 299)
/home/dich3309/rnaseq-tnseq-enterococcus-analysis/analyses/04_annotation/structural/prokka/efaecium_e745:Prokka:EFM745_03071 (length 197)
/home/dich3309/rnaseq-tnseq-enterococcus-analysis/analyses/04_annotation/structural/prokka/efaecium_e745:Prokka:EFM745_03072 (length 49)
/home/dich3309/rnaseq-tnseq-enterococcus-analysis/analyses/04_annotation/structural/prokka/efaecium_e745:Prokka:EFM745_03073 (length 734)
/home/dich3309/rnaseq-tnseq-enterococcus-analysis/analyses/04_annotation/structural/prokka/efaecium_e745:Prokka:EFM745_03074 (length 486)
/home/dich3309/rnaseq-tnseq-enterococcus-analysis/analyses/04_annotation/structural/prokka/efaecium_e745:Prokka:EFM745_03075 (length 725)
/home/dich3309/rnaseq-tnseq-enterococcus-analysis/analyses/04_annotation/structural/prokka/efaecium_e745:Prokka:EFM745_03076 (length 45)
/home/dich3309/rnaseq-tnseq-enterococcus-analysis/analyses/04_annotation/structural/prokka/efaecium_e745:Prokka:EFM745_03077 (length 151)
/home/dich3309/rnaseq-tnseq-enterococcus-analysis/analyses/04_annotation/structural/prokka/efaecium_e745:Prokka:EFM745_4 (length 14737)
/home/dich3309/rnaseq-tnseq-enterococcus-analysis/analyses/04_annotation/structural/prokka/efaecium_e745:Prokka:EFM745_03078 (length 378)
/home/dich3309/rnaseq-tnseq-enterococcus-analysis/analyses/04_annotation/structural/prokka/efaecium_e745:Prokka:EFM745_03079 (length 416)
/home/dich3309/rnaseq-tnseq-enterococcus-analysis/analyses/04_annotation/structural/prokka/efaecium_e745:Prokka:EFM745_03080 (length 64)
/home/dich3309/rnaseq-tnseq-enterococcus-analysis/analyses/04_annotation/structural/prokka/efaecium_e745:Prokka:EFM745_03081 (length 73)
/home/dich3309/rnaseq-tnseq-enterococcus-analysis/analyses/04_annotation/structural/prokka/efaecium_e745:Prokka:EFM745_03082 (length 529)
/home/dich3309/rnaseq-tnseq-enterococcus-analysis/analyses/04_annotation/structural/prokka/efaecium_e745:Prokka:EFM745_03083 (length 140)
/home/dich3309/rnaseq-tnseq-enterococcus-analysis/analyses/04_annotation/structural/prokka/efaecium_e745:Prokka:EFM745_03084 (length 102)
/home/dich3309/rnaseq-tnseq-enterococcus-analysis/analyses/04_annotation/structural/prokka/efaecium_e745:Prokka:EFM745_03085 (length 76)
/home/dich3309/rnaseq-tnseq-enterococcus-analysis/analyses/04_annotation/structural/prokka/efaecium_e745:Prokka:EFM745_03086 (length 268)
/home/dich3309/rnaseq-tnseq-enterococcus-analysis/analyses/04_annotation/structural/prokka/efaecium_e745:Prokka:EFM745_03087 (length 214)
/home/dich3309/rnaseq-tnseq-enterococcus-analysis/analyses/04_annotation/structural/prokka/efaecium_e745:Prokka:EFM745_03088 (length 208)
/home/dich3309/rnaseq-tnseq-enterococcus-analysis/analyses/04_annotation/structural/prokka/efaecium_e745:Prokka:EFM745_03089 (length 182)
/home/dich3309/rnaseq-tnseq-enterococcus-analysis/analyses/04_annotation/structural/prokka/efaecium_e745:Prokka:EFM745_03090 (length 106)
/home/dich3309/rnaseq-tnseq-enterococcus-analysis/analyses/04_annotation/structural/prokka/efaecium_e745:Prokka:EFM745_03091 (length 68)
/home/dich3309/rnaseq-tnseq-enterococcus-analysis/analyses/04_annotation/structural/prokka/efaecium_e745:Prokka:EFM745_03092 (length 116)
/home/dich3309/rnaseq-tnseq-enterococcus-analysis/analyses/04_annotation/structural/prokka/efaecium_e745:Prokka:EFM745_03093 (length 39)
/home/dich3309/rnaseq-tnseq-enterococcus-analysis/analyses/04_annotation/structural/prokka/efaecium_e745:Prokka:EFM745_03094 (length 163)
/home/dich3309/rnaseq-tnseq-enterococcus-analysis/analyses/04_annotation/structural/prokka/efaecium_e745:Prokka:EFM745_03095 (length 46)
/home/dich3309/rnaseq-tnseq-enterococcus-analysis/analyses/04_annotation/structural/prokka/efaecium_e745:Prokka:EFM745_03096 (length 62)
/home/dich3309/rnaseq-tnseq-enterococcus-analysis/analyses/04_annotation/structural/prokka/efaecium_e745:Prokka:EFM745_03097 (length 107)
/home/dich3309/rnaseq-tnseq-enterococcus-analysis/analyses/04_annotation/structural/prokka/efaecium_e745:Prokka:EFM745_03098 (length 74)
/home/dich3309/rnaseq-tnseq-enterococcus-analysis/analyses/04_annotation/structural/prokka/efaecium_e745:Prokka:EFM745_03099 (length 88)
/home/dich3309/rnaseq-tnseq-enterococcus-analysis/analyses/04_annotation/structural/prokka/efaecium_e745:Prokka:EFM745_03100 (length 70)
/home/dich3309/rnaseq-tnseq-enterococcus-analysis/analyses/04_annotation/structural/prokka/efaecium_e745:Prokka:EFM745_5 (length 40013)
/home/dich3309/rnaseq-tnseq-enterococcus-analysis/analyses/04_annotation/structural/prokka/efaecium_e745:Prokka:EFM745_03101 (length 74)
/home/dich3309/rnaseq-tnseq-enterococcus-analysis/analyses/04_annotation/structural/prokka/efaecium_e745:Prokka:EFM745_03102 (length 95)
/home/dich3309/rnaseq-tnseq-enterococcus-analysis/analyses/04_annotation/structural/prokka/efaecium_e745:Prokka:EFM745_03103 (length 280)
/home/dich3309/rnaseq-tnseq-enterococcus-analysis/analyses/04_annotation/structural/prokka/efaecium_e745:Prokka:EFM745_03104 (length 98)
/home/dich3309/rnaseq-tnseq-enterococcus-analysis/analyses/04_annotation/structural/prokka/efaecium_e745:Prokka:EFM745_03105 (length 226)
/home/dich3309/rnaseq-tnseq-enterococcus-analysis/analyses/04_annotation/structural/prokka/efaecium_e745:Prokka:EFM745_03106 (length 231)
/home/dich3309/rnaseq-tnseq-enterococcus-analysis/analyses/04_annotation/structural/prokka/efaecium_e745:Prokka:EFM745_03107 (length 380)
/home/dich3309/rnaseq-tnseq-enterococcus-analysis/analyses/04_annotation/structural/prokka/efaecium_e745:Prokka:EFM745_03108 (length 322)
/home/dich3309/rnaseq-tnseq-enterococcus-analysis/analyses/04_annotation/structural/prokka/efaecium_e745:Prokka:EFM745_03109 (length 343)
/home/dich3309/rnaseq-tnseq-enterococcus-analysis/analyses/04_annotation/structural/prokka/efaecium_e745:Prokka:EFM745_03110 (length 202)
/home/dich3309/rnaseq-tnseq-enterococcus-analysis/analyses/04_annotation/structural/prokka/efaecium_e745:Prokka:EFM745_03111 (length 226)
/home/dich3309/rnaseq-tnseq-enterococcus-analysis/analyses/04_annotation/structural/prokka/efaecium_e745:Prokka:EFM745_03112 (length 132)
/home/dich3309/rnaseq-tnseq-enterococcus-analysis/analyses/04_annotation/structural/prokka/efaecium_e745:Prokka:EFM745_03113 (length 94)
/home/dich3309/rnaseq-tnseq-enterococcus-analysis/analyses/04_annotation/structural/prokka/efaecium_e745:Prokka:EFM745_03114 (length 99)
/home/dich3309/rnaseq-tnseq-enterococcus-analysis/analyses/04_annotation/structural/prokka/efaecium_e745:Prokka:EFM745_03115 (length 496)
/home/dich3309/rnaseq-tnseq-enterococcus-analysis/analyses/04_annotation/structural/prokka/efaecium_e745:Prokka:EFM745_03116 (length 56)
/home/dich3309/rnaseq-tnseq-enterococcus-analysis/analyses/04_annotation/structural/prokka/efaecium_e745:Prokka:EFM745_03117 (length 205)
/home/dich3309/rnaseq-tnseq-enterococcus-analysis/analyses/04_annotation/structural/prokka/efaecium_e745:Prokka:EFM745_03118 (length 30)
/home/dich3309/rnaseq-tnseq-enterococcus-analysis/analyses/04_annotation/structural/prokka/efaecium_e745:Prokka:EFM745_03119 (length 226)
/home/dich3309/rnaseq-tnseq-enterococcus-analysis/analyses/04_annotation/structural/prokka/efaecium_e745:Prokka:EFM745_03120 (length 150)
/home/dich3309/rnaseq-tnseq-enterococcus-analysis/analyses/04_annotation/structural/prokka/efaecium_e745:Prokka:EFM745_03121 (length 229)
/home/dich3309/rnaseq-tnseq-enterococcus-analysis/analyses/04_annotation/structural/prokka/efaecium_e745:Prokka:EFM745_03122 (length 783)
/home/dich3309/rnaseq-tnseq-enterococcus-analysis/analyses/04_annotation/structural/prokka/efaecium_e745:Prokka:EFM745_03123 (length 128)
/home/dich3309/rnaseq-tnseq-enterococcus-analysis/analyses/04_annotation/structural/prokka/efaecium_e745:Prokka:EFM745_03124 (length 205)
/home/dich3309/rnaseq-tnseq-enterococcus-analysis/analyses/04_annotation/structural/prokka/efaecium_e745:Prokka:EFM745_03125 (length 99)
/home/dich3309/rnaseq-tnseq-enterococcus-analysis/analyses/04_annotation/structural/prokka/efaecium_e745:Prokka:EFM745_03126 (length 55)
/home/dich3309/rnaseq-tnseq-enterococcus-analysis/analyses/04_annotation/structural/prokka/efaecium_e745:Prokka:EFM745_03127 (length 201)
/home/dich3309/rnaseq-tnseq-enterococcus-analysis/analyses/04_annotation/structural/prokka/efaecium_e745:Prokka:EFM745_03128 (length 456)
/home/dich3309/rnaseq-tnseq-enterococcus-analysis/analyses/04_annotation/structural/prokka/efaecium_e745:Prokka:EFM745_03129 (length 226)
/home/dich3309/rnaseq-tnseq-enterococcus-analysis/analyses/04_annotation/structural/prokka/efaecium_e745:Prokka:EFM745_03130 (length 105)
/home/dich3309/rnaseq-tnseq-enterococcus-analysis/analyses/04_annotation/structural/prokka/efaecium_e745:Prokka:EFM745_03131 (length 197)
/home/dich3309/rnaseq-tnseq-enterococcus-analysis/analyses/04_annotation/structural/prokka/efaecium_e745:Prokka:EFM745_03132 (length 226)
/home/dich3309/rnaseq-tnseq-enterococcus-analysis/analyses/04_annotation/structural/prokka/efaecium_e745:Prokka:EFM745_03133 (length 174)
/home/dich3309/rnaseq-tnseq-enterococcus-analysis/analyses/04_annotation/structural/prokka/efaecium_e745:Prokka:EFM745_03135 (length 471)
/home/dich3309/rnaseq-tnseq-enterococcus-analysis/analyses/04_annotation/structural/prokka/efaecium_e745:Prokka:EFM745_03136 (length 120)
/home/dich3309/rnaseq-tnseq-enterococcus-analysis/analyses/04_annotation/structural/prokka/efaecium_e745:Prokka:EFM745_03137 (length 105)
/home/dich3309/rnaseq-tnseq-enterococcus-analysis/analyses/04_annotation/structural/prokka/efaecium_e745:Prokka:EFM745_03138 (length 139)
/home/dich3309/rnaseq-tnseq-enterococcus-analysis/analyses/04_annotation/structural/prokka/efaecium_e745:Prokka:EFM745_03139 (length 163)
/home/dich3309/rnaseq-tnseq-enterococcus-analysis/analyses/04_annotation/structural/prokka/efaecium_e745:Prokka:EFM745_03140 (length 226)
/home/dich3309/rnaseq-tnseq-enterococcus-analysis/analyses/04_annotation/structural/prokka/efaecium_e745:Prokka:EFM745_03141 (length 78)
/home/dich3309/rnaseq-tnseq-enterococcus-analysis/analyses/04_annotation/structural/prokka/efaecium_e745:Prokka:EFM745_03142 (length 91)
/home/dich3309/rnaseq-tnseq-enterococcus-analysis/analyses/04_annotation/structural/prokka/efaecium_e745:Prokka:EFM745_03143 (length 317)
/home/dich3309/rnaseq-tnseq-enterococcus-analysis/analyses/04_annotation/structural/prokka/efaecium_e745:Prokka:EFM745_03144 (length 497)
/home/dich3309/rnaseq-tnseq-enterococcus-analysis/analyses/04_annotation/structural/prokka/efaecium_e745:Prokka:EFM745_03145 (length 98)
/home/dich3309/rnaseq-tnseq-enterococcus-analysis/analyses/04_annotation/structural/prokka/efaecium_e745:Prokka:EFM745_03146 (length 226)
/home/dich3309/rnaseq-tnseq-enterococcus-analysis/analyses/04_annotation/structural/prokka/efaecium_e745:Prokka:EFM745_03147 (length 485)
/home/dich3309/rnaseq-tnseq-enterococcus-analysis/analyses/04_annotation/structural/prokka/efaecium_e745:Prokka:EFM745_03148 (length 121)
/home/dich3309/rnaseq-tnseq-enterococcus-analysis/analyses/04_annotation/structural/prokka/efaecium_e745:Prokka:EFM745_03149 (length 322)
/home/dich3309/rnaseq-tnseq-enterococcus-analysis/analyses/04_annotation/structural/prokka/efaecium_e745:Prokka:EFM745_03150 (length 343)
/home/dich3309/rnaseq-tnseq-enterococcus-analysis/analyses/04_annotation/structural/prokka/efaecium_e745:Prokka:EFM745_6 (length 15021)
/home/dich3309/rnaseq-tnseq-enterococcus-analysis/analyses/04_annotation/structural/prokka/efaecium_e745:Prokka:EFM745_03151 (length 37)
/home/dich3309/rnaseq-tnseq-enterococcus-analysis/analyses/04_annotation/structural/prokka/efaecium_e745:Prokka:EFM745_03152 (length 132)
/home/dich3309/rnaseq-tnseq-enterococcus-analysis/analyses/04_annotation/structural/prokka/efaecium_e745:Prokka:EFM745_03153 (length 178)
/home/dich3309/rnaseq-tnseq-enterococcus-analysis/analyses/04_annotation/structural/prokka/efaecium_e745:Prokka:EFM745_03154 (length 86)
/home/dich3309/rnaseq-tnseq-enterococcus-analysis/analyses/04_annotation/structural/prokka/efaecium_e745:Prokka:EFM745_03155 (length 674)
/home/dich3309/rnaseq-tnseq-enterococcus-analysis/analyses/04_annotation/structural/prokka/efaecium_e745:Prokka:EFM745_03156 (length 50)
/home/dich3309/rnaseq-tnseq-enterococcus-analysis/analyses/04_annotation/structural/prokka/efaecium_e745:Prokka:EFM745_03157 (length 197)
/home/dich3309/rnaseq-tnseq-enterococcus-analysis/analyses/04_annotation/structural/prokka/efaecium_e745:Prokka:EFM745_03158 (length 110)
/home/dich3309/rnaseq-tnseq-enterococcus-analysis/analyses/04_annotation/structural/prokka/efaecium_e745:Prokka:EFM745_03159 (length 790)
/home/dich3309/rnaseq-tnseq-enterococcus-analysis/analyses/04_annotation/structural/prokka/efaecium_e745:Prokka:EFM745_03160 (length 263)
/home/dich3309/rnaseq-tnseq-enterococcus-analysis/analyses/04_annotation/structural/prokka/efaecium_e745:Prokka:EFM745_03162 (length 632)
/home/dich3309/rnaseq-tnseq-enterococcus-analysis/analyses/04_annotation/structural/prokka/efaecium_e745:Prokka:EFM745_03164 (length 610)
/home/dich3309/rnaseq-tnseq-enterococcus-analysis/analyses/04_annotation/structural/prokka/efaecium_e745:Prokka:EFM745_03165 (length 684)
/home/dich3309/rnaseq-tnseq-enterococcus-analysis/analyses/04_annotation/structural/prokka/efaecium_e745:Prokka:EFM745_03166 (length 100)
/home/dich3309/rnaseq-tnseq-enterococcus-analysis/analyses/04_annotation/structural/prokka/efaecium_e745:Prokka:EFM745_03167 (length 66)
/home/dich3309/rnaseq-tnseq-enterococcus-analysis/analyses/04_annotation/structural/prokka/efaecium_e745:Prokka:EFM745_7 (length 16127)
/home/dich3309/rnaseq-tnseq-enterococcus-analysis/analyses/04_annotation/structural/prokka/efaecium_e745:Prokka:EFM745_03168 (length 274)
/home/dich3309/rnaseq-tnseq-enterococcus-analysis/analyses/04_annotation/structural/prokka/efaecium_e745:Prokka:EFM745_03169 (length 226)
/home/dich3309/rnaseq-tnseq-enterococcus-analysis/analyses/04_annotation/structural/prokka/efaecium_e745:Prokka:EFM745_03170 (length 231)
/home/dich3309/rnaseq-tnseq-enterococcus-analysis/analyses/04_annotation/structural/prokka/efaecium_e745:Prokka:EFM745_03171 (length 66)
/home/dich3309/rnaseq-tnseq-enterococcus-analysis/analyses/04_annotation/structural/prokka/efaecium_e745:Prokka:EFM745_03172 (length 59)
/home/dich3309/rnaseq-tnseq-enterococcus-analysis/analyses/04_annotation/structural/prokka/efaecium_e745:Prokka:EFM745_03173 (length 89)
/home/dich3309/rnaseq-tnseq-enterococcus-analysis/analyses/04_annotation/structural/prokka/efaecium_e745:Prokka:EFM745_03174 (length 85)
/home/dich3309/rnaseq-tnseq-enterococcus-analysis/analyses/04_annotation/structural/prokka/efaecium_e745:Prokka:EFM745_03175 (length 34)
/home/dich3309/rnaseq-tnseq-enterococcus-analysis/analyses/04_annotation/structural/prokka/efaecium_e745:Prokka:EFM745_03176 (length 274)
/home/dich3309/rnaseq-tnseq-enterococcus-analysis/analyses/04_annotation/structural/prokka/efaecium_e745:Prokka:EFM745_03177 (length 204)
/home/dich3309/rnaseq-tnseq-enterococcus-analysis/analyses/04_annotation/structural/prokka/efaecium_e745:Prokka:EFM745_03178 (length 441)
/home/dich3309/rnaseq-tnseq-enterococcus-analysis/analyses/04_annotation/structural/prokka/efaecium_e745:Prokka:EFM745_03179 (length 116)
/home/dich3309/rnaseq-tnseq-enterococcus-analysis/analyses/04_annotation/structural/prokka/efaecium_e745:Prokka:EFM745_03180 (length 59)
/home/dich3309/rnaseq-tnseq-enterococcus-analysis/analyses/04_annotation/structural/prokka/efaecium_e745:Prokka:EFM745_03181 (length 96)
/home/dich3309/rnaseq-tnseq-enterococcus-analysis/analyses/04_annotation/structural/prokka/efaecium_e745:Prokka:EFM745_03182 (length 262)
/home/dich3309/rnaseq-tnseq-enterococcus-analysis/analyses/04_annotation/structural/prokka/efaecium_e745:Prokka:EFM745_03183 (length 108)
/home/dich3309/rnaseq-tnseq-enterococcus-analysis/analyses/04_annotation/structural/prokka/efaecium_e745:Prokka:EFM745_03184 (length 346)
/home/dich3309/rnaseq-tnseq-enterococcus-analysis/analyses/04_annotation/structural/prokka/efaecium_e745:Prokka:EFM745_03185 (length 106)
/home/dich3309/rnaseq-tnseq-enterococcus-analysis/analyses/04_annotation/structural/prokka/efaecium_e745:Prokka:EFM745_03186 (length 75)
/home/dich3309/rnaseq-tnseq-enterococcus-analysis/analyses/04_annotation/structural/prokka/efaecium_e745:Prokka:EFM745_03187 (length 231)
/home/dich3309/rnaseq-tnseq-enterococcus-analysis/analyses/04_annotation/structural/prokka/efaecium_e745:Prokka:EFM745_03188 (length 66)
/home/dich3309/rnaseq-tnseq-enterococcus-analysis/analyses/04_annotation/structural/prokka/efaecium_e745:Prokka:EFM745_03189 (length 59)
/home/dich3309/rnaseq-tnseq-enterococcus-analysis/analyses/04_annotation/structural/prokka/efaecium_e745:Prokka:EFM745_03190 (length 45)
/home/dich3309/rnaseq-tnseq-enterococcus-analysis/analyses/04_annotation/structural/prokka/efaecium_e745:Prokka:EFM745_03191 (length 85)
/home/dich3309/rnaseq-tnseq-enterococcus-analysis/analyses/04_annotation/structural/prokka/efaecium_e745:Prokka:EFM745_03192 (length 156)
/home/dich3309/rnaseq-tnseq-enterococcus-analysis/analyses/04_annotation/structural/prokka/efaecium_e745:Prokka:EFM745_8 (length 24852)
/home/dich3309/rnaseq-tnseq-enterococcus-analysis/analyses/04_annotation/structural/prokka/efaecium_e745:Prokka:EFM745_03193 (length 521)
/home/dich3309/rnaseq-tnseq-enterococcus-analysis/analyses/04_annotation/structural/prokka/efaecium_e745:Prokka:EFM745_03194 (length 120)
/home/dich3309/rnaseq-tnseq-enterococcus-analysis/analyses/04_annotation/structural/prokka/efaecium_e745:Prokka:EFM745_03195 (length 50)
/home/dich3309/rnaseq-tnseq-enterococcus-analysis/analyses/04_annotation/structural/prokka/efaecium_e745:Prokka:EFM745_03196 (length 140)
/home/dich3309/rnaseq-tnseq-enterococcus-analysis/analyses/04_annotation/structural/prokka/efaecium_e745:Prokka:EFM745_03197 (length 471)
/home/dich3309/rnaseq-tnseq-enterococcus-analysis/analyses/04_annotation/structural/prokka/efaecium_e745:Prokka:EFM745_03198 (length 276)
/home/dich3309/rnaseq-tnseq-enterococcus-analysis/analyses/04_annotation/structural/prokka/efaecium_e745:Prokka:EFM745_03199 (length 265)
/home/dich3309/rnaseq-tnseq-enterococcus-analysis/analyses/04_annotation/structural/prokka/efaecium_e745:Prokka:EFM745_03200 (length 120)
/home/dich3309/rnaseq-tnseq-enterococcus-analysis/analyses/04_annotation/structural/prokka/efaecium_e745:Prokka:EFM745_03201 (length 48)
/home/dich3309/rnaseq-tnseq-enterococcus-analysis/analyses/04_annotation/structural/prokka/efaecium_e745:Prokka:EFM745_03202 (length 73)
/home/dich3309/rnaseq-tnseq-enterococcus-analysis/analyses/04_annotation/structural/prokka/efaecium_e745:Prokka:EFM745_03203 (length 91)
/home/dich3309/rnaseq-tnseq-enterococcus-analysis/analyses/04_annotation/structural/prokka/efaecium_e745:Prokka:EFM745_03204 (length 608)
/home/dich3309/rnaseq-tnseq-enterococcus-analysis/analyses/04_annotation/structural/prokka/efaecium_e745:Prokka:EFM745_03205 (length 238)
/home/dich3309/rnaseq-tnseq-enterococcus-analysis/analyses/04_annotation/structural/prokka/efaecium_e745:Prokka:EFM745_03206 (length 605)
/home/dich3309/rnaseq-tnseq-enterococcus-analysis/analyses/04_annotation/structural/prokka/efaecium_e745:Prokka:EFM745_03208 (length 632)
/home/dich3309/rnaseq-tnseq-enterococcus-analysis/analyses/04_annotation/structural/prokka/efaecium_e745:Prokka:EFM745_03210 (length 335)
/home/dich3309/rnaseq-tnseq-enterococcus-analysis/analyses/04_annotation/structural/prokka/efaecium_e745:Prokka:EFM745_03211 (length 889)
/home/dich3309/rnaseq-tnseq-enterococcus-analysis/analyses/04_annotation/structural/prokka/efaecium_e745:Prokka:EFM745_03212 (length 111)
/home/dich3309/rnaseq-tnseq-enterococcus-analysis/analyses/04_annotation/structural/prokka/efaecium_e745:Prokka:EFM745_03213 (length 205)
/home/dich3309/rnaseq-tnseq-enterococcus-analysis/analyses/04_annotation/structural/prokka/efaecium_e745:Prokka:EFM745_03214 (length 155)
/home/dich3309/rnaseq-tnseq-enterococcus-analysis/analyses/04_annotation/structural/prokka/efaecium_e745:Prokka:EFM745_03215 (length 651)
/home/dich3309/rnaseq-tnseq-enterococcus-analysis/analyses/04_annotation/structural/prokka/efaecium_e745:Prokka:EFM745_03216 (length 378)
/home/dich3309/rnaseq-tnseq-enterococcus-analysis/analyses/04_annotation/structural/prokka/efaecium_e745:Prokka:EFM745_03217 (length 216)
/home/dich3309/rnaseq-tnseq-enterococcus-analysis/analyses/04_annotation/structural/prokka/efaecium_e745:Prokka:EFM745_03218 (length 298)
/home/dich3309/rnaseq-tnseq-enterococcus-analysis/analyses/04_annotation/structural/prokka/efaecium_e745:Prokka:EFM745_03219 (length 76)
/home/dich3309/rnaseq-tnseq-enterococcus-analysis/analyses/04_annotation/structural/prokka/efaecium_e745:Prokka:EFM745_9 (length 15455)
/home/dich3309/rnaseq-tnseq-enterococcus-analysis/analyses/04_annotation/structural/prokka/efaecium_e745:Prokka:EFM745_03220 (length 153)
/home/dich3309/rnaseq-tnseq-enterococcus-analysis/analyses/04_annotation/structural/prokka/efaecium_e745:Prokka:EFM745_03221 (length 56)
/home/dich3309/rnaseq-tnseq-enterococcus-analysis/analyses/04_annotation/structural/prokka/efaecium_e745:Prokka:EFM745_03222 (length 179)
/home/dich3309/rnaseq-tnseq-enterococcus-analysis/analyses/04_annotation/structural/prokka/efaecium_e745:Prokka:EFM745_03223 (length 245)
/home/dich3309/rnaseq-tnseq-enterococcus-analysis/analyses/04_annotation/structural/prokka/efaecium_e745:Prokka:EFM745_03224 (length 229)
/home/dich3309/rnaseq-tnseq-enterococcus-analysis/analyses/04_annotation/structural/prokka/efaecium_e745:Prokka:EFM745_03225 (length 304)
/home/dich3309/rnaseq-tnseq-enterococcus-analysis/analyses/04_annotation/structural/prokka/efaecium_e745:Prokka:EFM745_03226 (length 126)
/home/dich3309/rnaseq-tnseq-enterococcus-analysis/analyses/04_annotation/structural/prokka/efaecium_e745:Prokka:EFM745_03227 (length 45)
/home/dich3309/rnaseq-tnseq-enterococcus-analysis/analyses/04_annotation/structural/prokka/efaecium_e745:Prokka:EFM745_03228 (length 206)
/home/dich3309/rnaseq-tnseq-enterococcus-analysis/analyses/04_annotation/structural/prokka/efaecium_e745:Prokka:EFM745_03229 (length 708)
/home/dich3309/rnaseq-tnseq-enterococcus-analysis/analyses/04_annotation/structural/prokka/efaecium_e745:Prokka:EFM745_03230 (length 124)
/home/dich3309/rnaseq-tnseq-enterococcus-analysis/analyses/04_annotation/structural/prokka/efaecium_e745:Prokka:EFM745_03231 (length 153)
/home/dich3309/rnaseq-tnseq-enterococcus-analysis/analyses/04_annotation/structural/prokka/efaecium_e745:Prokka:EFM745_03232 (length 56)
/home/dich3309/rnaseq-tnseq-enterococcus-analysis/analyses/04_annotation/structural/prokka/efaecium_e745:Prokka:EFM745_03233 (length 179)
/home/dich3309/rnaseq-tnseq-enterococcus-analysis/analyses/04_annotation/structural/prokka/efaecium_e745:Prokka:EFM745_03234 (length 245)
/home/dich3309/rnaseq-tnseq-enterococcus-analysis/analyses/04_annotation/structural/prokka/efaecium_e745:Prokka:EFM745_03235 (length 229)
/home/dich3309/rnaseq-tnseq-enterococcus-analysis/analyses/04_annotation/structural/prokka/efaecium_e745:Prokka:EFM745_03236 (length 134)
/home/dich3309/rnaseq-tnseq-enterococcus-analysis/analyses/04_annotation/structural/prokka/efaecium_e745:Prokka:EFM745_03237 (length 72)
/home/dich3309/rnaseq-tnseq-enterococcus-analysis/analyses/04_annotation/structural/prokka/efaecium_e745:Prokka:EFM745_03238 (length 127)
/home/dich3309/rnaseq-tnseq-enterococcus-analysis/analyses/04_annotation/structural/prokka/efaecium_e745:Prokka:EFM745_10 (length 7042)
/home/dich3309/rnaseq-tnseq-enterococcus-analysis/analyses/04_annotation/structural/prokka/efaecium_e745:Prokka:EFM745_03239 (length 61)
/home/dich3309/rnaseq-tnseq-enterococcus-analysis/analyses/04_annotation/structural/prokka/efaecium_e745:Prokka:EFM745_03240 (length 114)
/home/dich3309/rnaseq-tnseq-enterococcus-analysis/analyses/04_annotation/structural/prokka/efaecium_e745:Prokka:EFM745_03241 (length 144)
/home/dich3309/rnaseq-tnseq-enterococcus-analysis/analyses/04_annotation/structural/prokka/efaecium_e745:Prokka:EFM745_03242 (length 56)
/home/dich3309/rnaseq-tnseq-enterococcus-analysis/analyses/04_annotation/structural/prokka/efaecium_e745:Prokka:EFM745_03243 (length 179)
/home/dich3309/rnaseq-tnseq-enterococcus-analysis/analyses/04_annotation/structural/prokka/efaecium_e745:Prokka:EFM745_03244 (length 245)
/home/dich3309/rnaseq-tnseq-enterococcus-analysis/analyses/04_annotation/structural/prokka/efaecium_e745:Prokka:EFM745_03245 (length 229)
/home/dich3309/rnaseq-tnseq-enterococcus-analysis/analyses/04_annotation/structural/prokka/efaecium_e745:Prokka:EFM745_03246 (length 304)
/home/dich3309/rnaseq-tnseq-enterococcus-analysis/analyses/04_annotation/structural/prokka/efaecium_e745:Prokka:EFM745_03247 (length 126)
/home/dich3309/rnaseq-tnseq-enterococcus-analysis/analyses/04_annotation/structural/prokka/efaecium_e745:Prokka:EFM745_03248 (length 45)
/home/dich3309/rnaseq-tnseq-enterococcus-analysis/analyses/04_annotation/structural/prokka/efaecium_e745:Prokka:EFM745_03249 (length 85)

FATAL: DiscRep_ALL:RRNA_NAME_CONFLICTS::1 rRNA product names are not standard. Correct the names to the standard format, eg "16S ribosomal RNA"
/home/dich3309/rnaseq-tnseq-enterococcus-analysis/analyses/04_annotation/structural/prokka/efaecium_e745:rRNA	23S ribosomal RNA (partial)	EFM745_1:c2775211-2772907	EFM745_02818

DiscRep_ALL:DISC_INCONSISTENT_MOLINFO_TECH::Molinfo Technique Report (some missing, all same)
DiscRep_SUB:DISC_INCONSISTENT_MOLINFO_TECH::technique (all missing)
DiscRep_SUB:DISC_INCONSISTENT_MOLINFO_TECH::10 Molinfos are missing field technique
/home/dich3309/rnaseq-tnseq-enterococcus-analysis/analyses/04_annotation/structural/prokka/efaecium_e745:Prokka:EFM745_1 (length 2775212)
/home/dich3309/rnaseq-tnseq-enterococcus-analysis/analyses/04_annotation/structural/prokka/efaecium_e745:Prokka:EFM745_2 (length 218577)
/home/dich3309/rnaseq-tnseq-enterococcus-analysis/analyses/04_annotation/structural/prokka/efaecium_e745:Prokka:EFM745_3 (length 28887)
/home/dich3309/rnaseq-tnseq-enterococcus-analysis/analyses/04_annotation/structural/prokka/efaecium_e745:Prokka:EFM745_4 (length 14737)
/home/dich3309/rnaseq-tnseq-enterococcus-analysis/analyses/04_annotation/structural/prokka/efaecium_e745:Prokka:EFM745_5 (length 40013)
/home/dich3309/rnaseq-tnseq-enterococcus-analysis/analyses/04_annotation/structural/prokka/efaecium_e745:Prokka:EFM745_6 (length 15021)
/home/dich3309/rnaseq-tnseq-enterococcus-analysis/analyses/04_annotation/structural/prokka/efaecium_e745:Prokka:EFM745_7 (length 16127)
/home/dich3309/rnaseq-tnseq-enterococcus-analysis/analyses/04_annotation/structural/prokka/efaecium_e745:Prokka:EFM745_8 (length 24852)
/home/dich3309/rnaseq-tnseq-enterococcus-analysis/analyses/04_annotation/structural/prokka/efaecium_e745:Prokka:EFM745_9 (length 15455)
/home/dich3309/rnaseq-tnseq-enterococcus-analysis/analyses/04_annotation/structural/prokka/efaecium_e745:Prokka:EFM745_10 (length 7042)

