locus_tag	ftype	length_bp	gene	EC_number	COG	product
EFM745_00001	gene	603	licC_1			
EFM745_00001	CDS	603	licC_1		COG1455	Lichenan permease IIC component
EFM745_00002	gene	459	ptsG_1			
EFM745_00002	CDS	459	ptsG_1	2.7.1.199		PTS system glucose-specific EIICBA component
EFM745_00003	gene	1329	malH_1			
EFM745_00003	CDS	1329	malH_1	3.2.1.122	COG1486	Maltose-6'-phosphate glucosidase MalH
EFM745_00004	gene	1413	gamP_1			
EFM745_00004	CDS	1413	gamP_1		COG2190	Putative PTS system glucosamine-specific EIICBA component
EFM745_00005	gene	765				
EFM745_00005	CDS	765		3.5.1.-	COG3394	Carbohydrate deacetylase
EFM745_00006	gene	876	licT_1			
EFM745_00006	CDS	876	licT_1		COG3711	Transcription antiterminator LicT
EFM745_00007	gene	87				
EFM745_00007	tRNA	87				tRNA-Leu(caa)
EFM745_00008	gene	74				
EFM745_00008	tRNA	74				tRNA-Gln(ttg)
EFM745_00009	gene	74				
EFM745_00009	tRNA	74				tRNA-His(gtg)
EFM745_00010	gene	87				
EFM745_00010	tRNA	87				tRNA-Leu(caa)
EFM745_00011	gene	71				
EFM745_00011	tRNA	71				tRNA-Cys(gca)
EFM745_00012	gene	74				
EFM745_00012	tRNA	74				tRNA-Gln(ttg)
EFM745_00013	gene	74				
EFM745_00013	tRNA	74				tRNA-His(gtg)
EFM745_00014	gene	74				
EFM745_00014	tRNA	74				tRNA-Trp(cca)
EFM745_00015	gene	83				
EFM745_00015	tRNA	83				tRNA-Tyr(gta)
EFM745_00016	gene	76				
EFM745_00016	tRNA	76				tRNA-Phe(gaa)
EFM745_00017	gene	76				
EFM745_00017	tRNA	76				tRNA-Asp(gtc)
EFM745_00018	gene	75				
EFM745_00018	tRNA	75				tRNA-Val(tac)
EFM745_00019	gene	74				
EFM745_00019	tRNA	74				tRNA-Glu(ttc)
EFM745_00020	gene	92				
EFM745_00020	tRNA	92				tRNA-Ser(gga)
EFM745_00021	gene	76				
EFM745_00021	tRNA	76				tRNA-Asn(gtt)
EFM745_00022	gene	73				
EFM745_00022	tRNA	73				tRNA-Ala(tgc)
EFM745_00023	gene	1506	sasA_1			
EFM745_00023	CDS	1506	sasA_1	2.7.-.-		Adaptive-response sensory-kinase SasA
EFM745_00024	gene	687	arlR_1			
EFM745_00024	CDS	687	arlR_1		COG0745	Response regulator ArlR
EFM745_00025	gene	1422	gnd			
EFM745_00025	CDS	1422	gnd	1.1.1.44	COG0362	6-phosphogluconate dehydrogenase, decarboxylating
EFM745_00026	gene	180	rpmF_1			
EFM745_00026	CDS	180	rpmF_1			50S ribosomal protein L32
EFM745_00027	gene	570				
EFM745_00027	CDS	570				hypothetical protein
EFM745_00028	gene	903	gltC_1			
EFM745_00028	CDS	903	gltC_1			HTH-type transcriptional regulator GltC
EFM745_00029	gene	1785	pyk			
EFM745_00029	CDS	1785	pyk	2.7.1.40	COG0469	Pyruvate kinase
EFM745_00030	gene	963	pfkA			
EFM745_00030	CDS	963	pfkA	2.7.1.11		ATP-dependent 6-phosphofructokinase
EFM745_00031	gene	3315	dnaE			
EFM745_00031	CDS	3315	dnaE	2.7.7.7	COG0587	DNA polymerase III subunit alpha
EFM745_00032	gene	186				
EFM745_00032	CDS	186				hypothetical protein
EFM745_00033	gene	1197	sbnD_1			
EFM745_00033	CDS	1197	sbnD_1			Staphyloferrin B transporter
EFM745_00034	gene	1296				
EFM745_00034	CDS	1296				ISL3 family transposase ISEfa5
EFM745_00035	gene	1545	pbuO			
EFM745_00035	CDS	1545	pbuO		COG2252	Guanine/hypoxanthine permease PbuO
EFM745_00036	gene	810	yitU			
EFM745_00036	CDS	810	yitU	3.1.3.104	COG0561	5-amino-6-(5-phospho-D-ribitylamino)uracil phosphatase YitU
EFM745_00037	gene	1296				
EFM745_00037	CDS	1296				ISL3 family transposase IS1251
EFM745_00038	gene	2154	penA			
EFM745_00038	CDS	2154	penA		COG0768	Penicillin-binding protein 2B
EFM745_00039	gene	849	ybbH_1			
EFM745_00039	CDS	849	ybbH_1		COG1737	putative HTH-type transcriptional regulator YbbH
EFM745_00040	gene	1941	thrS			
EFM745_00040	CDS	1941	thrS	6.1.1.3	COG0441	Threonine--tRNA ligase
EFM745_00041	gene	180				
EFM745_00041	CDS	180		5.3.2.-		putative tautomerase
EFM745_00042	gene	1824	ziaA			
EFM745_00042	CDS	1824	ziaA	7.2.2.12		Zinc-transporting ATPase
EFM745_00043	gene	2280	helD_1			
EFM745_00043	CDS	2280	helD_1	3.6.4.12	COG3973	DNA helicase IV
EFM745_00044	gene	648				
EFM745_00044	CDS	648				hypothetical protein
EFM745_00045	gene	1296				
EFM745_00045	CDS	1296				ISL3 family transposase ISEfa11
EFM745_00046	gene	720	yeeN			
EFM745_00046	CDS	720	yeeN		COG0217	putative transcriptional regulatory protein YeeN
EFM745_00047	gene	1152	tmcAL			
EFM745_00047	CDS	1152	tmcAL	6.3.4.-	COG1323	tRNA(Met) cytidine acetate ligase
EFM745_00048	gene	741	COQ5_1			
EFM745_00048	CDS	741	COQ5_1	2.1.1.163		2-methoxy-6-polyprenyl-1,4-benzoquinol methylase, mitochondrial
EFM745_00049	gene	261	rsfS			
EFM745_00049	CDS	261	rsfS		COG0799	Ribosomal silencing factor RsfS
EFM745_00050	gene	594				
EFM745_00050	CDS	594				hypothetical protein
EFM745_00051	gene	651	nadD			
EFM745_00051	CDS	651	nadD	2.7.7.18	COG1057	Nicotinate-nucleotide adenylyltransferase
EFM745_00052	gene	312				
EFM745_00052	CDS	312			COG1534	RNA-binding protein
EFM745_00053	gene	1110	yqeH			
EFM745_00053	CDS	1110	yqeH		COG1161	putative protein YqeH
EFM745_00054	gene	528				
EFM745_00054	CDS	528				hypothetical protein
EFM745_00055	gene	786	accA			
EFM745_00055	CDS	786	accA	2.1.3.15	COG0825	Acetyl-coenzyme A carboxylase carboxyl transferase subunit alpha
EFM745_00056	gene	870	accD			
EFM745_00056	CDS	870	accD	2.1.3.15	COG0777	Acetyl-coenzyme A carboxylase carboxyl transferase subunit beta
EFM745_00057	gene	1380	cfiB			
EFM745_00057	CDS	1380	cfiB	6.4.1.7	COG0439	2-oxoglutarate carboxylase small subunit
EFM745_00058	gene	420	fabZ_1			
EFM745_00058	CDS	420	fabZ_1	4.2.1.59	COG0764	3-hydroxyacyl-[acyl-carrier-protein] dehydratase FabZ
EFM745_00059	gene	477	accB			
EFM745_00059	CDS	477	accB			Biotin carboxyl carrier protein of acetyl-CoA carboxylase
EFM745_00060	gene	1236	fabF			
EFM745_00060	CDS	1236	fabF	2.3.1.179	COG0304	3-oxoacyl-[acyl-carrier-protein] synthase 2
EFM745_00061	gene	738	fabG_1			
EFM745_00061	CDS	738	fabG_1	1.1.1.100		3-oxoacyl-[acyl-carrier-protein] reductase FabG
EFM745_00062	gene	918	fabD			
EFM745_00062	CDS	918	fabD	2.3.1.39	COG0331	Malonyl CoA-acyl carrier protein transacylase
EFM745_00063	gene	225	acpA			
EFM745_00063	CDS	225	acpA		COG0236	Acyl carrier protein
EFM745_00064	gene	963	fabH			
EFM745_00064	CDS	963	fabH	2.3.1.180	COG0332	3-oxoacyl-[acyl-carrier-protein] synthase 3
EFM745_00065	gene	441				
EFM745_00065	CDS	441				hypothetical protein
EFM745_00066	gene	966	uvrC_1			
EFM745_00066	CDS	966	uvrC_1			UvrABC system protein C
EFM745_00067	gene	231	ykuJ			
EFM745_00067	CDS	231	ykuJ		COG4703	putative protein YkuJ
EFM745_00068	gene	888	glxR			
EFM745_00068	CDS	888	glxR	1.1.1.60	COG2084	2-hydroxy-3-oxopropionate reductase
EFM745_00069	gene	1224				
EFM745_00069	CDS	1224		2.4.1.337	COG0438	Alpha-monoglucosyldiacylglycerol synthase
EFM745_00070	gene	1047	dgs			
EFM745_00070	CDS	1047	dgs	2.4.1.208	COG0438	Processive diacylglycerol alpha-glucosyltransferase
EFM745_00071	gene	1728	ptsI			
EFM745_00071	CDS	1728	ptsI	2.7.3.9	COG1080	Phosphoenolpyruvate-protein phosphotransferase
EFM745_00072	gene	267	ptsH			
EFM745_00072	CDS	267	ptsH		COG1925	Phosphocarrier protein HPr
EFM745_00073	gene	2097	clpE			
EFM745_00073	CDS	2097	clpE		COG0542	ATP-dependent Clp protease ATP-binding subunit ClpE
EFM745_00074	gene	321				
EFM745_00074	CDS	321				hypothetical protein
EFM745_00075	gene	225				
EFM745_00075	CDS	225				hypothetical protein
EFM745_00076	gene	1581	prfC			
EFM745_00076	CDS	1581	prfC			Peptide chain release factor 3
EFM745_00077	gene	1377				
EFM745_00077	CDS	1377				hypothetical protein
EFM745_00078	gene	1119	yhhT			
EFM745_00078	CDS	1119	yhhT		COG0628	Putative transport protein YhhT
EFM745_00079	gene	435				
EFM745_00079	CDS	435		2.3.1.-		Acetyltransferase
EFM745_00080	gene	534				
EFM745_00080	CDS	534				hypothetical protein
EFM745_00081	gene	1179	mutY			
EFM745_00081	CDS	1179	mutY	3.2.2.31		Adenine DNA glycosylase
EFM745_00082	gene	798	recX			
EFM745_00082	CDS	798	recX			Regulatory protein RecX
EFM745_00083	gene	1383	rlmCD			
EFM745_00083	CDS	1383	rlmCD	2.1.1.189	COG2265	23S rRNA (uracil-C(5))-methyltransferase RlmCD
EFM745_00084	gene	579				
EFM745_00084	CDS	579		1.14.99.53	COG3397	Lytic chitin monooxygenase
EFM745_00085	gene	471	crtK-2			
EFM745_00085	CDS	471	crtK-2		COG3476	Tryptophan-rich protein TspO
EFM745_00086	gene	1227	tagU_1			
EFM745_00086	CDS	1227	tagU_1	2.7.8.-		Polyisoprenyl-teichoic acid--peptidoglycan teichoic acid transferase TagU
EFM745_00087	gene	201	cspD			
EFM745_00087	CDS	201	cspD		COG1278	Cold shock protein CspD
EFM745_00088	gene	609	sodA			
EFM745_00088	CDS	609	sodA	1.15.1.1		Superoxide dismutase [Mn]
EFM745_00089	gene	471				
EFM745_00089	CDS	471				hypothetical protein
EFM745_00090	gene	900	czcD			
EFM745_00090	CDS	900	czcD		COG1230	Cadmium, cobalt and zinc/H(+)-K(+) antiporter
EFM745_00091	gene	804				
EFM745_00091	CDS	804				hypothetical protein
EFM745_00092	gene	948	ghrB_1			
EFM745_00092	CDS	948	ghrB_1	1.1.1.79	COG1052	Glyoxylate/hydroxypyruvate reductase B
EFM745_00093	gene	1548				
EFM745_00093	CDS	1548				IS66 family transposase ISRob1
EFM745_00094	gene	354				
EFM745_00094	CDS	354				hypothetical protein
EFM745_00095	gene	195				
EFM745_00095	CDS	195				hypothetical protein
EFM745_00096	gene	294				
EFM745_00096	CDS	294				hypothetical protein
EFM745_00097	gene	666	ktrA			
EFM745_00097	CDS	666	ktrA		COG0569	Ktr system potassium uptake protein A
EFM745_00098	gene	633	vraR			
EFM745_00098	CDS	633	vraR			Response regulator protein VraR
EFM745_00099	gene	1068	liaS			
EFM745_00099	CDS	1068	liaS	2.7.13.3	COG4585	Sensor histidine kinase LiaS
EFM745_00100	gene	732				
EFM745_00100	CDS	732				hypothetical protein
EFM745_00101	gene	480	greA			
EFM745_00101	CDS	480	greA		COG0782	Transcription elongation factor GreA
EFM745_00102	gene	1176	mltG			
EFM745_00102	CDS	1176	mltG	4.2.2.-		Endolytic murein transglycosylase
EFM745_00103	gene	1161	pbpX_1			
EFM745_00103	CDS	1161	pbpX_1		COG1680	Putative penicillin-binding protein PbpX
EFM745_00104	gene	1446				
EFM745_00104	CDS	1446				IS1182 family transposase ISEfa7
EFM745_00105	gene	948	wbgU_1			
EFM745_00105	CDS	948	wbgU_1	5.1.3.7		UDP-N-acetylglucosamine 4-epimerase
EFM745_00106	gene	1416				
EFM745_00106	CDS	1416				hypothetical protein
EFM745_00107	gene	1149	pglH_1			
EFM745_00107	CDS	1149	pglH_1	2.4.1.292	COG0438	GalNAc-alpha-(1->4)-GalNAc-alpha-(1->3)-diNAcBac-PP-undecaprenol alpha-1,4-N-acetyl-D-galactosaminyltransferase
EFM745_00108	gene	1536				
EFM745_00108	CDS	1536				hypothetical protein
EFM745_00109	gene	975	arnC_1			
EFM745_00109	CDS	975	arnC_1	2.4.2.53		Undecaprenyl-phosphate 4-deoxy-4-formamido-L-arabinose transferase
EFM745_00110	gene	966	arnC_2			
EFM745_00110	CDS	966	arnC_2	2.4.2.53		Undecaprenyl-phosphate 4-deoxy-4-formamido-L-arabinose transferase
EFM745_00111	gene	1068	rfbB			
EFM745_00111	CDS	1068	rfbB	4.2.1.46	COG1088	dTDP-glucose 4,6-dehydratase
EFM745_00112	gene	702	ispD			
EFM745_00112	CDS	702	ispD	2.7.7.60	COG1211	2-C-methyl-D-erythritol 4-phosphate cytidylyltransferase
EFM745_00113	gene	876				
EFM745_00113	CDS	876				hypothetical protein
EFM745_00114	gene	825	wbbD			
EFM745_00114	CDS	825	wbbD	2.4.1.303	COG0463	UDP-Gal:alpha-D-GlcNAc-diphosphoundecaprenol beta-1,3-galactosyltransferase
EFM745_00115	gene	1392				
EFM745_00115	CDS	1392				hypothetical protein
EFM745_00116	gene	960				
EFM745_00116	CDS	960			COG2826	IS30 family transposase IS6770
EFM745_00117	gene	2139	arnC_3			
EFM745_00117	CDS	2139	arnC_3	2.4.2.53		Undecaprenyl-phosphate 4-deoxy-4-formamido-L-arabinose transferase
EFM745_00118	gene	1587				
EFM745_00118	CDS	1587				hypothetical protein
EFM745_00119	gene	1221	btuD_1			
EFM745_00119	CDS	1221	btuD_1	7.6.2.8		Vitamin B12 import ATP-binding protein BtuD
EFM745_00120	gene	807	tagG			
EFM745_00120	CDS	807	tagG		COG1682	Teichoic acid translocation permease protein TagG
EFM745_00121	gene	1281				
EFM745_00121	CDS	1281				hypothetical protein
EFM745_00122	gene	2034				
EFM745_00122	CDS	2034				hypothetical protein
EFM745_00123	gene	852	rmlD			
EFM745_00123	CDS	852	rmlD	1.1.1.133		dTDP-4-dehydrorhamnose reductase
EFM745_00124	gene	1029	rmlB			
EFM745_00124	CDS	1029	rmlB	4.2.1.46	COG1088	dTDP-glucose 4,6-dehydratase
EFM745_00125	gene	573	rfbC			
EFM745_00125	CDS	573	rfbC	5.1.3.13	COG1898	dTDP-4-dehydrorhamnose 3,5-epimerase
EFM745_00126	gene	867	rfbA			
EFM745_00126	CDS	867	rfbA	2.7.7.24	COG1209	Glucose-1-phosphate thymidylyltransferase 1
EFM745_00127	gene	708				
EFM745_00127	CDS	708				hypothetical protein
EFM745_00128	gene	828				
EFM745_00128	CDS	828				hypothetical protein
EFM745_00129	gene	801				
EFM745_00129	CDS	801				hypothetical protein
EFM745_00130	gene	1140	tagO			
EFM745_00130	CDS	1140	tagO	2.7.8.33	COG0472	putative undecaprenyl-phosphate N-acetylglucosaminyl 1-phosphate transferase
EFM745_00131	gene	924				
EFM745_00131	CDS	924				hypothetical protein
EFM745_00132	gene	765	map			
EFM745_00132	CDS	765	map	3.4.11.18	COG0024	Methionine aminopeptidase 1
EFM745_00133	gene	441				
EFM745_00133	CDS	441				Flavodoxin
EFM745_00134	gene	570				
EFM745_00134	CDS	570				hypothetical protein
EFM745_00135	gene	1233	pepS			
EFM745_00135	CDS	1233	pepS	3.4.11.-	COG2309	Aminopeptidase PepS
EFM745_00136	gene	180				
EFM745_00136	CDS	180				hypothetical protein
EFM745_00137	gene	372				
EFM745_00137	CDS	372				hypothetical protein
EFM745_00138	gene	402				
EFM745_00138	CDS	402				hypothetical protein
EFM745_00139	gene	408				
EFM745_00139	CDS	408				hypothetical protein
EFM745_00140	gene	495				
EFM745_00140	CDS	495				IS3 family transposase ISEnfa3
EFM745_00141	gene	837				
EFM745_00141	CDS	837				IS3 family transposase ISEfa8
EFM745_00142	gene	291				
EFM745_00142	CDS	291				IS3 family transposase ISEfa8
EFM745_00143	gene	74				
EFM745_00143	tRNA	74				tRNA-Met(cat)
EFM745_00144	gene	1026				
EFM745_00144	CDS	1026				hypothetical protein
EFM745_00145	gene	225				
EFM745_00145	CDS	225				hypothetical protein
EFM745_00146	gene	294				
EFM745_00146	CDS	294				hypothetical protein
EFM745_00147	gene	138				
EFM745_00147	CDS	138				hypothetical protein
EFM745_00148	gene	447				
EFM745_00148	CDS	447				hypothetical protein
EFM745_00149	gene	2067				
EFM745_00149	CDS	2067				hypothetical protein
EFM745_00150	gene	783				
EFM745_00150	CDS	783				hypothetical protein
EFM745_00151	gene	1719				
EFM745_00151	CDS	1719				hypothetical protein
EFM745_00152	gene	2832				
EFM745_00152	CDS	2832				hypothetical protein
EFM745_00153	gene	789				
EFM745_00153	CDS	789				hypothetical protein
EFM745_00154	gene	3120				
EFM745_00154	CDS	3120				hypothetical protein
EFM745_00155	gene	288				
EFM745_00155	CDS	288				hypothetical protein
EFM745_00156	gene	369				
EFM745_00156	CDS	369				hypothetical protein
EFM745_00157	gene	513				
EFM745_00157	CDS	513				hypothetical protein
EFM745_00158	gene	393				
EFM745_00158	CDS	393				hypothetical protein
EFM745_00159	gene	372				
EFM745_00159	CDS	372				hypothetical protein
EFM745_00160	gene	327				
EFM745_00160	CDS	327				hypothetical protein
EFM745_00161	gene	339				
EFM745_00161	CDS	339				hypothetical protein
EFM745_00162	gene	207				
EFM745_00162	CDS	207				hypothetical protein
EFM745_00163	gene	1008				
EFM745_00163	CDS	1008				hypothetical protein
EFM745_00164	gene	354				
EFM745_00164	CDS	354				hypothetical protein
EFM745_00165	gene	642				
EFM745_00165	CDS	642				hypothetical protein
EFM745_00166	gene	174				
EFM745_00166	CDS	174				hypothetical protein
EFM745_00167	gene	954				
EFM745_00167	CDS	954				hypothetical protein
EFM745_00168	gene	264				
EFM745_00168	CDS	264				hypothetical protein
EFM745_00169	gene	231				
EFM745_00169	CDS	231				hypothetical protein
EFM745_00170	gene	1635				
EFM745_00170	CDS	1635				hypothetical protein
EFM745_00171	gene	1302				
EFM745_00171	CDS	1302				hypothetical protein
EFM745_00172	gene	456				
EFM745_00172	CDS	456				hypothetical protein
EFM745_00173	gene	225				
EFM745_00173	CDS	225				hypothetical protein
EFM745_00174	gene	180				
EFM745_00174	CDS	180				hypothetical protein
EFM745_00175	gene	414				
EFM745_00175	CDS	414				hypothetical protein
EFM745_00176	gene	276				
EFM745_00176	CDS	276				hypothetical protein
EFM745_00177	gene	153				
EFM745_00177	CDS	153				hypothetical protein
EFM745_00178	gene	414				
EFM745_00178	CDS	414				hypothetical protein
EFM745_00179	gene	297				
EFM745_00179	CDS	297				hypothetical protein
EFM745_00180	gene	558				
EFM745_00180	CDS	558				hypothetical protein
EFM745_00181	gene	396				
EFM745_00181	CDS	396				hypothetical protein
EFM745_00182	gene	174				
EFM745_00182	CDS	174				hypothetical protein
EFM745_00183	gene	312				
EFM745_00183	CDS	312				hypothetical protein
EFM745_00184	gene	291				
EFM745_00184	CDS	291				hypothetical protein
EFM745_00185	gene	312				
EFM745_00185	CDS	312				hypothetical protein
EFM745_00186	gene	162				
EFM745_00186	CDS	162				hypothetical protein
EFM745_00187	gene	303				
EFM745_00187	CDS	303				hypothetical protein
EFM745_00188	gene	165				
EFM745_00188	CDS	165				hypothetical protein
EFM745_00189	gene	270				
EFM745_00189	CDS	270				hypothetical protein
EFM745_00190	gene	852				
EFM745_00190	CDS	852				hypothetical protein
EFM745_00191	gene	516				
EFM745_00191	CDS	516				hypothetical protein
EFM745_00192	gene	693				
EFM745_00192	CDS	693				hypothetical protein
EFM745_00193	gene	672				
EFM745_00193	CDS	672				hypothetical protein
EFM745_00194	gene	342				
EFM745_00194	CDS	342				hypothetical protein
EFM745_00195	gene	147				
EFM745_00195	CDS	147				hypothetical protein
EFM745_00196	gene	174				
EFM745_00196	CDS	174				hypothetical protein
EFM745_00197	gene	189				
EFM745_00197	CDS	189				hypothetical protein
EFM745_00198	gene	285				
EFM745_00198	CDS	285				hypothetical protein
EFM745_00199	gene	300				
EFM745_00199	CDS	300				hypothetical protein
EFM745_00200	gene	204				
EFM745_00200	CDS	204				hypothetical protein
EFM745_00201	gene	747				
EFM745_00201	CDS	747				hypothetical protein
EFM745_00202	gene	252				
EFM745_00202	CDS	252				hypothetical protein
EFM745_00203	gene	156				
EFM745_00203	CDS	156				hypothetical protein
EFM745_00204	gene	189				
EFM745_00204	CDS	189				hypothetical protein
EFM745_00205	gene	159				
EFM745_00205	CDS	159				hypothetical protein
EFM745_00206	gene	321				
EFM745_00206	CDS	321				hypothetical protein
EFM745_00207	gene	423				
EFM745_00207	CDS	423				hypothetical protein
EFM745_00208	gene	306				
EFM745_00208	CDS	306				hypothetical protein
EFM745_00209	gene	1140	xerC_1			
EFM745_00209	CDS	1140	xerC_1			Tyrosine recombinase XerC
EFM745_00210	gene	1626	groL			
EFM745_00210	CDS	1626	groL		COG0459	60 kDa chaperonin
EFM745_00211	gene	285	groS			
EFM745_00211	CDS	285	groS		COG0234	10 kDa chaperonin
EFM745_00212	gene	663	MroQ			
EFM745_00212	CDS	663	MroQ	3.4.22.-		Membrane-embedded CAAX protease MroQ
EFM745_00213	gene	1293	gmuC_1			
EFM745_00213	CDS	1293	gmuC_1		COG1455	PTS system oligo-beta-mannoside-specific EIIC component
EFM745_00214	gene	630				
EFM745_00214	CDS	630				hypothetical protein
EFM745_00215	gene	810	yycJ			
EFM745_00215	CDS	810	yycJ	3.-.-.-	COG1235	Putative metallo-hydrolase YycJ
EFM745_00216	gene	870				
EFM745_00216	CDS	870				hypothetical protein
EFM745_00217	gene	1317				
EFM745_00217	CDS	1317				hypothetical protein
EFM745_00218	gene	1836	walK_1			
EFM745_00218	CDS	1836	walK_1	2.7.13.3		Sensor histidine kinase WalK
EFM745_00219	gene	705	walR_1			
EFM745_00219	CDS	705	walR_1		COG0745	Transcriptional regulatory protein WalR
EFM745_00220	gene	861				
EFM745_00220	CDS	861				DegV domain-containing protein
EFM745_00221	gene	570				
EFM745_00221	CDS	570				hypothetical protein
EFM745_00222	gene	73				
EFM745_00222	tRNA	73				tRNA-Lys(ctt)
EFM745_00223	gene	318				
EFM745_00223	CDS	318			COG2826	IS30 family transposase IS1252
EFM745_00224	gene	585				
EFM745_00224	CDS	585			COG2826	IS30 family transposase IS1252
EFM745_00225	gene	147				
EFM745_00225	CDS	147				hypothetical protein
EFM745_00226	gene	339				
EFM745_00226	CDS	339				hypothetical protein
EFM745_00227	gene	198	pisA			
EFM745_00227	CDS	198	pisA			Bacteriocin piscicolin-126
EFM745_00228	gene	1728				
EFM745_00228	CDS	1728				hypothetical protein
EFM745_00229	gene	1194	opuAA			
EFM745_00229	CDS	1194	opuAA	7.6.2.9	COG4175	Glycine betaine transport ATP-binding protein OpuAA
EFM745_00230	gene	645				
EFM745_00230	CDS	645				hypothetical protein
EFM745_00231	gene	135				
EFM745_00231	CDS	135				hypothetical protein
EFM745_00232	gene	2133	feoB			
EFM745_00232	CDS	2133	feoB		COG0370	Fe(2+) transporter FeoB
EFM745_00233	gene	474				
EFM745_00233	CDS	474				hypothetical protein
EFM745_00234	gene	225	nrdH			
EFM745_00234	CDS	225	nrdH		COG0695	Glutaredoxin-like protein NrdH
EFM745_00235	gene	2160	nrdE2			
EFM745_00235	CDS	2160	nrdE2	1.17.4.1	COG0209	Ribonucleoside-diphosphate reductase subunit alpha 2
EFM745_00236	gene	966	nrdF			
EFM745_00236	CDS	966	nrdF	1.17.4.1	COG0208	Ribonucleoside-diphosphate reductase 2 subunit beta
EFM745_00237	gene	1140				
EFM745_00237	CDS	1140				hypothetical protein
EFM745_00238	gene	714	sapB			
EFM745_00238	CDS	714	sapB		COG1285	Protein SapB
EFM745_00239	gene	702	nagB			
EFM745_00239	CDS	702	nagB	3.5.99.6	COG0363	Glucosamine-6-phosphate deaminase
EFM745_00240	gene	1533	ybiT_1			
EFM745_00240	CDS	1533	ybiT_1		COG0488	putative ABC transporter ATP-binding protein YbiT
EFM745_00241	gene	909				
EFM745_00241	CDS	909				IS982 family transposase ISEfm1
EFM745_00242	gene	1050				
EFM745_00242	CDS	1050				putative transporter
EFM745_00243	gene	690				
EFM745_00243	CDS	690				hypothetical protein
EFM745_00244	gene	369	rplL			
EFM745_00244	CDS	369	rplL		COG0222	50S ribosomal protein L7/L12
EFM745_00245	gene	504	rplJ			
EFM745_00245	CDS	504	rplJ			50S ribosomal protein L10
EFM745_00246	gene	128				
EFM745_00246	misc_RNA	128				L10_leader
EFM745_00247	gene	690	rplA			
EFM745_00247	CDS	690	rplA			50S ribosomal protein L1
EFM745_00248	gene	423	rplK			
EFM745_00248	CDS	423	rplK			50S ribosomal protein L11
EFM745_00249	gene	669	sdhB			
EFM745_00249	CDS	669	sdhB	4.3.1.17		L-serine dehydratase, beta chain
EFM745_00250	gene	873	sdhA			
EFM745_00250	CDS	873	sdhA	4.3.1.17		L-serine dehydratase, alpha chain
EFM745_00251	gene	1020				
EFM745_00251	CDS	1020		1.13.12.4	COG1304	Lactate 2-monooxygenase
EFM745_00252	gene	888				
EFM745_00252	CDS	888				hypothetical protein
EFM745_00253	gene	546	nusG			
EFM745_00253	CDS	546	nusG			Transcription termination/antitermination protein NusG
EFM745_00254	gene	171	secE			
EFM745_00254	CDS	171	secE			Protein translocase subunit SecE
EFM745_00255	gene	153	rpmG3			
EFM745_00255	CDS	153	rpmG3		COG0267	50S ribosomal protein L33 3
EFM745_00256	gene	645				
EFM745_00256	CDS	645				hypothetical protein
EFM745_00257	gene	504	queT_1			
EFM745_00257	CDS	504	queT_1		COG4708	Queuosine precursor transporter QueT
EFM745_00258	gene	47				
EFM745_00258	misc_RNA	47				PreQ1
EFM745_00259	gene	966	ytlR			
EFM745_00259	CDS	966	ytlR	2.7.1.-	COG1597	Putative lipid kinase YtlR
EFM745_00260	gene	1173				
EFM745_00260	CDS	1173				hypothetical protein
EFM745_00261	gene	1146				
EFM745_00261	CDS	1146				hypothetical protein
EFM745_00262	gene	933	lnrL			
EFM745_00262	CDS	933	lnrL	3.6.3.-	COG1131	Linearmycin resistance ATP-binding protein LnrL
EFM745_00263	gene	1080				
EFM745_00263	CDS	1080				hypothetical protein
EFM745_00264	gene	630	lnrK			
EFM745_00264	CDS	630	lnrK		COG2197	Transcriptional regulatory protein LnrK
EFM745_00265	gene	228				
EFM745_00265	CDS	228				hypothetical protein
EFM745_00266	gene	2589	recD2			
EFM745_00266	CDS	2589	recD2	3.6.4.12		ATP-dependent RecD-like DNA helicase
EFM745_00267	gene	660	pspA			
EFM745_00267	CDS	660	pspA	3.1.3.3	COG0406	Phosphoserine phosphatase 1
EFM745_00268	gene	504	trmL			
EFM745_00268	CDS	504	trmL	2.1.1.207	COG0219	tRNA (cytidine(34)-2'-O)-methyltransferase
EFM745_00269	gene	105				
EFM745_00269	misc_RNA	105				23S-methyl
EFM745_00270	gene	867	rlmA			
EFM745_00270	CDS	867	rlmA	2.1.1.187	COG0500	23S rRNA (guanine(745)-N(1))-methyltransferase
EFM745_00271	gene	642	cutC			
EFM745_00271	CDS	642	cutC		COG3142	Copper homeostasis protein CutC
EFM745_00272	gene	1362	mgtE			
EFM745_00272	CDS	1362	mgtE		COG2239	Magnesium transporter MgtE
EFM745_00273	gene	900				
EFM745_00273	CDS	900				hypothetical protein
EFM745_00274	gene	798	ppnKA			
EFM745_00274	CDS	798	ppnKA	2.7.1.23	COG0061	NAD kinase 1
EFM745_00275	gene	705	yjbM			
EFM745_00275	CDS	705	yjbM	2.7.6.5	COG2357	GTP pyrophosphokinase YjbM
EFM745_00276	gene	576	yjbK			
EFM745_00276	CDS	576	yjbK	3.6.1.-	COG4116	Putative triphosphatase YjbK
EFM745_00277	gene	678				
EFM745_00277	CDS	678				hypothetical protein
EFM745_00278	gene	1296				
EFM745_00278	CDS	1296				ISL3 family transposase IS1251
EFM745_00279	gene	1809	pepF1_1			
EFM745_00279	CDS	1809	pepF1_1	3.4.24.-		Oligoendopeptidase F, plasmid
EFM745_00280	gene	999				
EFM745_00280	CDS	999				hypothetical protein
EFM745_00281	gene	654	mecA			
EFM745_00281	CDS	654	mecA		COG4862	Adapter protein MecA 1
EFM745_00282	gene	399	spxA_1			
EFM745_00282	CDS	399	spxA_1		COG1393	Regulatory protein Spx
EFM745_00283	gene	708	yfnB_1			
EFM745_00283	CDS	708	yfnB_1	3.-.-.-	COG1011	Putative HAD-hydrolase YfnB
EFM745_00284	gene	3195	rapA			
EFM745_00284	CDS	3195	rapA	3.6.4.-		RNA polymerase-associated protein RapA
EFM745_00285	gene	3129				
EFM745_00285	CDS	3129				hypothetical protein
EFM745_00286	gene	1122	sbcD			
EFM745_00286	CDS	1122	sbcD			Nuclease SbcCD subunit D
EFM745_00287	gene	624	plsC			
EFM745_00287	CDS	624	plsC	2.3.1.-	COG0204	1-acyl-sn-glycerol-3-phosphate acyltransferase
EFM745_00288	gene	735	yfiC			
EFM745_00288	CDS	735	yfiC	2.1.1.223		tRNA1(Val) (adenine(37)-N6)-methyltransferase
EFM745_00289	gene	285				
EFM745_00289	CDS	285				hypothetical protein
EFM745_00290	gene	1884	oatA			
EFM745_00290	CDS	1884	oatA	2.3.1.-		O-acetyltransferase OatA
EFM745_00291	gene	876				
EFM745_00291	CDS	876				hypothetical protein
EFM745_00292	gene	1770	aspS			
EFM745_00292	CDS	1770	aspS	6.1.1.12		Aspartate--tRNA ligase
EFM745_00293	gene	1293	hisS			
EFM745_00293	CDS	1293	hisS	6.1.1.21		Histidine--tRNA ligase
EFM745_00294	gene	948	iolS			
EFM745_00294	CDS	948	iolS	1.1.1.-	COG0667	Aldo-keto reductase IolS
EFM745_00295	gene	1260	cypC			
EFM745_00295	CDS	1260	cypC	1.11.2.4		Fatty-acid peroxygenase
EFM745_00296	gene	447	dtd			
EFM745_00296	CDS	447	dtd	3.1.1.96	COG1490	D-aminoacyl-tRNA deacylase
EFM745_00297	gene	2214	relA			
EFM745_00297	CDS	2214	relA	2.7.6.5	COG0317	GTP pyrophosphokinase
EFM745_00298	gene	765	rsmE			
EFM745_00298	CDS	765	rsmE	2.1.1.193	COG1385	Ribosomal RNA small subunit methyltransferase E
EFM745_00299	gene	948	prmA			
EFM745_00299	CDS	948	prmA	2.1.1.-	COG2264	Ribosomal protein L11 methyltransferase
EFM745_00300	gene	489				
EFM745_00300	CDS	489				hypothetical protein
EFM745_00301	gene	672				
EFM745_00301	CDS	672		3.2.2.-		Putative 3-methyladenine DNA glycosylase
EFM745_00302	gene	1287				
EFM745_00302	CDS	1287			COG2256	putative AAA domain-containing protein
EFM745_00303	gene	195				
EFM745_00303	misc_RNA	195				6S
EFM745_00304	gene	285				
EFM745_00304	CDS	285				hypothetical protein
EFM745_00305	gene	480				
EFM745_00305	CDS	480				Putative universal stress protein
EFM745_00306	gene	129				
EFM745_00306	CDS	129				hypothetical protein
EFM745_00307	gene	1584	ybiT_2			
EFM745_00307	CDS	1584	ybiT_2		COG0488	putative ABC transporter ATP-binding protein YbiT
EFM745_00308	gene	1185	ackA			
EFM745_00308	CDS	1185	ackA	2.7.2.1	COG0282	Acetate kinase
EFM745_00309	gene	1008				
EFM745_00309	CDS	1008				hypothetical protein
EFM745_00310	gene	360				
EFM745_00310	CDS	360				hypothetical protein
EFM745_00311	gene	426				
EFM745_00311	CDS	426				hypothetical protein
EFM745_00312	gene	303				
EFM745_00312	CDS	303				hypothetical protein
EFM745_00313	gene	495				
EFM745_00313	CDS	495				hypothetical protein
EFM745_00314	gene	279				
EFM745_00314	CDS	279				hypothetical protein
EFM745_00315	gene	1050				
EFM745_00315	CDS	1050				hypothetical protein
EFM745_00316	gene	930	comGA			
EFM745_00316	CDS	930	comGA		COG2804	ComG operon protein 1
EFM745_00317	gene	1755	adeC			
EFM745_00317	CDS	1755	adeC	3.5.4.2		Adenine deaminase
EFM745_00318	gene	663	trmB			
EFM745_00318	CDS	663	trmB	2.1.1.33	COG0220	tRNA (guanine-N(7)-)-methyltransferase
EFM745_00319	gene	783	thiK			
EFM745_00319	CDS	783	thiK	2.7.1.89		Thiamine kinase
EFM745_00320	gene	1212				
EFM745_00320	CDS	1212				hypothetical protein
EFM745_00321	gene	738	ecsA			
EFM745_00321	CDS	738	ecsA		COG1131	ABC-type transporter ATP-binding protein EcsA
EFM745_00322	gene	435	hit			
EFM745_00322	CDS	435	hit		COG0537	Protein hit
EFM745_00323	gene	345				
EFM745_00323	CDS	345				hypothetical protein
EFM745_00324	gene	1011	prsA_1			
EFM745_00324	CDS	1011	prsA_1	5.2.1.8		Foldase protein PrsA
EFM745_00325	gene	945	yhaM			
EFM745_00325	CDS	945	yhaM	3.1.-.-	COG3481	3'-5' exoribonuclease YhaM
EFM745_00326	gene	2721				
EFM745_00326	CDS	2721				hypothetical protein
EFM745_00327	gene	1221				
EFM745_00327	CDS	1221				hypothetical protein
EFM745_00328	gene	837	ywpJ_1			
EFM745_00328	CDS	837	ywpJ_1	3.1.3.-	COG0561	Phosphatase YwpJ
EFM745_00329	gene	1311				
EFM745_00329	CDS	1311				hypothetical protein
EFM745_00330	gene	1419	yjmB			
EFM745_00330	CDS	1419	yjmB		COG2211	putative symporter YjmB
EFM745_00331	gene	1569	xynB			
EFM745_00331	CDS	1569	xynB	3.2.1.37		Beta-xylosidase
EFM745_00332	gene	411				
EFM745_00332	CDS	411				hypothetical protein
EFM745_00333	gene	924	pemA			
EFM745_00333	CDS	924	pemA	3.1.1.11	COG4677	Pectinesterase A
EFM745_00334	gene	900				
EFM745_00334	CDS	900				hypothetical protein
EFM745_00335	gene	1338				
EFM745_00335	CDS	1338				hypothetical protein
EFM745_00336	gene	1104	yteR			
EFM745_00336	CDS	1104	yteR	3.2.1.172	COG4225	Unsaturated rhamnogalacturonyl hydrolase YteR
EFM745_00337	gene	1509	lipO			
EFM745_00337	CDS	1509	lipO		COG1653	Lipoprotein LipO
EFM745_00338	gene	693				
EFM745_00338	CDS	693				hypothetical protein
EFM745_00339	gene	975	yteP_1			
EFM745_00339	CDS	975	yteP_1		COG4209	putative multiple-sugar transport system permease YteP
EFM745_00340	gene	873	araQ_1			
EFM745_00340	CDS	873	araQ_1		COG0395	L-arabinose transport system permease protein AraQ
EFM745_00341	gene	2199	yesS			
EFM745_00341	CDS	2199	yesS		COG2207	HTH-type transcriptional regulator YesS
EFM745_00342	gene	993	exuR_1			
EFM745_00342	CDS	993	exuR_1		COG1609	putative HTH-type transcriptional repressor ExuR
EFM745_00343	gene	1422	uxaB			
EFM745_00343	CDS	1422	uxaB	1.1.1.58	COG0246	Altronate oxidoreductase
EFM745_00344	gene	1500	uxaA			
EFM745_00344	CDS	1500	uxaA	4.2.1.7	COG2721	Altronate dehydratase
EFM745_00345	gene	1395	uxaC			
EFM745_00345	CDS	1395	uxaC	5.3.1.12	COG1904	Uronate isomerase
EFM745_00346	gene	684	rhgT			
EFM745_00346	CDS	684	rhgT	3.1.1.-	COG2755	Rhamnogalacturonan acetylesterase RhgT
EFM745_00347	gene	837				
EFM745_00347	CDS	837				hypothetical protein
EFM745_00348	gene	1755				
EFM745_00348	CDS	1755		3.6.3.-	COG1132	Putative multidrug export ATP-binding/permease protein
EFM745_00349	gene	342				
EFM745_00349	CDS	342				hypothetical protein
EFM745_00350	gene	2172	pbpF			
EFM745_00350	CDS	2172	pbpF		COG0744	Penicillin-binding protein 1F
EFM745_00351	gene	858	rluD_1			
EFM745_00351	CDS	858	rluD_1	5.4.99.23	COG0564	Ribosomal large subunit pseudouridine synthase D
EFM745_00352	gene	858	gmuE_1			
EFM745_00352	CDS	858	gmuE_1	2.7.1.4	COG1940	Putative fructokinase
EFM745_00353	gene	2703	mngB			
EFM745_00353	CDS	2703	mngB	3.2.1.-	COG0383	Mannosylglycerate hydrolase
EFM745_00354	gene	1290				
EFM745_00354	CDS	1290				hypothetical protein
EFM745_00355	gene	1047	araR_1			
EFM745_00355	CDS	1047	araR_1		COG1609	Arabinose metabolism transcriptional repressor
EFM745_00356	gene	2154				
EFM745_00356	CDS	2154				hypothetical protein
EFM745_00357	gene	1446	rhaR_1			
EFM745_00357	CDS	1446	rhaR_1			HTH-type transcriptional activator RhaR
EFM745_00358	gene	1725				
EFM745_00358	CDS	1725				hypothetical protein
EFM745_00359	gene	615				
EFM745_00359	CDS	615				hypothetical protein
EFM745_00360	gene	1458				
EFM745_00360	CDS	1458				hypothetical protein
EFM745_00361	gene	921	araQ_2			
EFM745_00361	CDS	921	araQ_2		COG0395	L-arabinose transport system permease protein AraQ
EFM745_00362	gene	948	yteP_2			
EFM745_00362	CDS	948	yteP_2		COG4209	putative multiple-sugar transport system permease YteP
EFM745_00363	gene	720	rluB_1			
EFM745_00363	CDS	720	rluB_1	5.4.99.22	COG1187	Ribosomal large subunit pseudouridine synthase B
EFM745_00364	gene	1647	murJ_1			
EFM745_00364	CDS	1647	murJ_1		COG2244	Lipid II flippase MurJ
EFM745_00365	gene	591				
EFM745_00365	CDS	591				hypothetical protein
EFM745_00366	gene	1506	murE			
EFM745_00366	CDS	1506	murE	6.3.2.7	COG0769	UDP-N-acetylmuramoyl-L-alanyl-D-glutamate--L-lysine ligase
EFM745_00367	gene	1353	licC_2			
EFM745_00367	CDS	1353	licC_2		COG1455	Lichenan permease IIC component
EFM745_00368	gene	519				
EFM745_00368	CDS	519				hypothetical protein
EFM745_00369	gene	327	licA_1			
EFM745_00369	CDS	327	licA_1		COG1447	Lichenan-specific phosphotransferase enzyme IIA component
EFM745_00370	gene	1980	licR_1			
EFM745_00370	CDS	1980	licR_1		COG1762	putative licABCH operon regulator
EFM745_00371	gene	315				
EFM745_00371	CDS	315				hypothetical protein
EFM745_00372	gene	294				
EFM745_00372	CDS	294				hypothetical protein
EFM745_00373	gene	1071				
EFM745_00373	CDS	1071				hypothetical protein
EFM745_00374	gene	1020				
EFM745_00374	CDS	1020				hypothetical protein
EFM745_00375	gene	2793				
EFM745_00375	CDS	2793				hypothetical protein
EFM745_00376	gene	225				
EFM745_00376	CDS	225				hypothetical protein
EFM745_00377	gene	762				
EFM745_00377	CDS	762				hypothetical protein
EFM745_00378	gene	1722				
EFM745_00378	CDS	1722			COG1132	putative ABC transporter ATP-binding protein
EFM745_00379	gene	1785				
EFM745_00379	CDS	1785			COG1132	putative ABC transporter ATP-binding protein
EFM745_00380	gene	1554				
EFM745_00380	CDS	1554				hypothetical protein
EFM745_00381	gene	2415	leuS			
EFM745_00381	CDS	2415	leuS	6.1.1.4		Leucine--tRNA ligase
EFM745_00382	gene	207				
EFM745_00382	misc_RNA	207				T-box
EFM745_00383	gene	2019				
EFM745_00383	CDS	2019		3.2.1.17		Muramidase-2
EFM745_00384	gene	657				
EFM745_00384	CDS	657				hypothetical protein
EFM745_00385	gene	957				
EFM745_00385	CDS	957				hypothetical protein
EFM745_00386	gene	567				
EFM745_00386	CDS	567				hypothetical protein
EFM745_00387	gene	1770				
EFM745_00387	CDS	1770			COG1132	putative ABC transporter ATP-binding protein
EFM745_00388	gene	1713				
EFM745_00388	CDS	1713			COG1132	putative ABC transporter ATP-binding protein
EFM745_00389	gene	669				
EFM745_00389	CDS	669				hypothetical protein
EFM745_00390	gene	789				
EFM745_00390	CDS	789				hypothetical protein
EFM745_00391	gene	1473	bmr3			
EFM745_00391	CDS	1473	bmr3			Multidrug resistance protein 3
EFM745_00392	gene	1296				
EFM745_00392	CDS	1296				ISL3 family transposase ISEfa5
EFM745_00393	gene	1194	metK			
EFM745_00393	CDS	1194	metK	2.5.1.6		S-adenosylmethionine synthase
EFM745_00394	gene	80				
EFM745_00394	misc_RNA	80				SMK_box_riboswitch
EFM745_00395	gene	74				
EFM745_00395	tRNA	74				tRNA-Glu(ttc)
EFM745_00396	gene	76				
EFM745_00396	tRNA	76				tRNA-Ile(gat)
EFM745_00397	gene	71				
EFM745_00397	tRNA	71				tRNA-Gly(tcc)
EFM745_00398	gene	75				
EFM745_00398	tRNA	75				tRNA-Phe(gaa)
EFM745_00399	gene	75				
EFM745_00399	tRNA	75				tRNA-Asp(gtc)
EFM745_00400	gene	76				
EFM745_00400	tRNA	76				tRNA-Met(cat)
EFM745_00401	gene	90				
EFM745_00401	tRNA	90				tRNA-Ser(tga)
EFM745_00402	gene	74				
EFM745_00402	tRNA	74				tRNA-Glu(ttc)
EFM745_00403	gene	90				
EFM745_00403	tRNA	90				tRNA-Ser(gct)
EFM745_00404	gene	76				
EFM745_00404	tRNA	76				tRNA-Ile(gat)
EFM745_00405	gene	71				
EFM745_00405	tRNA	71				tRNA-Gly(tcc)
EFM745_00406	gene	76				
EFM745_00406	tRNA	76				tRNA-Asp(gtc)
EFM745_00407	gene	76				
EFM745_00407	tRNA	76				tRNA-Met(cat)
EFM745_00408	gene	90				
EFM745_00408	tRNA	90				tRNA-Ser(tga)
EFM745_00409	gene	76				
EFM745_00409	tRNA	76				tRNA-Met(cat)
EFM745_00410	gene	76				
EFM745_00410	tRNA	76				tRNA-Met(cat)
EFM745_00411	gene	73				
EFM745_00411	tRNA	73				tRNA-Ala(tgc)
EFM745_00412	gene	74				
EFM745_00412	tRNA	74				tRNA-Pro(tgg)
EFM745_00413	gene	76				
EFM745_00413	tRNA	76				tRNA-Arg(acg)
EFM745_00414	gene	86				
EFM745_00414	tRNA	86				tRNA-Leu(taa)
EFM745_00415	gene	72				
EFM745_00415	tRNA	72				tRNA-Gly(gcc)
EFM745_00416	gene	76				
EFM745_00416	tRNA	76				tRNA-Thr(tgt)
EFM745_00417	gene	84				
EFM745_00417	tRNA	84				tRNA-Leu(tag)
EFM745_00418	gene	75				
EFM745_00418	tRNA	75				tRNA-Lys(ttt)
EFM745_00419	gene	75				
EFM745_00419	tRNA	75				tRNA-Val(tac)
EFM745_00420	gene	73				
EFM745_00420	tRNA	73				tRNA-Ala(tgc)
EFM745_00421	gene	1296				
EFM745_00421	CDS	1296				ISL3 family transposase ISEfa11
EFM745_00422	gene	1497	lysS			
EFM745_00422	CDS	1497	lysS	6.1.1.6	COG1190	Lysine--tRNA ligase
EFM745_00423	gene	1005	dusB			
EFM745_00423	CDS	1005	dusB	1.3.1.-	COG0042	tRNA-dihydrouridine synthase B
EFM745_00424	gene	888	hslO			
EFM745_00424	CDS	888	hslO		COG1281	33 kDa chaperonin
EFM745_00425	gene	2112	ftsH			
EFM745_00425	CDS	2112	ftsH	3.4.24.-	COG0465	ATP-dependent zinc metalloprotease FtsH
EFM745_00426	gene	546	hpt			
EFM745_00426	CDS	546	hpt	2.4.2.8		Hypoxanthine-guanine phosphoribosyltransferase
EFM745_00427	gene	1455	tilS			
EFM745_00427	CDS	1455	tilS	6.3.4.19		tRNA(Ile)-lysidine synthase
EFM745_00428	gene	471	pnp_1			
EFM745_00428	CDS	471	pnp_1	2.7.7.8		Polyribonucleotide nucleotidyltransferase
EFM745_00429	gene	426				
EFM745_00429	CDS	426				hypothetical protein
EFM745_00430	gene	270				
EFM745_00430	CDS	270				hypothetical protein
EFM745_00431	gene	1596	murJ_2			
EFM745_00431	CDS	1596	murJ_2		COG2244	Lipid II flippase MurJ
EFM745_00432	gene	3522	mfd			
EFM745_00432	CDS	3522	mfd	3.6.4.-		Transcription-repair-coupling factor
EFM745_00433	gene	561	pth			
EFM745_00433	CDS	561	pth	3.1.1.29		Peptidyl-tRNA hydrolase
EFM745_00434	gene	975	ldh_1			
EFM745_00434	CDS	975	ldh_1	1.1.1.27	COG0039	L-lactate dehydrogenase
EFM745_00435	gene	1401				
EFM745_00435	CDS	1401				hypothetical protein
EFM745_00436	gene	723				
EFM745_00436	CDS	723			COG0217	putative transcriptional regulatory protein
EFM745_00437	gene	507				
EFM745_00437	CDS	507				hypothetical protein
EFM745_00438	gene	1800	pepF1_2			
EFM745_00438	CDS	1800	pepF1_2	3.4.24.-		Oligoendopeptidase F, plasmid
EFM745_00439	gene	1575				
EFM745_00439	CDS	1575				hypothetical protein
EFM745_00440	gene	510				
EFM745_00440	CDS	510				hypothetical protein
EFM745_00441	gene	855	mreC			
EFM745_00441	CDS	855	mreC		COG1792	Cell shape-determining protein MreC
EFM745_00442	gene	639	thiN			
EFM745_00442	CDS	639	thiN	2.7.6.2	COG1564	Thiamine pyrophosphokinase
EFM745_00443	gene	651	rpe_1			
EFM745_00443	CDS	651	rpe_1	5.1.3.1		Ribulose-phosphate 3-epimerase
EFM745_00444	gene	900	rsgA			
EFM745_00444	CDS	900	rsgA	3.6.1.-	COG1162	Small ribosomal subunit biogenesis GTPase RsgA
EFM745_00445	gene	2070	prkC			
EFM745_00445	CDS	2070	prkC	2.7.11.1	COG0515	Serine/threonine-protein kinase PrkC
EFM745_00446	gene	741	stp			
EFM745_00446	CDS	741	stp	3.1.3.16	COG0631	Serine/threonine phosphatase stp
EFM745_00447	gene	1359	rsmB			
EFM745_00447	CDS	1359	rsmB	2.1.1.176	COG0144	Ribosomal RNA small subunit methyltransferase B
EFM745_00448	gene	939	fmt			
EFM745_00448	CDS	939	fmt	2.1.2.9		Methionyl-tRNA formyltransferase
EFM745_00449	gene	492	def_1			
EFM745_00449	CDS	492	def_1	3.5.1.88		Peptide deformylase
EFM745_00450	gene	2409	priA			
EFM745_00450	CDS	2409	priA	3.6.4.-		primosomal protein N'
EFM745_00451	gene	306	rpoZ			
EFM745_00451	CDS	306	rpoZ	2.7.7.6		DNA-directed RNA polymerase subunit omega
EFM745_00452	gene	615	gmk_1			
EFM745_00452	CDS	615	gmk_1	2.7.4.8	COG0194	Guanylate kinase
EFM745_00453	gene	285				
EFM745_00453	CDS	285				hypothetical protein
EFM745_00454	gene	891				
EFM745_00454	CDS	891				hypothetical protein
EFM745_00455	gene	219				
EFM745_00455	CDS	219				hypothetical protein
EFM745_00456	gene	1701				
EFM745_00456	CDS	1701				hypothetical protein
EFM745_00457	gene	774				
EFM745_00457	CDS	774				hypothetical protein
EFM745_00458	gene	570	thiT			
EFM745_00458	CDS	570	thiT			Thiamine transporter ThiT
EFM745_00459	gene	103				
EFM745_00459	misc_RNA	103				TPP
EFM745_00460	gene	972	prs			
EFM745_00460	CDS	972	prs	2.7.6.1	COG0462	Ribose-phosphate pyrophosphokinase
EFM745_00461	gene	1374	glmU			
EFM745_00461	CDS	1374	glmU		COG1207	Bifunctional protein GlmU
EFM745_00462	gene	819	purR_1			
EFM745_00462	CDS	819	purR_1		COG0503	Pur operon repressor
EFM745_00463	gene	825	znuB			
EFM745_00463	CDS	825	znuB		COG1108	High-affinity zinc uptake system membrane protein ZnuB
EFM745_00464	gene	681	znuC			
EFM745_00464	CDS	681	znuC	7.2.2.-	COG1121	High-affinity zinc uptake system ATP-binding protein ZnuC
EFM745_00465	gene	939	znuA			
EFM745_00465	CDS	939	znuA		COG0803	High-affinity zinc uptake system binding-protein ZnuA
EFM745_00466	gene	846	ispE			
EFM745_00466	CDS	846	ispE	2.7.1.148	COG1947	4-diphosphocytidyl-2-C-methyl-D-erythritol kinase
EFM745_00467	gene	2574	mprF_1			
EFM745_00467	CDS	2574	mprF_1	2.3.2.3		Phosphatidylglycerol lysyltransferase
EFM745_00468	gene	807	proC			
EFM745_00468	CDS	807	proC	1.5.1.2	COG0345	Pyrroline-5-carboxylate reductase
EFM745_00469	gene	1557	rny			
EFM745_00469	CDS	1557	rny	3.1.-.-	COG1418	Ribonuclease Y
EFM745_00470	gene	1050	recA			
EFM745_00470	CDS	1050	recA		COG0468	Protein RecA
EFM745_00471	gene	1242	cinA			
EFM745_00471	CDS	1242	cinA		COG1058	Putative competence-damage inducible protein
EFM745_00472	gene	579	pgsA			
EFM745_00472	CDS	579	pgsA	2.7.8.5		CDP-diacylglycerol--glycerol-3-phosphate 3-phosphatidyltransferase
EFM745_00473	gene	885				
EFM745_00473	CDS	885				hypothetical protein
EFM745_00474	gene	1287				
EFM745_00474	CDS	1287				hypothetical protein
EFM745_00475	gene	1269				
EFM745_00475	CDS	1269				hypothetical protein
EFM745_00476	gene	462	mscL			
EFM745_00476	CDS	462	mscL		COG1970	Large-conductance mechanosensitive channel
EFM745_00477	gene	447	elaA			
EFM745_00477	CDS	447	elaA		COG2153	Protein ElaA
EFM745_00478	gene	246	veg			
EFM745_00478	CDS	246	veg		COG4466	Protein Veg
EFM745_00479	gene	579	sigH			
EFM745_00479	CDS	579	sigH		COG1595	RNA polymerase sigma-H factor
EFM745_00480	gene	531				
EFM745_00480	CDS	531				hypothetical protein
EFM745_00481	gene	861				
EFM745_00481	CDS	861		2.1.1.-		Putative TrmH family tRNA/rRNA methyltransferase
EFM745_00482	gene	396	mrnC			
EFM745_00482	CDS	396	mrnC	3.1.26.-	COG1939	Mini-ribonuclease 3
EFM745_00483	gene	1413	cysS			
EFM745_00483	CDS	1413	cysS	6.1.1.16	COG0215	Cysteine--tRNA ligase
EFM745_00484	gene	537	cysE			
EFM745_00484	CDS	537	cysE	2.3.1.30	COG1045	Serine acetyltransferase
EFM745_00485	gene	240				
EFM745_00485	misc_RNA	240				T-box
EFM745_00486	gene	1461	gltX			
EFM745_00486	CDS	1461	gltX	6.1.1.17		Glutamate--tRNA ligase
EFM745_00487	gene	1158	yacL			
EFM745_00487	CDS	1158	yacL	3.1.-.-	COG4956	putative PIN and TRAM-domain containing protein YacL
EFM745_00488	gene	1371	radA			
EFM745_00488	CDS	1371	radA	3.6.4.-	COG1066	DNA repair protein RadA
EFM745_00489	gene	528	dut			
EFM745_00489	CDS	528	dut	3.6.1.23	COG0756	Deoxyuridine 5'-triphosphate nucleotidohydrolase
EFM745_00490	gene	807	proB			
EFM745_00490	CDS	807	proB	2.7.2.11	COG0263	Glutamate 5-kinase 1
EFM745_00491	gene	1248	proA			
EFM745_00491	CDS	1248	proA	1.2.1.41	COG0014	Gamma-glutamyl phosphate reductase
EFM745_00492	gene	345				
EFM745_00492	CDS	345				hypothetical protein
EFM745_00493	gene	327				
EFM745_00493	CDS	327				hypothetical protein
EFM745_00494	gene	933	yfmO_1			
EFM745_00494	CDS	933	yfmO_1			Multidrug efflux protein YfmO
EFM745_00495	gene	270	yfmO_2			
EFM745_00495	CDS	270	yfmO_2			Multidrug efflux protein YfmO
EFM745_00496	gene	516				
EFM745_00496	CDS	516				hypothetical protein
EFM745_00497	gene	447				
EFM745_00497	CDS	447				hypothetical protein
EFM745_00498	gene	1479	msr(C)			
EFM745_00498	CDS	1479	msr(C)			ABC-F type ribosomal protection protein Msr(C)
EFM745_00499	gene	240	yodC_1			
EFM745_00499	CDS	240	yodC_1	1.-.-.-	COG0778	Putative NAD(P)H nitroreductase YodC
EFM745_00500	gene	393	yodC_2			
EFM745_00500	CDS	393	yodC_2	1.-.-.-	COG0778	Putative NAD(P)H nitroreductase YodC
EFM745_00501	gene	465				
EFM745_00501	CDS	465				hypothetical protein
EFM745_00502	gene	1269				
EFM745_00502	CDS	1269				hypothetical protein
EFM745_00503	gene	738				
EFM745_00503	CDS	738		1.-.-.-		putative oxidoreductase
EFM745_00504	gene	570				
EFM745_00504	CDS	570		2.3.1.-		Putative acetyltransferase
EFM745_00505	gene	873	hdfR_1			
EFM745_00505	CDS	873	hdfR_1			HTH-type transcriptional regulator HdfR
EFM745_00506	gene	873	sacY			
EFM745_00506	CDS	873	sacY		COG3711	Levansucrase and sucrase synthesis operon antiterminator
EFM745_00507	gene	1959	ptsG_2			
EFM745_00507	CDS	1959	ptsG_2	2.7.1.199	COG1263	PTS system glucose-specific EIICBA component
EFM745_00508	gene	99				
EFM745_00508	CDS	99				hypothetical protein
EFM745_00509	gene	852	qorB			
EFM745_00509	CDS	852	qorB	1.6.5.2	COG0702	Quinone oxidoreductase 2
EFM745_00510	gene	468	ywnA			
EFM745_00510	CDS	468	ywnA		COG1959	Putative HTH-type transcriptional regulator YwnA
EFM745_00511	gene	483				
EFM745_00511	CDS	483				hypothetical protein
EFM745_00512	gene	864				
EFM745_00512	CDS	864				hypothetical protein
EFM745_00513	gene	849				
EFM745_00513	CDS	849				hypothetical protein
EFM745_00514	gene	342	xylB_1			
EFM745_00514	CDS	342	xylB_1	2.7.1.17	COG1070	Xylulose kinase
EFM745_00515	gene	708	ygaZ_1			
EFM745_00515	CDS	708	ygaZ_1		COG1296	Inner membrane protein YgaZ
EFM745_00516	gene	324				
EFM745_00516	CDS	324				hypothetical protein
EFM745_00517	gene	1038				
EFM745_00517	CDS	1038				Zinc-type alcohol dehydrogenase-like protein
EFM745_00518	gene	984	dus			
EFM745_00518	CDS	984	dus	1.3.1.-		putative tRNA-dihydrouridine synthase
EFM745_00519	gene	771	yadH			
EFM745_00519	CDS	771	yadH		COG0842	Inner membrane transport permease YadH
EFM745_00520	gene	936	yadG			
EFM745_00520	CDS	936	yadG		COG1131	putative ABC transporter ATP-binding protein YadG
EFM745_00521	gene	108				
EFM745_00521	CDS	108				hypothetical protein
EFM745_00522	gene	1650	mutS_1			
EFM745_00522	CDS	1650	mutS_1			DNA mismatch repair protein MutS
EFM745_00523	gene	897	phoR_1			
EFM745_00523	CDS	897	phoR_1	2.7.13.3	COG0642	Alkaline phosphatase synthesis sensor protein PhoR
EFM745_00524	gene	660	arlR_2			
EFM745_00524	CDS	660	arlR_2		COG0745	Response regulator ArlR
EFM745_00525	gene	783				
EFM745_00525	CDS	783				hypothetical protein
EFM745_00526	gene	918	bcrA_1			
EFM745_00526	CDS	918	bcrA_1			Bacitracin transport ATP-binding protein BcrA
EFM745_00527	gene	216				
EFM745_00527	CDS	216				hypothetical protein
EFM745_00528	gene	3228				
EFM745_00528	CDS	3228				hypothetical protein
EFM745_00529	gene	315				
EFM745_00529	CDS	315				hypothetical protein
EFM745_00530	gene	375				
EFM745_00530	CDS	375				hypothetical protein
EFM745_00531	gene	336				
EFM745_00531	CDS	336				hypothetical protein
EFM745_00532	gene	1146				
EFM745_00532	CDS	1146				hypothetical protein
EFM745_00533	gene	203				
EFM745_00533	misc_RNA	203				group-II-D1D4-5
EFM745_00534	gene	1860				
EFM745_00534	CDS	1860				hypothetical protein
EFM745_00535	gene	85				
EFM745_00535	misc_RNA	85				Intron_gpII
EFM745_00536	gene	240				
EFM745_00536	CDS	240				hypothetical protein
EFM745_00537	gene	675				
EFM745_00537	CDS	675				hypothetical protein
EFM745_00538	gene	165				
EFM745_00538	CDS	165				hypothetical protein
EFM745_00539	gene	435	hhaIM			
EFM745_00539	CDS	435	hhaIM	2.1.1.37		Modification methylase HhaI
EFM745_00540	gene	708				
EFM745_00540	CDS	708				hypothetical protein
EFM745_00541	gene	291				
EFM745_00541	CDS	291				hypothetical protein
EFM745_00542	gene	1185				
EFM745_00542	CDS	1185				hypothetical protein
EFM745_00543	gene	138				
EFM745_00543	CDS	138				hypothetical protein
EFM745_00544	gene	209				
EFM745_00544	misc_RNA	209				group-II-D1D4-5
EFM745_00545	gene	1911				
EFM745_00545	CDS	1911				hypothetical protein
EFM745_00546	gene	91				
EFM745_00546	misc_RNA	91				Intron_gpII
EFM745_00547	gene	504				
EFM745_00547	CDS	504				hypothetical protein
EFM745_00548	gene	390				
EFM745_00548	CDS	390				hypothetical protein
EFM745_00549	gene	2448				
EFM745_00549	CDS	2448				hypothetical protein
EFM745_00550	gene	2124				
EFM745_00550	CDS	2124				hypothetical protein
EFM745_00551	gene	1005				
EFM745_00551	CDS	1005				hypothetical protein
EFM745_00552	gene	912				
EFM745_00552	CDS	912				hypothetical protein
EFM745_00553	gene	216				
EFM745_00553	CDS	216				hypothetical protein
EFM745_00554	gene	1440	ribZ_1			
EFM745_00554	CDS	1440	ribZ_1			Riboflavin transporter RibZ
EFM745_00555	gene	633				
EFM745_00555	CDS	633				hypothetical protein
EFM745_00556	gene	1452				
EFM745_00556	CDS	1452				hypothetical protein
EFM745_00557	gene	1344	noxE			
EFM745_00557	CDS	1344	noxE	1.6.99.3	COG0446	NADH oxidase
EFM745_00558	gene	5928				
EFM745_00558	CDS	5928				hypothetical protein
EFM745_00559	gene	435				
EFM745_00559	CDS	435				hypothetical protein
EFM745_00560	gene	1206	rhaR_2			
EFM745_00560	CDS	1206	rhaR_2			HTH-type transcriptional activator RhaR
EFM745_00561	gene	387				
EFM745_00561	CDS	387				hypothetical protein
EFM745_00562	gene	192				
EFM745_00562	CDS	192				hypothetical protein
EFM745_00563	gene	195				
EFM745_00563	CDS	195				hypothetical protein
EFM745_00564	gene	189				
EFM745_00564	CDS	189				hypothetical protein
EFM745_00565	gene	1128				
EFM745_00565	CDS	1128				ISL3 family transposase IS1251
EFM745_00566	gene	1617				
EFM745_00566	CDS	1617				hypothetical protein
EFM745_00567	gene	219				
EFM745_00567	CDS	219				hypothetical protein
EFM745_00568	gene	240				
EFM745_00568	CDS	240				hypothetical protein
EFM745_00569	gene	1524				
EFM745_00569	CDS	1524				hypothetical protein
EFM745_00570	gene	123				
EFM745_00570	CDS	123				hypothetical protein
EFM745_00571	gene	984	yjiA			
EFM745_00571	CDS	984	yjiA	3.6.-.-	COG0523	P-loop guanosine triphosphatase YjiA
EFM745_00572	gene	150	rpmGA_1			
EFM745_00572	CDS	150	rpmGA_1			50S ribosomal protein L33 1
EFM745_00573	gene	378				
EFM745_00573	CDS	378				hypothetical protein
EFM745_00574	gene	180	rpmF_2			
EFM745_00574	CDS	180	rpmF_2		COG0333	50S ribosomal protein L32
EFM745_00575	gene	270	rpsN2_1			
EFM745_00575	CDS	270	rpsN2_1		COG0199	Alternate 30S ribosomal protein S14
EFM745_00576	gene	1743	ndvA			
EFM745_00576	CDS	1743	ndvA	7.5.2.3	COG1132	Beta-(1-->2)glucan export ATP-binding/permease protein NdvA
EFM745_00577	gene	1755	btuD_2			
EFM745_00577	CDS	1755	btuD_2	7.6.2.8		Vitamin B12 import ATP-binding protein BtuD
EFM745_00578	gene	570				
EFM745_00578	CDS	570				hypothetical protein
EFM745_00579	gene	1416	ykoD			
EFM745_00579	CDS	1416	ykoD	3.6.3.-	COG1122	Putative HMP/thiamine import ATP-binding protein YkoD
EFM745_00580	gene	669				
EFM745_00580	CDS	669				hypothetical protein
EFM745_00581	gene	519				
EFM745_00581	CDS	519				hypothetical protein
EFM745_00582	gene	93				
EFM745_00582	CDS	93				hypothetical protein
EFM745_00583	gene	234				
EFM745_00583	CDS	234				hypothetical protein
EFM745_00584	gene	951	ssaB_1			
EFM745_00584	CDS	951	ssaB_1		COG0803	Manganese ABC transporter substrate-binding lipoprotein
EFM745_00585	gene	408	mntD			
EFM745_00585	CDS	408	mntD		COG1108	Manganese transport system membrane protein MntD
EFM745_00586	gene	228				
EFM745_00586	CDS	228				hypothetical protein
EFM745_00587	gene	1188				
EFM745_00587	CDS	1188				IS110 family transposase ISBth13
EFM745_00588	gene	741	scaC_1			
EFM745_00588	CDS	741	scaC_1	7.2.2.5	COG1121	Manganese import ATP-binding protein ScaC
EFM745_00589	gene	56				
EFM745_00589	misc_RNA	56				pemK
EFM745_00590	gene	1227	xerC_2			
EFM745_00590	CDS	1227	xerC_2			Tyrosine recombinase XerC
EFM745_00591	gene	393	rpsI			
EFM745_00591	CDS	393	rpsI		COG0103	30S ribosomal protein S9
EFM745_00592	gene	444	rplM			
EFM745_00592	CDS	444	rplM			50S ribosomal protein L13
EFM745_00593	gene	468	dps			
EFM745_00593	CDS	468	dps	1.16.-.-	COG0783	DNA protection during starvation protein
EFM745_00594	gene	1539	xylB_2			
EFM745_00594	CDS	1539	xylB_2	2.7.1.17	COG1070	Xylulose kinase
EFM745_00595	gene	687	comC			
EFM745_00595	CDS	687	comC			Type 4 prepilin-like proteins leader peptide-processing enzyme
EFM745_00596	gene	528	msrA_1			
EFM745_00596	CDS	528	msrA_1	1.8.4.11	COG0225	Peptide methionine sulfoxide reductase MsrA
EFM745_00597	gene	678	yvdM_1			
EFM745_00597	CDS	678	yvdM_1	5.4.2.6	COG0637	Beta-phosphoglucomutase
EFM745_00598	gene	1131	glxK			
EFM745_00598	CDS	1131	glxK	2.7.1.31		Glycerate kinase
EFM745_00599	gene	2184	ycjT			
EFM745_00599	CDS	2184	ycjT	2.4.1.230	COG1554	Kojibiose phosphorylase
EFM745_00600	gene	1026	rifL			
EFM745_00600	CDS	1026	rifL	1.1.1.-		Putative UDP-kanosamine synthase oxidoreductase subunit
EFM745_00601	gene	828				
EFM745_00601	CDS	828				hypothetical protein
EFM745_00602	gene	1068	tdh			
EFM745_00602	CDS	1068	tdh	1.1.1.103		L-threonine 3-dehydrogenase
EFM745_00603	gene	837	ycjP			
EFM745_00603	CDS	837	ycjP		COG0395	Inner membrane ABC transporter permease protein YcjP
EFM745_00604	gene	870	ycjO			
EFM745_00604	CDS	870	ycjO		COG1175	Inner membrane ABC transporter permease protein YcjO
EFM745_00605	gene	1284				
EFM745_00605	CDS	1284				hypothetical protein
EFM745_00606	gene	1686	ycjM			
EFM745_00606	CDS	1686	ycjM	2.4.1.352	COG0366	Glucosylglycerate phosphorylase
EFM745_00607	gene	1026	purR_2			
EFM745_00607	CDS	1026	purR_2		COG1609	HTH-type transcriptional repressor PurR
EFM745_00608	gene	3654	rpoC			
EFM745_00608	CDS	3654	rpoC	2.7.7.6	COG0086	DNA-directed RNA polymerase subunit beta'
EFM745_00609	gene	3618	rpoB			
EFM745_00609	CDS	3618	rpoB	2.7.7.6	COG0085	DNA-directed RNA polymerase subunit beta
EFM745_00610	gene	59				
EFM745_00610	misc_RNA	59				Lacto-rpoB
EFM745_00611	gene	195				
EFM745_00611	misc_RNA	195				sRNA_2410
EFM745_00612	gene	969				
EFM745_00612	CDS	969				hypothetical protein
EFM745_00613	gene	906				
EFM745_00613	CDS	906				hypothetical protein
EFM745_00614	gene	807	yxdL_1			
EFM745_00614	CDS	807	yxdL_1		COG1136	ABC transporter ATP-binding protein YxdL
EFM745_00615	gene	969	birA			
EFM745_00615	CDS	969	birA	6.3.4.15	COG0340	Bifunctional ligase/repressor BirA
EFM745_00616	gene	525				
EFM745_00616	CDS	525				hypothetical protein
EFM745_00617	gene	1983				
EFM745_00617	CDS	1983				hypothetical protein
EFM745_00618	gene	987	hepT			
EFM745_00618	CDS	987	hepT	2.5.1.30	COG0142	Heptaprenyl diphosphate synthase component 2
EFM745_00619	gene	567				
EFM745_00619	CDS	567				hypothetical protein
EFM745_00620	gene	417				
EFM745_00620	CDS	417				hypothetical protein
EFM745_00621	gene	1935	norW			
EFM745_00621	CDS	1935	norW	1.18.1.-		Nitric oxide reductase FlRd-NAD(+) reductase
EFM745_00622	gene	957				
EFM745_00622	CDS	957				hypothetical protein
EFM745_00623	gene	1104	apbE			
EFM745_00623	CDS	1104	apbE	2.7.1.180	COG1477	FAD:protein FMN transferase
EFM745_00624	gene	954	menA			
EFM745_00624	CDS	954	menA	2.5.1.74		1,4-dihydroxy-2-naphthoate octaprenyltransferase
EFM745_00625	gene	1347	gor			
EFM745_00625	CDS	1347	gor	1.8.1.7	COG1249	Glutathione reductase
EFM745_00626	gene	1251				
EFM745_00626	CDS	1251				hypothetical protein
EFM745_00627	gene	924	rlhA			
EFM745_00627	CDS	924	rlhA		COG0826	23S rRNA 5-hydroxycytidine synthase
EFM745_00628	gene	2493	clpC			
EFM745_00628	CDS	2493	clpC		COG0542	Negative regulator of genetic competence ClpC/MecB
EFM745_00629	gene	468	ctsR			
EFM745_00629	CDS	468	ctsR		COG4463	Transcriptional regulator CtsR
EFM745_00630	gene	77				
EFM745_00630	tRNA	77				tRNA-Arg(acg)
EFM745_00631	gene	74				
EFM745_00631	tRNA	74				tRNA-Pro(tgg)
EFM745_00632	gene	76				
EFM745_00632	tRNA	76				tRNA-Arg(acg)
EFM745_00633	gene	86				
EFM745_00633	tRNA	86				tRNA-Leu(taa)
EFM745_00634	gene	72				
EFM745_00634	tRNA	72				tRNA-Gly(gcc)
EFM745_00635	gene	76				
EFM745_00635	tRNA	76				tRNA-Thr(tgt)
EFM745_00636	gene	84				
EFM745_00636	tRNA	84				tRNA-Leu(tag)
EFM745_00637	gene	75				
EFM745_00637	tRNA	75				tRNA-Lys(ttt)
EFM745_00638	gene	75				
EFM745_00638	tRNA	75				tRNA-Val(tac)
EFM745_00639	gene	690	srrA_1			
EFM745_00639	CDS	690	srrA_1		COG0745	Transcriptional regulatory protein SrrA
EFM745_00640	gene	1209	rcsC_1			
EFM745_00640	CDS	1209	rcsC_1	2.7.13.3		Sensor histidine kinase RcsC
EFM745_00641	gene	1272	serS			
EFM745_00641	CDS	1272	serS	6.1.1.11		Serine--tRNA ligase
EFM745_00642	gene	1485	guaB			
EFM745_00642	CDS	1485	guaB	1.1.1.205	COG0516	Inosine-5'-monophosphate dehydrogenase
EFM745_00643	gene	696				
EFM745_00643	CDS	696				hypothetical protein
EFM745_00644	gene	1101	ychF			
EFM745_00644	CDS	1101	ychF		COG0012	Ribosome-binding ATPase YchF
EFM745_00645	gene	192				
EFM745_00645	CDS	192				hypothetical protein
EFM745_00646	gene	891	spo0J			
EFM745_00646	CDS	891	spo0J		COG1475	Stage 0 sporulation protein J
EFM745_00647	gene	768	soj_1			
EFM745_00647	CDS	768	soj_1	3.6.-.-	COG1192	Sporulation initiation inhibitor protein Soj
EFM745_00648	gene	714	rsmG			
EFM745_00648	CDS	714	rsmG	2.1.1.-	COG0357	Ribosomal RNA small subunit methyltransferase G
EFM745_00649	gene	1902	mnmG			
EFM745_00649	CDS	1902	mnmG			tRNA uridine 5-carboxymethylaminomethyl modification enzyme MnmG
EFM745_00650	gene	1398	mnmE			
EFM745_00650	CDS	1398	mnmE	3.6.-.-	COG0486	tRNA modification GTPase MnmE
EFM745_00651	gene	339				
EFM745_00651	CDS	339				hypothetical protein
EFM745_00652	gene	759				
EFM745_00652	CDS	759				hypothetical protein
EFM745_00653	gene	819	misCA			
EFM745_00653	CDS	819	misCA		COG0706	Membrane protein insertase MisCA
EFM745_00654	gene	357	rnpA			
EFM745_00654	CDS	357	rnpA	3.1.26.5	COG0594	Ribonuclease P protein component
EFM745_00655	gene	135	rpmH			
EFM745_00655	CDS	135	rpmH			50S ribosomal protein L34
EFM745_00656	gene	1335	dnaA			
EFM745_00656	CDS	1335	dnaA		COG0593	Chromosomal replication initiator protein DnaA
EFM745_00657	gene	1131	dnaN			
EFM745_00657	CDS	1131	dnaN		COG0592	Beta sliding clamp
EFM745_00658	gene	309				
EFM745_00658	CDS	309				hypothetical protein
EFM745_00659	gene	1125	recF			
EFM745_00659	CDS	1125	recF		COG1195	DNA replication and repair protein RecF
EFM745_00660	gene	1947	gyrB			
EFM745_00660	CDS	1947	gyrB	5.6.2.2	COG0187	DNA gyrase subunit B
EFM745_00661	gene	2472	gyrA			
EFM745_00661	CDS	2472	gyrA	5.6.2.2	COG0188	DNA gyrase subunit A
EFM745_00662	gene	300	rpsF			
EFM745_00662	CDS	300	rpsF		COG0360	30S ribosomal protein S6
EFM745_00663	gene	513	ssb_1			
EFM745_00663	CDS	513	ssb_1		COG0629	Single-stranded DNA-binding protein
EFM745_00664	gene	237	rpsR			
EFM745_00664	CDS	237	rpsR		COG0238	30S ribosomal protein S18
EFM745_00665	gene	1974	gdpP			
EFM745_00665	CDS	1974	gdpP	3.1.4.59	COG3887	Cyclic-di-AMP phosphodiesterase GdpP
EFM745_00666	gene	453	rplI			
EFM745_00666	CDS	453	rplI			50S ribosomal protein L9
EFM745_00667	gene	1368	dnaC			
EFM745_00667	CDS	1368	dnaC	3.6.4.12	COG0305	Replicative DNA helicase
EFM745_00668	gene	1293	purA			
EFM745_00668	CDS	1293	purA	6.3.4.4	COG0104	Adenylosuccinate synthetase
EFM745_00669	gene	864				
EFM745_00669	CDS	864				DegV domain-containing protein
EFM745_00670	gene	1623	ybiT_3			
EFM745_00670	CDS	1623	ybiT_3		COG0488	putative ABC transporter ATP-binding protein YbiT
EFM745_00671	gene	522				
EFM745_00671	CDS	522				hypothetical protein
EFM745_00672	gene	1731	pox5			
EFM745_00672	CDS	1731	pox5	1.2.3.3	COG0028	Pyruvate oxidase
EFM745_00673	gene	819	zupT			
EFM745_00673	CDS	819	zupT		COG0428	Zinc transporter ZupT
EFM745_00674	gene	198				
EFM745_00674	CDS	198				hypothetical protein
EFM745_00675	gene	579				
EFM745_00675	CDS	579				Potassium channel
EFM745_00676	gene	138				
EFM745_00676	CDS	138				hypothetical protein
EFM745_00677	gene	504				
EFM745_00677	CDS	504				hypothetical protein
EFM745_00678	gene	1026				
EFM745_00678	CDS	1026				hypothetical protein
EFM745_00679	gene	864				
EFM745_00679	CDS	864				hypothetical protein
EFM745_00680	gene	378				
EFM745_00680	CDS	378				hypothetical protein
EFM745_00681	gene	231				
EFM745_00681	CDS	231				hypothetical protein
EFM745_00682	gene	207				
EFM745_00682	CDS	207				hypothetical protein
EFM745_00683	gene	372				
EFM745_00683	CDS	372				hypothetical protein
EFM745_00684	gene	693	yvdM_2			
EFM745_00684	CDS	693	yvdM_2	5.4.2.6	COG0637	Beta-phosphoglucomutase
EFM745_00685	gene	786	lacR_1			
EFM745_00685	CDS	786	lacR_1			Lactose phosphotransferase system repressor
EFM745_00686	gene	1401	lacG_1			
EFM745_00686	CDS	1401	lacG_1	3.2.1.85	COG2723	6-phospho-beta-galactosidase
EFM745_00687	gene	318	lacF_1			
EFM745_00687	CDS	318	lacF_1			PTS system lactose-specific EIIA component
EFM745_00688	gene	1674	lacE_1			
EFM745_00688	CDS	1674	lacE_1		COG1455	PTS system lactose-specific EIICB component
EFM745_00689	gene	1632				
EFM745_00689	CDS	1632				hypothetical protein
EFM745_00690	gene	142				
EFM745_00690	misc_RNA	142				rli38
EFM745_00691	gene	1566	guaA_1			
EFM745_00691	CDS	1566	guaA_1	6.3.5.2		GMP synthase [glutamine-hydrolyzing]
EFM745_00692	gene	924	coaA			
EFM745_00692	CDS	924	coaA	2.7.1.33		Pantothenate kinase
EFM745_00693	gene	606	rsmC			
EFM745_00693	CDS	606	rsmC	2.1.1.172	COG2813	Ribosomal RNA small subunit methyltransferase C
EFM745_00694	gene	1017	degA_1			
EFM745_00694	CDS	1017	degA_1		COG1609	HTH-type transcriptional regulator DegA
EFM745_00695	gene	1302	pdp			
EFM745_00695	CDS	1302	pdp	2.4.2.2	COG0213	Pyrimidine-nucleoside phosphorylase
EFM745_00696	gene	663	deoC			
EFM745_00696	CDS	663	deoC	4.1.2.4	COG0274	Deoxyribose-phosphate aldolase
EFM745_00697	gene	399	cdd			
EFM745_00697	CDS	399	cdd	3.5.4.5	COG0295	Cytidine deaminase
EFM745_00698	gene	1083	tmpC			
EFM745_00698	CDS	1083	tmpC		COG1744	Membrane lipoprotein TmpC
EFM745_00699	gene	1563	mglA			
EFM745_00699	CDS	1563	mglA	7.5.2.11	COG1129	Galactose/methyl galactoside import ATP-binding protein MglA
EFM745_00700	gene	1134				
EFM745_00700	CDS	1134				hypothetical protein
EFM745_00701	gene	957				
EFM745_00701	CDS	957				hypothetical protein
EFM745_00702	gene	1167	deoB			
EFM745_00702	CDS	1167	deoB	5.4.2.7		Phosphopentomutase
EFM745_00703	gene	819	punA			
EFM745_00703	CDS	819	punA	2.4.2.1		Purine nucleoside phosphorylase 1
EFM745_00704	gene	708	deoD			
EFM745_00704	CDS	708	deoD	2.4.2.1	COG0813	Purine nucleoside phosphorylase DeoD-type
EFM745_00705	gene	687	gpmA_1			
EFM745_00705	CDS	687	gpmA_1	5.4.2.11		2,3-bisphosphoglycerate-dependent phosphoglycerate mutase
EFM745_00706	gene	582	hin			
EFM745_00706	CDS	582	hin		COG1961	DNA-invertase hin
EFM745_00707	gene	684	rpiA			
EFM745_00707	CDS	684	rpiA	5.3.1.6	COG0120	Ribose-5-phosphate isomerase A
EFM745_00708	gene	414	rpsL			
EFM745_00708	CDS	414	rpsL		COG0048	30S ribosomal protein S12
EFM745_00709	gene	471	rpsG			
EFM745_00709	CDS	471	rpsG		COG0049	30S ribosomal protein S7
EFM745_00710	gene	2088	fus			
EFM745_00710	CDS	2088	fus			Elongation factor G
EFM745_00711	gene	1188	tuf_1			
EFM745_00711	CDS	1188	tuf_1		COG0050	Elongation factor Tu
EFM745_00712	gene	309	rpsJ			
EFM745_00712	CDS	309	rpsJ		COG0051	30S ribosomal protein S10
EFM745_00713	gene	630	rplC			
EFM745_00713	CDS	630	rplC		COG0087	50S ribosomal protein L3
EFM745_00714	gene	624	rplD			
EFM745_00714	CDS	624	rplD		COG0088	50S ribosomal protein L4
EFM745_00715	gene	291	rplW			
EFM745_00715	CDS	291	rplW			50S ribosomal protein L23
EFM745_00716	gene	834	rplB			
EFM745_00716	CDS	834	rplB		COG0090	50S ribosomal protein L2
EFM745_00717	gene	279	rpsS			
EFM745_00717	CDS	279	rpsS		COG0185	30S ribosomal protein S19
EFM745_00718	gene	348	rplV			
EFM745_00718	CDS	348	rplV		COG0091	50S ribosomal protein L22
EFM745_00719	gene	657	rpsC			
EFM745_00719	CDS	657	rpsC		COG0092	30S ribosomal protein S3
EFM745_00720	gene	435	rplP			
EFM745_00720	CDS	435	rplP		COG0197	50S ribosomal protein L16
EFM745_00721	gene	189	rpmC			
EFM745_00721	CDS	189	rpmC		COG0255	50S ribosomal protein L29
EFM745_00722	gene	267	rpsQ			
EFM745_00722	CDS	267	rpsQ		COG0186	30S ribosomal protein S17
EFM745_00723	gene	369	rplN			
EFM745_00723	CDS	369	rplN		COG0093	50S ribosomal protein L14
EFM745_00724	gene	309	rplX			
EFM745_00724	CDS	309	rplX			50S ribosomal protein L24
EFM745_00725	gene	540	rplE			
EFM745_00725	CDS	540	rplE		COG0094	50S ribosomal protein L5
EFM745_00726	gene	186	rpsZ			
EFM745_00726	CDS	186	rpsZ		COG0199	30S ribosomal protein S14 type Z
EFM745_00727	gene	399	rpsH			
EFM745_00727	CDS	399	rpsH		COG0096	30S ribosomal protein S8
EFM745_00728	gene	537	rplF			
EFM745_00728	CDS	537	rplF			50S ribosomal protein L6
EFM745_00729	gene	357	rplR			
EFM745_00729	CDS	357	rplR		COG0256	50S ribosomal protein L18
EFM745_00730	gene	501	rpsE			
EFM745_00730	CDS	501	rpsE		COG0098	30S ribosomal protein S5
EFM745_00731	gene	180	rpmD			
EFM745_00731	CDS	180	rpmD		COG1841	50S ribosomal protein L30
EFM745_00732	gene	441	rplO			
EFM745_00732	CDS	441	rplO			50S ribosomal protein L15
EFM745_00733	gene	1296	secY			
EFM745_00733	CDS	1296	secY			Protein translocase subunit SecY
EFM745_00734	gene	648	adk			
EFM745_00734	CDS	648	adk	2.7.4.3		Adenylate kinase
EFM745_00735	gene	219	infA			
EFM745_00735	CDS	219	infA		COG0361	Translation initiation factor IF-1
EFM745_00736	gene	117	rpmJ			
EFM745_00736	CDS	117	rpmJ		COG0257	50S ribosomal protein L36
EFM745_00737	gene	366	rpsM			
EFM745_00737	CDS	366	rpsM		COG0099	30S ribosomal protein S13
EFM745_00738	gene	390	rpsK			
EFM745_00738	CDS	390	rpsK			30S ribosomal protein S11
EFM745_00739	gene	939	rpoA			
EFM745_00739	CDS	939	rpoA	2.7.7.6	COG0202	DNA-directed RNA polymerase subunit alpha
EFM745_00740	gene	381	rplQ			
EFM745_00740	CDS	381	rplQ		COG0203	50S ribosomal protein L17
EFM745_00741	gene	74				
EFM745_00741	misc_RNA	74				L17DE
EFM745_00742	gene	840	ecfA1			
EFM745_00742	CDS	840	ecfA1	7.-.-.-		Energy-coupling factor transporter ATP-binding protein EcfA1
EFM745_00743	gene	870	ecfA2_1			
EFM745_00743	CDS	870	ecfA2_1	3.6.3.-		Energy-coupling factor transporter ATP-binding protein EcfA2
EFM745_00744	gene	798	ecfT			
EFM745_00744	CDS	798	ecfT			Energy-coupling factor transporter transmembrane protein EcfT
EFM745_00745	gene	747	truA			
EFM745_00745	CDS	747	truA	5.4.99.12	COG0101	tRNA pseudouridine synthase A
EFM745_00746	gene	807				
EFM745_00746	CDS	807				hypothetical protein
EFM745_00747	gene	369	lrpC			
EFM745_00747	CDS	369	lrpC		COG1522	HTH-type transcriptional regulator LrpC
EFM745_00748	gene	1173				
EFM745_00748	CDS	1173				IS256 family transposase IS256
EFM745_00749	gene	1179				
EFM745_00749	CDS	1179				IS256 family transposase ISEf1
EFM745_00750	gene	339				
EFM745_00750	CDS	339				hypothetical protein
EFM745_00751	gene	549				
EFM745_00751	CDS	549				hypothetical protein
EFM745_00752	gene	660				
EFM745_00752	CDS	660				hypothetical protein
EFM745_00753	gene	909				
EFM745_00753	CDS	909				IS982 family transposase ISEfm1
EFM745_00754	gene	2670				
EFM745_00754	CDS	2670				hypothetical protein
EFM745_00755	gene	189	rpmB			
EFM745_00755	CDS	189	rpmB			50S ribosomal protein L28
EFM745_00756	gene	363				
EFM745_00756	CDS	363				putative protein
EFM745_00757	gene	1683				
EFM745_00757	CDS	1683				putative protein
EFM745_00758	gene	2037	recG			
EFM745_00758	CDS	2037	recG	3.6.4.12		ATP-dependent DNA helicase RecG
EFM745_00759	gene	1002	plsX			
EFM745_00759	CDS	1002	plsX	2.3.1.274	COG0416	Phosphate acyltransferase
EFM745_00760	gene	243	acpP			
EFM745_00760	CDS	243	acpP		COG0236	Acyl carrier protein
EFM745_00761	gene	1188				
EFM745_00761	CDS	1188				IS110 family transposase ISBth13
EFM745_00762	gene	1005	oppD_1			
EFM745_00762	CDS	1005	oppD_1		COG0444	Oligopeptide transport ATP-binding protein OppD
EFM745_00763	gene	945	oppF_1			
EFM745_00763	CDS	945	oppF_1		COG4608	Oligopeptide transport ATP-binding protein OppF
EFM745_00764	gene	963	gsiC			
EFM745_00764	CDS	963	gsiC		COG0601	Glutathione transport system permease protein GsiC
EFM745_00765	gene	915				
EFM745_00765	CDS	915				hypothetical protein
EFM745_00766	gene	1782				
EFM745_00766	CDS	1782				hypothetical protein
EFM745_00767	gene	687	rnc			
EFM745_00767	CDS	687	rnc	3.1.26.3	COG0571	Ribonuclease 3
EFM745_00768	gene	3582	smc_1			
EFM745_00768	CDS	3582	smc_1		COG1196	Chromosome partition protein Smc
EFM745_00769	gene	810	yidA_1			
EFM745_00769	CDS	810	yidA_1	3.1.3.23	COG0561	Sugar phosphatase YidA
EFM745_00770	gene	999	ftsY			
EFM745_00770	CDS	999	ftsY		COG0552	Signal recognition particle receptor FtsY
EFM745_00771	gene	2268	gshAB			
EFM745_00771	CDS	2268	gshAB		COG1181	Glutathione biosynthesis bifunctional protein GshAB
EFM745_00772	gene	453	yueI			
EFM745_00772	CDS	453	yueI		COG5506	putative protein YueI
EFM745_00773	gene	951	yclN			
EFM745_00773	CDS	951	yclN		COG4606	Petrobactin import system permease protein YclN
EFM745_00774	gene	960	yclO			
EFM745_00774	CDS	960	yclO		COG4605	Petrobactin import system permease protein YclO
EFM745_00775	gene	756	yclP			
EFM745_00775	CDS	756	yclP	7.2.2.-	COG4604	Petrobactin import ATP-binding protein YclP
EFM745_00776	gene	954	yclQ			
EFM745_00776	CDS	954	yclQ		COG4607	Petrobactin-binding protein YclQ
EFM745_00777	gene	108				
EFM745_00777	CDS	108				hypothetical protein
EFM745_00778	gene	954				
EFM745_00778	CDS	954			COG2826	IS30 family transposase IS1252
EFM745_00779	gene	189				
EFM745_00779	CDS	189				hypothetical protein
EFM745_00780	gene	1173				
EFM745_00780	CDS	1173				IS256 family transposase IS256
EFM745_00781	gene	357				
EFM745_00781	CDS	357				hypothetical protein
EFM745_00782	gene	900				
EFM745_00782	CDS	900				hypothetical protein
EFM745_00783	gene	897				
EFM745_00783	CDS	897				IS982 family transposase ISEfm1
EFM745_00784	gene	729				
EFM745_00784	CDS	729				hypothetical protein
EFM745_00785	gene	1680				
EFM745_00785	CDS	1680				hypothetical protein
EFM745_00786	gene	960				
EFM745_00786	CDS	960			COG2826	IS30 family transposase IS6770
EFM745_00787	gene	735	gla			
EFM745_00787	CDS	735	gla		COG0580	Glycerol facilitator-aquaporin gla
EFM745_00788	gene	411	cidA			
EFM745_00788	CDS	411	cidA			Holin-like protein CidA
EFM745_00789	gene	702	yohK			
EFM745_00789	CDS	702	yohK		COG1346	Inner membrane protein YohK
EFM745_00790	gene	1584				
EFM745_00790	CDS	1584				hypothetical protein
EFM745_00791	gene	222				
EFM745_00791	CDS	222				hypothetical protein
EFM745_00792	gene	762				
EFM745_00792	CDS	762		1.1.1.391	COG1028	3-beta-hydroxycholanate 3-dehydrogenase (NAD(+)) 2
EFM745_00793	gene	510	queT_2			
EFM745_00793	CDS	510	queT_2		COG4708	Queuosine precursor transporter QueT
EFM745_00794	gene	540	bioY2			
EFM745_00794	CDS	540	bioY2		COG1268	Biotin transporter BioY2
EFM745_00795	gene	612	rpsD			
EFM745_00795	CDS	612	rpsD		COG0522	30S ribosomal protein S4
EFM745_00796	gene	834	nirC			
EFM745_00796	CDS	834	nirC		COG2116	Nitrite transporter NirC
EFM745_00797	gene	636				
EFM745_00797	CDS	636				hypothetical protein
EFM745_00798	gene	774				
EFM745_00798	CDS	774				Putative bifunctional phosphatase/peptidyl-prolyl cis-trans isomerase
EFM745_00799	gene	798	ymdB			
EFM745_00799	CDS	798	ymdB	3.1.4.16	COG1692	2',3'-cyclic-nucleotide 2'-phosphodiesterase
EFM745_00800	gene	375				
EFM745_00800	CDS	375				hypothetical protein
EFM745_00801	gene	2646	mutS_2			
EFM745_00801	CDS	2646	mutS_2		COG0249	DNA mismatch repair protein MutS
EFM745_00802	gene	2109	mutL			
EFM745_00802	CDS	2109	mutL		COG0323	DNA mismatch repair protein MutL
EFM745_00803	gene	561	maf			
EFM745_00803	CDS	561	maf	3.6.1.9	COG0424	dTTP/UTP pyrophosphatase
EFM745_00804	gene	1989				
EFM745_00804	CDS	1989				hypothetical protein
EFM745_00805	gene	714	treR			
EFM745_00805	CDS	714	treR		COG2188	HTH-type transcriptional regulator TreR
EFM745_00806	gene	447	msrB			
EFM745_00806	CDS	447	msrB	1.8.4.12		Peptide methionine sulfoxide reductase MsrB
EFM745_00807	gene	603	ruvA			
EFM745_00807	CDS	603	ruvA	3.6.4.12	COG0632	Holliday junction ATP-dependent DNA helicase RuvA
EFM745_00808	gene	1002	ruvB			
EFM745_00808	CDS	1002	ruvB	3.6.4.12	COG2255	Holliday junction ATP-dependent DNA helicase RuvB
EFM745_00809	gene	579				
EFM745_00809	CDS	579				hypothetical protein
EFM745_00810	gene	483	yfkJ			
EFM745_00810	CDS	483	yfkJ	3.1.3.48	COG0394	Low molecular weight protein-tyrosine-phosphatase YfkJ
EFM745_00811	gene	375				
EFM745_00811	CDS	375				hypothetical protein
EFM745_00812	gene	954				
EFM745_00812	CDS	954			COG2826	IS30 family transposase IS1252
EFM745_00813	gene	1353	brnQ_1			
EFM745_00813	CDS	1353	brnQ_1		COG1114	Branched-chain amino acid transport system 2 carrier protein
EFM745_00814	gene	591				
EFM745_00814	CDS	591				Potassium channel
EFM745_00815	gene	1350	cycA			
EFM745_00815	CDS	1350	cycA		COG1113	D-serine/D-alanine/glycine transporter
EFM745_00816	gene	741	artM_1			
EFM745_00816	CDS	741	artM_1		COG1126	Arginine transport ATP-binding protein ArtM
EFM745_00817	gene	1593	mltF_1			
EFM745_00817	CDS	1593	mltF_1	4.2.2.-		Membrane-bound lytic murein transglycosylase F
EFM745_00818	gene	192				
EFM745_00818	CDS	192				hypothetical protein
EFM745_00819	gene	175				
EFM745_00819	misc_RNA	175				Lysine
EFM745_00820	gene	297				
EFM745_00820	CDS	297				hypothetical protein
EFM745_00821	gene	726	cobB			
EFM745_00821	CDS	726	cobB	2.3.1.286	COG0846	NAD-dependent protein deacetylase
EFM745_00822	gene	843	dapH_1			
EFM745_00822	CDS	843	dapH_1	2.3.1.89		2,3,4,5-tetrahydropyridine-2,6-dicarboxylate N-acetyltransferase
EFM745_00823	gene	522	nadR			
EFM745_00823	CDS	522	nadR		COG1827	Transcription repressor NadR
EFM745_00824	gene	564	def_2			
EFM745_00824	CDS	564	def_2	3.5.1.88	COG0242	Peptide deformylase
EFM745_00825	gene	270	rpsO			
EFM745_00825	CDS	270	rpsO		COG0184	30S ribosomal protein S15
EFM745_00826	gene	252				
EFM745_00826	misc_RNA	252				rliD
EFM745_00827	gene	2127	pnp_2			
EFM745_00827	CDS	2127	pnp_2	2.7.7.8	COG1185	Polyribonucleotide nucleotidyltransferase
EFM745_00828	gene	267				
EFM745_00828	CDS	267				hypothetical protein
EFM745_00829	gene	1992	kup			
EFM745_00829	CDS	1992	kup			Low affinity potassium transport system protein kup
EFM745_00830	gene	1302				
EFM745_00830	CDS	1302				hypothetical protein
EFM745_00831	gene	1371	dinF			
EFM745_00831	CDS	1371	dinF		COG0534	DNA damage-inducible protein F
EFM745_00832	gene	324				
EFM745_00832	CDS	324				hypothetical protein
EFM745_00833	gene	609	ctc			
EFM745_00833	CDS	609	ctc		COG1825	General stress protein CTC
EFM745_00834	gene	717	rsuA			
EFM745_00834	CDS	717	rsuA	5.4.99.19	COG1187	Ribosomal small subunit pseudouridine synthase A
EFM745_00835	gene	696	yfnB_2			
EFM745_00835	CDS	696	yfnB_2	3.-.-.-	COG1011	Putative HAD-hydrolase YfnB
EFM745_00836	gene	630	udk			
EFM745_00836	CDS	630	udk	2.7.1.48	COG0572	Uridine kinase
EFM745_00837	gene	537				
EFM745_00837	CDS	537				hypothetical protein
EFM745_00838	gene	513				
EFM745_00838	CDS	513				IS3 family transposase ISEnfa3
EFM745_00839	gene	261				
EFM745_00839	CDS	261				IS3 family transposase ISEnfa3
EFM745_00840	gene	603				
EFM745_00840	CDS	603				hypothetical protein
EFM745_00841	gene	489				
EFM745_00841	CDS	489				hypothetical protein
EFM745_00842	gene	1374				
EFM745_00842	CDS	1374				hypothetical protein
EFM745_00843	gene	468				
EFM745_00843	CDS	468				hypothetical protein
EFM745_00844	gene	1746	ubiB			
EFM745_00844	CDS	1746	ubiB	2.7.-.-	COG0661	putative protein kinase UbiB
EFM745_00845	gene	1077	ddl			
EFM745_00845	CDS	1077	ddl	6.3.2.4	COG1181	D-alanine--D-alanine ligase
EFM745_00846	gene	1413	murF			
EFM745_00846	CDS	1413	murF	6.3.2.10	COG0770	UDP-N-acetylmuramoyl-tripeptide--D-alanyl-D-alanine ligase
EFM745_00847	gene	1512	cshA			
EFM745_00847	CDS	1512	cshA	3.6.4.13	COG0513	ATP-dependent RNA helicase CshA
EFM745_00848	gene	351	acpS			
EFM745_00848	CDS	351	acpS	2.7.8.7	COG0736	Holo-[acyl-carrier-protein] synthase
EFM745_00849	gene	1122	alr			
EFM745_00849	CDS	1122	alr	5.1.1.1	COG0787	Alanine racemase
EFM745_00850	gene	363	ndoA			
EFM745_00850	CDS	363	ndoA	3.1.27.-	COG2337	Endoribonuclease EndoA
EFM745_00851	gene	270	rpsN2_2			
EFM745_00851	CDS	270	rpsN2_2		COG0199	Alternate 30S ribosomal protein S14
EFM745_00852	gene	948				
EFM745_00852	CDS	948				Zinc-type alcohol dehydrogenase-like protein
EFM745_00853	gene	2706				
EFM745_00853	CDS	2706				hypothetical protein
EFM745_00854	gene	1824	kimA			
EFM745_00854	CDS	1824	kimA		COG0531	Potassium transporter KimA
EFM745_00855	gene	264				
EFM745_00855	CDS	264				hypothetical protein
EFM745_00856	gene	267				
EFM745_00856	CDS	267				hypothetical protein
EFM745_00857	gene	489				
EFM745_00857	CDS	489				hypothetical protein
EFM745_00858	gene	99				
EFM745_00858	CDS	99				hypothetical protein
EFM745_00859	gene	672	opuCD			
EFM745_00859	CDS	672	opuCD		COG1174	Glycine betaine/carnitine/choline transport system permease protein OpuCD
EFM745_00860	gene	918	opuCC			
EFM745_00860	CDS	918	opuCC		COG1732	Glycine betaine/carnitine/choline-binding protein OpuCC
EFM745_00861	gene	642	opuCB			
EFM745_00861	CDS	642	opuCB		COG1174	Carnitine transport permease protein OpuCB
EFM745_00862	gene	1176	opuCA_1			
EFM745_00862	CDS	1176	opuCA_1	7.6.2.9	COG1125	Carnitine transport ATP-binding protein OpuCA
EFM745_00863	gene	1032	queA			
EFM745_00863	CDS	1032	queA	2.4.99.17	COG0809	S-adenosylmethionine:tRNA ribosyltransferase-isomerase
EFM745_00864	gene	309	yoaB			
EFM745_00864	CDS	309	yoaB	7.2.2.10	COG0474	Calcium-transporting ATPase 1
EFM745_00865	gene	2292				
EFM745_00865	CDS	2292		7.2.2.10		Calcium-transporting ATPase 1
EFM745_00866	gene	699				
EFM745_00866	CDS	699				hypothetical protein
EFM745_00867	gene	1146	tgt			
EFM745_00867	CDS	1146	tgt	2.4.2.29		Queuine tRNA-ribosyltransferase
EFM745_00868	gene	381				
EFM745_00868	CDS	381				hypothetical protein
EFM745_00869	gene	1320				
EFM745_00869	CDS	1320				IS1380 family transposase IS1678
EFM745_00870	gene	2598	adhE			
EFM745_00870	CDS	2598	adhE		COG1012	Aldehyde-alcohol dehydrogenase
EFM745_00871	gene	954				
EFM745_00871	CDS	954			COG2826	IS30 family transposase IS1252
EFM745_00872	gene	189				
EFM745_00872	CDS	189				hypothetical protein
EFM745_00873	gene	1461	rhaB			
EFM745_00873	CDS	1461	rhaB	2.7.1.5		Rhamnulokinase
EFM745_00874	gene	1257	rhaA			
EFM745_00874	CDS	1257	rhaA	5.3.1.14	COG4806	L-rhamnose isomerase
EFM745_00875	gene	846	rhaD			
EFM745_00875	CDS	846	rhaD	4.1.2.19	COG0235	Rhamnulose-1-phosphate aldolase
EFM745_00876	gene	312	rhaM			
EFM745_00876	CDS	312	rhaM	5.1.3.32	COG3254	L-rhamnose mutarotase
EFM745_00877	gene	1152	fucO			
EFM745_00877	CDS	1152	fucO	1.1.1.77	COG1454	Lactaldehyde reductase
EFM745_00878	gene	759	iclR			
EFM745_00878	CDS	759	iclR		COG1414	Transcriptional repressor IclR
EFM745_00879	gene	645	kdgA			
EFM745_00879	CDS	645	kdgA		COG0800	KHG/KDPG aldolase
EFM745_00880	gene	1008	kdgK			
EFM745_00880	CDS	1008	kdgK	2.7.1.45		2-dehydro-3-deoxygluconokinase
EFM745_00881	gene	843	kduI1			
EFM745_00881	CDS	843	kduI1	5.3.1.17	COG3717	4-deoxy-L-threo-5-hexosulose-uronate ketol-isomerase 1
EFM745_00882	gene	135				
EFM745_00882	CDS	135				hypothetical protein
EFM745_00883	gene	675	kduD			
EFM745_00883	CDS	675	kduD	1.1.1.127		2-dehydro-3-deoxy-D-gluconate 5-dehydrogenase
EFM745_00884	gene	1065	fni			
EFM745_00884	CDS	1065	fni	5.3.3.2		Isopentenyl-diphosphate delta-isomerase
EFM745_00885	gene	1086				
EFM745_00885	CDS	1086		2.7.4.2		Phosphomevalonate kinase
EFM745_00886	gene	978				
EFM745_00886	CDS	978				hypothetical protein
EFM745_00887	gene	945	galK_1			
EFM745_00887	CDS	945	galK_1	2.7.1.6		Galactokinase
EFM745_00888	gene	654				
EFM745_00888	CDS	654		2.7.1.113	COG1428	Deoxyguanosine kinase
EFM745_00889	gene	906				
EFM745_00889	CDS	906				hypothetical protein
EFM745_00890	gene	633				
EFM745_00890	CDS	633				hypothetical protein
EFM745_00891	gene	126				
EFM745_00891	misc_RNA	126				L20_leader
EFM745_00892	gene	525	infC			
EFM745_00892	CDS	525	infC			Translation initiation factor IF-3
EFM745_00893	gene	201	rpmI			
EFM745_00893	CDS	201	rpmI		COG0291	50S ribosomal protein L35
EFM745_00894	gene	360	rplT			
EFM745_00894	CDS	360	rplT		COG0292	50S ribosomal protein L20
EFM745_00895	gene	1338				
EFM745_00895	CDS	1338				hypothetical protein
EFM745_00896	gene	2130				
EFM745_00896	CDS	2130				hypothetical protein
EFM745_00897	gene	690				
EFM745_00897	CDS	690				hypothetical protein
EFM745_00898	gene	687	rspR_1			
EFM745_00898	CDS	687	rspR_1		COG1802	HTH-type transcriptional repressor RspR
EFM745_00899	gene	168				
EFM745_00899	CDS	168				hypothetical protein
EFM745_00900	gene	441				
EFM745_00900	CDS	441		3.1.2.28		1,4-dihydroxy-2-naphthoyl-CoA hydrolase
EFM745_00901	gene	846	nnrD			
EFM745_00901	CDS	846	nnrD	4.2.1.136	COG0063	ADP-dependent (S)-NAD(P)H-hydrate dehydratase
EFM745_00902	gene	1419	pepV			
EFM745_00902	CDS	1419	pepV	3.4.13.-		Beta-Ala-Xaa dipeptidase
EFM745_00903	gene	291				
EFM745_00903	CDS	291				hypothetical protein
EFM745_00904	gene	318				
EFM745_00904	CDS	318		1.2.1.97		3-sulfolactaldehyde dehydrogenase
EFM745_00905	gene	957				
EFM745_00905	CDS	957				hypothetical protein
EFM745_00906	gene	354				
EFM745_00906	CDS	354				hypothetical protein
EFM745_00907	gene	1080	pepA			
EFM745_00907	CDS	1080	pepA	3.4.11.7	COG1363	Glutamyl aminopeptidase
EFM745_00908	gene	321	ytpP			
EFM745_00908	CDS	321	ytpP			Thioredoxin-like protein YtpP
EFM745_00909	gene	468				
EFM745_00909	CDS	468				Putative universal stress protein
EFM745_00910	gene	606				
EFM745_00910	CDS	606				hypothetical protein
EFM745_00911	gene	1284	htrA			
EFM745_00911	CDS	1284	htrA	3.4.21.107	COG0265	Serine protease Do-like HtrA
EFM745_00912	gene	480	rlmH			
EFM745_00912	CDS	480	rlmH	2.1.1.177	COG1576	Ribosomal RNA large subunit methyltransferase H
EFM745_00913	gene	837				
EFM745_00913	CDS	837				IS3 family transposase IS1485
EFM745_00914	gene	291				
EFM745_00914	CDS	291				IS3 family transposase IS1485
EFM745_00915	gene	1131				
EFM745_00915	CDS	1131				hypothetical protein
EFM745_00916	gene	909				
EFM745_00916	CDS	909				IS982 family transposase ISEfm1
EFM745_00917	gene	855	rhaR_3			
EFM745_00917	CDS	855	rhaR_3			HTH-type transcriptional activator RhaR
EFM745_00918	gene	2250	agaA_1			
EFM745_00918	CDS	2250	agaA_1	3.2.1.22		Alpha-galactosidase AgaA
EFM745_00919	gene	1173				
EFM745_00919	CDS	1173				hypothetical protein
EFM745_00920	gene	1320				
EFM745_00920	CDS	1320				IS1380 family transposase IS1678
EFM745_00921	gene	360				
EFM745_00921	CDS	360				IS256 family transposase ISEf1
EFM745_00922	gene	840				
EFM745_00922	CDS	840				IS256 family transposase ISEf1
EFM745_00923	gene	309				
EFM745_00923	CDS	309				hypothetical protein
EFM745_00924	gene	300				
EFM745_00924	CDS	300				hypothetical protein
EFM745_00925	gene	552				
EFM745_00925	CDS	552				hypothetical protein
EFM745_00926	gene	1320				
EFM745_00926	CDS	1320				IS1380 family transposase IS1678
EFM745_00927	gene	294				
EFM745_00927	CDS	294				hypothetical protein
EFM745_00928	gene	297				
EFM745_00928	CDS	297				hypothetical protein
EFM745_00929	gene	891				
EFM745_00929	CDS	891				hypothetical protein
EFM745_00930	gene	1050				
EFM745_00930	CDS	1050				hypothetical protein
EFM745_00931	gene	1647				
EFM745_00931	CDS	1647				hypothetical protein
EFM745_00932	gene	240				
EFM745_00932	CDS	240				hypothetical protein
EFM745_00933	gene	1374				
EFM745_00933	CDS	1374				hypothetical protein
EFM745_00934	gene	1638				
EFM745_00934	CDS	1638				hypothetical protein
EFM745_00935	gene	1089				
EFM745_00935	CDS	1089				hypothetical protein
EFM745_00936	gene	954				
EFM745_00936	CDS	954			COG2826	IS30 family transposase IS1252
EFM745_00937	gene	258				
EFM745_00937	CDS	258				hypothetical protein
EFM745_00938	gene	405				
EFM745_00938	CDS	405				hypothetical protein
EFM745_00939	gene	2658	norR_1			
EFM745_00939	CDS	2658	norR_1			Anaerobic nitric oxide reductase transcription regulator NorR
EFM745_00940	gene	477	sorB_1			
EFM745_00940	CDS	477	sorB_1	2.7.1.206	COG3444	PTS system sorbose-specific EIIB component
EFM745_00941	gene	789	agaC			
EFM745_00941	CDS	789	agaC		COG3715	N-acetylgalactosamine permease IIC component 1
EFM745_00942	gene	798	manZ_1			
EFM745_00942	CDS	798	manZ_1		COG3716	PTS system mannose-specific EIID component
EFM745_00943	gene	396				
EFM745_00943	CDS	396				hypothetical protein
EFM745_00944	gene	1122				
EFM745_00944	CDS	1122				hypothetical protein
EFM745_00945	gene	870	gmuE_2			
EFM745_00945	CDS	870	gmuE_2	2.7.1.4	COG1940	Putative fructokinase
EFM745_00946	gene	162				
EFM745_00946	CDS	162				hypothetical protein
EFM745_00947	gene	954				
EFM745_00947	CDS	954			COG2826	IS30 family transposase IS1252
EFM745_00948	gene	513				
EFM745_00948	CDS	513				IS630 family transposase ISBs2
EFM745_00949	gene	393				
EFM745_00949	CDS	393				IS630 family transposase IS642
EFM745_00950	gene	1002				
EFM745_00950	CDS	1002				hypothetical protein
EFM745_00951	gene	1242	sstT			
EFM745_00951	CDS	1242	sstT		COG3633	Serine/threonine transporter SstT
EFM745_00952	gene	636				
EFM745_00952	CDS	636				hypothetical protein
EFM745_00953	gene	1635	manR_1			
EFM745_00953	CDS	1635	manR_1		COG1762	Transcriptional regulator ManR
EFM745_00954	gene	432				
EFM745_00954	CDS	432				hypothetical protein
EFM745_00955	gene	249				
EFM745_00955	CDS	249				hypothetical protein
EFM745_00956	gene	954				
EFM745_00956	CDS	954			COG2826	IS30 family transposase IS1252
EFM745_00957	gene	453				
EFM745_00957	CDS	453				hypothetical protein
EFM745_00958	gene	522	paiA			
EFM745_00958	CDS	522	paiA	2.3.1.57	COG0454	Spermidine/spermine N(1)-acetyltransferase
EFM745_00959	gene	711				
EFM745_00959	CDS	711				hypothetical protein
EFM745_00960	gene	369				
EFM745_00960	CDS	369				hypothetical protein
EFM745_00961	gene	225				
EFM745_00961	CDS	225				hypothetical protein
EFM745_00962	gene	1554				
EFM745_00962	CDS	1554				hypothetical protein
EFM745_00963	gene	1314	pbuG			
EFM745_00963	CDS	1314	pbuG		COG2252	Guanine/hypoxanthine permease PbuG
EFM745_00964	gene	1638	malL_1			
EFM745_00964	CDS	1638	malL_1	3.2.1.10	COG0366	Oligo-1,6-glucosidase
EFM745_00965	gene	495				
EFM745_00965	CDS	495				hypothetical protein
EFM745_00966	gene	1092				
EFM745_00966	CDS	1092		1.-.-.-		putative oxidoreductase
EFM745_00967	gene	678	hchA			
EFM745_00967	CDS	678	hchA	3.1.2.-	COG0693	Protein/nucleic acid deglycase 1
EFM745_00968	gene	1296	npr_1			
EFM745_00968	CDS	1296	npr_1	1.11.1.1	COG0446	NADH peroxidase
EFM745_00969	gene	1461				
EFM745_00969	CDS	1461				hypothetical protein
EFM745_00970	gene	1497	glpK			
EFM745_00970	CDS	1497	glpK	2.7.1.30	COG0554	Glycerol kinase
EFM745_00971	gene	1824	glpO			
EFM745_00971	CDS	1824	glpO	1.1.3.21	COG0578	Alpha-glycerophosphate oxidase
EFM745_00972	gene	717	glpF			
EFM745_00972	CDS	717	glpF		COG0580	Glycerol uptake facilitator protein
EFM745_00973	gene	1929	mutS2_1			
EFM745_00973	CDS	1929	mutS2_1	3.1.-.-		Endonuclease MutS2
EFM745_00974	gene	555	pgsA2			
EFM745_00974	CDS	555	pgsA2	2.7.8.41	COG0558	Putative cardiolipin synthase
EFM745_00975	gene	315				
EFM745_00975	CDS	315				hypothetical protein
EFM745_00976	gene	261				
EFM745_00976	CDS	261				hypothetical protein
EFM745_00977	gene	315	glpE			
EFM745_00977	CDS	315	glpE	2.8.1.1		Thiosulfate sulfurtransferase GlpE
EFM745_00978	gene	1656	cdr_1			
EFM745_00978	CDS	1656	cdr_1	1.8.1.14		Coenzyme A disulfide reductase
EFM745_00979	gene	1851	helD_2			
EFM745_00979	CDS	1851	helD_2	3.6.4.12	COG3973	DNA helicase IV
EFM745_00980	gene	288				
EFM745_00980	CDS	288				hypothetical protein
EFM745_00981	gene	348				
EFM745_00981	CDS	348				hypothetical protein
EFM745_00982	gene	1305	pgaC			
EFM745_00982	CDS	1305	pgaC	2.4.1.-	COG1215	Poly-beta-1,6-N-acetyl-D-glucosamine synthase
EFM745_00983	gene	858				
EFM745_00983	CDS	858				hypothetical protein
EFM745_00984	gene	321				
EFM745_00984	CDS	321				hypothetical protein
EFM745_00985	gene	396	dhaM-2			
EFM745_00985	CDS	396	dhaM-2	2.7.1.121	COG3412	PEP-dependent dihydroxyacetone kinase 2, phosphoryl donor subunit DhaM
EFM745_00986	gene	1011	dhaK			
EFM745_00986	CDS	1011	dhaK	2.7.1.121	COG2376	PTS-dependent dihydroxyacetone kinase, dihydroxyacetone-binding subunit DhaK
EFM745_00987	gene	606	dhaL			
EFM745_00987	CDS	606	dhaL	2.7.1.121	COG2376	PTS-dependent dihydroxyacetone kinase, ADP-binding subunit DhaL
EFM745_00988	gene	666				
EFM745_00988	CDS	666				hypothetical protein
EFM745_00989	gene	660	anr			
EFM745_00989	CDS	660	anr			Transcriptional activator protein Anr
EFM745_00990	gene	1611				
EFM745_00990	CDS	1611			COG3559	Multidrug efflux system permease protein
EFM745_00991	gene	621				
EFM745_00991	CDS	621		7.6.2.-	COG1131	Multidrug efflux system ATP-binding protein
EFM745_00992	gene	954				
EFM745_00992	CDS	954			COG2826	IS30 family transposase IS1252
EFM745_00993	gene	249	artM_2			
EFM745_00993	CDS	249	artM_2		COG1126	Arginine transport ATP-binding protein ArtM
EFM745_00994	gene	600				
EFM745_00994	CDS	600				hypothetical protein
EFM745_00995	gene	1302				
EFM745_00995	CDS	1302				hypothetical protein
EFM745_00996	gene	206				
EFM745_00996	misc_RNA	206				T-box
EFM745_00997	gene	1257	tyrS1			
EFM745_00997	CDS	1257	tyrS1	6.1.1.1	COG0162	Tyrosine--tRNA ligase 1
EFM745_00998	gene	1878				
EFM745_00998	CDS	1878				hypothetical protein
EFM745_00999	gene	1422	gadC_1			
EFM745_00999	CDS	1422	gadC_1		COG0531	putative glutamate/gamma-aminobutyrate antiporter
EFM745_01000	gene	816	nhaC_1			
EFM745_01000	CDS	816	nhaC_1		COG1757	Na(+)/H(+) antiporter NhaC
EFM745_01001	gene	516	nhaC_2			
EFM745_01001	CDS	516	nhaC_2		COG1757	Na(+)/H(+) antiporter NhaC
EFM745_01002	gene	1020	ccpA_1			
EFM745_01002	CDS	1020	ccpA_1		COG1609	Catabolite control protein A
EFM745_01003	gene	1008	mro_1			
EFM745_01003	CDS	1008	mro_1	5.1.3.3	COG2017	Aldose 1-epimerase
EFM745_01004	gene	666	pgmB			
EFM745_01004	CDS	666	pgmB	5.4.2.6	COG0637	Beta-phosphoglucomutase
EFM745_01005	gene	2295	malP			
EFM745_01005	CDS	2295	malP	2.4.1.8		Maltose phosphorylase
EFM745_01006	gene	2166	ptsG_3			
EFM745_01006	CDS	2166	ptsG_3	2.7.1.199	COG1263	PTS system glucose-specific EIICBA component
EFM745_01007	gene	834	mapP			
EFM745_01007	CDS	834	mapP	3.1.3.90		Maltose 6'-phosphate phosphatase
EFM745_01008	gene	1662				
EFM745_01008	CDS	1662				hypothetical protein
EFM745_01009	gene	1320				
EFM745_01009	CDS	1320				IS1380 family transposase IS1678
EFM745_01010	gene	969				
EFM745_01010	CDS	969				hypothetical protein
EFM745_01011	gene	444	yiaC			
EFM745_01011	CDS	444	yiaC	2.3.1.-	COG0454	Peptidyl-lysine N-acetyltransferase YiaC
EFM745_01012	gene	531	padC			
EFM745_01012	CDS	531	padC	4.1.1.102	COG3479	Phenolic acid decarboxylase PadC
EFM745_01013	gene	552				
EFM745_01013	CDS	552				hypothetical protein
EFM745_01014	gene	474				
EFM745_01014	CDS	474				hypothetical protein
EFM745_01015	gene	1473	emrB			
EFM745_01015	CDS	1473	emrB			Multidrug export protein EmrB
EFM745_01016	gene	666				
EFM745_01016	CDS	666				hypothetical protein
EFM745_01017	gene	285				
EFM745_01017	CDS	285				hypothetical protein
EFM745_01018	gene	420				
EFM745_01018	CDS	420				hypothetical protein
EFM745_01019	gene	585	vdcB			
EFM745_01019	CDS	585	vdcB	2.5.1.129		putative UbiX-like flavin prenyltransferase
EFM745_01020	gene	1476	lpdC			
EFM745_01020	CDS	1476	lpdC	4.1.1.59	COG0043	Gallate decarboxylase
EFM745_01021	gene	312				
EFM745_01021	CDS	312				hypothetical protein
EFM745_01022	gene	2337	btuD_3			
EFM745_01022	CDS	2337	btuD_3	7.6.2.8		Vitamin B12 import ATP-binding protein BtuD
EFM745_01023	gene	669	hssR			
EFM745_01023	CDS	669	hssR			Heme response regulator HssR
EFM745_01024	gene	1044	sasA_2			
EFM745_01024	CDS	1044	sasA_2	2.7.-.-		Adaptive-response sensory-kinase SasA
EFM745_01025	gene	882	gltC_2			
EFM745_01025	CDS	882	gltC_2			HTH-type transcriptional regulator GltC
EFM745_01026	gene	729	ydfK			
EFM745_01026	CDS	729	ydfK		COG1811	putative membrane protein YdfK
EFM745_01027	gene	318				
EFM745_01027	CDS	318				hypothetical protein
EFM745_01028	gene	609				
EFM745_01028	CDS	609				hypothetical protein
EFM745_01029	gene	831				
EFM745_01029	CDS	831				hypothetical protein
EFM745_01030	gene	489				
EFM745_01030	CDS	489				hypothetical protein
EFM745_01031	gene	873				
EFM745_01031	CDS	873				hypothetical protein
EFM745_01032	gene	363				
EFM745_01032	CDS	363				hypothetical protein
EFM745_01033	gene	753	bceA_1			
EFM745_01033	CDS	753	bceA_1		COG1136	Bacitracin export ATP-binding protein BceA
EFM745_01034	gene	1803	bceB_1			
EFM745_01034	CDS	1803	bceB_1		COG0577	Bacitracin export permease protein BceB
EFM745_01035	gene	1041	mro_2			
EFM745_01035	CDS	1041	mro_2	5.1.3.3	COG2017	Aldose 1-epimerase
EFM745_01036	gene	2145				
EFM745_01036	CDS	2145				hypothetical protein
EFM745_01037	gene	1374	bglF_1			
EFM745_01037	CDS	1374	bglF_1		COG1263	PTS system beta-glucoside-specific EIIBCA component
EFM745_01038	gene	396	rbsD			
EFM745_01038	CDS	396	rbsD	5.4.99.62	COG1869	D-ribose pyranase
EFM745_01039	gene	918	rbsK			
EFM745_01039	CDS	918	rbsK	2.7.1.15		Ribokinase
EFM745_01040	gene	1014	degA_2			
EFM745_01040	CDS	1014	degA_2		COG1609	HTH-type transcriptional regulator DegA
EFM745_01041	gene	600	yecD			
EFM745_01041	CDS	600	yecD	3.-.-.-	COG1335	Isochorismatase family protein YecD
EFM745_01042	gene	702				
EFM745_01042	CDS	702			COG1136	putative ABC transporter ATP-binding protein
EFM745_01043	gene	2712				
EFM745_01043	CDS	2712				hypothetical protein
EFM745_01044	gene	1629	treA			
EFM745_01044	CDS	1629	treA	3.2.1.93	COG0366	Trehalose-6-phosphate hydrolase
EFM745_01045	gene	1182				
EFM745_01045	CDS	1182				hypothetical protein
EFM745_01046	gene	1530				
EFM745_01046	CDS	1530				hypothetical protein
EFM745_01047	gene	729	agrA			
EFM745_01047	CDS	729	agrA		COG3279	Accessory gene regulator protein A
EFM745_01048	gene	1281				
EFM745_01048	CDS	1281				hypothetical protein
EFM745_01049	gene	111				
EFM745_01049	CDS	111				hypothetical protein
EFM745_01050	gene	603	agrB			
EFM745_01050	CDS	603	agrB	3.4.-.-	COG4512	Accessory gene regulator protein B
EFM745_01051	gene	207				
EFM745_01051	CDS	207				hypothetical protein
EFM745_01052	gene	708				
EFM745_01052	CDS	708		2.7.1.113	COG1428	Deoxyguanosine kinase
EFM745_01053	gene	684				
EFM745_01053	CDS	684				hypothetical protein
EFM745_01054	gene	2187	yjcD			
EFM745_01054	CDS	2187	yjcD	3.6.4.12	COG0210	Putative ATP-dependent DNA helicase YjcD
EFM745_01055	gene	411	spxA_2			
EFM745_01055	CDS	411	spxA_2		COG1393	Regulatory protein Spx
EFM745_01056	gene	357	spxA_3			
EFM745_01056	CDS	357	spxA_3		COG1393	Regulatory protein Spx
EFM745_01057	gene	471	bsaA			
EFM745_01057	CDS	471	bsaA			Glutathione peroxidase BsaA
EFM745_01058	gene	459	luxS			
EFM745_01058	CDS	459	luxS	4.4.1.21	COG1854	S-ribosylhomocysteine lyase
EFM745_01059	gene	1146	metB			
EFM745_01059	CDS	1146	metB	2.5.1.48	COG0626	Cystathionine gamma-synthase
EFM745_01060	gene	918	cysM			
EFM745_01060	CDS	918	cysM	2.5.1.47	COG0031	Cysteine synthase
EFM745_01061	gene	564	efp			
EFM745_01061	CDS	564	efp			Elongation factor P
EFM745_01062	gene	1260	lysA			
EFM745_01062	CDS	1260	lysA	4.1.1.20	COG0019	Diaminopimelate decarboxylase
EFM745_01063	gene	801	dapF			
EFM745_01063	CDS	801	dapF	5.1.1.7	COG0253	Diaminopimelate epimerase
EFM745_01064	gene	882	dapA			
EFM745_01064	CDS	882	dapA	4.3.3.7	COG0329	4-hydroxy-tetrahydrodipicolinate synthase
EFM745_01065	gene	717	dapB			
EFM745_01065	CDS	717	dapB	1.17.1.8	COG0289	4-hydroxy-tetrahydrodipicolinate reductase
EFM745_01066	gene	696	dapH_2			
EFM745_01066	CDS	696	dapH_2	2.3.1.89	COG2171	2,3,4,5-tetrahydropyridine-2,6-dicarboxylate N-acetyltransferase
EFM745_01067	gene	1002	asd			
EFM745_01067	CDS	1002	asd	1.2.1.11	COG0136	Aspartate-semialdehyde dehydrogenase
EFM745_01068	gene	1362	yclM			
EFM745_01068	CDS	1362	yclM	2.7.2.4	COG0527	Aspartokinase 3
EFM745_01069	gene	1152	scmP			
EFM745_01069	CDS	1152	scmP	3.5.1.-	COG1473	N-acetylcysteine deacetylase
EFM745_01070	gene	1170	dapX			
EFM745_01070	CDS	1170	dapX	2.6.1.-	COG0436	putative N-acetyl-LL-diaminopimelate aminotransferase
EFM745_01071	gene	1380	npr_2			
EFM745_01071	CDS	1380	npr_2	1.11.1.1	COG0446	NADH peroxidase
EFM745_01072	gene	153				
EFM745_01072	CDS	153				hypothetical protein
EFM745_01073	gene	702				
EFM745_01073	CDS	702				IS3 family transposase ISEfa10
EFM745_01074	gene	669				
EFM745_01074	CDS	669				hypothetical protein
EFM745_01075	gene	321				
EFM745_01075	CDS	321				hypothetical protein
EFM745_01076	gene	1383	umuC_1			
EFM745_01076	CDS	1383	umuC_1		COG0389	Protein UmuC
EFM745_01077	gene	1188	galK_2			
EFM745_01077	CDS	1188	galK_2	2.7.1.6	COG0153	Galactokinase
EFM745_01078	gene	1032	galM			
EFM745_01078	CDS	1032	galM	5.1.3.3	COG2017	Aldose 1-epimerase
EFM745_01079	gene	1467	lacS			
EFM745_01079	CDS	1467	lacS		COG2190	Lactose permease
EFM745_01080	gene	906	rhaS_1			
EFM745_01080	CDS	906	rhaS_1			HTH-type transcriptional activator RhaS
EFM745_01081	gene	678	kefG			
EFM745_01081	CDS	678	kefG	1.6.5.2		Glutathione-regulated potassium-efflux system ancillary protein KefG
EFM745_01082	gene	171				
EFM745_01082	CDS	171				hypothetical protein
EFM745_01083	gene	897				
EFM745_01083	CDS	897				hypothetical protein
EFM745_01084	gene	1371	yifK			
EFM745_01084	CDS	1371	yifK		COG1113	putative transport protein YifK
EFM745_01085	gene	747	scaC_2			
EFM745_01085	CDS	747	scaC_2	7.2.2.5	COG1121	Manganese import ATP-binding protein ScaC
EFM745_01086	gene	840	mntB			
EFM745_01086	CDS	840	mntB			Manganese transport system membrane protein MntB
EFM745_01087	gene	951	ssaB_2			
EFM745_01087	CDS	951	ssaB_2		COG0803	Manganese ABC transporter substrate-binding lipoprotein
EFM745_01088	gene	753				
EFM745_01088	CDS	753				hypothetical protein
EFM745_01089	gene	1152	queG			
EFM745_01089	CDS	1152	queG	1.17.99.6	COG1600	Epoxyqueuosine reductase
EFM745_01090	gene	609				
EFM745_01090	CDS	609				hypothetical protein
EFM745_01091	gene	1638	pckA			
EFM745_01091	CDS	1638	pckA	4.1.1.49		Phosphoenolpyruvate carboxykinase (ATP)
EFM745_01092	gene	1113	thiO			
EFM745_01092	CDS	1113	thiO	1.4.3.19	COG0665	Glycine oxidase
EFM745_01093	gene	1374	ribZ_2			
EFM745_01093	CDS	1374	ribZ_2			Riboflavin transporter RibZ
EFM745_01094	gene	618				
EFM745_01094	CDS	618				hypothetical protein
EFM745_01095	gene	456	argR_1			
EFM745_01095	CDS	456	argR_1			Arginine repressor
EFM745_01096	gene	1503	algC			
EFM745_01096	CDS	1503	algC	5.4.2.2	COG1109	Phosphomannomutase/phosphoglucomutase
EFM745_01097	gene	207				
EFM745_01097	CDS	207				hypothetical protein
EFM745_01098	gene	402	ohrB_1			
EFM745_01098	CDS	402	ohrB_1		COG1764	Organic hydroperoxide resistance protein OhrB
EFM745_01099	gene	1332	rclA			
EFM745_01099	CDS	1332	rclA		COG1249	putative pyridine nucleotide-disulfide oxidoreductase RclA
EFM745_01100	gene	627				
EFM745_01100	CDS	627				hypothetical protein
EFM745_01101	gene	582	acuR			
EFM745_01101	CDS	582	acuR			Transcriptional regulator AcuR
EFM745_01102	gene	348				
EFM745_01102	CDS	348				hypothetical protein
EFM745_01103	gene	216				
EFM745_01103	CDS	216				hypothetical protein
EFM745_01104	gene	339				
EFM745_01104	CDS	339				hypothetical protein
EFM745_01105	gene	231				
EFM745_01105	CDS	231				hypothetical protein
EFM745_01106	gene	342	mazF			
EFM745_01106	CDS	342	mazF	3.1.27.-	COG2337	Endoribonuclease toxin MazF
EFM745_01107	gene	186				
EFM745_01107	CDS	186				hypothetical protein
EFM745_01108	gene	195				
EFM745_01108	CDS	195				hypothetical protein
EFM745_01109	gene	831	ydbD			
EFM745_01109	CDS	831	ydbD	1.11.1.6	COG3546	putative manganese catalase
EFM745_01110	gene	1335	araN_1			
EFM745_01110	CDS	1335	araN_1		COG1653	putative arabinose-binding protein
EFM745_01111	gene	912	lacF_2			
EFM745_01111	CDS	912	lacF_2			Lactose transport system permease protein LacF
EFM745_01112	gene	855	araQ_3			
EFM745_01112	CDS	855	araQ_3		COG0395	L-arabinose transport system permease protein AraQ
EFM745_01113	gene	618				
EFM745_01113	CDS	618				hypothetical protein
EFM745_01114	gene	519				
EFM745_01114	CDS	519				hypothetical protein
EFM745_01115	gene	459				
EFM745_01115	CDS	459				hypothetical protein
EFM745_01116	gene	4038				
EFM745_01116	CDS	4038				hypothetical protein
EFM745_01117	gene	1314				
EFM745_01117	CDS	1314				hypothetical protein
EFM745_01118	gene	1698				
EFM745_01118	CDS	1698				hypothetical protein
EFM745_01119	gene	894				
EFM745_01119	CDS	894				hypothetical protein
EFM745_01120	gene	675	graR			
EFM745_01120	CDS	675	graR		COG0745	Response regulator protein GraR
EFM745_01121	gene	1026	graS			
EFM745_01121	CDS	1026	graS	2.7.13.3	COG0642	Sensor histidine kinase GraS
EFM745_01122	gene	867	glcU_1			
EFM745_01122	CDS	867	glcU_1		COG4975	putative glucose uptake protein GlcU
EFM745_01123	gene	1377	yhdG			
EFM745_01123	CDS	1377	yhdG		COG0531	putative amino acid permease YhdG
EFM745_01124	gene	1197				
EFM745_01124	CDS	1197				TelA-like protein
EFM745_01125	gene	663				
EFM745_01125	CDS	663				hypothetical protein
EFM745_01126	gene	564	act			
EFM745_01126	CDS	564	act	3.-.-.-		Methanol dehydrogenase activator
EFM745_01127	gene	285				
EFM745_01127	CDS	285				hypothetical protein
EFM745_01128	gene	693	mtnN			
EFM745_01128	CDS	693	mtnN	3.2.2.9	COG0775	5'-methylthioadenosine/S-adenosylhomocysteine nucleosidase
EFM745_01129	gene	546				
EFM745_01129	CDS	546				hypothetical protein
EFM745_01130	gene	3279				
EFM745_01130	CDS	3279				hypothetical protein
EFM745_01131	gene	1908	pepO			
EFM745_01131	CDS	1908	pepO	3.4.24.-	COG3590	Neutral endopeptidase
EFM745_01132	gene	876				
EFM745_01132	CDS	876				hypothetical protein
EFM745_01133	gene	975	prs2			
EFM745_01133	CDS	975	prs2	2.7.6.1		Putative ribose-phosphate pyrophosphokinase 2
EFM745_01134	gene	1137	iscS_1			
EFM745_01134	CDS	1137	iscS_1	2.8.1.7		Cysteine desulfurase IscS
EFM745_01135	gene	345				
EFM745_01135	CDS	345				hypothetical protein
EFM745_01136	gene	1287				
EFM745_01136	CDS	1287				hypothetical protein
EFM745_01137	gene	600				
EFM745_01137	CDS	600				hypothetical protein
EFM745_01138	gene	1122	mnmA			
EFM745_01138	CDS	1122	mnmA	2.8.1.13	COG0482	tRNA-specific 2-thiouridylase MnmA
EFM745_01139	gene	1422	arcD1_1			
EFM745_01139	CDS	1422	arcD1_1		COG0531	Arginine/ornithine antiporter ArcD1
EFM745_01140	gene	1119	vioD			
EFM745_01140	CDS	1119	vioD	4.2.1.145		Capreomycidine synthase
EFM745_01141	gene	1293	sbnD_2			
EFM745_01141	CDS	1293	sbnD_2			Staphyloferrin B transporter
EFM745_01142	gene	561				
EFM745_01142	CDS	561				hypothetical protein
EFM745_01143	gene	378				
EFM745_01143	CDS	378				hypothetical protein
EFM745_01144	gene	1971	topB_1			
EFM745_01144	CDS	1971	topB_1	5.6.2.1	COG0550	DNA topoisomerase 3
EFM745_01145	gene	948	yfdH			
EFM745_01145	CDS	948	yfdH	2.4.1.-	COG0463	Prophage bactoprenol glucosyl transferase 
EFM745_01146	gene	465	ogt			
EFM745_01146	CDS	465	ogt	2.1.1.63	COG0350	Methylated-DNA--protein-cysteine methyltransferase, constitutive
EFM745_01147	gene	1044				
EFM745_01147	CDS	1044				hypothetical protein
EFM745_01148	gene	966				
EFM745_01148	CDS	966				hypothetical protein
EFM745_01149	gene	846	cysL			
EFM745_01149	CDS	846	cysL		COG0583	HTH-type transcriptional regulator CysL
EFM745_01150	gene	1188	rodA			
EFM745_01150	CDS	1188	rodA	2.4.1.129	COG0772	Peptidoglycan glycosyltransferase RodA
EFM745_01151	gene	357	mgsR			
EFM745_01151	CDS	357	mgsR		COG1393	Regulatory protein MgsR
EFM745_01152	gene	339	gcvH			
EFM745_01152	CDS	339	gcvH		COG0509	Glycine cleavage system H protein
EFM745_01153	gene	257				
EFM745_01153	misc_RNA	257				T-box
EFM745_01154	gene	1044	metN2			
EFM745_01154	CDS	1044	metN2	3.6.3.-	COG1135	Methionine import ATP-binding protein MetN 2
EFM745_01155	gene	687	metP_1			
EFM745_01155	CDS	687	metP_1		COG2011	Methionine import system permease protein MetP
EFM745_01156	gene	849	metQ_1			
EFM745_01156	CDS	849	metQ_1		COG1464	Methionine-binding lipoprotein MetQ
EFM745_01157	gene	774				
EFM745_01157	CDS	774				putative ABC transporter ATP-binding protein
EFM745_01158	gene	1287				
EFM745_01158	CDS	1287				hypothetical protein
EFM745_01159	gene	1236	sufS			
EFM745_01159	CDS	1236	sufS	2.8.1.7	COG0520	Cysteine desulfurase SufS
EFM745_01160	gene	471	iscU			
EFM745_01160	CDS	471	iscU		COG0822	Iron-sulfur cluster assembly scaffold protein IscU
EFM745_01161	gene	1392				
EFM745_01161	CDS	1392				hypothetical protein
EFM745_01162	gene	1182	xerC_3			
EFM745_01162	CDS	1182	xerC_3			Tyrosine recombinase XerC
EFM745_01163	gene	735				
EFM745_01163	CDS	735				hypothetical protein
EFM745_01164	gene	276				
EFM745_01164	CDS	276				hypothetical protein
EFM745_01165	gene	1998				
EFM745_01165	CDS	1998				hypothetical protein
EFM745_01166	gene	336				
EFM745_01166	CDS	336				hypothetical protein
EFM745_01167	gene	216				
EFM745_01167	CDS	216				hypothetical protein
EFM745_01168	gene	366				
EFM745_01168	CDS	366				hypothetical protein
EFM745_01169	gene	327				
EFM745_01169	CDS	327				hypothetical protein
EFM745_01170	gene	726				
EFM745_01170	CDS	726				hypothetical protein
EFM745_01171	gene	1593				
EFM745_01171	CDS	1593				hypothetical protein
EFM745_01172	gene	1245				
EFM745_01172	CDS	1245				hypothetical protein
EFM745_01173	gene	3150				
EFM745_01173	CDS	3150				hypothetical protein
EFM745_01174	gene	1446				
EFM745_01174	CDS	1446				IS1182 family transposase ISEfa7
EFM745_01175	gene	666				
EFM745_01175	CDS	666				hypothetical protein
EFM745_01176	gene	2037				
EFM745_01176	CDS	2037				hypothetical protein
EFM745_01177	gene	639	yknY			
EFM745_01177	CDS	639	yknY	3.6.3.-	COG1136	putative ABC transporter ATP-binding protein YknY
EFM745_01178	gene	429				
EFM745_01178	CDS	429				hypothetical protein
EFM745_01179	gene	912	prsA_2			
EFM745_01179	CDS	912	prsA_2	5.2.1.8		Foldase protein PrsA
EFM745_01180	gene	438				
EFM745_01180	CDS	438				hypothetical protein
EFM745_01181	gene	885				
EFM745_01181	CDS	885		2.7.1.-	COG1597	Putative lipid kinase
EFM745_01182	gene	3168				
EFM745_01182	CDS	3168				hypothetical protein
EFM745_01183	gene	546				
EFM745_01183	CDS	546				hypothetical protein
EFM745_01184	gene	456				
EFM745_01184	CDS	456				hypothetical protein
EFM745_01185	gene	759				
EFM745_01185	CDS	759				hypothetical protein
EFM745_01186	gene	741				
EFM745_01186	CDS	741				hypothetical protein
EFM745_01187	gene	1254				
EFM745_01187	CDS	1254				hypothetical protein
EFM745_01188	gene	228				
EFM745_01188	CDS	228				hypothetical protein
EFM745_01189	gene	327				
EFM745_01189	CDS	327				hypothetical protein
EFM745_01190	gene	714	strA			
EFM745_01190	CDS	714	strA	3.4.22.-	COG3764	Sortase A
EFM745_01191	gene	852	licT_2			
EFM745_01191	CDS	852	licT_2		COG3711	Transcription antiterminator LicT
EFM745_01192	gene	150				
EFM745_01192	CDS	150				hypothetical protein
EFM745_01193	gene	1866	bglF_2			
EFM745_01193	CDS	1866	bglF_2		COG1263	PTS system beta-glucoside-specific EIIBCA component
EFM745_01194	gene	1371	bglH_1			
EFM745_01194	CDS	1371	bglH_1	3.2.1.86	COG2723	Aryl-phospho-beta-D-glucosidase BglH
EFM745_01195	gene	702				
EFM745_01195	CDS	702				hypothetical protein
EFM745_01196	gene	489	fruA_1			
EFM745_01196	CDS	489	fruA_1		COG1299	PTS system fructose-specific EIIB'BC component
EFM745_01197	gene	111				
EFM745_01197	CDS	111				hypothetical protein
EFM745_01198	gene	576	yvdD			
EFM745_01198	CDS	576	yvdD		COG1611	LOG family protein YvdD
EFM745_01199	gene	441				
EFM745_01199	CDS	441				hypothetical protein
EFM745_01200	gene	702				
EFM745_01200	CDS	702		2.7.1.113	COG1428	Deoxyguanosine kinase
EFM745_01201	gene	174				
EFM745_01201	CDS	174				hypothetical protein
EFM745_01202	gene	426				
EFM745_01202	CDS	426				hypothetical protein
EFM745_01203	gene	972	rbsR			
EFM745_01203	CDS	972	rbsR		COG1609	Ribose operon repressor
EFM745_01204	gene	1398	gmuD_1			
EFM745_01204	CDS	1398	gmuD_1	3.2.1.86	COG2723	6-phospho-beta-glucosidase GmuD
EFM745_01205	gene	624				
EFM745_01205	CDS	624				hypothetical protein
EFM745_01206	gene	2094	ltaS1_1			
EFM745_01206	CDS	2094	ltaS1_1		COG1368	Lipoteichoic acid synthase 1
EFM745_01207	gene	867				
EFM745_01207	CDS	867				hypothetical protein
EFM745_01208	gene	438	ndk			
EFM745_01208	CDS	438	ndk	2.7.4.6	COG0105	Nucleoside diphosphate kinase
EFM745_01209	gene	175				
EFM745_01209	misc_RNA	175				ykoK
EFM745_01210	gene	2649	mgtA			
EFM745_01210	CDS	2649	mgtA	7.2.2.14	COG0474	Magnesium-transporting ATPase, P-type 1
EFM745_01211	gene	672				
EFM745_01211	CDS	672		3.1.3.-	COG0637	Phosphorylated carbohydrates phosphatase
EFM745_01212	gene	600				
EFM745_01212	CDS	600				hypothetical protein
EFM745_01213	gene	234				
EFM745_01213	misc_RNA	234				T-box
EFM745_01214	gene	239				
EFM745_01214	misc_RNA	239				T-box
EFM745_01215	gene	1074	metN			
EFM745_01215	CDS	1074	metN	3.6.3.-	COG1135	Methionine import ATP-binding protein MetN
EFM745_01216	gene	681	metP_2			
EFM745_01216	CDS	681	metP_2		COG2011	Methionine import system permease protein MetP
EFM745_01217	gene	840	metQ_2			
EFM745_01217	CDS	840	metQ_2		COG1464	D-methionine-binding lipoprotein MetQ
EFM745_01218	gene	1224	abgB			
EFM745_01218	CDS	1224	abgB	3.5.1.-	COG1473	p-aminobenzoyl-glutamate hydrolase subunit B
EFM745_01219	gene	1419	nhaC_3			
EFM745_01219	CDS	1419	nhaC_3		COG1757	Na(+)/H(+) antiporter NhaC
EFM745_01220	gene	444				
EFM745_01220	CDS	444				hypothetical protein
EFM745_01221	gene	1341	yvbW			
EFM745_01221	CDS	1341	yvbW		COG1113	putative amino acid permease YvbW
EFM745_01222	gene	897				
EFM745_01222	CDS	897				hypothetical protein
EFM745_01223	gene	942	panE			
EFM745_01223	CDS	942	panE	1.1.1.169	COG1893	2-dehydropantoate 2-reductase
EFM745_01224	gene	1122	garK			
EFM745_01224	CDS	1122	garK	2.7.1.165	COG1929	Glycerate 2-kinase
EFM745_01225	gene	1503	eat(A)			
EFM745_01225	CDS	1503	eat(A)			ABC-F type ribosomal protection protein Eat(A)
EFM745_01226	gene	528	pspB			
EFM745_01226	CDS	528	pspB	3.1.3.3	COG0406	Putative phosphoserine phosphatase 2
EFM745_01227	gene	1062				
EFM745_01227	CDS	1062				hypothetical protein
EFM745_01228	gene	897	murQ			
EFM745_01228	CDS	897	murQ	4.2.1.126	COG2103	N-acetylmuramic acid 6-phosphate etherase
EFM745_01229	gene	1983				
EFM745_01229	CDS	1983				hypothetical protein
EFM745_01230	gene	447				
EFM745_01230	CDS	447			COG1780	Putative NrdI-like protein
EFM745_01231	gene	1425	arcD1_2			
EFM745_01231	CDS	1425	arcD1_2		COG0531	Arginine/ornithine antiporter ArcD1
EFM745_01232	gene	774				
EFM745_01232	CDS	774				hypothetical protein
EFM745_01233	gene	906	bcrA_2			
EFM745_01233	CDS	906	bcrA_2			Bacitracin transport ATP-binding protein BcrA
EFM745_01234	gene	321	gdx			
EFM745_01234	CDS	321	gdx		COG2076	Guanidinium exporter
EFM745_01235	gene	687				
EFM745_01235	CDS	687				hypothetical protein
EFM745_01236	gene	945				
EFM745_01236	CDS	945				hypothetical protein
EFM745_01237	gene	645	pcp			
EFM745_01237	CDS	645	pcp	3.4.19.3		Pyrrolidone-carboxylate peptidase
EFM745_01238	gene	1278				
EFM745_01238	CDS	1278				hypothetical protein
EFM745_01239	gene	750	pnuC			
EFM745_01239	CDS	750	pnuC		COG3201	Nicotinamide riboside transporter PnuC
EFM745_01240	gene	381				
EFM745_01240	CDS	381				hypothetical protein
EFM745_01241	gene	510				
EFM745_01241	CDS	510				hypothetical protein
EFM745_01242	gene	180				
EFM745_01242	CDS	180				hypothetical protein
EFM745_01243	gene	564				
EFM745_01243	CDS	564				hypothetical protein
EFM745_01244	gene	516				
EFM745_01244	CDS	516				hypothetical protein
EFM745_01245	gene	870	ywpJ_2			
EFM745_01245	CDS	870	ywpJ_2	3.1.3.-	COG0561	Phosphatase YwpJ
EFM745_01246	gene	681	ung			
EFM745_01246	CDS	681	ung	3.2.2.27	COG0692	Uracil-DNA glycosylase
EFM745_01247	gene	981	pta			
EFM745_01247	CDS	981	pta	2.3.1.8	COG0280	Phosphate acetyltransferase
EFM745_01248	gene	474	tsaE			
EFM745_01248	CDS	474	tsaE		COG0802	tRNA threonylcarbamoyladenosine biosynthesis protein TsaE
EFM745_01249	gene	525				
EFM745_01249	CDS	525				hypothetical protein
EFM745_01250	gene	534	polC_1			
EFM745_01250	CDS	534	polC_1	2.7.7.7	COG2176	DNA polymerase III PolC-type
EFM745_01251	gene	753	exoA			
EFM745_01251	CDS	753	exoA	3.1.11.2	COG0708	Exodeoxyribonuclease
EFM745_01252	gene	921	yceM			
EFM745_01252	CDS	921	yceM	1.-.-.-	COG0673	Putative oxidoreductase YceM
EFM745_01253	gene	936	murB			
EFM745_01253	CDS	936	murB	1.3.1.98	COG0812	UDP-N-acetylenolpyruvoylglucosamine reductase
EFM745_01254	gene	1479				
EFM745_01254	CDS	1479				hypothetical protein
EFM745_01255	gene	2061				
EFM745_01255	CDS	2061				hypothetical protein
EFM745_01256	gene	570				
EFM745_01256	CDS	570				hypothetical protein
EFM745_01257	gene	807				
EFM745_01257	CDS	807				hypothetical protein
EFM745_01258	gene	1515				
EFM745_01258	CDS	1515		1.3.5.4	COG1053	Fumarate reductase flavoprotein subunit
EFM745_01259	gene	984				
EFM745_01259	CDS	984		1.3.1.103		2-haloacrylate reductase
EFM745_01260	gene	648	yhfK			
EFM745_01260	CDS	648	yhfK	4.-.-.-	COG0702	putative sugar epimerase YhfK
EFM745_01261	gene	633	panT_1			
EFM745_01261	CDS	633	panT_1		COG4684	Pantothenic acid transporter PanT
EFM745_01262	gene	552	coaBC_1			
EFM745_01262	CDS	552	coaBC_1		COG0452	Coenzyme A biosynthesis bifunctional protein CoaBC
EFM745_01263	gene	738	coaBC_2			
EFM745_01263	CDS	738	coaBC_2	6.3.2.5		Coenzyme A biosynthesis bifunctional protein CoaBC
EFM745_01264	gene	990	acuI			
EFM745_01264	CDS	990	acuI	1.3.1.84	COG0604	putative acrylyl-CoA reductase AcuI
EFM745_01265	gene	543				
EFM745_01265	CDS	543				hypothetical protein
EFM745_01266	gene	1086	potA			
EFM745_01266	CDS	1086	potA	7.6.2.11		Spermidine/putrescine import ATP-binding protein PotA
EFM745_01267	gene	807	potB			
EFM745_01267	CDS	807	potB		COG1176	Spermidine/putrescine transport system permease protein PotB
EFM745_01268	gene	828	ydcV			
EFM745_01268	CDS	828	ydcV			Inner membrane ABC transporter permease protein YdcV
EFM745_01269	gene	1074	potD			
EFM745_01269	CDS	1074	potD		COG0687	Spermidine/putrescine-binding periplasmic protein
EFM745_01270	gene	2619	dgaR_1			
EFM745_01270	CDS	2619	dgaR_1			Transcriptional regulatory protein DagR
EFM745_01271	gene	423				
EFM745_01271	CDS	423				hypothetical protein
EFM745_01272	gene	495				
EFM745_01272	CDS	495		2.7.1.-		putative phosphotransferase enzyme IIB component
EFM745_01273	gene	810				
EFM745_01273	CDS	810				hypothetical protein
EFM745_01274	gene	822	manZ_2			
EFM745_01274	CDS	822	manZ_2		COG3716	PTS system mannose-specific EIID component
EFM745_01275	gene	2100				
EFM745_01275	CDS	2100				hypothetical protein
EFM745_01276	gene	1119				
EFM745_01276	CDS	1119				hypothetical protein
EFM745_01277	gene	879	gmuE_3			
EFM745_01277	CDS	879	gmuE_3	2.7.1.4	COG1940	Putative fructokinase
EFM745_01278	gene	813				
EFM745_01278	CDS	813				hypothetical protein
EFM745_01279	gene	108				
EFM745_01279	CDS	108				hypothetical protein
EFM745_01280	gene	1068				
EFM745_01280	CDS	1068				hypothetical protein
EFM745_01281	gene	204				
EFM745_01281	CDS	204				hypothetical protein
EFM745_01282	gene	1203	xerC_4			
EFM745_01282	CDS	1203	xerC_4			Tyrosine recombinase XerC
EFM745_01283	gene	228				
EFM745_01283	misc_RNA	228				T-box
EFM745_01284	gene	1131	metE			
EFM745_01284	CDS	1131	metE	2.1.1.14	COG0620	5-methyltetrahydropteroyltriglutamate--homocysteine methyltransferase
EFM745_01285	gene	954				
EFM745_01285	CDS	954			COG2826	IS30 family transposase IS1252
EFM745_01286	gene	393	glnR			
EFM745_01286	CDS	393	glnR		COG0789	HTH-type transcriptional regulator GlnR
EFM745_01287	gene	1341	glnA			
EFM745_01287	CDS	1341	glnA	6.3.1.2		Glutamine synthetase
EFM745_01288	gene	246				
EFM745_01288	CDS	246				hypothetical protein
EFM745_01289	gene	1611	pyrG			
EFM745_01289	CDS	1611	pyrG	6.3.4.2	COG0504	CTP synthase
EFM745_01290	gene	870	fba			
EFM745_01290	CDS	870	fba	4.1.2.13	COG0191	Fructose-bisphosphate aldolase
EFM745_01291	gene	1272	murA1_1			
EFM745_01291	CDS	1272	murA1_1	2.5.1.7		UDP-N-acetylglucosamine 1-carboxyvinyltransferase
EFM745_01292	gene	1296	rho			
EFM745_01292	CDS	1296	rho	3.6.4.-	COG1158	Transcription termination factor Rho
EFM745_01293	gene	264	rpmE2			
EFM745_01293	CDS	264	rpmE2		COG0254	50S ribosomal protein L31 type B
EFM745_01294	gene	450	fruA_2			
EFM745_01294	CDS	450	fruA_2		COG1299	PTS system fructose-specific EIIABC component
EFM745_01295	gene	1419	fruA_3			
EFM745_01295	CDS	1419	fruA_3		COG1299	PTS system fructose-specific EIIABC component
EFM745_01296	gene	861	kbaY			
EFM745_01296	CDS	861	kbaY	4.1.2.40	COG0191	D-tagatose-1,6-bisphosphate aldolase subunit KbaY
EFM745_01297	gene	738	ydjF			
EFM745_01297	CDS	738	ydjF		COG1349	putative HTH-type transcriptional regulator YdjF
EFM745_01298	gene	366				
EFM745_01298	CDS	366				hypothetical protein
EFM745_01299	gene	1209	yfcJ			
EFM745_01299	CDS	1209	yfcJ			putative MFS-type transporter YfcJ
EFM745_01300	gene	279				
EFM745_01300	CDS	279				hypothetical protein
EFM745_01301	gene	696	larR			
EFM745_01301	CDS	696	larR		COG0664	Lactate racemization regulatory protein
EFM745_01302	gene	798				
EFM745_01302	CDS	798				hypothetical protein
EFM745_01303	gene	1185				
EFM745_01303	CDS	1185				hypothetical protein
EFM745_01304	gene	1248				
EFM745_01304	CDS	1248				hypothetical protein
EFM745_01305	gene	1746				
EFM745_01305	CDS	1746				hypothetical protein
EFM745_01306	gene	315				
EFM745_01306	CDS	315			COG0718	Nucleoid-associated protein
EFM745_01307	gene	597	recR			
EFM745_01307	CDS	597	recR		COG0353	Recombination protein RecR
EFM745_01308	gene	645	tmk			
EFM745_01308	CDS	645	tmk	2.7.4.9	COG0125	Thymidylate kinase
EFM745_01309	gene	330	darA			
EFM745_01309	CDS	330	darA		COG3870	Cyclic di-AMP receptor A
EFM745_01310	gene	939				
EFM745_01310	CDS	939				hypothetical protein
EFM745_01311	gene	825				
EFM745_01311	CDS	825				hypothetical protein
EFM745_01312	gene	348	yabA			
EFM745_01312	CDS	348	yabA		COG4467	Initiation-control protein YabA
EFM745_01313	gene	873	rsmI			
EFM745_01313	CDS	873	rsmI	2.1.1.198		Ribosomal RNA small subunit methyltransferase I
EFM745_01314	gene	1122	dinB			
EFM745_01314	CDS	1122	dinB	2.7.7.7	COG0389	DNA polymerase IV
EFM745_01315	gene	603				
EFM745_01315	CDS	603				hypothetical protein
EFM745_01316	gene	2190	nrdD			
EFM745_01316	CDS	2190	nrdD	1.1.98.6	COG1328	Anaerobic ribonucleoside-triphosphate reductase
EFM745_01317	gene	768	bceA_2			
EFM745_01317	CDS	768	bceA_2		COG1136	Bacitracin export ATP-binding protein BceA
EFM745_01318	gene	2043	bceB_2			
EFM745_01318	CDS	2043	bceB_2		COG0577	Bacitracin export permease protein BceB
EFM745_01319	gene	150				
EFM745_01319	CDS	150				hypothetical protein
EFM745_01320	gene	1515	dltA			
EFM745_01320	CDS	1515	dltA	6.2.1.54	COG1020	D-alanine--D-alanyl carrier protein ligase
EFM745_01321	gene	1206				
EFM745_01321	CDS	1206				hypothetical protein
EFM745_01322	gene	234	dltC			
EFM745_01322	CDS	234	dltC		COG0236	D-alanyl carrier protein
EFM745_01323	gene	1269	dltD			
EFM745_01323	CDS	1269	dltD		COG3966	Protein DltD
EFM745_01324	gene	1083	ysdC			
EFM745_01324	CDS	1083	ysdC	3.4.11.-	COG1363	Putative aminopeptidase YsdC
EFM745_01325	gene	804				
EFM745_01325	CDS	804				hypothetical protein
EFM745_01326	gene	741				
EFM745_01326	CDS	741			COG1234	putative protein
EFM745_01327	gene	1005	lplJ			
EFM745_01327	CDS	1005	lplJ	6.3.1.20	COG0095	Lipoate-protein ligase LplJ
EFM745_01328	gene	1845				
EFM745_01328	CDS	1845				hypothetical protein
EFM745_01329	gene	390				
EFM745_01329	CDS	390				hypothetical protein
EFM745_01330	gene	684	trmR			
EFM745_01330	CDS	684	trmR	2.1.1.-	COG4122	tRNA 5-hydroxyuridine methyltransferase
EFM745_01331	gene	75				
EFM745_01331	tRNA	75				tRNA-Arg(tct)
EFM745_01332	gene	360				
EFM745_01332	CDS	360				hypothetical protein
EFM745_01333	gene	1632	dauA			
EFM745_01333	CDS	1632	dauA		COG0659	C4-dicarboxylic acid transporter DauA
EFM745_01334	gene	642	udg			
EFM745_01334	CDS	642	udg	3.2.2.27	COG1573	Type-4 uracil-DNA glycosylase
EFM745_01335	gene	77				
EFM745_01335	misc_RNA	77				L21_leader
EFM745_01336	gene	309	rplU			
EFM745_01336	CDS	309	rplU		COG0261	50S ribosomal protein L21
EFM745_01337	gene	345				
EFM745_01337	CDS	345				hypothetical protein
EFM745_01338	gene	294	rpmA			
EFM745_01338	CDS	294	rpmA			50S ribosomal protein L27
EFM745_01339	gene	2835	dgaR_2			
EFM745_01339	CDS	2835	dgaR_2			Transcriptional regulatory protein DagR
EFM745_01340	gene	492	manX_1			
EFM745_01340	CDS	492	manX_1	2.7.1.191	COG2893	PTS system mannose-specific EIIAB component
EFM745_01341	gene	990	manX_2			
EFM745_01341	CDS	990	manX_2	2.7.1.191		PTS system mannose-specific EIIAB component
EFM745_01342	gene	804	sorA_1			
EFM745_01342	CDS	804	sorA_1		COG3715	PTS system sorbose-specific EIIC component
EFM745_01343	gene	915	manZ_3			
EFM745_01343	CDS	915	manZ_3		COG3716	PTS system mannose-specific EIID component
EFM745_01344	gene	375				
EFM745_01344	CDS	375				hypothetical protein
EFM745_01345	gene	246				
EFM745_01345	CDS	246				hypothetical protein
EFM745_01346	gene	1065	ypdF			
EFM745_01346	CDS	1065	ypdF	3.4.11.-	COG0006	Aminopeptidase YpdF
EFM745_01347	gene	426				
EFM745_01347	CDS	426				putative protein
EFM745_01348	gene	450	nusB			
EFM745_01348	CDS	450	nusB		COG0781	Transcription antitermination protein NusB
EFM745_01349	gene	855	folD			
EFM745_01349	CDS	855	folD		COG0190	Bifunctional protein FolD protein
EFM745_01350	gene	1338	xseA			
EFM745_01350	CDS	1338	xseA	3.1.11.6	COG1570	Exodeoxyribonuclease 7 large subunit
EFM745_01351	gene	225	xseB			
EFM745_01351	CDS	225	xseB	3.1.11.6		Exodeoxyribonuclease 7 small subunit
EFM745_01352	gene	891				
EFM745_01352	CDS	891		2.5.1.10		Farnesyl diphosphate synthase
EFM745_01353	gene	819	tlyA			
EFM745_01353	CDS	819	tlyA		COG1189	Hemolysin A
EFM745_01354	gene	450	argR_2			
EFM745_01354	CDS	450	argR_2		COG1438	Arginine repressor
EFM745_01355	gene	1683	recN			
EFM745_01355	CDS	1683	recN		COG0497	DNA repair protein RecN
EFM745_01356	gene	117				
EFM745_01356	CDS	117				hypothetical protein
EFM745_01357	gene	957				
EFM745_01357	CDS	957				hypothetical protein
EFM745_01358	gene	369				
EFM745_01358	CDS	369				hypothetical protein
EFM745_01359	gene	432	mraZ			
EFM745_01359	CDS	432	mraZ			Transcriptional regulator MraZ
EFM745_01360	gene	960	rsmH			
EFM745_01360	CDS	960	rsmH	2.1.1.199		Ribosomal RNA small subunit methyltransferase H
EFM745_01361	gene	402	ftsL			
EFM745_01361	CDS	402	ftsL			Cell division protein FtsL
EFM745_01362	gene	2193	pbpX_2			
EFM745_01362	CDS	2193	pbpX_2		COG0768	Penicillin-binding protein 2X
EFM745_01363	gene	963	mraY			
EFM745_01363	CDS	963	mraY	2.7.8.13	COG0472	Phospho-N-acetylmuramoyl-pentapeptide-transferase
EFM745_01364	gene	1362	murD			
EFM745_01364	CDS	1362	murD	6.3.2.9		UDP-N-acetylmuramoylalanine--D-glutamate ligase
EFM745_01365	gene	1089	murG			
EFM745_01365	CDS	1089	murG	2.4.1.227	COG0707	UDP-N-acetylglucosamine--N-acetylmuramyl-(pentapeptide) pyrophosphoryl-undecaprenol N-acetylglucosamine transferase
EFM745_01366	gene	1221	divIB			
EFM745_01366	CDS	1221	divIB			Cell division protein DivIB
EFM745_01367	gene	1326	ftsA			
EFM745_01367	CDS	1326	ftsA		COG0849	Cell division protein FtsA
EFM745_01368	gene	1242	ftsZ			
EFM745_01368	CDS	1242	ftsZ		COG0206	Cell division protein FtsZ
EFM745_01369	gene	678	yggS			
EFM745_01369	CDS	678	yggS		COG0325	Pyridoxal phosphate homeostasis protein
EFM745_01370	gene	600	sepF			
EFM745_01370	CDS	600	sepF			Cell division protein SepF
EFM745_01371	gene	783				
EFM745_01371	CDS	783				hypothetical protein
EFM745_01372	gene	708	divIVA			
EFM745_01372	CDS	708	divIVA		COG3599	Cell division protein DivIVA
EFM745_01373	gene	2799	ileS			
EFM745_01373	CDS	2799	ileS	6.1.1.5	COG0060	Isoleucine--tRNA ligase
EFM745_01374	gene	1527	zwf			
EFM745_01374	CDS	1527	zwf	1.1.1.49	COG0364	Glucose-6-phosphate 1-dehydrogenase
EFM745_01375	gene	648	dtxR			
EFM745_01375	CDS	648	dtxR			Diphtheria toxin repressor
EFM745_01376	gene	342				
EFM745_01376	CDS	342				hypothetical protein
EFM745_01377	gene	729	sfsA			
EFM745_01377	CDS	729	sfsA		COG1489	Sugar fermentation stimulation protein A
EFM745_01378	gene	1014	iolU_1			
EFM745_01378	CDS	1014	iolU_1	1.1.1.371	COG0673	scyllo-inositol 2-dehydrogenase (NADP(+)) IolU
EFM745_01379	gene	1278	yfmL			
EFM745_01379	CDS	1278	yfmL	3.6.4.13	COG0513	putative ATP-dependent RNA helicase YfmL
EFM745_01380	gene	2703	dgaR_3			
EFM745_01380	CDS	2703	dgaR_3			Transcriptional regulatory protein DagR
EFM745_01381	gene	318	ptcB_1			
EFM745_01381	CDS	318	ptcB_1	2.7.1.204	COG1440	PTS system galactose-specific EIIB component
EFM745_01382	gene	321	licA_2			
EFM745_01382	CDS	321	licA_2		COG1447	Lichenan-specific phosphotransferase enzyme IIA component
EFM745_01383	gene	1461	celB			
EFM745_01383	CDS	1461	celB		COG1455	PTS system cellobiose-specific EIIC component
EFM745_01384	gene	222				
EFM745_01384	CDS	222				hypothetical protein
EFM745_01385	gene	183				
EFM745_01385	CDS	183				hypothetical protein
EFM745_01386	gene	414				
EFM745_01386	CDS	414				hypothetical protein
EFM745_01387	gene	1182	eis_1			
EFM745_01387	CDS	1182	eis_1	2.3.1.-		N-acetyltransferase Eis
EFM745_01388	gene	165				
EFM745_01388	CDS	165				hypothetical protein
EFM745_01389	gene	76				
EFM745_01389	tRNA	76				tRNA-Arg(cct)
EFM745_01390	gene	1140	xerC_5			
EFM745_01390	CDS	1140	xerC_5			Tyrosine recombinase XerC
EFM745_01391	gene	135				
EFM745_01391	CDS	135				hypothetical protein
EFM745_01392	gene	636				
EFM745_01392	CDS	636				hypothetical protein
EFM745_01393	gene	636				
EFM745_01393	CDS	636				hypothetical protein
EFM745_01394	gene	462				
EFM745_01394	CDS	462				hypothetical protein
EFM745_01395	gene	432				
EFM745_01395	CDS	432				hypothetical protein
EFM745_01396	gene	321				
EFM745_01396	CDS	321				hypothetical protein
EFM745_01397	gene	777				
EFM745_01397	CDS	777				hypothetical protein
EFM745_01398	gene	204				
EFM745_01398	CDS	204				hypothetical protein
EFM745_01399	gene	339				
EFM745_01399	CDS	339				hypothetical protein
EFM745_01400	gene	180				
EFM745_01400	CDS	180				hypothetical protein
EFM745_01401	gene	504				
EFM745_01401	CDS	504				hypothetical protein
EFM745_01402	gene	699				
EFM745_01402	CDS	699				hypothetical protein
EFM745_01403	gene	342				
EFM745_01403	CDS	342				hypothetical protein
EFM745_01404	gene	672				
EFM745_01404	CDS	672				hypothetical protein
EFM745_01405	gene	687				
EFM745_01405	CDS	687				hypothetical protein
EFM745_01406	gene	750				
EFM745_01406	CDS	750				hypothetical protein
EFM745_01407	gene	270				
EFM745_01407	CDS	270				hypothetical protein
EFM745_01408	gene	165				
EFM745_01408	CDS	165				hypothetical protein
EFM745_01409	gene	303				
EFM745_01409	CDS	303				hypothetical protein
EFM745_01410	gene	162				
EFM745_01410	CDS	162				hypothetical protein
EFM745_01411	gene	300				
EFM745_01411	CDS	300				hypothetical protein
EFM745_01412	gene	357				
EFM745_01412	CDS	357				hypothetical protein
EFM745_01413	gene	246				
EFM745_01413	CDS	246				hypothetical protein
EFM745_01414	gene	420				
EFM745_01414	CDS	420				hypothetical protein
EFM745_01415	gene	558				
EFM745_01415	CDS	558				hypothetical protein
EFM745_01416	gene	297				
EFM745_01416	CDS	297				hypothetical protein
EFM745_01417	gene	414				
EFM745_01417	CDS	414				hypothetical protein
EFM745_01418	gene	153				
EFM745_01418	CDS	153				hypothetical protein
EFM745_01419	gene	276				
EFM745_01419	CDS	276				hypothetical protein
EFM745_01420	gene	168				
EFM745_01420	CDS	168				hypothetical protein
EFM745_01421	gene	345				
EFM745_01421	CDS	345				hypothetical protein
EFM745_01422	gene	282				
EFM745_01422	CDS	282				hypothetical protein
EFM745_01423	gene	315				
EFM745_01423	CDS	315				hypothetical protein
EFM745_01424	gene	1695				
EFM745_01424	CDS	1695				hypothetical protein
EFM745_01425	gene	1179				
EFM745_01425	CDS	1179				hypothetical protein
EFM745_01426	gene	687	clpP_1			
EFM745_01426	CDS	687	clpP_1	3.4.21.92		ATP-dependent Clp protease proteolytic subunit
EFM745_01427	gene	1161				
EFM745_01427	CDS	1161				hypothetical protein
EFM745_01428	gene	876				
EFM745_01428	CDS	876				hypothetical protein
EFM745_01429	gene	312				
EFM745_01429	CDS	312				hypothetical protein
EFM745_01430	gene	354				
EFM745_01430	CDS	354				hypothetical protein
EFM745_01431	gene	402				
EFM745_01431	CDS	402				hypothetical protein
EFM745_01432	gene	414				
EFM745_01432	CDS	414				hypothetical protein
EFM745_01433	gene	609				
EFM745_01433	CDS	609				hypothetical protein
EFM745_01434	gene	363				
EFM745_01434	CDS	363				hypothetical protein
EFM745_01435	gene	3432	smc_2			
EFM745_01435	CDS	3432	smc_2			Chromosome partition protein Smc
EFM745_01436	gene	1296				
EFM745_01436	CDS	1296				ISL3 family transposase ISEfa11
EFM745_01437	gene	738				
EFM745_01437	CDS	738				hypothetical protein
EFM745_01438	gene	2292				
EFM745_01438	CDS	2292				hypothetical protein
EFM745_01439	gene	2127				
EFM745_01439	CDS	2127				hypothetical protein
EFM745_01440	gene	447				
EFM745_01440	CDS	447				hypothetical protein
EFM745_01441	gene	138				
EFM745_01441	CDS	138				hypothetical protein
EFM745_01442	gene	294				
EFM745_01442	CDS	294				hypothetical protein
EFM745_01443	gene	225				
EFM745_01443	CDS	225				hypothetical protein
EFM745_01444	gene	579				
EFM745_01444	CDS	579				hypothetical protein
EFM745_01445	gene	483				
EFM745_01445	CDS	483				hypothetical protein
EFM745_01446	gene	74				
EFM745_01446	tRNA	74				tRNA-Met(cat)
EFM745_01447	gene	291				
EFM745_01447	CDS	291				IS3 family transposase ISEfa8
EFM745_01448	gene	837				
EFM745_01448	CDS	837				IS3 family transposase ISEfa8
EFM745_01449	gene	495				
EFM745_01449	CDS	495				IS3 family transposase ISEnfa3
EFM745_01450	gene	408				
EFM745_01450	CDS	408				hypothetical protein
EFM745_01451	gene	402				
EFM745_01451	CDS	402				hypothetical protein
EFM745_01452	gene	372				
EFM745_01452	CDS	372				hypothetical protein
EFM745_01453	gene	300				
EFM745_01453	CDS	300				hypothetical protein
EFM745_01454	gene	222				
EFM745_01454	CDS	222				hypothetical protein
EFM745_01455	gene	1188				
EFM745_01455	CDS	1188				IS256 family transposase IS16
EFM745_01456	gene	273				
EFM745_01456	CDS	273				hypothetical protein
EFM745_01457	gene	924	ccpB			
EFM745_01457	CDS	924	ccpB			Catabolite control protein B
EFM745_01458	gene	753	mta			
EFM745_01458	CDS	753	mta		COG0789	HTH-type transcriptional activator mta
EFM745_01459	gene	363				
EFM745_01459	CDS	363				hypothetical protein
EFM745_01460	gene	1473	pncB2			
EFM745_01460	CDS	1473	pncB2	6.3.4.21	COG1488	Nicotinate phosphoribosyltransferase pncB2
EFM745_01461	gene	825	nadE			
EFM745_01461	CDS	825	nadE	6.3.1.5	COG0171	NH(3)-dependent NAD(+) synthetase
EFM745_01462	gene	891				
EFM745_01462	CDS	891				hypothetical protein
EFM745_01463	gene	1518	abfA_1			
EFM745_01463	CDS	1518	abfA_1	3.2.1.55		Intracellular exo-alpha-(1->5)-L-arabinofuranosidase
EFM745_01464	gene	1272	ugpB			
EFM745_01464	CDS	1272	ugpB		COG1653	sn-glycerol-3-phosphate-binding periplasmic protein UgpB
EFM745_01465	gene	897	melD			
EFM745_01465	CDS	897	melD		COG1175	Melibiose/raffinose/stachyose import permease protein MelD
EFM745_01466	gene	864	araQ_4			
EFM745_01466	CDS	864	araQ_4		COG0395	L-arabinose transport system permease protein AraQ
EFM745_01467	gene	564				
EFM745_01467	CDS	564				hypothetical protein
EFM745_01468	gene	1512	abfA_2			
EFM745_01468	CDS	1512	abfA_2	3.2.1.55	COG3534	Intracellular exo-alpha-(1->5)-L-arabinofuranosidase 1
EFM745_01469	gene	960				
EFM745_01469	CDS	960		3.2.1.55	COG3940	Extracellular exo-alpha-(1->5)-L-arabinofuranosidase
EFM745_01470	gene	1080	araR_2			
EFM745_01470	CDS	1080	araR_2		COG1609	Arabinose metabolism transcriptional repressor
EFM745_01471	gene	1401	xylT			
EFM745_01471	CDS	1401	xylT			D-xylose transporter
EFM745_01472	gene	1662	xylB_3			
EFM745_01472	CDS	1662	xylB_3	2.7.1.17		Xylulose kinase
EFM745_01473	gene	699	sgbE			
EFM745_01473	CDS	699	sgbE	5.1.3.4	COG0235	L-ribulose-5-phosphate 4-epimerase SgbE
EFM745_01474	gene	1425	araA			
EFM745_01474	CDS	1425	araA	5.3.1.4		L-arabinose isomerase
EFM745_01475	gene	1161	ghrB_2			
EFM745_01475	CDS	1161	ghrB_2	1.1.1.81		Glyoxylate/hydroxypyruvate reductase B
EFM745_01476	gene	1860				
EFM745_01476	CDS	1860				hypothetical protein
EFM745_01477	gene	435				
EFM745_01477	CDS	435				hypothetical protein
EFM745_01478	gene	82				
EFM745_01478	misc_RNA	82				Ref84
EFM745_01479	gene	162				
EFM745_01479	CDS	162				hypothetical protein
EFM745_01480	gene	1023	pgl			
EFM745_01480	CDS	1023	pgl	3.1.1.31	COG2706	6-phosphogluconolactonase
EFM745_01481	gene	354				
EFM745_01481	CDS	354				hypothetical protein
EFM745_01482	gene	1167				
EFM745_01482	CDS	1167				hypothetical protein
EFM745_01483	gene	621	azoR			
EFM745_01483	CDS	621	azoR	1.7.1.17	COG1182	FMN-dependent NADH-azoreductase
EFM745_01484	gene	297				
EFM745_01484	CDS	297				hypothetical protein
EFM745_01485	gene	651				
EFM745_01485	CDS	651				hypothetical protein
EFM745_01486	gene	1728				
EFM745_01486	CDS	1728			COG1132	putative ABC transporter ATP-binding protein
EFM745_01487	gene	255				
EFM745_01487	CDS	255				hypothetical protein
EFM745_01488	gene	1638				
EFM745_01488	CDS	1638		7.6.2.-	COG1132	Fatty acid ABC transporter ATP-binding/permease protein
EFM745_01489	gene	870	catE			
EFM745_01489	CDS	870	catE	1.13.11.2	COG2514	Catechol-2,3-dioxygenase
EFM745_01490	gene	1026	amiE			
EFM745_01490	CDS	1026	amiE	3.5.1.28		N-acetylmuramyl-L-alanine amidase
EFM745_01491	gene	951	gmuF			
EFM745_01491	CDS	951	gmuF	5.3.1.8	COG1482	putative mannose-6-phosphate isomerase GmuF
EFM745_01492	gene	351	mtlA			
EFM745_01492	CDS	351	mtlA			PTS system mannitol-specific EIICB component
EFM745_01493	gene	1320				
EFM745_01493	CDS	1320				hypothetical protein
EFM745_01494	gene	2034	mtlR			
EFM745_01494	CDS	2034	mtlR			Transcriptional regulator MtlR
EFM745_01495	gene	441	mtlF_1			
EFM745_01495	CDS	441	mtlF_1		COG2213	Mannitol-specific phosphotransferase enzyme IIA component
EFM745_01496	gene	1128				
EFM745_01496	CDS	1128				hypothetical protein
EFM745_01497	gene	678	natA_1			
EFM745_01497	CDS	678	natA_1	7.2.2.4	COG4555	ABC transporter ATP-binding protein NatA
EFM745_01498	gene	1767				
EFM745_01498	CDS	1767				hypothetical protein
EFM745_01499	gene	438	mtlF_2			
EFM745_01499	CDS	438	mtlF_2		COG2213	Mannitol-specific phosphotransferase enzyme IIA component
EFM745_01500	gene	1152	mtlD			
EFM745_01500	CDS	1152	mtlD	1.1.1.17	COG0246	Mannitol-1-phosphate 5-dehydrogenase
EFM745_01501	gene	699	gatD			
EFM745_01501	CDS	699	gatD	6.3.5.13	COG3442	Lipid II isoglutaminyl synthase (glutamine-hydrolyzing) subunit GatD
EFM745_01502	gene	1353	murT			
EFM745_01502	CDS	1353	murT	6.3.5.13	COG0769	Lipid II isoglutaminyl synthase (glutamine-hydrolyzing) subunit MurT
EFM745_01503	gene	1401	ntpJ_1			
EFM745_01503	CDS	1401	ntpJ_1			Potassium/sodium uptake protein NtpJ
EFM745_01504	gene	738	queH			
EFM745_01504	CDS	738	queH	1.17.99.6		Epoxyqueuosine reductase QueH
EFM745_01505	gene	480				
EFM745_01505	CDS	480				hypothetical protein
EFM745_01506	gene	768				
EFM745_01506	CDS	768				hypothetical protein
EFM745_01507	gene	570	spsB			
EFM745_01507	CDS	570	spsB	3.4.21.89		Signal peptidase IB
EFM745_01508	gene	603	COQ5_2			
EFM745_01508	CDS	603	COQ5_2	2.1.1.163		2-methoxy-6-polyprenyl-1,4-benzoquinol methylase, mitochondrial
EFM745_01509	gene	231				
EFM745_01509	CDS	231				hypothetical protein
EFM745_01510	gene	249				
EFM745_01510	CDS	249				hypothetical protein
EFM745_01511	gene	597	tdk			
EFM745_01511	CDS	597	tdk	2.7.1.21		Thymidine kinase
EFM745_01512	gene	1074	prfA			
EFM745_01512	CDS	1074	prfA		COG0216	Peptide chain release factor 1
EFM745_01513	gene	840	prmC			
EFM745_01513	CDS	840	prmC	2.1.1.297	COG2890	Release factor glutamine methyltransferase
EFM745_01514	gene	1026	ywlC			
EFM745_01514	CDS	1026	ywlC	2.7.7.87	COG0009	Threonylcarbamoyl-AMP synthase
EFM745_01515	gene	162				
EFM745_01515	CDS	162				hypothetical protein
EFM745_01516	gene	1245	glyA			
EFM745_01516	CDS	1245	glyA	2.1.2.1		Serine hydroxymethyltransferase
EFM745_01517	gene	948	nlhH			
EFM745_01517	CDS	948	nlhH	3.1.1.1	COG0657	Carboxylesterase NlhH
EFM745_01518	gene	630	upp			
EFM745_01518	CDS	630	upp	2.4.2.9		Uracil phosphoribosyltransferase
EFM745_01519	gene	243				
EFM745_01519	CDS	243				hypothetical protein
EFM745_01520	gene	73				
EFM745_01520	tRNA	73				tRNA-Thr(cgt)
EFM745_01521	gene	639				
EFM745_01521	CDS	639				hypothetical protein
EFM745_01522	gene	633				
EFM745_01522	CDS	633				hypothetical protein
EFM745_01523	gene	300				
EFM745_01523	CDS	300				hypothetical protein
EFM745_01524	gene	2166	cna			
EFM745_01524	CDS	2166	cna			Collagen adhesin
EFM745_01525	gene	486	proX			
EFM745_01525	CDS	486	proX		COG3760	Prolyl-tRNA editing protein ProX
EFM745_01526	gene	346				
EFM745_01526	misc_RNA	346				T-box
EFM745_01527	gene	642	yecS_1			
EFM745_01527	CDS	642	yecS_1		COG0765	L-cystine transport system permease protein YecS
EFM745_01528	gene	636	glnQ_1			
EFM745_01528	CDS	636	glnQ_1		COG1126	Glutamine transport ATP-binding protein GlnQ
EFM745_01529	gene	816	fliY			
EFM745_01529	CDS	816	fliY		COG0834	L-cystine-binding protein FliY
EFM745_01530	gene	1437	bglC			
EFM745_01530	CDS	1437	bglC	3.2.1.86	COG2723	Aryl-phospho-beta-D-glucosidase BglC
EFM745_01531	gene	2448	spoIIIE			
EFM745_01531	CDS	2448	spoIIIE		COG1674	DNA translocase SpoIIIE
EFM745_01532	gene	1068	rlmN			
EFM745_01532	CDS	1068	rlmN	2.1.1.192		putative dual-specificity RNA methyltransferase RlmN
EFM745_01533	gene	1104				
EFM745_01533	CDS	1104				hypothetical protein
EFM745_01534	gene	549				
EFM745_01534	CDS	549				hypothetical protein
EFM745_01535	gene	1662	dppE			
EFM745_01535	CDS	1662	dppE		COG4166	Dipeptide-binding protein DppE
EFM745_01536	gene	348				
EFM745_01536	CDS	348				hypothetical protein
EFM745_01537	gene	942	oppB			
EFM745_01537	CDS	942	oppB		COG0601	Oligopeptide transport system permease protein OppB
EFM745_01538	gene	1044	dppC			
EFM745_01538	CDS	1044	dppC		COG1173	Dipeptide transport system permease protein DppC
EFM745_01539	gene	1071	oppD_2			
EFM745_01539	CDS	1071	oppD_2		COG0444	Oligopeptide transport ATP-binding protein OppD
EFM745_01540	gene	954	oppF_2			
EFM745_01540	CDS	954	oppF_2		COG4608	Oligopeptide transport ATP-binding protein OppF
EFM745_01541	gene	1011				
EFM745_01541	CDS	1011				IS200/IS605 family transposase ISEfa4
EFM745_01542	gene	822				
EFM745_01542	CDS	822				hypothetical protein
EFM745_01543	gene	279				
EFM745_01543	CDS	279				hypothetical protein
EFM745_01544	gene	2010	metG			
EFM745_01544	CDS	2010	metG	6.1.1.10		Methionine--tRNA ligase
EFM745_01545	gene	588				
EFM745_01545	CDS	588				hypothetical protein
EFM745_01546	gene	1323	steT_1			
EFM745_01546	CDS	1323	steT_1		COG0531	Serine/threonine exchanger SteT
EFM745_01547	gene	777	dtd3			
EFM745_01547	CDS	777	dtd3	3.1.1.96		D-aminoacyl-tRNA deacylase
EFM745_01548	gene	570	rnmV			
EFM745_01548	CDS	570	rnmV	3.1.26.8	COG1658	Ribonuclease M5
EFM745_01549	gene	885	rsmA			
EFM745_01549	CDS	885	rsmA	2.1.1.182	COG0030	Ribosomal RNA small subunit methyltransferase A
EFM745_01550	gene	630	niaX			
EFM745_01550	CDS	630	niaX			Niacin transporter NiaX
EFM745_01551	gene	1110	msmX			
EFM745_01551	CDS	1110	msmX	7.5.2.-	COG3839	Oligosaccharides import ATP-binding protein MsmX
EFM745_01552	gene	423	mgsA			
EFM745_01552	CDS	423	mgsA	4.2.3.3	COG1803	Methylglyoxal synthase
EFM745_01553	gene	99				
EFM745_01553	misc_RNA	99				THF
EFM745_01554	gene	537	folT_1			
EFM745_01554	CDS	537	folT_1			Folate transporter FolT
EFM745_01555	gene	1764				
EFM745_01555	CDS	1764			COG1132	putative ABC transporter ATP-binding protein
EFM745_01556	gene	1716				
EFM745_01556	CDS	1716			COG1132	putative ABC transporter ATP-binding protein
EFM745_01557	gene	225				
EFM745_01557	CDS	225				hypothetical protein
EFM745_01558	gene	2769	dgaR_4			
EFM745_01558	CDS	2769	dgaR_4			Transcriptional regulatory protein DagR
EFM745_01559	gene	420	manX_3			
EFM745_01559	CDS	420	manX_3	2.7.1.191		PTS system mannose-specific EIIAB component
EFM745_01560	gene	471				
EFM745_01560	CDS	471		2.7.1.-		putative phosphotransferase enzyme IIB component
EFM745_01561	gene	780	sorA_2			
EFM745_01561	CDS	780	sorA_2		COG3715	PTS system sorbose-specific EIIC component
EFM745_01562	gene	822	manZ_4			
EFM745_01562	CDS	822	manZ_4		COG3716	PTS system mannose-specific EIID component
EFM745_01563	gene	1050	nodM			
EFM745_01563	CDS	1050	nodM	2.6.1.16		Glutamine--fructose-6-phosphate aminotransferase [isomerizing]
EFM745_01564	gene	1005	frlB_1			
EFM745_01564	CDS	1005	frlB_1	3.5.-.-	COG2222	Fructosamine deglycase FrlB
EFM745_01565	gene	1020	gpsA_1			
EFM745_01565	CDS	1020	gpsA_1	1.1.1.94	COG0240	Glycerol-3-phosphate dehydrogenase [NAD(P)+]
EFM745_01566	gene	1251				
EFM745_01566	CDS	1251				IS110 family transposase ISSpn10
EFM745_01567	gene	882	gtaB_1			
EFM745_01567	CDS	882	gtaB_1	2.7.7.9	COG1210	UTP--glucose-1-phosphate uridylyltransferase
EFM745_01568	gene	378				
EFM745_01568	CDS	378				hypothetical protein
EFM745_01569	gene	615				
EFM745_01569	CDS	615				hypothetical protein
EFM745_01570	gene	1740				
EFM745_01570	CDS	1740				hypothetical protein
EFM745_01571	gene	1185	iadA			
EFM745_01571	CDS	1185	iadA	3.4.19.-		Isoaspartyl dipeptidase
EFM745_01572	gene	204				
EFM745_01572	CDS	204				hypothetical protein
EFM745_01573	gene	663	lolD			
EFM745_01573	CDS	663	lolD	3.6.3.-	COG1136	Lipoprotein-releasing system ATP-binding protein LolD
EFM745_01574	gene	1503				
EFM745_01574	CDS	1503				hypothetical protein
EFM745_01575	gene	1680	rnj2			
EFM745_01575	CDS	1680	rnj2	3.1.-.-		Ribonuclease J 2
EFM745_01576	gene	477	ybaK_1			
EFM745_01576	CDS	477	ybaK_1	4.2.-.-	COG2606	Cys-tRNA(Pro)/Cys-tRNA(Cys) deacylase YbaK
EFM745_01577	gene	681				
EFM745_01577	CDS	681				hypothetical protein
EFM745_01578	gene	1332	IMPDH			
EFM745_01578	CDS	1332	IMPDH	1.1.1.205		Inosine-5'-monophosphate dehydrogenase
EFM745_01579	gene	963	nrnA			
EFM745_01579	CDS	963	nrnA	3.1.-.-	COG0618	putative bifunctional oligoribonuclease and PAP phosphatase NrnA
EFM745_01580	gene	339				
EFM745_01580	CDS	339				hypothetical protein
EFM745_01581	gene	708				
EFM745_01581	CDS	708				hypothetical protein
EFM745_01582	gene	1482				
EFM745_01582	CDS	1482				hypothetical protein
EFM745_01583	gene	534				
EFM745_01583	CDS	534				hypothetical protein
EFM745_01584	gene	1371	rsmF			
EFM745_01584	CDS	1371	rsmF	2.1.1.-	COG0144	Ribosomal RNA small subunit methyltransferase F
EFM745_01585	gene	336				
EFM745_01585	CDS	336				hypothetical protein
EFM745_01586	gene	858	lrp			
EFM745_01586	CDS	858	lrp			Leucine-rich protein
EFM745_01587	gene	516	tadA_1			
EFM745_01587	CDS	516	tadA_1	3.5.4.33	COG0590	tRNA-specific adenosine deaminase
EFM745_01588	gene	85				
EFM745_01588	misc_RNA	85				Bacteria_small_SRP
EFM745_01589	gene	255				
EFM745_01589	CDS	255				hypothetical protein
EFM745_01590	gene	1386				
EFM745_01590	CDS	1386				hypothetical protein
EFM745_01591	gene	678				
EFM745_01591	CDS	678				hypothetical protein
EFM745_01592	gene	765	yutF			
EFM745_01592	CDS	765	yutF	3.1.3.-	COG0647	Acid sugar phosphatase
EFM745_01593	gene	660				
EFM745_01593	CDS	660				hypothetical protein
EFM745_01594	gene	510	ypjQ			
EFM745_01594	CDS	510	ypjQ		COG1267	putative protein YpjQ
EFM745_01595	gene	999	yumC			
EFM745_01595	CDS	999	yumC	1.18.1.2	COG0492	Ferredoxin--NADP reductase 2
EFM745_01596	gene	585				
EFM745_01596	CDS	585		5.2.1.8		Putative peptidyl-prolyl cis-trans isomerase
EFM745_01597	gene	1176	patB			
EFM745_01597	CDS	1176	patB	4.4.1.13	COG1168	Cystathionine beta-lyase PatB
EFM745_01598	gene	381	yugI			
EFM745_01598	CDS	381	yugI		COG1098	General stress protein 13
EFM745_01599	gene	363				
EFM745_01599	CDS	363				hypothetical protein
EFM745_01600	gene	76				
EFM745_01600	tRNA	76				tRNA-Asn(gtt)
EFM745_01601	gene	837				
EFM745_01601	CDS	837				IS3 family transposase IS1485
EFM745_01602	gene	291				
EFM745_01602	CDS	291				IS3 family transposase IS1485
EFM745_01603	gene	375				
EFM745_01603	CDS	375				hypothetical protein
EFM745_01604	gene	630	menH_1			
EFM745_01604	CDS	630	menH_1	4.2.99.20		2-succinyl-6-hydroxy-2,4-cyclohexadiene-1-carboxylate synthase
EFM745_01605	gene	73				
EFM745_01605	tRNA	73				tRNA-Thr(ggt)
EFM745_01606	gene	76				
EFM745_01606	tRNA	76				tRNA-Asn(gtt)
EFM745_01607	gene	165				
EFM745_01607	CDS	165				hypothetical protein
EFM745_01608	gene	1329	pepC			
EFM745_01608	CDS	1329	pepC	3.4.22.40	COG3579	Aminopeptidase C
EFM745_01609	gene	834				
EFM745_01609	CDS	834		2.7.1.-		putative ketoamine kinase
EFM745_01610	gene	738				
EFM745_01610	CDS	738				hypothetical protein
EFM745_01611	gene	969	ansA			
EFM745_01611	CDS	969	ansA	3.5.1.1	COG0252	L-asparaginase
EFM745_01612	gene	834				
EFM745_01612	CDS	834				hypothetical protein
EFM745_01613	gene	840	yhaX			
EFM745_01613	CDS	840	yhaX		COG0561	Stress response protein YhaX
EFM745_01614	gene	561				
EFM745_01614	CDS	561				hypothetical protein
EFM745_01615	gene	1722	ezrA			
EFM745_01615	CDS	1722	ezrA		COG4477	Septation ring formation regulator EzrA
EFM745_01616	gene	1143	iscS_2			
EFM745_01616	CDS	1143	iscS_2	2.8.1.7	COG1104	Cysteine desulfurase IscS
EFM745_01617	gene	1212	thiI			
EFM745_01617	CDS	1212	thiI	2.8.1.4	COG0301	putative tRNA sulfurtransferase
EFM745_01618	gene	648	rex_1			
EFM745_01618	CDS	648	rex_1		COG2344	Redox-sensing transcriptional repressor Rex
EFM745_01619	gene	217				
EFM745_01619	misc_RNA	217				T-box
EFM745_01620	gene	2646	valS			
EFM745_01620	CDS	2646	valS	6.1.1.9	COG0525	Valine--tRNA ligase
EFM745_01621	gene	1314	fpgS			
EFM745_01621	CDS	1314	fpgS	6.3.2.17		Folylpolyglutamate synthase
EFM745_01622	gene	654				
EFM745_01622	CDS	654		3.1.3.-	COG0637	Phosphorylated carbohydrates phosphatase
EFM745_01623	gene	693				
EFM745_01623	CDS	693				hypothetical protein
EFM745_01624	gene	201	cspLA_1			
EFM745_01624	CDS	201	cspLA_1		COG1278	Cold shock-like protein CspLA
EFM745_01625	gene	1680	rnj1			
EFM745_01625	CDS	1680	rnj1	3.1.-.-		Ribonuclease J 1
EFM745_01626	gene	213				
EFM745_01626	CDS	213				hypothetical protein
EFM745_01627	gene	1731				
EFM745_01627	CDS	1731			COG1132	putative ABC transporter ATP-binding protein
EFM745_01628	gene	1761				
EFM745_01628	CDS	1761			COG1132	putative ABC transporter ATP-binding protein
EFM745_01629	gene	198				
EFM745_01629	CDS	198				hypothetical protein
EFM745_01630	gene	486	yrdA			
EFM745_01630	CDS	486	yrdA		COG0663	Protein YrdA
EFM745_01631	gene	594	clpP_2			
EFM745_01631	CDS	594	clpP_2	3.4.21.92	COG0740	ATP-dependent Clp protease proteolytic subunit
EFM745_01632	gene	528				
EFM745_01632	CDS	528				hypothetical protein
EFM745_01633	gene	738	glpQ			
EFM745_01633	CDS	738	glpQ	3.1.4.46	COG0584	Glycerophosphodiester phosphodiesterase
EFM745_01634	gene	918	miaA			
EFM745_01634	CDS	918	miaA	2.5.1.75	COG0324	tRNA dimethylallyltransferase
EFM745_01635	gene	1230	hflX			
EFM745_01635	CDS	1230	hflX		COG2262	GTPase HflX
EFM745_01636	gene	954				
EFM745_01636	CDS	954			COG2826	IS30 family transposase IS1252
EFM745_01637	gene	1614	cdr_2			
EFM745_01637	CDS	1614	cdr_2	1.8.1.14		Coenzyme A disulfide reductase
EFM745_01638	gene	900	rhaR_4			
EFM745_01638	CDS	900	rhaR_4			HTH-type transcriptional activator RhaR
EFM745_01639	gene	1125	araN_2			
EFM745_01639	CDS	1125	araN_2		COG1653	putative arabinose-binding protein
EFM745_01640	gene	918	lacF_3			
EFM745_01640	CDS	918	lacF_3			Lactose transport system permease protein LacF
EFM745_01641	gene	834	lacG_2			
EFM745_01641	CDS	834	lacG_2			Lactose transport system permease protein LacG
EFM745_01642	gene	1119	ugl_1			
EFM745_01642	CDS	1119	ugl_1	3.2.1.179		Unsaturated glucuronyl hydrolase
EFM745_01643	gene	1872				
EFM745_01643	CDS	1872				hypothetical protein
EFM745_01644	gene	1203	ugl_2			
EFM745_01644	CDS	1203	ugl_2	3.2.1.180		Unsaturated chondroitin disaccharide hydrolase
EFM745_01645	gene	1935	yheS			
EFM745_01645	CDS	1935	yheS		COG0488	putative ABC transporter ATP-binding protein YheS
EFM745_01646	gene	657	rex_2			
EFM745_01646	CDS	657	rex_2		COG2344	Redox-sensing transcriptional repressor Rex
EFM745_01647	gene	354				
EFM745_01647	CDS	354				hypothetical protein
EFM745_01648	gene	930				
EFM745_01648	CDS	930			COG0701	Putative two-component membrane permease complex subunit SMU_747c
EFM745_01649	gene	837				
EFM745_01649	CDS	837			COG3689	Putative two-component membrane permease complex subunit SMU_746c
EFM745_01650	gene	777				
EFM745_01650	CDS	777				hypothetical protein
EFM745_01651	gene	744	natA_2			
EFM745_01651	CDS	744	natA_2	7.2.2.4	COG4555	ABC transporter ATP-binding protein NatA
EFM745_01652	gene	1581				
EFM745_01652	CDS	1581				hypothetical protein
EFM745_01653	gene	480				
EFM745_01653	CDS	480				hypothetical protein
EFM745_01654	gene	753				
EFM745_01654	CDS	753				hypothetical protein
EFM745_01655	gene	71				
EFM745_01655	tRNA	71				tRNA-Gly(ccc)
EFM745_01656	gene	726	endA			
EFM745_01656	CDS	726	endA	3.1.30.-		DNA-entry nuclease
EFM745_01657	gene	267				
EFM745_01657	CDS	267				hypothetical protein
EFM745_01658	gene	432	yrrK			
EFM745_01658	CDS	432	yrrK	3.1.-.-	COG0816	Putative pre-16S rRNA nuclease
EFM745_01659	gene	306				
EFM745_01659	CDS	306				hypothetical protein
EFM745_01660	gene	1146	xerC_6			
EFM745_01660	CDS	1146	xerC_6			Tyrosine recombinase XerC
EFM745_01661	gene	648				
EFM745_01661	CDS	648				hypothetical protein
EFM745_01662	gene	294				
EFM745_01662	CDS	294				hypothetical protein
EFM745_01663	gene	312				
EFM745_01663	CDS	312				hypothetical protein
EFM745_01664	gene	240				
EFM745_01664	CDS	240				hypothetical protein
EFM745_01665	gene	405				
EFM745_01665	CDS	405				hypothetical protein
EFM745_01666	gene	159				
EFM745_01666	CDS	159				hypothetical protein
EFM745_01667	gene	363				
EFM745_01667	CDS	363				hypothetical protein
EFM745_01668	gene	849				
EFM745_01668	CDS	849				hypothetical protein
EFM745_01669	gene	1476				
EFM745_01669	CDS	1476				hypothetical protein
EFM745_01670	gene	408				
EFM745_01670	CDS	408				hypothetical protein
EFM745_01671	gene	216				
EFM745_01671	CDS	216				hypothetical protein
EFM745_01672	gene	474				
EFM745_01672	CDS	474				hypothetical protein
EFM745_01673	gene	1695				
EFM745_01673	CDS	1695				hypothetical protein
EFM745_01674	gene	186				
EFM745_01674	CDS	186				hypothetical protein
EFM745_01675	gene	1176				
EFM745_01675	CDS	1176				hypothetical protein
EFM745_01676	gene	1524				
EFM745_01676	CDS	1524				hypothetical protein
EFM745_01677	gene	285				
EFM745_01677	CDS	285				hypothetical protein
EFM745_01678	gene	336				
EFM745_01678	CDS	336				hypothetical protein
EFM745_01679	gene	627				
EFM745_01679	CDS	627				hypothetical protein
EFM745_01680	gene	837				
EFM745_01680	CDS	837				hypothetical protein
EFM745_01681	gene	423				
EFM745_01681	CDS	423				hypothetical protein
EFM745_01682	gene	1323	citS			
EFM745_01682	CDS	1323	citS		COG3493	Citrate-sodium symporter
EFM745_01683	gene	1641	mleS			
EFM745_01683	CDS	1641	mleS	4.1.1.101	COG0281	Malolactic enzyme
EFM745_01684	gene	471				
EFM745_01684	CDS	471				hypothetical protein
EFM745_01685	gene	1104	hmo			
EFM745_01685	CDS	1104	hmo	1.1.3.46		4-hydroxymandelate oxidase
EFM745_01686	gene	681				
EFM745_01686	CDS	681				hypothetical protein
EFM745_01687	gene	1035				
EFM745_01687	CDS	1035				hypothetical protein
EFM745_01688	gene	336				
EFM745_01688	CDS	336				hypothetical protein
EFM745_01689	gene	2481				
EFM745_01689	CDS	2481				hypothetical protein
EFM745_01690	gene	1509				
EFM745_01690	CDS	1509				hypothetical protein
EFM745_01691	gene	1365	nox_1			
EFM745_01691	CDS	1365	nox_1	1.6.99.3	COG0446	NADH oxidase
EFM745_01692	gene	1071				
EFM745_01692	CDS	1071			COG0577	putative ABC transporter permease
EFM745_01693	gene	669	hrtA_1			
EFM745_01693	CDS	669	hrtA_1	3.6.3.-	COG1136	Putative hemin import ATP-binding protein HrtA
EFM745_01694	gene	579				
EFM745_01694	CDS	579				hypothetical protein
EFM745_01695	gene	912				
EFM745_01695	CDS	912				hypothetical protein
EFM745_01696	gene	918	rnhC			
EFM745_01696	CDS	918	rnhC	3.1.26.4	COG1039	Ribonuclease HIII
EFM745_01697	gene	438	zapA			
EFM745_01697	CDS	438	zapA			Cell division protein ZapA
EFM745_01698	gene	549				
EFM745_01698	CDS	549				hypothetical protein
EFM745_01699	gene	2361	mutS2_2			
EFM745_01699	CDS	2361	mutS2_2	3.1.-.-		Endonuclease MutS2
EFM745_01700	gene	315	trxA			
EFM745_01700	CDS	315	trxA		COG0526	Thioredoxin
EFM745_01701	gene	1779	uvrC_2			
EFM745_01701	CDS	1779	uvrC_2		COG0322	UvrABC system protein C
EFM745_01702	gene	900	btuD_4			
EFM745_01702	CDS	900	btuD_4	7.6.2.8		Vitamin B12 import ATP-binding protein BtuD
EFM745_01703	gene	1263	yhaP			
EFM745_01703	CDS	1263	yhaP		COG1668	putative protein YhaP
EFM745_01704	gene	1899	fbp			
EFM745_01704	CDS	1899	fbp	3.1.3.11	COG3855	Fructose-1,6-bisphosphatase class 3
EFM745_01705	gene	720	puuD			
EFM745_01705	CDS	720	puuD	3.5.1.94	COG2071	Gamma-glutamyl-gamma-aminobutyrate hydrolase PuuD
EFM745_01706	gene	48				
EFM745_01706	misc_RNA	48				DUF1646
EFM745_01707	gene	324				
EFM745_01707	CDS	324				hypothetical protein
EFM745_01708	gene	2004				
EFM745_01708	CDS	2004				hypothetical protein
EFM745_01709	gene	471	ntpK			
EFM745_01709	CDS	471	ntpK			V-type sodium ATPase subunit K
EFM745_01710	gene	585	atpE_1			
EFM745_01710	CDS	585	atpE_1			V-type proton ATPase subunit E
EFM745_01711	gene	987	ntpC			
EFM745_01711	CDS	987	ntpC			V-type sodium ATPase subunit C
EFM745_01712	gene	312	ntpG			
EFM745_01712	CDS	312	ntpG			V-type sodium ATPase subunit G
EFM745_01713	gene	1782	ntpA			
EFM745_01713	CDS	1782	ntpA	7.2.2.1		V-type sodium ATPase catalytic subunit A
EFM745_01714	gene	1377	ntpB			
EFM745_01714	CDS	1377	ntpB			V-type sodium ATPase subunit B
EFM745_01715	gene	636	ntpD			
EFM745_01715	CDS	636	ntpD			V-type sodium ATPase subunit D
EFM745_01716	gene	1356	ntpJ_2			
EFM745_01716	CDS	1356	ntpJ_2			Potassium/sodium uptake protein NtpJ
EFM745_01717	gene	1395	hisC			
EFM745_01717	CDS	1395	hisC	2.6.1.9		Histidinol-phosphate aminotransferase
EFM745_01718	gene	972	lhpI			
EFM745_01718	CDS	972	lhpI	1.5.1.49	COG2423	Delta(1)-pyrroline-2-carboxylate reductase
EFM745_01719	gene	783	yddE			
EFM745_01719	CDS	783	yddE	5.1.-.-	COG0384	putative isomerase YddE
EFM745_01720	gene	372	gloA			
EFM745_01720	CDS	372	gloA	4.4.1.5	COG0346	Lactoylglutathione lyase
EFM745_01721	gene	444				
EFM745_01721	CDS	444				hypothetical protein
EFM745_01722	gene	810	yidA_2			
EFM745_01722	CDS	810	yidA_2	3.1.3.23	COG0561	Sugar phosphatase YidA
EFM745_01723	gene	1368				
EFM745_01723	CDS	1368				hypothetical protein
EFM745_01724	gene	831	lipL			
EFM745_01724	CDS	831	lipL	2.3.1.204	COG0095	Octanoyl-[GcvH]:protein N-octanoyltransferase
EFM745_01725	gene	438				
EFM745_01725	CDS	438				hypothetical protein
EFM745_01726	gene	621	rpoE			
EFM745_01726	CDS	621	rpoE			putative DNA-directed RNA polymerase subunit delta
EFM745_01727	gene	507	sigV			
EFM745_01727	CDS	507	sigV		COG1595	RNA polymerase sigma factor SigV
EFM745_01728	gene	900	rsiV			
EFM745_01728	CDS	900	rsiV			Anti-sigma-V factor RsiV
EFM745_01729	gene	885				
EFM745_01729	CDS	885				hypothetical protein
EFM745_01730	gene	74				
EFM745_01730	tRNA	74				tRNA-Arg(ccg)
EFM745_01731	gene	1335	rpoN1			
EFM745_01731	CDS	1335	rpoN1		COG1508	RNA polymerase sigma-54 factor 1
EFM745_01732	gene	1038	cggR			
EFM745_01732	CDS	1038	cggR		COG2390	Central glycolytic genes regulator
EFM745_01733	gene	1002	gap_1			
EFM745_01733	CDS	1002	gap_1	1.2.1.12		Glyceraldehyde-3-phosphate dehydrogenase
EFM745_01734	gene	1191	pgk			
EFM745_01734	CDS	1191	pgk	2.7.2.3		Phosphoglycerate kinase
EFM745_01735	gene	756	tpiA			
EFM745_01735	CDS	756	tpiA	5.3.1.1	COG0149	Triosephosphate isomerase
EFM745_01736	gene	1299	eno			
EFM745_01736	CDS	1299	eno	4.2.1.11		Enolase
EFM745_01737	gene	537				
EFM745_01737	CDS	537				hypothetical protein
EFM745_01738	gene	807				
EFM745_01738	CDS	807				IS3 family transposase ISEnfa3
EFM745_01739	gene	1014				
EFM745_01739	CDS	1014				ISL3 family transposase ISEfa11
EFM745_01740	gene	1140	dapE			
EFM745_01740	CDS	1140	dapE	3.5.1.18		putative succinyl-diaminopimelate desuccinylase
EFM745_01741	gene	576				
EFM745_01741	CDS	576				hypothetical protein
EFM745_01742	gene	975	rihB			
EFM745_01742	CDS	975	rihB	3.2.2.8	COG1957	Pyrimidine-specific ribonucleoside hydrolase RihB
EFM745_01743	gene	45				
EFM745_01743	misc_RNA	45				PreQ1
EFM745_01744	gene	969	menH_2			
EFM745_01744	CDS	969	menH_2	4.2.99.20		2-succinyl-6-hydroxy-2,4-cyclohexadiene-1-carboxylate synthase
EFM745_01745	gene	279	yjdJ			
EFM745_01745	CDS	279	yjdJ		COG2388	putative protein YjdJ
EFM745_01746	gene	237	secG			
EFM745_01746	CDS	237	secG		COG1314	putative protein-export membrane protein SecG
EFM745_01747	gene	756	est			
EFM745_01747	CDS	756	est	3.1.1.1		Carboxylesterase
EFM745_01748	gene	2358	rnr			
EFM745_01748	CDS	2358	rnr	3.1.13.1	COG0557	Ribonuclease R
EFM745_01749	gene	465	smpB			
EFM745_01749	CDS	465	smpB		COG0691	SsrA-binding protein
EFM745_01750	gene	720	atpB			
EFM745_01750	CDS	720	atpB			ATP synthase subunit a
EFM745_01751	gene	216	atpE_2			
EFM745_01751	CDS	216	atpE_2			ATP synthase subunit c
EFM745_01752	gene	525	atpF			
EFM745_01752	CDS	525	atpF		COG0711	ATP synthase subunit b
EFM745_01753	gene	543	atpH			
EFM745_01753	CDS	543	atpH		COG0712	ATP synthase subunit delta
EFM745_01754	gene	1557	atpA			
EFM745_01754	CDS	1557	atpA	7.1.2.2	COG0056	ATP synthase subunit alpha
EFM745_01755	gene	903	atpG			
EFM745_01755	CDS	903	atpG		COG0224	ATP synthase gamma chain
EFM745_01756	gene	1407	atpD			
EFM745_01756	CDS	1407	atpD	7.1.2.2	COG0055	ATP synthase subunit beta
EFM745_01757	gene	423	atpC			
EFM745_01757	CDS	423	atpC		COG0355	ATP synthase epsilon chain
EFM745_01758	gene	231				
EFM745_01758	CDS	231				hypothetical protein
EFM745_01759	gene	1302	murA1_2			
EFM745_01759	CDS	1302	murA1_2	2.5.1.7	COG0766	UDP-N-acetylglucosamine 1-carboxyvinyltransferase 1
EFM745_01760	gene	177				
EFM745_01760	CDS	177				hypothetical protein
EFM745_01761	gene	297				
EFM745_01761	CDS	297			COG0759	Putative membrane protein insertion efficiency factor
EFM745_01762	gene	468	yvbK			
EFM745_01762	CDS	468	yvbK	2.3.1.-		putative N-acetyltransferase YvbK
EFM745_01763	gene	885	bglK			
EFM745_01763	CDS	885	bglK	2.7.1.85	COG1940	Beta-glucoside kinase
EFM745_01764	gene	237				
EFM745_01764	CDS	237				hypothetical protein
EFM745_01765	gene	81				
EFM745_01765	tRNA	81				tRNA-Tyr(gta)
EFM745_01766	gene	74				
EFM745_01766	tRNA	74				tRNA-Gln(ttg)
EFM745_01767	gene	171				
EFM745_01767	CDS	171				hypothetical protein
EFM745_01768	gene	708	nagR_1			
EFM745_01768	CDS	708	nagR_1		COG2188	HTH-type transcriptional repressor NagR
EFM745_01769	gene	645	yigZ			
EFM745_01769	CDS	645	yigZ		COG1739	IMPACT family member YigZ
EFM745_01770	gene	288				
EFM745_01770	CDS	288				hypothetical protein
EFM745_01771	gene	321	ptcB_2			
EFM745_01771	CDS	321	ptcB_2	2.7.1.204	COG1440	PTS system galactose-specific EIIB component
EFM745_01772	gene	1314	comFA			
EFM745_01772	CDS	1314	comFA	3.6.4.12	COG4098	ComF operon protein 1
EFM745_01773	gene	720				
EFM745_01773	CDS	720				hypothetical protein
EFM745_01774	gene	552	hpf			
EFM745_01774	CDS	552	hpf			Ribosome hibernation promotion factor
EFM745_01775	gene	2535	secA			
EFM745_01775	CDS	2535	secA		COG0653	Protein translocase subunit SecA
EFM745_01776	gene	984	prfB			
EFM745_01776	CDS	984	prfB			Peptide chain release factor 2
EFM745_01777	gene	687	ftsE			
EFM745_01777	CDS	687	ftsE		COG2884	Cell division ATP-binding protein FtsE
EFM745_01778	gene	894	ftsX			
EFM745_01778	CDS	894	ftsX		COG2177	Cell division protein FtsX
EFM745_01779	gene	1449	clsA_1			
EFM745_01779	CDS	1449	clsA_1	2.7.8.-	COG1502	Major cardiolipin synthase ClsA
EFM745_01780	gene	858	pstS1_1			
EFM745_01780	CDS	858	pstS1_1		COG0226	Phosphate-binding protein PstS 1
EFM745_01781	gene	921				
EFM745_01781	CDS	921				hypothetical protein
EFM745_01782	gene	885				
EFM745_01782	CDS	885				hypothetical protein
EFM745_01783	gene	807	pstB3_1			
EFM745_01783	CDS	807	pstB3_1	7.3.2.1	COG1117	Phosphate import ATP-binding protein PstB 3
EFM745_01784	gene	759	pstB3_2			
EFM745_01784	CDS	759	pstB3_2	7.3.2.1	COG1117	Phosphate import ATP-binding protein PstB 3
EFM745_01785	gene	678	phoU			
EFM745_01785	CDS	678	phoU		COG0704	Phosphate-specific transport system accessory protein PhoU 
EFM745_01786	gene	1032				
EFM745_01786	CDS	1032				hypothetical protein
EFM745_01787	gene	768				
EFM745_01787	CDS	768				hypothetical protein
EFM745_01788	gene	1569				
EFM745_01788	CDS	1569				hypothetical protein
EFM745_01789	gene	321				
EFM745_01789	CDS	321				hypothetical protein
EFM745_01790	gene	351				
EFM745_01790	CDS	351				hypothetical protein
EFM745_01791	gene	1296				
EFM745_01791	CDS	1296				ISL3 family transposase ISEfa5
EFM745_01792	gene	939	hprK			
EFM745_01792	CDS	939	hprK	2.7.11.-	COG1493	HPr kinase/phosphorylase
EFM745_01793	gene	831	lgt			
EFM745_01793	CDS	831	lgt	2.5.1.145	COG0682	Phosphatidylglycerol--prolipoprotein diacylglyceryl transferase
EFM745_01794	gene	1026	gpsA_2			
EFM745_01794	CDS	1026	gpsA_2	1.1.1.94	COG0240	Glycerol-3-phosphate dehydrogenase [NAD(P)+]
EFM745_01795	gene	939	gtaB_2			
EFM745_01795	CDS	939	gtaB_2	2.7.7.9	COG1210	UTP--glucose-1-phosphate uridylyltransferase
EFM745_01796	gene	441				
EFM745_01796	CDS	441				hypothetical protein
EFM745_01797	gene	603				
EFM745_01797	CDS	603				hypothetical protein
EFM745_01798	gene	1107	pepQ			
EFM745_01798	CDS	1107	pepQ	3.4.13.9	COG0006	Xaa-Pro dipeptidase
EFM745_01799	gene	1002	ccpA_2			
EFM745_01799	CDS	1002	ccpA_2		COG1609	Catabolite control protein A
EFM745_01800	gene	2346	ponA_1			
EFM745_01800	CDS	2346	ponA_1		COG0744	Penicillin-binding protein 1A/1B
EFM745_01801	gene	903	nfo			
EFM745_01801	CDS	903	nfo	3.1.21.2	COG0648	putative endonuclease 4
EFM745_01802	gene	1188				
EFM745_01802	CDS	1188				IS110 family transposase ISBth13
EFM745_01803	gene	1776				
EFM745_01803	CDS	1776				hypothetical protein
EFM745_01804	gene	1587	mntH			
EFM745_01804	CDS	1587	mntH			Divalent metal cation transporter MntH
EFM745_01805	gene	225				
EFM745_01805	CDS	225				hypothetical protein
EFM745_01806	gene	1752	yheI			
EFM745_01806	CDS	1752	yheI	3.6.3.-	COG1132	putative multidrug resistance ABC transporter ATP-binding/permease protein YheI
EFM745_01807	gene	1785	yheH			
EFM745_01807	CDS	1785	yheH	3.6.3.-	COG1132	putative multidrug resistance ABC transporter ATP-binding/permease protein YheH
EFM745_01808	gene	852	licT_3			
EFM745_01808	CDS	852	licT_3		COG3711	Transcription antiterminator LicT
EFM745_01809	gene	1887	bglF_3			
EFM745_01809	CDS	1887	bglF_3		COG1263	PTS system beta-glucoside-specific EIIBCA component
EFM745_01810	gene	903	murR_1			
EFM745_01810	CDS	903	murR_1			HTH-type transcriptional regulator MurR
EFM745_01811	gene	1404	licH			
EFM745_01811	CDS	1404	licH	3.2.1.86	COG1486	putative 6-phospho-beta-glucosidase
EFM745_01812	gene	1434	bglH_2			
EFM745_01812	CDS	1434	bglH_2	3.2.1.86	COG2723	Aryl-phospho-beta-D-glucosidase BglH
EFM745_01813	gene	927	trxB			
EFM745_01813	CDS	927	trxB	1.8.1.9	COG0492	Thioredoxin reductase
EFM745_01814	gene	1728	pgcA			
EFM745_01814	CDS	1728	pgcA	5.4.2.2		Phosphoglucomutase
EFM745_01815	gene	294	czrA			
EFM745_01815	CDS	294	czrA		COG0640	HTH-type transcriptional repressor CzrA
EFM745_01816	gene	861	yqfL			
EFM745_01816	CDS	861	yqfL	2.7.11.32	COG1806	Putative pyruvate, phosphate dikinase regulatory protein
EFM745_01817	gene	429	zur			
EFM745_01817	CDS	429	zur		COG0735	Zinc-specific metallo-regulatory protein
EFM745_01818	gene	177	rpsU			
EFM745_01818	CDS	177	rpsU		COG0828	30S ribosomal protein S21
EFM745_01819	gene	447	yqeY			
EFM745_01819	CDS	447	yqeY		COG1610	putative protein YqeY
EFM745_01820	gene	1380	brnQ_2			
EFM745_01820	CDS	1380	brnQ_2		COG1114	Branched-chain amino acid transport system 2 carrier protein
EFM745_01821	gene	972				
EFM745_01821	CDS	972			COG1702	PhoH-like protein
EFM745_01822	gene	2193	pgpH			
EFM745_01822	CDS	2193	pgpH	3.1.4.59		Cyclic-di-AMP phosphodiesterase PgpH
EFM745_01823	gene	462	ybeY			
EFM745_01823	CDS	462	ybeY	3.1.-.-	COG0319	Endoribonuclease YbeY
EFM745_01824	gene	396	dgkA			
EFM745_01824	CDS	396	dgkA	2.7.1.66	COG0818	Undecaprenol kinase
EFM745_01825	gene	900	era			
EFM745_01825	CDS	900	era		COG1159	GTPase Era
EFM745_01826	gene	813	recO			
EFM745_01826	CDS	813	recO		COG1381	DNA repair protein RecO
EFM745_01827	gene	918	glyQ			
EFM745_01827	CDS	918	glyQ	6.1.1.14	COG0752	Glycine--tRNA ligase alpha subunit
EFM745_01828	gene	2076	glyS			
EFM745_01828	CDS	2076	glyS	6.1.1.14	COG0751	Glycine--tRNA ligase beta subunit
EFM745_01829	gene	780				
EFM745_01829	CDS	780				hypothetical protein
EFM745_01830	gene	945	tagU_2			
EFM745_01830	CDS	945	tagU_2	2.7.8.-	COG1316	Polyisoprenyl-teichoic acid--peptidoglycan teichoic acid transferase TagU
EFM745_01831	gene	780	ywqC			
EFM745_01831	CDS	780	ywqC		COG3944	putative capsular polysaccharide biosynthesis protein YwqC
EFM745_01832	gene	699	ywqD			
EFM745_01832	CDS	699	ywqD	2.7.10.2	COG0489	Tyrosine-protein kinase YwqD
EFM745_01833	gene	765	ywqE			
EFM745_01833	CDS	765	ywqE	3.1.3.48	COG4464	Tyrosine-protein phosphatase YwqE
EFM745_01834	gene	1818	pglF			
EFM745_01834	CDS	1818	pglF	4.2.1.135	COG1086	UDP-N-acetyl-alpha-D-glucosamine C6 dehydratase
EFM745_01835	gene	966				
EFM745_01835	CDS	966				hypothetical protein
EFM745_01836	gene	696	gph_1			
EFM745_01836	CDS	696	gph_1	3.1.3.18		Phosphoglycolate phosphatase
EFM745_01837	gene	1119	epsN			
EFM745_01837	CDS	1119	epsN	2.6.1.-	COG0399	Putative pyridoxal phosphate-dependent aminotransferase EpsN
EFM745_01838	gene	621	epsL			
EFM745_01838	CDS	621	epsL	2.-.-.-	COG2148	putative sugar transferase EpsL
EFM745_01839	gene	1101	pglA			
EFM745_01839	CDS	1101	pglA	2.4.1.290		N,N'-diacetylbacillosaminyl-diphospho-undecaprenol alpha-1,3-N-acetylgalactosaminyltransferase
EFM745_01840	gene	273	mshA			
EFM745_01840	CDS	273	mshA	2.4.1.250		D-inositol-3-phosphate glycosyltransferase
EFM745_01841	gene	1002				
EFM745_01841	CDS	1002				hypothetical protein
EFM745_01842	gene	1047				
EFM745_01842	CDS	1047				hypothetical protein
EFM745_01843	gene	1080	pglH_2			
EFM745_01843	CDS	1080	pglH_2	2.4.1.292	COG0438	GalNAc-alpha-(1->4)-GalNAc-alpha-(1->3)-diNAcBac-PP-undecaprenol alpha-1,4-N-acetyl-D-galactosaminyltransferase
EFM745_01844	gene	1425				
EFM745_01844	CDS	1425				hypothetical protein
EFM745_01845	gene	1494				
EFM745_01845	CDS	1494				hypothetical protein
EFM745_01846	gene	1173				
EFM745_01846	CDS	1173				IS256 family transposase IS256
EFM745_01847	gene	1092	wbgU_2			
EFM745_01847	CDS	1092	wbgU_2	5.1.3.7		UDP-N-acetylglucosamine 4-epimerase
EFM745_01848	gene	1479	ugd			
EFM745_01848	CDS	1479	ugd	1.1.1.22	COG1004	UDP-glucose 6-dehydrogenase
EFM745_01849	gene	750	glvR			
EFM745_01849	CDS	750	glvR		COG1737	HTH-type transcriptional regulator GlvR
EFM745_01850	gene	951	pfkB			
EFM745_01850	CDS	951	pfkB	2.7.1.11	COG1105	ATP-dependent 6-phosphofructokinase isozyme 2
EFM745_01851	gene	1464	fruA_4			
EFM745_01851	CDS	1464	fruA_4		COG1299	PTS system fructose-specific EIIABC component
EFM745_01852	gene	459	mngA			
EFM745_01852	CDS	459	mngA		COG1299	PTS system 2-O-alpha-mannosyl-D-glycerate-specific EIIABC component
EFM745_01853	gene	975	lacD2			
EFM745_01853	CDS	975	lacD2	4.1.2.40	COG3684	Tagatose 1,6-diphosphate aldolase 2
EFM745_01854	gene	951	yidC			
EFM745_01854	CDS	951	yidC			Membrane protein insertase YidC
EFM745_01855	gene	276	acyP			
EFM745_01855	CDS	276	acyP	3.6.1.7	COG1254	Acylphosphatase
EFM745_01856	gene	765				
EFM745_01856	CDS	765		2.1.1.-		Putative TrmH family tRNA/rRNA methyltransferase
EFM745_01857	gene	504				
EFM745_01857	CDS	504				hypothetical protein
EFM745_01858	gene	642				
EFM745_01858	CDS	642				hypothetical protein
EFM745_01859	gene	67				
EFM745_01859	misc_RNA	67				Fluoride
EFM745_01860	gene	1269	eriC			
EFM745_01860	CDS	1269	eriC		COG0038	Chloride/fluoride channel protein
EFM745_01861	gene	1200				
EFM745_01861	CDS	1200				hypothetical protein
EFM745_01862	gene	1308	dacA			
EFM745_01862	CDS	1308	dacA	3.4.16.4	COG1686	D-alanyl-D-alanine carboxypeptidase DacA
EFM745_01863	gene	123				
EFM745_01863	CDS	123				hypothetical protein
EFM745_01864	gene	1119				
EFM745_01864	CDS	1119				hypothetical protein
EFM745_01865	gene	321				
EFM745_01865	CDS	321				hypothetical protein
EFM745_01866	gene	165				
EFM745_01866	CDS	165				hypothetical protein
EFM745_01867	gene	388				
EFM745_01867	misc_RNA	388				cspA
EFM745_01868	gene	201	cspLA_2			
EFM745_01868	CDS	201	cspLA_2		COG1278	Cold shock-like protein CspLA
EFM745_01869	gene	2790	dinG_1			
EFM745_01869	CDS	2790	dinG_1	3.1.-.-		3'-5' exonuclease DinG
EFM745_01870	gene	504				
EFM745_01870	CDS	504				hypothetical protein
EFM745_01871	gene	1191	aspB			
EFM745_01871	CDS	1191	aspB	2.6.1.14	COG0436	Asparagine--oxo-acid transaminase
EFM745_01872	gene	1299	asnS			
EFM745_01872	CDS	1299	asnS	6.1.1.22		Asparagine--tRNA ligase
EFM745_01873	gene	675	axe2			
EFM745_01873	CDS	675	axe2	3.1.1.72		Acetylxylan esterase
EFM745_01874	gene	342				
EFM745_01874	CDS	342				hypothetical protein
EFM745_01875	gene	360	yccF			
EFM745_01875	CDS	360	yccF		COG3304	Inner membrane protein YccF
EFM745_01876	gene	2085	cadA			
EFM745_01876	CDS	2085	cadA	3.6.3.3	COG2217	Cadmium, zinc and cobalt-transporting ATPase
EFM745_01877	gene	1467	ycaM			
EFM745_01877	CDS	1467	ycaM		COG0531	Inner membrane transporter YcaM
EFM745_01878	gene	1296				
EFM745_01878	CDS	1296				ISL3 family transposase ISEfa5
EFM745_01879	gene	540				
EFM745_01879	CDS	540				hypothetical protein
EFM745_01880	gene	441	copY			
EFM745_01880	CDS	441	copY			Transcriptional repressor CopY
EFM745_01881	gene	210	copZ			
EFM745_01881	CDS	210	copZ			Copper chaperone CopZ
EFM745_01882	gene	2187	copA			
EFM745_01882	CDS	2187	copA	7.2.2.8		putative copper-importing P-type ATPase A
EFM745_01883	gene	2172	copB			
EFM745_01883	CDS	2172	copB	7.2.2.8		Copper-exporting P-type ATPase B
EFM745_01884	gene	741				
EFM745_01884	CDS	741				hypothetical protein
EFM745_01885	gene	1299				
EFM745_01885	CDS	1299				hypothetical protein
EFM745_01886	gene	753				
EFM745_01886	CDS	753				hypothetical protein
EFM745_01887	gene	324				
EFM745_01887	CDS	324				hypothetical protein
EFM745_01888	gene	849				
EFM745_01888	CDS	849				hypothetical protein
EFM745_01889	gene	813				
EFM745_01889	CDS	813				hypothetical protein
EFM745_01890	gene	324				
EFM745_01890	CDS	324				hypothetical protein
EFM745_01891	gene	570				
EFM745_01891	CDS	570				hypothetical protein
EFM745_01892	gene	693				
EFM745_01892	CDS	693				hypothetical protein
EFM745_01893	gene	570				
EFM745_01893	CDS	570				IS3 family transposase ISEnfa3
EFM745_01894	gene	537				
EFM745_01894	CDS	537				hypothetical protein
EFM745_01895	gene	1179				
EFM745_01895	CDS	1179				IS256 family transposase ISEf1
EFM745_01896	gene	537				
EFM745_01896	CDS	537				hypothetical protein
EFM745_01897	gene	807				
EFM745_01897	CDS	807				IS3 family transposase ISEnfa3
EFM745_01898	gene	417				
EFM745_01898	CDS	417				hypothetical protein
EFM745_01899	gene	258				
EFM745_01899	CDS	258				hypothetical protein
EFM745_01900	gene	1251				
EFM745_01900	CDS	1251				IS110 family transposase ISSpn10
EFM745_01901	gene	975	cbh_1			
EFM745_01901	CDS	975	cbh_1	3.5.1.24		Choloylglycine hydrolase
EFM745_01902	gene	1296				
EFM745_01902	CDS	1296				ISL3 family transposase ISEfa5
EFM745_01903	gene	1188				
EFM745_01903	CDS	1188				IS256 family transposase IS16
EFM745_01904	gene	318				
EFM745_01904	CDS	318				hypothetical protein
EFM745_01905	gene	366				
EFM745_01905	CDS	366				hypothetical protein
EFM745_01906	gene	483				
EFM745_01906	CDS	483				hypothetical protein
EFM745_01907	gene	891	pstS1_2			
EFM745_01907	CDS	891	pstS1_2		COG0226	Phosphate-binding protein PstS 1
EFM745_01908	gene	1296				
EFM745_01908	CDS	1296				ISL3 family transposase IS1251
EFM745_01909	gene	1269				
EFM745_01909	CDS	1269				ISL3 family transposase IS1476
EFM745_01910	gene	2472	ctpE_1			
EFM745_01910	CDS	2472	ctpE_1	7.2.2.10	COG0474	Calcium-transporting ATPase CtpE
EFM745_01911	gene	1737	phoR_2			
EFM745_01911	CDS	1737	phoR_2	2.7.13.3	COG0642	Alkaline phosphatase synthesis sensor protein PhoR
EFM745_01912	gene	705	phoP			
EFM745_01912	CDS	705	phoP		COG0745	Alkaline phosphatase synthesis transcriptional regulatory protein PhoP
EFM745_01913	gene	417				
EFM745_01913	CDS	417				hypothetical protein
EFM745_01914	gene	339				
EFM745_01914	CDS	339				hypothetical protein
EFM745_01915	gene	1419	ffh			
EFM745_01915	CDS	1419	ffh		COG0541	Signal recognition particle protein
EFM745_01916	gene	579	tag			
EFM745_01916	CDS	579	tag	3.2.2.20	COG2818	DNA-3-methyladenine glycosylase 1
EFM745_01917	gene	522				
EFM745_01917	CDS	522				IS1595 family transposase ISCac2
EFM745_01918	gene	555	chrR			
EFM745_01918	CDS	555	chrR	1.6.5.2	COG0431	Quinone reductase
EFM745_01919	gene	276	rpsP			
EFM745_01919	CDS	276	rpsP		COG0228	30S ribosomal protein S16
EFM745_01920	gene	252				
EFM745_01920	CDS	252				hypothetical protein
EFM745_01921	gene	792				
EFM745_01921	CDS	792				hypothetical protein
EFM745_01922	gene	522	rimM			
EFM745_01922	CDS	522	rimM			Ribosome maturation factor RimM
EFM745_01923	gene	762	trmD			
EFM745_01923	CDS	762	trmD	2.1.1.228		tRNA (guanine-N(1)-)-methyltransferase
EFM745_01924	gene	39				
EFM745_01924	misc_RNA	39				L19_leader
EFM745_01925	gene	348	rplS			
EFM745_01925	CDS	348	rplS		COG0335	50S ribosomal protein L19
EFM745_01926	gene	663				
EFM745_01926	CDS	663				hypothetical protein
EFM745_01927	gene	3228				
EFM745_01927	CDS	3228				hypothetical protein
EFM745_01928	gene	315				
EFM745_01928	CDS	315				hypothetical protein
EFM745_01929	gene	375				
EFM745_01929	CDS	375				hypothetical protein
EFM745_01930	gene	345				
EFM745_01930	CDS	345				hypothetical protein
EFM745_01931	gene	1146				
EFM745_01931	CDS	1146				hypothetical protein
EFM745_01932	gene	203				
EFM745_01932	misc_RNA	203				group-II-D1D4-5
EFM745_01933	gene	1860				
EFM745_01933	CDS	1860				hypothetical protein
EFM745_01934	gene	85				
EFM745_01934	misc_RNA	85				Intron_gpII
EFM745_01935	gene	252				
EFM745_01935	CDS	252				hypothetical protein
EFM745_01936	gene	1143				
EFM745_01936	CDS	1143				IS1595 family transposase ISCco3
EFM745_01937	gene	255				
EFM745_01937	CDS	255				hypothetical protein
EFM745_01938	gene	1185				
EFM745_01938	CDS	1185				hypothetical protein
EFM745_01939	gene	138				
EFM745_01939	CDS	138				hypothetical protein
EFM745_01940	gene	209				
EFM745_01940	misc_RNA	209				group-II-D1D4-5
EFM745_01941	gene	1911				
EFM745_01941	CDS	1911				hypothetical protein
EFM745_01942	gene	91				
EFM745_01942	misc_RNA	91				Intron_gpII
EFM745_01943	gene	501				
EFM745_01943	CDS	501				hypothetical protein
EFM745_01944	gene	1848				
EFM745_01944	CDS	1848				hypothetical protein
EFM745_01945	gene	897				
EFM745_01945	CDS	897				hypothetical protein
EFM745_01946	gene	390				
EFM745_01946	CDS	390				hypothetical protein
EFM745_01947	gene	2346				
EFM745_01947	CDS	2346				hypothetical protein
EFM745_01948	gene	1188				
EFM745_01948	CDS	1188				IS256 family transposase IS16
EFM745_01949	gene	2130				
EFM745_01949	CDS	2130				hypothetical protein
EFM745_01950	gene	1008				
EFM745_01950	CDS	1008				hypothetical protein
EFM745_01951	gene	912				
EFM745_01951	CDS	912				hypothetical protein
EFM745_01952	gene	729				
EFM745_01952	CDS	729				IS21 family transposase ISCth15
EFM745_01953	gene	1419				
EFM745_01953	CDS	1419				hypothetical protein
EFM745_01954	gene	1122				
EFM745_01954	CDS	1122			COG3385	IS4 family transposase IS4Bsu1
EFM745_01955	gene	954				
EFM745_01955	CDS	954			COG2826	IS30 family transposase IS1252
EFM745_01956	gene	480				
EFM745_01956	CDS	480				hypothetical protein
EFM745_01957	gene	291				
EFM745_01957	CDS	291				IS3 family transposase ISEfa8
EFM745_01958	gene	837				
EFM745_01958	CDS	837				IS3 family transposase ISEfa8
EFM745_01959	gene	981	degA_3			
EFM745_01959	CDS	981	degA_3		COG1609	HTH-type transcriptional regulator DegA
EFM745_01960	gene	1419	bfrA			
EFM745_01960	CDS	1419	bfrA	3.2.1.26	COG1621	Beta-fructosidase
EFM745_01961	gene	1470	treP_1			
EFM745_01961	CDS	1470	treP_1		COG1263	PTS system trehalose-specific EIIBC component
EFM745_01962	gene	468				
EFM745_01962	CDS	468				hypothetical protein
EFM745_01963	gene	873	gmuE_4			
EFM745_01963	CDS	873	gmuE_4	2.7.1.4	COG1940	Putative fructokinase
EFM745_01964	gene	2535	dgaR_5			
EFM745_01964	CDS	2535	dgaR_5			Transcriptional regulatory protein DagR
EFM745_01965	gene	774	sorC			
EFM745_01965	CDS	774	sorC		COG3715	PTS system sorbose-specific EIIC component
EFM745_01966	gene	792	manZ_5			
EFM745_01966	CDS	792	manZ_5		COG3716	PTS system mannose-specific EIID component
EFM745_01967	gene	492	manX_4			
EFM745_01967	CDS	492	manX_4	2.7.1.191	COG2893	PTS system mannose-specific EIIAB component
EFM745_01968	gene	411				
EFM745_01968	CDS	411				hypothetical protein
EFM745_01969	gene	1401				
EFM745_01969	CDS	1401				hypothetical protein
EFM745_01970	gene	375				
EFM745_01970	CDS	375				hypothetical protein
EFM745_01971	gene	195				
EFM745_01971	CDS	195				hypothetical protein
EFM745_01972	gene	354				
EFM745_01972	CDS	354				hypothetical protein
EFM745_01973	gene	1548				
EFM745_01973	CDS	1548				IS66 family transposase ISRob1
EFM745_01974	gene	429				
EFM745_01974	CDS	429				hypothetical protein
EFM745_01975	gene	252				
EFM745_01975	CDS	252				hypothetical protein
EFM745_01976	gene	62				
EFM745_01976	misc_RNA	62				pemK
EFM745_01977	gene	216				
EFM745_01977	CDS	216				hypothetical protein
EFM745_01978	gene	309				
EFM745_01978	CDS	309				hypothetical protein
EFM745_01979	gene	1179	xerC_7			
EFM745_01979	CDS	1179	xerC_7			Tyrosine recombinase XerC
EFM745_01980	gene	294				
EFM745_01980	CDS	294				hypothetical protein
EFM745_01981	gene	2322				
EFM745_01981	CDS	2322				hypothetical protein
EFM745_01982	gene	459				
EFM745_01982	CDS	459				hypothetical protein
EFM745_01983	gene	1014				
EFM745_01983	CDS	1014				hypothetical protein
EFM745_01984	gene	447				
EFM745_01984	CDS	447				hypothetical protein
EFM745_01985	gene	816				
EFM745_01985	CDS	816				hypothetical protein
EFM745_01986	gene	1173				
EFM745_01986	CDS	1173				hypothetical protein
EFM745_01987	gene	198				
EFM745_01987	CDS	198				hypothetical protein
EFM745_01988	gene	495				
EFM745_01988	CDS	495				hypothetical protein
EFM745_01989	gene	423				
EFM745_01989	CDS	423				hypothetical protein
EFM745_01990	gene	1194	yjhB			
EFM745_01990	CDS	1194	yjhB			Putative metabolite transport protein YjhB
EFM745_01991	gene	378	adhR			
EFM745_01991	CDS	378	adhR		COG0789	HTH-type transcriptional regulator AdhR
EFM745_01992	gene	306	hdfR_2			
EFM745_01992	CDS	306	hdfR_2			HTH-type transcriptional regulator HdfR
EFM745_01993	gene	444				
EFM745_01993	CDS	444				hypothetical protein
EFM745_01994	gene	1296				
EFM745_01994	CDS	1296				ISL3 family transposase ISEfa11
EFM745_01995	gene	816	araQ_5			
EFM745_01995	CDS	816	araQ_5		COG0395	L-arabinose transport system permease protein AraQ
EFM745_01996	gene	216				
EFM745_01996	CDS	216				hypothetical protein
EFM745_01997	gene	1179				
EFM745_01997	CDS	1179				IS256 family transposase ISEf1
EFM745_01998	gene	1665	alsS			
EFM745_01998	CDS	1665	alsS	2.2.1.6	COG0028	Acetolactate synthase
EFM745_01999	gene	711	aldC			
EFM745_01999	CDS	711	aldC	4.1.1.5	COG3527	Alpha-acetolactate decarboxylase
EFM745_02000	gene	498				
EFM745_02000	CDS	498				hypothetical protein
EFM745_02001	gene	261				
EFM745_02001	CDS	261				hypothetical protein
EFM745_02002	gene	240				
EFM745_02002	CDS	240				hypothetical protein
EFM745_02003	gene	1179				
EFM745_02003	CDS	1179				IS256 family transposase ISEf1
EFM745_02004	gene	74				
EFM745_02004	tRNA	74				tRNA-Met(cat)
EFM745_02005	gene	1179				
EFM745_02005	CDS	1179				IS256 family transposase ISEf1
EFM745_02006	gene	303				
EFM745_02006	CDS	303				hypothetical protein
EFM745_02007	gene	364	ssrA			
EFM745_02007	tmRNA	364	ssrA			transfer-messenger RNA, SsrA
EFM745_02008	gene	774				
EFM745_02008	CDS	774		3.1.3.-		Putative phosphatase
EFM745_02009	gene	351				
EFM745_02009	CDS	351				hypothetical protein
EFM745_02010	gene	717	srrA_2			
EFM745_02010	CDS	717	srrA_2		COG0745	Transcriptional regulatory protein SrrA
EFM745_02011	gene	1449	rcsC_2			
EFM745_02011	CDS	1449	rcsC_2	2.7.13.3		Sensor histidine kinase RcsC
EFM745_02012	gene	510				
EFM745_02012	CDS	510				hypothetical protein
EFM745_02013	gene	726				
EFM745_02013	CDS	726				hypothetical protein
EFM745_02014	gene	2121	ltaS1_2			
EFM745_02014	CDS	2121	ltaS1_2		COG1368	Lipoteichoic acid synthase 1
EFM745_02015	gene	1179	rlmI			
EFM745_02015	CDS	1179	rlmI	2.1.1.191	COG1092	Ribosomal RNA large subunit methyltransferase I
EFM745_02016	gene	759	aroD			
EFM745_02016	CDS	759	aroD	4.2.1.10	COG0710	3-dehydroquinate dehydratase
EFM745_02017	gene	486	ybaK_2			
EFM745_02017	CDS	486	ybaK_2	4.2.-.-	COG2606	Cys-tRNA(Pro)/Cys-tRNA(Cys) deacylase YbaK
EFM745_02018	gene	1254	baiN			
EFM745_02018	CDS	1254	baiN	1.3.1.114	COG2081	3-dehydro-bile acid delta(4,6)-reductase
EFM745_02019	gene	1350	gdh			
EFM745_02019	CDS	1350	gdh	1.4.1.4	COG0334	NADP-specific glutamate dehydrogenase
EFM745_02020	gene	1347	pgi			
EFM745_02020	CDS	1347	pgi	5.3.1.9	COG0166	Glucose-6-phosphate isomerase
EFM745_02021	gene	1296				
EFM745_02021	CDS	1296				ISL3 family transposase ISEfa11
EFM745_02022	gene	387				
EFM745_02022	CDS	387				hypothetical protein
EFM745_02023	gene	1446				
EFM745_02023	CDS	1446				IS1182 family transposase ISEfa7
EFM745_02024	gene	783				
EFM745_02024	CDS	783				IS982 family transposase ISEfm1
EFM745_02025	gene	960				
EFM745_02025	CDS	960			COG2826	IS30 family transposase IS1062
EFM745_02026	gene	150				
EFM745_02026	CDS	150				hypothetical protein
EFM745_02027	gene	213				
EFM745_02027	CDS	213				hypothetical protein
EFM745_02028	gene	111				
EFM745_02028	CDS	111				hypothetical protein
EFM745_02029	gene	1800				
EFM745_02029	CDS	1800				hypothetical protein
EFM745_02030	gene	597				
EFM745_02030	CDS	597				hypothetical protein
EFM745_02031	gene	954				
EFM745_02031	CDS	954			COG2826	IS30 family transposase IS1252
EFM745_02032	gene	345				
EFM745_02032	CDS	345				hypothetical protein
EFM745_02033	gene	420				
EFM745_02033	CDS	420				hypothetical protein
EFM745_02034	gene	351				
EFM745_02034	CDS	351				hypothetical protein
EFM745_02035	gene	1332				
EFM745_02035	CDS	1332				hypothetical protein
EFM745_02036	gene	567				
EFM745_02036	CDS	567				hypothetical protein
EFM745_02037	gene	88				
EFM745_02037	tRNA	88				tRNA-Ser(cga)
EFM745_02038	gene	1206	xerC_8			
EFM745_02038	CDS	1206	xerC_8			Tyrosine recombinase XerC
EFM745_02039	gene	441				
EFM745_02039	CDS	441				hypothetical protein
EFM745_02040	gene	654				
EFM745_02040	CDS	654				hypothetical protein
EFM745_02041	gene	423				
EFM745_02041	CDS	423				hypothetical protein
EFM745_02042	gene	375				
EFM745_02042	CDS	375				hypothetical protein
EFM745_02043	gene	183				
EFM745_02043	CDS	183				hypothetical protein
EFM745_02044	gene	321				
EFM745_02044	CDS	321				hypothetical protein
EFM745_02045	gene	171				
EFM745_02045	CDS	171				hypothetical protein
EFM745_02046	gene	153				
EFM745_02046	CDS	153				hypothetical protein
EFM745_02047	gene	483				
EFM745_02047	CDS	483				hypothetical protein
EFM745_02048	gene	699				
EFM745_02048	CDS	699				hypothetical protein
EFM745_02049	gene	342				
EFM745_02049	CDS	342				hypothetical protein
EFM745_02050	gene	672				
EFM745_02050	CDS	672				hypothetical protein
EFM745_02051	gene	687				
EFM745_02051	CDS	687				hypothetical protein
EFM745_02052	gene	750				
EFM745_02052	CDS	750				hypothetical protein
EFM745_02053	gene	270				
EFM745_02053	CDS	270				hypothetical protein
EFM745_02054	gene	165				
EFM745_02054	CDS	165				hypothetical protein
EFM745_02055	gene	306				
EFM745_02055	CDS	306				hypothetical protein
EFM745_02056	gene	291				
EFM745_02056	CDS	291				hypothetical protein
EFM745_02057	gene	357				
EFM745_02057	CDS	357				hypothetical protein
EFM745_02058	gene	246				
EFM745_02058	CDS	246				hypothetical protein
EFM745_02059	gene	420				
EFM745_02059	CDS	420				hypothetical protein
EFM745_02060	gene	567				
EFM745_02060	CDS	567				hypothetical protein
EFM745_02061	gene	135				
EFM745_02061	CDS	135				hypothetical protein
EFM745_02062	gene	690				
EFM745_02062	CDS	690				hypothetical protein
EFM745_02063	gene	477				
EFM745_02063	CDS	477				hypothetical protein
EFM745_02064	gene	297	yjcQ			
EFM745_02064	CDS	297	yjcQ			putative protein YjcQ
EFM745_02065	gene	387				
EFM745_02065	CDS	387				hypothetical protein
EFM745_02066	gene	387				
EFM745_02066	CDS	387				hypothetical protein
EFM745_02067	gene	381				
EFM745_02067	CDS	381				hypothetical protein
EFM745_02068	gene	453				
EFM745_02068	CDS	453				hypothetical protein
EFM745_02069	gene	1728				
EFM745_02069	CDS	1728				hypothetical protein
EFM745_02070	gene	1230				
EFM745_02070	CDS	1230				hypothetical protein
EFM745_02071	gene	570				
EFM745_02071	CDS	570				hypothetical protein
EFM745_02072	gene	1362				
EFM745_02072	CDS	1362				hypothetical protein
EFM745_02073	gene	279				
EFM745_02073	CDS	279				hypothetical protein
EFM745_02074	gene	327				
EFM745_02074	CDS	327				hypothetical protein
EFM745_02075	gene	339				
EFM745_02075	CDS	339				hypothetical protein
EFM745_02076	gene	366				
EFM745_02076	CDS	366				hypothetical protein
EFM745_02077	gene	627				
EFM745_02077	CDS	627				hypothetical protein
EFM745_02078	gene	465				
EFM745_02078	CDS	465				hypothetical protein
EFM745_02079	gene	2310				
EFM745_02079	CDS	2310				hypothetical protein
EFM745_02080	gene	720				
EFM745_02080	CDS	720				hypothetical protein
EFM745_02081	gene	2706				
EFM745_02081	CDS	2706				hypothetical protein
EFM745_02082	gene	1719				
EFM745_02082	CDS	1719				hypothetical protein
EFM745_02083	gene	783				
EFM745_02083	CDS	783				hypothetical protein
EFM745_02084	gene	2067				
EFM745_02084	CDS	2067				hypothetical protein
EFM745_02085	gene	447				
EFM745_02085	CDS	447				hypothetical protein
EFM745_02086	gene	138				
EFM745_02086	CDS	138				hypothetical protein
EFM745_02087	gene	294				
EFM745_02087	CDS	294				hypothetical protein
EFM745_02088	gene	198				
EFM745_02088	CDS	198				hypothetical protein
EFM745_02089	gene	1020				
EFM745_02089	CDS	1020				hypothetical protein
EFM745_02090	gene	807				
EFM745_02090	CDS	807				IS3 family transposase ISEnfa3
EFM745_02091	gene	537				
EFM745_02091	CDS	537				hypothetical protein
EFM745_02092	gene	582	cbh_2			
EFM745_02092	CDS	582	cbh_2	3.5.1.24		Choloylglycine hydrolase
EFM745_02093	gene	1179				
EFM745_02093	CDS	1179				IS256 family transposase ISEf1
EFM745_02094	gene	342	cbh_3			
EFM745_02094	CDS	342	cbh_3	3.5.1.24		Choloylglycine hydrolase
EFM745_02095	gene	1446				
EFM745_02095	CDS	1446				IS1182 family transposase ISEfa7
EFM745_02096	gene	1896	asnB			
EFM745_02096	CDS	1896	asnB	6.3.5.4	COG0367	Asparagine synthetase [glutamine-hydrolyzing] 1
EFM745_02097	gene	447				
EFM745_02097	CDS	447				hypothetical protein
EFM745_02098	gene	150	rpmGA_2			
EFM745_02098	CDS	150	rpmGA_2			50S ribosomal protein L33 1
EFM745_02099	gene	519	folA_1			
EFM745_02099	CDS	519	folA_1	1.5.1.3		Dihydrofolate reductase
EFM745_02100	gene	957	yfiY			
EFM745_02100	CDS	957	yfiY		COG0614	putative siderophore-binding lipoprotein YfiY
EFM745_02101	gene	807	fepC			
EFM745_02101	CDS	807	fepC		COG1120	Ferric enterobactin transport ATP-binding protein FepC
EFM745_02102	gene	990	feuB			
EFM745_02102	CDS	990	feuB		COG0609	Iron-uptake system permease protein FeuB
EFM745_02103	gene	1005	feuC			
EFM745_02103	CDS	1005	feuC		COG0609	Iron-uptake system permease protein FeuC
EFM745_02104	gene	543	yqgN			
EFM745_02104	CDS	543	yqgN		COG0212	putative protein YqgN
EFM745_02105	gene	699	gluP			
EFM745_02105	CDS	699	gluP	3.4.21.105	COG0705	Rhomboid protease GluP
EFM745_02106	gene	213	yqgQ			
EFM745_02106	CDS	213	yqgQ		COG4483	putative protein YqgQ
EFM745_02107	gene	963	glcK			
EFM745_02107	CDS	963	glcK	2.7.1.2	COG1940	Glucokinase
EFM745_02108	gene	396	yibN			
EFM745_02108	CDS	396	yibN		COG0607	putative protein YibN
EFM745_02109	gene	366				
EFM745_02109	CDS	366				hypothetical protein
EFM745_02110	gene	1812				
EFM745_02110	CDS	1812				hypothetical protein
EFM745_02111	gene	168				
EFM745_02111	CDS	168				hypothetical protein
EFM745_02112	gene	990	galE			
EFM745_02112	CDS	990	galE	5.1.3.2	COG1087	UDP-glucose 4-epimerase
EFM745_02113	gene	1485	galT			
EFM745_02113	CDS	1485	galT	2.7.7.12		Galactose-1-phosphate uridylyltransferase
EFM745_02114	gene	981	melR_1			
EFM745_02114	CDS	981	melR_1		COG1609	HTH-type transcriptional repressor MelR
EFM745_02115	gene	825	tsaB			
EFM745_02115	CDS	825	tsaB		COG1214	tRNA threonylcarbamoyladenosine biosynthesis protein TsaB
EFM745_02116	gene	543				
EFM745_02116	CDS	543				hypothetical protein
EFM745_02117	gene	465	rimI			
EFM745_02117	CDS	465	rimI	2.3.1.266	COG0456	[Ribosomal protein S18]-alanine N-acetyltransferase
EFM745_02118	gene	1017	tsaD			
EFM745_02118	CDS	1017	tsaD	2.3.1.234	COG0533	tRNA N6-adenosine threonylcarbamoyltransferase
EFM745_02119	gene	702				
EFM745_02119	CDS	702				hypothetical protein
EFM745_02120	gene	1230	arcA			
EFM745_02120	CDS	1230	arcA	3.5.3.6		Arginine deiminase
EFM745_02121	gene	1020	arcB			
EFM745_02121	CDS	1020	arcB	2.1.3.3		Ornithine carbamoyltransferase, catabolic
EFM745_02122	gene	948	arcC1			
EFM745_02122	CDS	948	arcC1	2.7.2.2		Carbamate kinase 1
EFM745_02123	gene	1692	argS			
EFM745_02123	CDS	1692	argS	6.1.1.19	COG0018	Arginine--tRNA ligase
EFM745_02124	gene	546	phnX_1			
EFM745_02124	CDS	546	phnX_1	3.11.1.1		Phosphonoacetaldehyde hydrolase
EFM745_02125	gene	129	phnX_2			
EFM745_02125	CDS	129	phnX_2	3.11.1.1		Phosphonoacetaldehyde hydrolase
EFM745_02126	gene	1092	phnW			
EFM745_02126	CDS	1092	phnW	2.6.1.37	COG0075	2-aminoethylphosphonate--pyruvate transaminase
EFM745_02127	gene	480	argR_3			
EFM745_02127	CDS	480	argR_3			Arginine repressor
EFM745_02128	gene	783	rpsB			
EFM745_02128	CDS	783	rpsB		COG0052	30S ribosomal protein S2
EFM745_02129	gene	882	tsf			
EFM745_02129	CDS	882	tsf		COG0264	Elongation factor Ts
EFM745_02130	gene	723	pyrH			
EFM745_02130	CDS	723	pyrH	2.7.4.22	COG0528	Uridylate kinase
EFM745_02131	gene	558	frr			
EFM745_02131	CDS	558	frr			Ribosome-recycling factor
EFM745_02132	gene	813	uppS			
EFM745_02132	CDS	813	uppS	2.5.1.31	COG0020	Ditrans,polycis-undecaprenyl-diphosphate synthase ((2E,6E)-farnesyl-diphosphate specific)
EFM745_02133	gene	801				
EFM745_02133	CDS	801				hypothetical protein
EFM745_02134	gene	1269	rasP			
EFM745_02134	CDS	1269	rasP	3.4.24.-	COG0750	Regulator of sigma-W protease RasP
EFM745_02135	gene	1710	proS			
EFM745_02135	CDS	1710	proS	6.1.1.15	COG0442	Proline--tRNA ligase
EFM745_02136	gene	4359	polC_2			
EFM745_02136	CDS	4359	polC_2	2.7.7.7	COG2176	DNA polymerase III PolC-type
EFM745_02137	gene	474	rimP			
EFM745_02137	CDS	474	rimP		COG0779	Ribosome maturation factor RimP
EFM745_02138	gene	1176	nusA			
EFM745_02138	CDS	1176	nusA		COG0195	Transcription termination/antitermination protein NusA
EFM745_02139	gene	294				
EFM745_02139	CDS	294				hypothetical protein
EFM745_02140	gene	312	rplGA			
EFM745_02140	CDS	312	rplGA		COG1358	putative ribosomal protein YlxQ
EFM745_02141	gene	2307	infB			
EFM745_02141	CDS	2307	infB			Translation initiation factor IF-2
EFM745_02142	gene	348	rbfA			
EFM745_02142	CDS	348	rbfA			Ribosome-binding factor A
EFM745_02143	gene	468				
EFM745_02143	CDS	468		4.1.2.-		phosphoketolase
EFM745_02144	gene	990	xpkA_1			
EFM745_02144	CDS	990	xpkA_1	4.1.2.9		Xylulose-5-phosphate phosphoketolase
EFM745_02145	gene	885	xpkA_2			
EFM745_02145	CDS	885	xpkA_2	4.1.2.9		Xylulose-5-phosphate phosphoketolase
EFM745_02146	gene	924	truB			
EFM745_02146	CDS	924	truB	5.4.99.25	COG0130	tRNA pseudouridine synthase B
EFM745_02147	gene	942	ribF			
EFM745_02147	CDS	942	ribF		COG0196	Bifunctional riboflavin kinase/FMN adenylyltransferase
EFM745_02148	gene	786	gdhIV			
EFM745_02148	CDS	786	gdhIV	1.1.1.47	COG1028	Glucose 1-dehydrogenase 4
EFM745_02149	gene	852	glcU_2			
EFM745_02149	CDS	852	glcU_2		COG4975	Glucose uptake protein GlcU
EFM745_02150	gene	453				
EFM745_02150	CDS	453				hypothetical protein
EFM745_02151	gene	369	fra			
EFM745_02151	CDS	369	fra		COG5646	Intracellular iron chaperone frataxin
EFM745_02152	gene	483				
EFM745_02152	CDS	483				hypothetical protein
EFM745_02153	gene	1011	mccF			
EFM745_02153	CDS	1011	mccF			Microcin C7 self-immunity protein MccF
EFM745_02154	gene	714				
EFM745_02154	CDS	714				hypothetical protein
EFM745_02155	gene	591	ydeA			
EFM745_02155	CDS	591	ydeA	3.2.-.-	COG0693	putative protease YdeA
EFM745_02156	gene	228				
EFM745_02156	CDS	228				hypothetical protein
EFM745_02157	gene	1167	hemW			
EFM745_02157	CDS	1167	hemW		COG0635	Heme chaperone HemW
EFM745_02158	gene	1044	hrcA			
EFM745_02158	CDS	1044	hrcA		COG1420	Heat-inducible transcription repressor HrcA
EFM745_02159	gene	564	grpE			
EFM745_02159	CDS	564	grpE			Protein GrpE
EFM745_02160	gene	1830	dnaK			
EFM745_02160	CDS	1830	dnaK		COG0443	Chaperone protein DnaK
EFM745_02161	gene	1167	dnaJ			
EFM745_02161	CDS	1167	dnaJ		COG0484	Chaperone protein DnaJ
EFM745_02162	gene	630				
EFM745_02162	CDS	630				hypothetical protein
EFM745_02163	gene	738	artM_3			
EFM745_02163	CDS	738	artM_3		COG1126	Arginine transport ATP-binding protein ArtM
EFM745_02164	gene	1503	mltF_2			
EFM745_02164	CDS	1503	mltF_2	4.2.2.-		Membrane-bound lytic murein transglycosylase F
EFM745_02165	gene	1995	uvrB			
EFM745_02165	CDS	1995	uvrB		COG0556	UvrABC system protein B
EFM745_02166	gene	2817	uvrA			
EFM745_02166	CDS	2817	uvrA			UvrABC system protein A
EFM745_02167	gene	1266				
EFM745_02167	CDS	1266		6.3.1.12		D-aspartate ligase
EFM745_02168	gene	732				
EFM745_02168	CDS	732		5.1.1.13		Aspartate racemase
EFM745_02169	gene	885	yvcJ			
EFM745_02169	CDS	885	yvcJ		COG1660	Nucleotide-binding protein YvcJ
EFM745_02170	gene	999				
EFM745_02170	CDS	999			COG0391	Putative gluconeogenesis factor
EFM745_02171	gene	936	whiA			
EFM745_02171	CDS	936	whiA		COG1481	putative cell division protein WhiA
EFM745_02172	gene	201				
EFM745_02172	CDS	201				hypothetical protein
EFM745_02173	gene	627				
EFM745_02173	CDS	627				hypothetical protein
EFM745_02174	gene	582				
EFM745_02174	CDS	582				hypothetical protein
EFM745_02175	gene	954				
EFM745_02175	CDS	954			COG2826	IS30 family transposase IS1252
EFM745_02176	gene	252				
EFM745_02176	CDS	252				hypothetical protein
EFM745_02177	gene	258				
EFM745_02177	CDS	258				hypothetical protein
EFM745_02178	gene	588				
EFM745_02178	CDS	588				hypothetical protein
EFM745_02179	gene	558				
EFM745_02179	CDS	558				hypothetical protein
EFM745_02180	gene	522				
EFM745_02180	CDS	522				hypothetical protein
EFM745_02181	gene	3693				
EFM745_02181	CDS	3693		1.2.7.1	COG0674	Pyruvate:ferredoxin oxidoreductase
EFM745_02182	gene	888	cdaA			
EFM745_02182	CDS	888	cdaA	2.7.7.85	COG1624	Cyclic di-AMP synthase CdaA
EFM745_02183	gene	1170				
EFM745_02183	CDS	1170				hypothetical protein
EFM745_02184	gene	1356	glmM			
EFM745_02184	CDS	1356	glmM	5.4.2.10	COG1109	Phosphoglucosamine mutase
EFM745_02185	gene	1806	glmS			
EFM745_02185	CDS	1806	glmS	2.6.1.16	COG0449	Glutamine--fructose-6-phosphate aminotransferase [isomerizing]
EFM745_02186	gene	148				
EFM745_02186	misc_RNA	148				glmS
EFM745_02187	gene	291				
EFM745_02187	CDS	291				hypothetical protein
EFM745_02188	gene	1026	sppA			
EFM745_02188	CDS	1026	sppA	3.4.21.-	COG0616	Putative signal peptide peptidase SppA
EFM745_02189	gene	660				
EFM745_02189	CDS	660				hypothetical protein
EFM745_02190	gene	933				
EFM745_02190	CDS	933				hypothetical protein
EFM745_02191	gene	1290	tig			
EFM745_02191	CDS	1290	tig	5.2.1.8	COG0544	Trigger factor
EFM745_02192	gene	1251	clpX			
EFM745_02192	CDS	1251	clpX		COG1219	ATP-dependent Clp protease ATP-binding subunit ClpX
EFM745_02193	gene	588	engB			
EFM745_02193	CDS	588	engB		COG0218	putative GTP-binding protein EngB
EFM745_02194	gene	156				
EFM745_02194	CDS	156				hypothetical protein
EFM745_02195	gene	1329				
EFM745_02195	CDS	1329				hypothetical protein
EFM745_02196	gene	210				
EFM745_02196	CDS	210				hypothetical protein
EFM745_02197	gene	753	glcR			
EFM745_02197	CDS	753	glcR		COG1349	HTH-type transcriptional repressor GlcR
EFM745_02198	gene	915	lacC_1			
EFM745_02198	CDS	915	lacC_1	2.7.1.144	COG1105	Tagatose-6-phosphate kinase
EFM745_02199	gene	1932	fruA_5			
EFM745_02199	CDS	1932	fruA_5		COG1299	PTS system fructose-specific EIIABC component
EFM745_02200	gene	1560	clcA			
EFM745_02200	CDS	1560	clcA		COG0038	H(+)/Cl(-) exchange transporter ClcA
EFM745_02201	gene	2235	pcrA			
EFM745_02201	CDS	2235	pcrA	3.6.4.12	COG0210	ATP-dependent DNA helicase PcrA
EFM745_02202	gene	2037	ligA_1			
EFM745_02202	CDS	2037	ligA_1	6.5.1.2	COG0272	DNA ligase
EFM745_02203	gene	306	gatC_1			
EFM745_02203	CDS	306	gatC_1	6.3.5.-		Glutamyl-tRNA(Gln) amidotransferase subunit C
EFM745_02204	gene	1473	gatA_1			
EFM745_02204	CDS	1473	gatA_1	6.3.5.7	COG0154	Glutamyl-tRNA(Gln) amidotransferase subunit A
EFM745_02205	gene	1431	gatB			
EFM745_02205	CDS	1431	gatB	6.3.5.-	COG0064	Aspartyl/glutamyl-tRNA(Asn/Gln) amidotransferase subunit B
EFM745_02206	gene	1056	dagK_1			
EFM745_02206	CDS	1056	dagK_1	2.7.1.107	COG1597	Diacylglycerol kinase
EFM745_02207	gene	1374				
EFM745_02207	CDS	1374		2.1.1.-	COG2265	putative RNA methyltransferase
EFM745_02208	gene	129				
EFM745_02208	CDS	129				hypothetical protein
EFM745_02209	gene	1014	aes_1			
EFM745_02209	CDS	1014	aes_1	3.1.1.-		Acetyl esterase
EFM745_02210	gene	1035	melR_2			
EFM745_02210	CDS	1035	melR_2		COG1609	HTH-type transcriptional repressor MelR
EFM745_02211	gene	2226	melA			
EFM745_02211	CDS	2226	melA	3.2.1.22	COG3345	Alpha-galactosidase Mel36A
EFM745_02212	gene	1884	lacL			
EFM745_02212	CDS	1884	lacL	3.2.1.23	COG3250	Beta-galactosidase large subunit
EFM745_02213	gene	975	lacM			
EFM745_02213	CDS	975	lacM	3.2.1.23	COG3250	Beta-galactosidase small subunit
EFM745_02214	gene	175				
EFM745_02214	misc_RNA	175				sRNA_2410
EFM745_02215	gene	1023	aroF			
EFM745_02215	CDS	1023	aroF	2.5.1.54	COG2876	Phospho-2-dehydro-3-deoxyheptonate aldolase
EFM745_02216	gene	1065	aroB			
EFM745_02216	CDS	1065	aroB	4.2.3.4	COG0337	3-dehydroquinate synthase
EFM745_02217	gene	1167	aroC			
EFM745_02217	CDS	1167	aroC	4.2.3.5	COG0082	Chorismate synthase
EFM745_02218	gene	1092				
EFM745_02218	CDS	1092				hypothetical protein
EFM745_02219	gene	1296	aroA			
EFM745_02219	CDS	1296	aroA	2.5.1.19	COG0128	3-phosphoshikimate 1-carboxyvinyltransferase
EFM745_02220	gene	510	aroK			
EFM745_02220	CDS	510	aroK	2.7.1.71	COG0703	Shikimate kinase
EFM745_02221	gene	837	pheA			
EFM745_02221	CDS	837	pheA			Bifunctional chorismate mutase/prephenate dehydratase
EFM745_02222	gene	1737				
EFM745_02222	CDS	1737				hypothetical protein
EFM745_02223	gene	876	rhaR_5			
EFM745_02223	CDS	876	rhaR_5			HTH-type transcriptional activator RhaR
EFM745_02224	gene	579	cheB			
EFM745_02224	CDS	579	cheB	3.5.1.44		Protein-glutamate methylesterase/protein-glutamine glutaminase
EFM745_02225	gene	1287	lacE_2			
EFM745_02225	CDS	1287	lacE_2			Lactose-binding protein
EFM745_02226	gene	870	lacF_4			
EFM745_02226	CDS	870	lacF_4			Lactose transport system permease protein LacF
EFM745_02227	gene	870	lacG_3			
EFM745_02227	CDS	870	lacG_3			Lactose transport system permease protein LacG
EFM745_02228	gene	684	umpB_1			
EFM745_02228	CDS	684	umpB_1			Na(+), Li(+), K(+)/H(+) antiporter subunit B
EFM745_02229	gene	774	umpB_2			
EFM745_02229	CDS	774	umpB_2			Na(+), Li(+), K(+)/H(+) antiporter subunit B
EFM745_02230	gene	399				
EFM745_02230	CDS	399				hypothetical protein
EFM745_02231	gene	672				
EFM745_02231	CDS	672				hypothetical protein
EFM745_02232	gene	441				
EFM745_02232	CDS	441				hypothetical protein
EFM745_02233	gene	669	gpmA_2			
EFM745_02233	CDS	669	gpmA_2	5.4.2.11		2,3-bisphosphoglycerate-dependent phosphoglycerate mutase
EFM745_02234	gene	624	gph_2			
EFM745_02234	CDS	624	gph_2	3.1.3.18	COG0546	Phosphoglycolate phosphatase
EFM745_02235	gene	387				
EFM745_02235	CDS	387				hypothetical protein
EFM745_02236	gene	1392	tcyP			
EFM745_02236	CDS	1392	tcyP		COG1823	L-cystine uptake protein TcyP
EFM745_02237	gene	369				
EFM745_02237	CDS	369				hypothetical protein
EFM745_02238	gene	942				
EFM745_02238	CDS	942				hypothetical protein
EFM745_02239	gene	732	pphA			
EFM745_02239	CDS	732	pphA	3.1.3.16	COG0639	Serine/threonine-protein phosphatase 1
EFM745_02240	gene	2181	yhgF			
EFM745_02240	CDS	2181	yhgF		COG2183	Protein YhgF
EFM745_02241	gene	483				
EFM745_02241	CDS	483				Protein SprT-like protein
EFM745_02242	gene	762	ydcF			
EFM745_02242	CDS	762	ydcF		COG1434	Protein YdcF
EFM745_02243	gene	1335	murC			
EFM745_02243	CDS	1335	murC	6.3.2.8		UDP-N-acetylmuramate--L-alanine ligase
EFM745_02244	gene	486				
EFM745_02244	CDS	486				hypothetical protein
EFM745_02245	gene	684	ybhL			
EFM745_02245	CDS	684	ybhL		COG0670	Inner membrane protein YbhL
EFM745_02246	gene	2646	polA			
EFM745_02246	CDS	2646	polA	2.7.7.7		DNA polymerase I
EFM745_02247	gene	837	mutM			
EFM745_02247	CDS	837	mutM	3.2.2.23	COG0266	Formamidopyrimidine-DNA glycosylase
EFM745_02248	gene	630	coaE			
EFM745_02248	CDS	630	coaE	2.7.1.24		Dephospho-CoA kinase
EFM745_02249	gene	333				
EFM745_02249	CDS	333				hypothetical protein
EFM745_02250	gene	492	nrdR			
EFM745_02250	CDS	492	nrdR		COG1327	Transcriptional repressor NrdR
EFM745_02251	gene	1374	dnaB			
EFM745_02251	CDS	1374	dnaB		COG3611	Replication initiation and membrane attachment protein
EFM745_02252	gene	927	dnaI			
EFM745_02252	CDS	927	dnaI		COG1484	Primosomal protein DnaI
EFM745_02253	gene	441				
EFM745_02253	CDS	441				hypothetical protein
EFM745_02254	gene	1296				
EFM745_02254	CDS	1296				ISL3 family transposase ISEfa5
EFM745_02255	gene	702	trmK			
EFM745_02255	CDS	702	trmK	2.1.1.217	COG2384	tRNA (adenine(22)-N(1))-methyltransferase
EFM745_02256	gene	1122				
EFM745_02256	CDS	1122			COG0327	GTP cyclohydrolase 1 type 2 
EFM745_02257	gene	1233	pepT			
EFM745_02257	CDS	1233	pepT	3.4.11.4		Peptidase T
EFM745_02258	gene	909	dagK_2			
EFM745_02258	CDS	909	dagK_2	2.7.1.107	COG1597	Diacylglycerol kinase
EFM745_02259	gene	273				
EFM745_02259	CDS	273				hypothetical protein
EFM745_02260	gene	1047				
EFM745_02260	CDS	1047				hypothetical protein
EFM745_02261	gene	2610	clpB			
EFM745_02261	CDS	2610	clpB		COG0542	Chaperone protein ClpB
EFM745_02262	gene	672				
EFM745_02262	CDS	672				hypothetical protein
EFM745_02263	gene	495				
EFM745_02263	CDS	495				hypothetical protein
EFM745_02264	gene	1221	eis_2			
EFM745_02264	CDS	1221	eis_2	2.3.1.-		N-acetyltransferase Eis
EFM745_02265	gene	1836	lepA			
EFM745_02265	CDS	1836	lepA	3.6.5.-		Elongation factor 4
EFM745_02266	gene	1128	xerC_9			
EFM745_02266	CDS	1128	xerC_9			Tyrosine recombinase XerC
EFM745_02267	gene	954				
EFM745_02267	CDS	954			COG2826	IS30 family transposase IS1252
EFM745_02268	gene	1179				
EFM745_02268	CDS	1179				IS256 family transposase ISEf1
EFM745_02269	gene	414				
EFM745_02269	CDS	414				hypothetical protein
EFM745_02270	gene	486				
EFM745_02270	CDS	486				hypothetical protein
EFM745_02271	gene	216				
EFM745_02271	CDS	216				hypothetical protein
EFM745_02272	gene	801	fabG_2			
EFM745_02272	CDS	801	fabG_2	1.1.1.100		3-oxoacyl-[acyl-carrier-protein] reductase FabG
EFM745_02273	gene	1869	licR_2			
EFM745_02273	CDS	1869	licR_2		COG1762	putative licABCH operon regulator
EFM745_02274	gene	492				
EFM745_02274	CDS	492				hypothetical protein
EFM745_02275	gene	555	srlA			
EFM745_02275	CDS	555	srlA		COG3730	PTS system glucitol/sorbitol-specific EIIC component
EFM745_02276	gene	996	srlE			
EFM745_02276	CDS	996	srlE	2.7.1.198	COG3732	PTS system glucitol/sorbitol-specific EIIB component
EFM745_02277	gene	1251				
EFM745_02277	CDS	1251				IS110 family transposase ISSpn10
EFM745_02278	gene	399	srlB			
EFM745_02278	CDS	399	srlB		COG3731	PTS system glucitol/sorbitol-specific EIIA component
EFM745_02279	gene	711	fsaA			
EFM745_02279	CDS	711	fsaA	4.1.2.-	COG0176	Fructose-6-phosphate aldolase 1
EFM745_02280	gene	89				
EFM745_02280	misc_RNA	89				BsrC
EFM745_02281	gene	888	prsA_3			
EFM745_02281	CDS	888	prsA_3	5.2.1.8		Foldase protein PrsA
EFM745_02282	gene	840				
EFM745_02282	CDS	840				hypothetical protein
EFM745_02283	gene	975				
EFM745_02283	CDS	975				hypothetical protein
EFM745_02284	gene	357				
EFM745_02284	CDS	357				hypothetical protein
EFM745_02285	gene	1158				
EFM745_02285	CDS	1158				hypothetical protein
EFM745_02286	gene	441	spxA_4			
EFM745_02286	CDS	441	spxA_4		COG1393	Regulatory protein Spx
EFM745_02287	gene	507	sttH			
EFM745_02287	CDS	507	sttH	3.5.2.19		Streptothricin hydrolase
EFM745_02288	gene	1905				
EFM745_02288	CDS	1905				hypothetical protein
EFM745_02289	gene	1002	aes_2			
EFM745_02289	CDS	1002	aes_2	3.1.1.-		Acetyl esterase
EFM745_02290	gene	207				
EFM745_02290	CDS	207				hypothetical protein
EFM745_02291	gene	849	murR_2			
EFM745_02291	CDS	849	murR_2		COG1737	HTH-type transcriptional regulator MurR
EFM745_02292	gene	903				
EFM745_02292	CDS	903		1.1.1.343	COG1023	6-phosphogluconate dehydrogenase, NAD(+)-dependent, decarboxylating
EFM745_02293	gene	1002	fldH			
EFM745_02293	CDS	1002	fldH	1.1.1.-		Phenyllactate dehydrogenase
EFM745_02294	gene	273				
EFM745_02294	CDS	273				hypothetical protein
EFM745_02295	gene	798	hcxA			
EFM745_02295	CDS	798	hcxA	1.1.1.-	COG0371	Hydroxycarboxylate dehydrogenase A
EFM745_02296	gene	834				
EFM745_02296	CDS	834				hypothetical protein
EFM745_02297	gene	858	manZ_6			
EFM745_02297	CDS	858	manZ_6		COG3716	PTS system mannose-specific EIID component
EFM745_02298	gene	510	sorB_2			
EFM745_02298	CDS	510	sorB_2	2.7.1.206	COG3444	PTS system sorbose-specific EIIB component
EFM745_02299	gene	402				
EFM745_02299	CDS	402				hypothetical protein
EFM745_02300	gene	423				
EFM745_02300	CDS	423				hypothetical protein
EFM745_02301	gene	444	manX_5			
EFM745_02301	CDS	444	manX_5	2.7.1.191		PTS system mannose-specific EIIAB component
EFM745_02302	gene	1086	uxuA_1			
EFM745_02302	CDS	1086	uxuA_1	4.2.1.8	COG1312	Mannonate dehydratase
EFM745_02303	gene	714	ppaX			
EFM745_02303	CDS	714	ppaX	3.6.1.1		Pyrophosphatase PpaX
EFM745_02304	gene	150				
EFM745_02304	CDS	150				hypothetical protein
EFM745_02305	gene	406				
EFM745_02305	misc_RNA	406				cspA
EFM745_02306	gene	201	cspL			
EFM745_02306	CDS	201	cspL		COG1278	Cold shock protein 2
EFM745_02307	gene	99				
EFM745_02307	CDS	99				hypothetical protein
EFM745_02308	gene	366				
EFM745_02308	CDS	366				hypothetical protein
EFM745_02309	gene	246				
EFM745_02309	CDS	246				hypothetical protein
EFM745_02310	gene	255				
EFM745_02310	CDS	255				hypothetical protein
EFM745_02311	gene	306				
EFM745_02311	CDS	306				hypothetical protein
EFM745_02312	gene	76				
EFM745_02312	tRNA	76				tRNA-Met(cat)
EFM745_02313	gene	498				
EFM745_02313	CDS	498				hypothetical protein
EFM745_02314	gene	810	yidA_3			
EFM745_02314	CDS	810	yidA_3	3.1.3.23	COG0561	Sugar phosphatase YidA
EFM745_02315	gene	858	gspA_1			
EFM745_02315	CDS	858	gspA_1		COG1442	General stress protein A
EFM745_02316	gene	903	gspA_2			
EFM745_02316	CDS	903	gspA_2		COG1442	General stress protein A
EFM745_02317	gene	351				
EFM745_02317	CDS	351				hypothetical protein
EFM745_02318	gene	939				
EFM745_02318	CDS	939				hypothetical protein
EFM745_02319	gene	894	yghA			
EFM745_02319	CDS	894	yghA	1.-.-.-		putative oxidoreductase YghA
EFM745_02320	gene	564				
EFM745_02320	CDS	564				hypothetical protein
EFM745_02321	gene	189				
EFM745_02321	CDS	189				hypothetical protein
EFM745_02322	gene	903				
EFM745_02322	CDS	903				hypothetical protein
EFM745_02323	gene	243				
EFM745_02323	CDS	243				hypothetical protein
EFM745_02324	gene	372				
EFM745_02324	CDS	372				hypothetical protein
EFM745_02325	gene	228				
EFM745_02325	CDS	228				hypothetical protein
EFM745_02326	gene	474				
EFM745_02326	CDS	474				hypothetical protein
EFM745_02327	gene	174				
EFM745_02327	CDS	174				hypothetical protein
EFM745_02328	gene	567				
EFM745_02328	CDS	567				hypothetical protein
EFM745_02329	gene	189				
EFM745_02329	CDS	189				hypothetical protein
EFM745_02330	gene	558				
EFM745_02330	CDS	558				Stress response regulator gls24 
EFM745_02331	gene	243				
EFM745_02331	CDS	243				hypothetical protein
EFM745_02332	gene	1296				
EFM745_02332	CDS	1296				ISL3 family transposase ISEfa11
EFM745_02333	gene	1215	amt			
EFM745_02333	CDS	1215	amt			Ammonia channel
EFM745_02334	gene	1428	gadC_2			
EFM745_02334	CDS	1428	gadC_2		COG0531	Glutamate/gamma-aminobutyrate antiporter
EFM745_02335	gene	927	glsA			
EFM745_02335	CDS	927	glsA	3.5.1.2	COG2066	Glutaminase
EFM745_02336	gene	1461				
EFM745_02336	CDS	1461				hypothetical protein
EFM745_02337	gene	1764	dxs			
EFM745_02337	CDS	1764	dxs	2.2.1.7	COG1154	1-deoxy-D-xylulose-5-phosphate synthase
EFM745_02338	gene	357				
EFM745_02338	CDS	357				hypothetical protein
EFM745_02339	gene	684	nanE_1			
EFM745_02339	CDS	684	nanE_1	5.1.3.9		Putative N-acetylmannosamine-6-phosphate 2-epimerase
EFM745_02340	gene	615				
EFM745_02340	CDS	615				hypothetical protein
EFM745_02341	gene	207				
EFM745_02341	CDS	207				hypothetical protein
EFM745_02342	gene	167				
EFM745_02342	misc_RNA	167				ykoK
EFM745_02343	gene	1164	ftsW_1			
EFM745_02343	CDS	1164	ftsW_1	2.4.1.129	COG0772	putative peptidoglycan glycosyltransferase FtsW
EFM745_02344	gene	756	msrR			
EFM745_02344	CDS	756	msrR			Regulatory protein MsrR
EFM745_02345	gene	2040	pbp			
EFM745_02345	CDS	2040	pbp		COG0768	Beta-lactam-inducible penicillin-binding protein
EFM745_02346	gene	1152	napA			
EFM745_02346	CDS	1152	napA			Na(+)/H(+) antiporter
EFM745_02347	gene	531				
EFM745_02347	CDS	531				hypothetical protein
EFM745_02348	gene	351				
EFM745_02348	CDS	351				hypothetical protein
EFM745_02349	gene	1530	ahpF			
EFM745_02349	CDS	1530	ahpF	1.6.99.3		NADH dehydrogenase
EFM745_02350	gene	564	ahpC			
EFM745_02350	CDS	564	ahpC	1.11.1.15	COG0450	Alkyl hydroperoxide reductase C
EFM745_02351	gene	663	rspR_2			
EFM745_02351	CDS	663	rspR_2		COG1802	HTH-type transcriptional repressor RspR
EFM745_02352	gene	1647	por			
EFM745_02352	CDS	1647	por	1.1.1.-	COG0246	Polyol:NADP oxidoreductase
EFM745_02353	gene	1083	uxuA_2			
EFM745_02353	CDS	1083	uxuA_2	4.2.1.8	COG1312	Mannonate dehydratase
EFM745_02354	gene	1554				
EFM745_02354	CDS	1554				hypothetical protein
EFM745_02355	gene	1290				
EFM745_02355	CDS	1290				hypothetical protein
EFM745_02356	gene	1038				
EFM745_02356	CDS	1038				hypothetical protein
EFM745_02357	gene	441	ohrR			
EFM745_02357	CDS	441	ohrR			Organic hydroperoxide resistance transcriptional regulator
EFM745_02358	gene	411	ohrA			
EFM745_02358	CDS	411	ohrA		COG1764	Organic hydroperoxide resistance protein OhrA
EFM745_02359	gene	435				
EFM745_02359	CDS	435				hypothetical protein
EFM745_02360	gene	771				
EFM745_02360	CDS	771				hypothetical protein
EFM745_02361	gene	1767	bbmA			
EFM745_02361	CDS	1767	bbmA	3.2.1.-	COG0366	Intracellular maltogenic amylase
EFM745_02362	gene	1260	mdxE			
EFM745_02362	CDS	1260	mdxE		COG2182	Maltodextrin-binding protein MdxE
EFM745_02363	gene	1302				
EFM745_02363	CDS	1302				hypothetical protein
EFM745_02364	gene	852	malG			
EFM745_02364	CDS	852	malG		COG3833	Maltose/maltodextrin transport system permease protein MalG
EFM745_02365	gene	816				
EFM745_02365	CDS	816				hypothetical protein
EFM745_02366	gene	1167	cfa			
EFM745_02366	CDS	1167	cfa	2.1.1.79	COG2230	Cyclopropane-fatty-acyl-phospholipid synthase
EFM745_02367	gene	648				
EFM745_02367	CDS	648				hypothetical protein
EFM745_02368	gene	945	pyrDA			
EFM745_02368	CDS	945	pyrDA	1.3.98.1	COG0167	Dihydroorotate dehydrogenase A (fumarate)
EFM745_02369	gene	1452	nylA			
EFM745_02369	CDS	1452	nylA	3.5.2.12		6-aminohexanoate-cyclic-dimer hydrolase
EFM745_02370	gene	837	yckB			
EFM745_02370	CDS	837	yckB		COG0834	putative ABC transporter extracellular-binding protein YckB
EFM745_02371	gene	660	yecS_2			
EFM745_02371	CDS	660	yecS_2		COG0765	L-cystine transport system permease protein YecS
EFM745_02372	gene	690				
EFM745_02372	CDS	690				hypothetical protein
EFM745_02373	gene	957				
EFM745_02373	CDS	957				hypothetical protein
EFM745_02374	gene	513				
EFM745_02374	CDS	513				hypothetical protein
EFM745_02375	gene	549	gmk_2			
EFM745_02375	CDS	549	gmk_2	2.7.4.8	COG0194	Guanylate kinase
EFM745_02376	gene	1182	nupC			
EFM745_02376	CDS	1182	nupC		COG1972	Nucleoside permease NupC
EFM745_02377	gene	1509				
EFM745_02377	CDS	1509				hypothetical protein
EFM745_02378	gene	192				
EFM745_02378	CDS	192				hypothetical protein
EFM745_02379	gene	918				
EFM745_02379	CDS	918				hypothetical protein
EFM745_02380	gene	1074				
EFM745_02380	CDS	1074				hypothetical protein
EFM745_02381	gene	519				
EFM745_02381	CDS	519				hypothetical protein
EFM745_02382	gene	393				
EFM745_02382	CDS	393				hypothetical protein
EFM745_02383	gene	936				
EFM745_02383	CDS	936				hypothetical protein
EFM745_02384	gene	780	ygaZ_2			
EFM745_02384	CDS	780	ygaZ_2		COG1296	Inner membrane protein YgaZ
EFM745_02385	gene	318				
EFM745_02385	CDS	318				hypothetical protein
EFM745_02386	gene	1611	murJ_3			
EFM745_02386	CDS	1611	murJ_3		COG2244	Lipid II flippase MurJ
EFM745_02387	gene	849	degV			
EFM745_02387	CDS	849	degV		COG1307	Protein DegV
EFM745_02388	gene	480				
EFM745_02388	CDS	480				hypothetical protein
EFM745_02389	gene	2229				
EFM745_02389	CDS	2229				hypothetical protein
EFM745_02390	gene	1644	malL_2			
EFM745_02390	CDS	1644	malL_2	3.2.1.10	COG0366	Oligo-1,6-glucosidase
EFM745_02391	gene	546				
EFM745_02391	CDS	546				hypothetical protein
EFM745_02392	gene	486	hmpT			
EFM745_02392	CDS	486	hmpT		COG4720	Thiamine precursor transporter HmpT
EFM745_02393	gene	813	pdxK			
EFM745_02393	CDS	813	pdxK	2.7.1.35	COG0351	Pyridoxine kinase
EFM745_02394	gene	1542	menE			
EFM745_02394	CDS	1542	menE	6.2.1.26		2-succinylbenzoate--CoA ligase
EFM745_02395	gene	1032	xerC_10			
EFM745_02395	CDS	1032	xerC_10			Tyrosine recombinase XerC
EFM745_02396	gene	987	ysnF			
EFM745_02396	CDS	987	ysnF			Stress response protein YsnF
EFM745_02397	gene	1341	sasA_3			
EFM745_02397	CDS	1341	sasA_3	2.7.-.-		Adaptive-response sensory-kinase SasA
EFM745_02398	gene	675	mprA			
EFM745_02398	CDS	675	mprA			Response regulator MprA
EFM745_02399	gene	1074				
EFM745_02399	CDS	1074			COG0577	putative ABC transporter permease
EFM745_02400	gene	687	hrtA_2			
EFM745_02400	CDS	687	hrtA_2	3.6.3.-	COG1136	Putative hemin import ATP-binding protein HrtA
EFM745_02401	gene	648				
EFM745_02401	CDS	648				hypothetical protein
EFM745_02402	gene	1392				
EFM745_02402	CDS	1392				hypothetical protein
EFM745_02403	gene	792				
EFM745_02403	CDS	792				hypothetical protein
EFM745_02404	gene	2559				
EFM745_02404	CDS	2559				hypothetical protein
EFM745_02405	gene	1422				
EFM745_02405	CDS	1422				hypothetical protein
EFM745_02406	gene	1878				
EFM745_02406	CDS	1878				hypothetical protein
EFM745_02407	gene	843				
EFM745_02407	CDS	843				hypothetical protein
EFM745_02408	gene	876	ybbH_2			
EFM745_02408	CDS	876	ybbH_2		COG1737	putative HTH-type transcriptional regulator YbbH
EFM745_02409	gene	1032	yhhX			
EFM745_02409	CDS	1032	yhhX	1.-.-.-	COG0673	putative oxidoreductase YhhX
EFM745_02410	gene	306				
EFM745_02410	CDS	306				hypothetical protein
EFM745_02411	gene	2016				
EFM745_02411	CDS	2016				hypothetical protein
EFM745_02412	gene	285				
EFM745_02412	CDS	285				hypothetical protein
EFM745_02413	gene	1374	ulaA_1			
EFM745_02413	CDS	1374	ulaA_1		COG3037	Ascorbate-specific PTS system EIIC component
EFM745_02414	gene	2016				
EFM745_02414	CDS	2016				hypothetical protein
EFM745_02415	gene	1209				
EFM745_02415	CDS	1209				hypothetical protein
EFM745_02416	gene	945	rhaS_2			
EFM745_02416	CDS	945	rhaS_2			HTH-type transcriptional activator RhaS
EFM745_02417	gene	174				
EFM745_02417	CDS	174				hypothetical protein
EFM745_02418	gene	945	ldh_2			
EFM745_02418	CDS	945	ldh_2	1.1.1.27		L-lactate dehydrogenase
EFM745_02419	gene	399				
EFM745_02419	CDS	399				hypothetical protein
EFM745_02420	gene	237				
EFM745_02420	CDS	237				hypothetical protein
EFM745_02421	gene	318				
EFM745_02421	CDS	318				hypothetical protein
EFM745_02422	gene	2229	topB_2			
EFM745_02422	CDS	2229	topB_2	5.6.2.1	COG0550	DNA topoisomerase 3
EFM745_02423	gene	411				
EFM745_02423	CDS	411				hypothetical protein
EFM745_02424	gene	1164	tagU_3			
EFM745_02424	CDS	1164	tagU_3	2.7.8.-		Polyisoprenyl-teichoic acid--peptidoglycan teichoic acid transferase TagU
EFM745_02425	gene	855	aroE			
EFM745_02425	CDS	855	aroE	1.1.1.25	COG0169	Shikimate dehydrogenase (NADP(+))
EFM745_02426	gene	771	cmpD			
EFM745_02426	CDS	771	cmpD	3.6.3.-		Bicarbonate transport ATP-binding protein CmpD
EFM745_02427	gene	882				
EFM745_02427	CDS	882				hypothetical protein
EFM745_02428	gene	1050				
EFM745_02428	CDS	1050				hypothetical protein
EFM745_02429	gene	624				
EFM745_02429	CDS	624				hypothetical protein
EFM745_02430	gene	954				
EFM745_02430	CDS	954			COG2826	IS30 family transposase IS1252
EFM745_02431	gene	1707	rqcH			
EFM745_02431	CDS	1707	rqcH		COG1293	Rqc2 RqcH
EFM745_02432	gene	903	hdfR_3			
EFM745_02432	CDS	903	hdfR_3			HTH-type transcriptional regulator HdfR
EFM745_02433	gene	705	cah			
EFM745_02433	CDS	705	cah	4.2.1.1	COG3338	Carbonic anhydrase
EFM745_02434	gene	642	yfbR			
EFM745_02434	CDS	642	yfbR	3.1.3.89		5'-deoxynucleotidase YfbR
EFM745_02435	gene	630	pyrE			
EFM745_02435	CDS	630	pyrE	2.4.2.10	COG0461	Orotate phosphoribosyltransferase
EFM745_02436	gene	717	pyrF			
EFM745_02436	CDS	717	pyrF	4.1.1.23	COG0284	Orotidine 5'-phosphate decarboxylase
EFM745_02437	gene	933	pyrDB			
EFM745_02437	CDS	933	pyrDB	1.3.1.14	COG0167	Dihydroorotate dehydrogenase B (NAD(+)), catalytic subunit
EFM745_02438	gene	354	pyrK_1			
EFM745_02438	CDS	354	pyrK_1		COG0543	Dihydroorotate dehydrogenase B (NAD(+)), electron transfer subunit
EFM745_02439	gene	447	pyrK_2			
EFM745_02439	CDS	447	pyrK_2		COG0543	Dihydroorotate dehydrogenase B (NAD(+)), electron transfer subunit
EFM745_02440	gene	3186	carB			
EFM745_02440	CDS	3186	carB	6.3.5.5	COG0458	Carbamoyl-phosphate synthase large chain
EFM745_02441	gene	1077	carA			
EFM745_02441	CDS	1077	carA	6.3.5.5		Carbamoyl-phosphate synthase small chain
EFM745_02442	gene	1281	pyrC			
EFM745_02442	CDS	1281	pyrC	3.5.2.3		Dihydroorotase
EFM745_02443	gene	927	pyrB			
EFM745_02443	CDS	927	pyrB	2.1.3.2	COG0540	Aspartate carbamoyltransferase
EFM745_02444	gene	1284	pyrP			
EFM745_02444	CDS	1284	pyrP			Uracil permease
EFM745_02445	gene	540	pyrR			
EFM745_02445	CDS	540	pyrR			Bifunctional protein pyrR
EFM745_02446	gene	163				
EFM745_02446	misc_RNA	163				PyrR
EFM745_02447	gene	912	rluD_2			
EFM745_02447	CDS	912	rluD_2	5.4.99.23	COG0564	Ribosomal large subunit pseudouridine synthase D
EFM745_02448	gene	465	lspA			
EFM745_02448	CDS	465	lspA	3.4.23.36	COG0597	Lipoprotein signal peptidase
EFM745_02449	gene	699				
EFM745_02449	CDS	699				hypothetical protein
EFM745_02450	gene	387				
EFM745_02450	CDS	387				hypothetical protein
EFM745_02451	gene	1671	fhs1			
EFM745_02451	CDS	1671	fhs1	6.3.4.3		Formate--tetrahydrofolate ligase 1
EFM745_02452	gene	234				
EFM745_02452	CDS	234				hypothetical protein
EFM745_02453	gene	432				
EFM745_02453	CDS	432				hypothetical protein
EFM745_02454	gene	414	rnhA			
EFM745_02454	CDS	414	rnhA		COG0328	14.7 kDa ribonuclease H-like protein
EFM745_02455	gene	1149	fieF			
EFM745_02455	CDS	1149	fieF			Ferrous-iron efflux pump FieF
EFM745_02456	gene	597	panT_2			
EFM745_02456	CDS	597	panT_2			Pantothenate transporter PanT
EFM745_02457	gene	2643	alaS			
EFM745_02457	CDS	2643	alaS	6.1.1.7		Alanine--tRNA ligase
EFM745_02458	gene	432				
EFM745_02458	CDS	432		2.3.1.-		Acetyltransferase
EFM745_02459	gene	1350	cshB			
EFM745_02459	CDS	1350	cshB	3.6.4.13	COG0513	DEAD-box ATP-dependent RNA helicase CshB
EFM745_02460	gene	1164				
EFM745_02460	CDS	1164				hypothetical protein
EFM745_02461	gene	324				
EFM745_02461	CDS	324				hypothetical protein
EFM745_02462	gene	1350	steT_2			
EFM745_02462	CDS	1350	steT_2		COG0531	Serine/threonine exchanger SteT
EFM745_02463	gene	954				
EFM745_02463	CDS	954				putative epimerase/dehydratase
EFM745_02464	gene	1191				
EFM745_02464	CDS	1191		2.3.1.-		Putative pyridoxal phosphate-dependent acyltransferase
EFM745_02465	gene	222				
EFM745_02465	CDS	222				hypothetical protein
EFM745_02466	gene	684	yedJ			
EFM745_02466	CDS	684	yedJ		COG1418	putative protein YedJ
EFM745_02467	gene	1497	ypwA			
EFM745_02467	CDS	1497	ypwA	3.4.17.19	COG2317	Carboxypeptidase 1
EFM745_02468	gene	1167	rlmL			
EFM745_02468	CDS	1167	rlmL	2.1.1.173	COG0116	Ribosomal RNA large subunit methyltransferase L
EFM745_02469	gene	368				
EFM745_02469	misc_RNA	368				RNaseP_bact_b
EFM745_02470	gene	420	gpsB			
EFM745_02470	CDS	420	gpsB			Cell cycle protein GpsB
EFM745_02471	gene	540				
EFM745_02471	CDS	540				hypothetical protein
EFM745_02472	gene	648	recU			
EFM745_02472	CDS	648	recU	3.1.22.4	COG3331	Holliday junction resolvase RecU
EFM745_02473	gene	2382	ponA_2			
EFM745_02473	CDS	2382	ponA_2		COG0744	Penicillin-binding protein 1A
EFM745_02474	gene	1296				
EFM745_02474	CDS	1296				ISL3 family transposase ISEfa5
EFM745_02475	gene	498				
EFM745_02475	CDS	498				hypothetical protein
EFM745_02476	gene	678	nth			
EFM745_02476	CDS	678	nth	4.2.99.18	COG0177	Endonuclease III
EFM745_02477	gene	699	dnaD			
EFM745_02477	CDS	699	dnaD		COG3935	DNA replication protein DnaD
EFM745_02478	gene	1185	tetA			
EFM745_02478	CDS	1185	tetA			Tetracycline resistance protein, class C
EFM745_02479	gene	444				
EFM745_02479	CDS	444				hypothetical protein
EFM745_02480	gene	288				
EFM745_02480	CDS	288				hypothetical protein
EFM745_02481	gene	1353	nox_2			
EFM745_02481	CDS	1353	nox_2	1.6.99.3	COG0446	NADH oxidase
EFM745_02482	gene	447	perR			
EFM745_02482	CDS	447	perR		COG0735	Peroxide operon regulator
EFM745_02483	gene	927	cysK			
EFM745_02483	CDS	927	cysK	2.5.1.47		Cysteine synthase
EFM745_02484	gene	888				
EFM745_02484	CDS	888		3.2.1.-	COG1388	Autolysin
EFM745_02485	gene	954				
EFM745_02485	CDS	954			COG2826	IS30 family transposase IS1252
EFM745_02486	gene	1998	tkt			
EFM745_02486	CDS	1998	tkt	2.2.1.1		Transketolase
EFM745_02487	gene	252				
EFM745_02487	CDS	252				hypothetical protein
EFM745_02488	gene	624	lexA			
EFM745_02488	CDS	624	lexA	3.4.21.88	COG1974	LexA repressor
EFM745_02489	gene	219				
EFM745_02489	CDS	219				hypothetical protein
EFM745_02490	gene	513	apt			
EFM745_02490	CDS	513	apt	2.4.2.7	COG0503	Adenine phosphoribosyltransferase
EFM745_02491	gene	2298				
EFM745_02491	CDS	2298				hypothetical protein
EFM745_02492	gene	435				
EFM745_02492	CDS	435				hypothetical protein
EFM745_02493	gene	789	hcaB			
EFM745_02493	CDS	789	hcaB	1.3.1.87		3-phenylpropionate-dihydrodiol/cinnamic acid-dihydrodiol dehydrogenase
EFM745_02494	gene	942	rnz			
EFM745_02494	CDS	942	rnz	3.1.26.11	COG1234	Ribonuclease Z
EFM745_02495	gene	588				
EFM745_02495	CDS	588				hypothetical protein
EFM745_02496	gene	1314	obg			
EFM745_02496	CDS	1314	obg	3.6.5.-	COG0536	GTPase Obg
EFM745_02497	gene	1011	gap_2			
EFM745_02497	CDS	1011	gap_2	1.2.1.12		Glyceraldehyde-3-phosphate dehydrogenase
EFM745_02498	gene	936	menH_3			
EFM745_02498	CDS	936	menH_3	4.2.99.20		2-succinyl-6-hydroxy-2,4-cyclohexadiene-1-carboxylate synthase
EFM745_02499	gene	960				
EFM745_02499	CDS	960			COG2826	IS30 family transposase IS6770
EFM745_02500	gene	1095				
EFM745_02500	CDS	1095				hypothetical protein
EFM745_02501	gene	762				
EFM745_02501	CDS	762				hypothetical protein
EFM745_02502	gene	441	fabZ_2			
EFM745_02502	CDS	441	fabZ_2	4.2.1.59	COG0764	3-hydroxyacyl-[acyl-carrier-protein] dehydratase FabZ
EFM745_02503	gene	756	fabI			
EFM745_02503	CDS	756	fabI	1.3.1.9	COG0623	Enoyl-[acyl-carrier-protein] reductase [NADH] FabI
EFM745_02504	gene	1014	ilvE			
EFM745_02504	CDS	1014	ilvE	2.6.1.42	COG0115	Branched-chain-amino-acid aminotransferase
EFM745_02505	gene	921	ykuT			
EFM745_02505	CDS	921	ykuT		COG0668	putative MscS family protein YkuT
EFM745_02506	gene	501				
EFM745_02506	CDS	501				hypothetical protein
EFM745_02507	gene	519				
EFM745_02507	CDS	519				hypothetical protein
EFM745_02508	gene	1356	rph			
EFM745_02508	CDS	1356	rph	2.7.7.56		Ribonuclease PH
EFM745_02509	gene	834	murI			
EFM745_02509	CDS	834	murI	5.1.1.3	COG0796	Glutamate racemase
EFM745_02510	gene	657	glnP			
EFM745_02510	CDS	657	glnP		COG0765	putative glutamine ABC transporter permease protein GlnP
EFM745_02511	gene	648	glnM			
EFM745_02511	CDS	648	glnM		COG0765	putative glutamine ABC transporter permease protein GlnM
EFM745_02512	gene	816	glnH			
EFM745_02512	CDS	816	glnH		COG0834	ABC transporter glutamine-binding protein GlnH
EFM745_02513	gene	738	glnQ_2			
EFM745_02513	CDS	738	glnQ_2	3.6.3.-	COG1126	Glutamine transport ATP-binding protein GlnQ
EFM745_02514	gene	1011	trpS2			
EFM745_02514	CDS	1011	trpS2	6.1.1.2	COG0180	Tryptophan--tRNA ligase 2
EFM745_02515	gene	2421	pheT			
EFM745_02515	CDS	2421	pheT	6.1.1.20		Phenylalanine--tRNA ligase beta subunit
EFM745_02516	gene	1044	pheS			
EFM745_02516	CDS	1044	pheS	6.1.1.20	COG0016	Phenylalanine--tRNA ligase alpha subunit
EFM745_02517	gene	342	yodB			
EFM745_02517	CDS	342	yodB		COG1733	HTH-type transcriptional regulator YodB
EFM745_02518	gene	3723	addA			
EFM745_02518	CDS	3723	addA	3.1.-.-	COG1074	ATP-dependent helicase/nuclease subunit A
EFM745_02519	gene	3528	addB			
EFM745_02519	CDS	3528	addB	3.1.-.-	COG3857	ATP-dependent helicase/deoxyribonuclease subunit B
EFM745_02520	gene	1296				
EFM745_02520	CDS	1296				ISL3 family transposase ISEfa11
EFM745_02521	gene	831	dtpT_1			
EFM745_02521	CDS	831	dtpT_1		COG3104	Di-/tripeptide transporter
EFM745_02522	gene	639	dtpT_2			
EFM745_02522	CDS	639	dtpT_2		COG3104	Di-/tripeptide transporter
EFM745_02523	gene	597				
EFM745_02523	CDS	597				hypothetical protein
EFM745_02524	gene	483				
EFM745_02524	CDS	483				hypothetical protein
EFM745_02525	gene	198				
EFM745_02525	CDS	198				hypothetical protein
EFM745_02526	gene	759				
EFM745_02526	CDS	759				hypothetical protein
EFM745_02527	gene	429				
EFM745_02527	CDS	429				hypothetical protein
EFM745_02528	gene	73				
EFM745_02528	tRNA	73				tRNA-Gln(ctg)
EFM745_02529	gene	372				
EFM745_02529	CDS	372				hypothetical protein
EFM745_02530	gene	186				
EFM745_02530	CDS	186				hypothetical protein
EFM745_02531	gene	189				
EFM745_02531	CDS	189				hypothetical protein
EFM745_02532	gene	264				
EFM745_02532	CDS	264				hypothetical protein
EFM745_02533	gene	258				
EFM745_02533	CDS	258				hypothetical protein
EFM745_02534	gene	192				
EFM745_02534	CDS	192				hypothetical protein
EFM745_02535	gene	321				
EFM745_02535	CDS	321				hypothetical protein
EFM745_02536	gene	435				
EFM745_02536	CDS	435				Putative universal stress protein
EFM745_02537	gene	639				
EFM745_02537	CDS	639				hypothetical protein
EFM745_02538	gene	86				
EFM745_02538	tRNA	86				tRNA-Leu(cag)
EFM745_02539	gene	501				
EFM745_02539	CDS	501				hypothetical protein
EFM745_02540	gene	345				
EFM745_02540	CDS	345				hypothetical protein
EFM745_02541	gene	939				
EFM745_02541	CDS	939				hypothetical protein
EFM745_02542	gene	492				
EFM745_02542	CDS	492				hypothetical protein
EFM745_02543	gene	2376	dinG_2			
EFM745_02543	CDS	2376	dinG_2	3.1.-.-		3'-5' exonuclease DinG
EFM745_02544	gene	627				
EFM745_02544	CDS	627		3.-.-.-		putative metallo-hydrolase
EFM745_02545	gene	705	gpmA_3			
EFM745_02545	CDS	705	gpmA_3	5.4.2.11		2,3-bisphosphoglycerate-dependent phosphoglycerate mutase
EFM745_02546	gene	834	uppP			
EFM745_02546	CDS	834	uppP	3.6.1.27		Undecaprenyl-diphosphatase
EFM745_02547	gene	1929	zosA			
EFM745_02547	CDS	1929	zosA	3.6.3.-	COG2217	Zinc-transporting ATPase
EFM745_02548	gene	456				
EFM745_02548	CDS	456				hypothetical protein
EFM745_02549	gene	270				
EFM745_02549	CDS	270				hypothetical protein
EFM745_02550	gene	255	rpsT			
EFM745_02550	CDS	255	rpsT			30S ribosomal protein S20
EFM745_02551	gene	1047	yqeN			
EFM745_02551	CDS	1047	yqeN		COG1466	putative protein YqeN
EFM745_02552	gene	2274	comEC			
EFM745_02552	CDS	2274	comEC		COG0658	ComE operon protein 3
EFM745_02553	gene	540	tadA_2			
EFM745_02553	CDS	540	tadA_2	3.5.4.33		tRNA-specific adenosine deaminase
EFM745_02554	gene	219				
EFM745_02554	CDS	219				hypothetical protein
EFM745_02555	gene	246				
EFM745_02555	CDS	246				hypothetical protein
EFM745_02556	gene	618				
EFM745_02556	CDS	618				hypothetical protein
EFM745_02557	gene	1044	ylbL			
EFM745_02557	CDS	1044	ylbL		COG3480	putative protein YlbL
EFM745_02558	gene	492	coaD			
EFM745_02558	CDS	492	coaD	2.7.7.3	COG0669	Phosphopantetheine adenylyltransferase
EFM745_02559	gene	561	rsmD			
EFM745_02559	CDS	561	rsmD	2.1.1.171	COG0742	Ribosomal RNA small subunit methyltransferase D
EFM745_02560	gene	339				
EFM745_02560	CDS	339				hypothetical protein
EFM745_02561	gene	447				
EFM745_02561	CDS	447				hypothetical protein
EFM745_02562	gene	1125				
EFM745_02562	CDS	1125				hypothetical protein
EFM745_02563	gene	3429	pycA			
EFM745_02563	CDS	3429	pycA	6.4.1.1		Pyruvate carboxylase
EFM745_02564	gene	1164	ftsW_2			
EFM745_02564	CDS	1164	ftsW_2	2.4.1.129	COG0772	putative peptidoglycan glycosyltransferase FtsW
EFM745_02565	gene	303				
EFM745_02565	CDS	303				hypothetical protein
EFM745_02566	gene	1773	recQ_1			
EFM745_02566	CDS	1773	recQ_1	3.6.4.12	COG0514	ATP-dependent DNA helicase RecQ
EFM745_02567	gene	1830	typA			
EFM745_02567	CDS	1830	typA		COG1217	GTP-binding protein TypA/BipA
EFM745_02568	gene	759	cysQ			
EFM745_02568	CDS	759	cysQ	3.1.3.7		3'(2'),5'-bisphosphate nucleotidase CysQ
EFM745_02569	gene	276				
EFM745_02569	CDS	276				hypothetical protein
EFM745_02570	gene	1407	pdhD			
EFM745_02570	CDS	1407	pdhD	1.8.1.4		Dihydrolipoyl dehydrogenase
EFM745_02571	gene	1644				
EFM745_02571	CDS	1644				hypothetical protein
EFM745_02572	gene	978	pdhB			
EFM745_02572	CDS	978	pdhB	1.2.4.1		Pyruvate dehydrogenase E1 component subunit beta
EFM745_02573	gene	1110	pdhA			
EFM745_02573	CDS	1110	pdhA	1.2.4.1		Pyruvate dehydrogenase E1 component subunit alpha
EFM745_02574	gene	1425	norG			
EFM745_02574	CDS	1425	norG		COG1167	HTH-type transcriptional regulator NorG
EFM745_02575	gene	978	guaC			
EFM745_02575	CDS	978	guaC	1.7.1.7	COG0516	GMP reductase
EFM745_02576	gene	1206	xylH			
EFM745_02576	CDS	1206	xylH		COG4214	Xylose transport system permease protein XylH
EFM745_02577	gene	1527	xylG			
EFM745_02577	CDS	1527	xylG	7.5.2.10	COG1129	Xylose import ATP-binding protein XylG
EFM745_02578	gene	1089	chvE			
EFM745_02578	CDS	1089	chvE		COG4213	Multiple sugar-binding periplasmic receptor ChvE
EFM745_02579	gene	1017	ytfQ			
EFM745_02579	CDS	1017	ytfQ			ABC transporter periplasmic-binding protein YtfQ
EFM745_02580	gene	1452				
EFM745_02580	CDS	1452				hypothetical protein
EFM745_02581	gene	1566	rhaR_6			
EFM745_02581	CDS	1566	rhaR_6			HTH-type transcriptional activator RhaR
EFM745_02582	gene	915	ydhF			
EFM745_02582	CDS	915	ydhF	1.-.-.-	COG4989	Oxidoreductase YdhF
EFM745_02583	gene	1275	purD			
EFM745_02583	CDS	1275	purD	6.3.4.13	COG0151	Phosphoribosylamine--glycine ligase
EFM745_02584	gene	1536	purH			
EFM745_02584	CDS	1536	purH			Bifunctional purine biosynthesis protein PurH
EFM745_02585	gene	579	purN			
EFM745_02585	CDS	579	purN	2.1.2.2		Phosphoribosylglycinamide formyltransferase
EFM745_02586	gene	1053	purM			
EFM745_02586	CDS	1053	purM	6.3.3.1	COG0150	Phosphoribosylformylglycinamidine cyclo-ligase
EFM745_02587	gene	1440	purF			
EFM745_02587	CDS	1440	purF	2.4.2.14		Amidophosphoribosyltransferase
EFM745_02588	gene	2223	purL			
EFM745_02588	CDS	2223	purL	6.3.5.3	COG0046	Phosphoribosylformylglycinamidine synthase subunit PurL
EFM745_02589	gene	672	purQ			
EFM745_02589	CDS	672	purQ	6.3.5.3	COG0047	Phosphoribosylformylglycinamidine synthase subunit PurQ
EFM745_02590	gene	255	purS			
EFM745_02590	CDS	255	purS	6.3.5.3	COG1828	Phosphoribosylformylglycinamidine synthase subunit PurS
EFM745_02591	gene	729	purC			
EFM745_02591	CDS	729	purC	6.3.2.6	COG0152	Phosphoribosylaminoimidazole-succinocarboxamide synthase
EFM745_02592	gene	378				
EFM745_02592	CDS	378				hypothetical protein
EFM745_02593	gene	1296	purB			
EFM745_02593	CDS	1296	purB	4.3.2.2	COG0015	Adenylosuccinate lyase
EFM745_02594	gene	1125	purK			
EFM745_02594	CDS	1125	purK	6.3.4.18		N5-carboxyaminoimidazole ribonucleotide synthase
EFM745_02595	gene	489	purE			
EFM745_02595	CDS	489	purE	5.4.99.18	COG0041	N5-carboxyaminoimidazole ribonucleotide mutase
EFM745_02596	gene	1308				
EFM745_02596	CDS	1308				Nucleobase transporter PlUacP
EFM745_02597	gene	582	xpt			
EFM745_02597	CDS	582	xpt	2.4.2.22	COG0503	Xanthine phosphoribosyltransferase
EFM745_02598	gene	98				
EFM745_02598	misc_RNA	98				Purine
EFM745_02599	gene	1293	yteT			
EFM745_02599	CDS	1293	yteT	1.-.-.-	COG0673	Putative oxidoreductase YteT
EFM745_02600	gene	624				
EFM745_02600	CDS	624				hypothetical protein
EFM745_02601	gene	837	araQ_6			
EFM745_02601	CDS	837	araQ_6		COG0395	L-arabinose transport system permease protein AraQ
EFM745_02602	gene	888	lacF_5			
EFM745_02602	CDS	888	lacF_5			Lactose transport system permease protein LacF
EFM745_02603	gene	1284	yesO			
EFM745_02603	CDS	1284	yesO		COG1653	Putative ABC transporter substrate-binding protein YesO
EFM745_02604	gene	684				
EFM745_02604	CDS	684				hypothetical protein
EFM745_02605	gene	618	lytG			
EFM745_02605	CDS	618	lytG	3.2.1.-	COG1705	Exo-glucosaminidase LytG
EFM745_02606	gene	825				
EFM745_02606	CDS	825				hypothetical protein
EFM745_02607	gene	561				
EFM745_02607	CDS	561				hypothetical protein
EFM745_02608	gene	948	iolU_2			
EFM745_02608	CDS	948	iolU_2	1.1.1.371	COG0673	scyllo-inositol 2-dehydrogenase (NADP(+)) IolU
EFM745_02609	gene	957				
EFM745_02609	CDS	957				hypothetical protein
EFM745_02610	gene	603				
EFM745_02610	CDS	603				hypothetical protein
EFM745_02611	gene	1500	yqiK			
EFM745_02611	CDS	1500	yqiK		COG2268	Inner membrane protein YqiK
EFM745_02612	gene	525	yuaF			
EFM745_02612	CDS	525	yuaF			putative membrane protein YuaF
EFM745_02613	gene	873	dcuS_1			
EFM745_02613	CDS	873	dcuS_1	2.7.13.3	COG3290	Sensor histidine kinase DcuS
EFM745_02614	gene	786	dcuS_2			
EFM745_02614	CDS	786	dcuS_2	2.7.13.3	COG3290	Sensor histidine kinase DcuS
EFM745_02615	gene	717	dcuR			
EFM745_02615	CDS	717	dcuR		COG4565	Transcriptional regulatory protein DcuR
EFM745_02616	gene	1020	hgdH			
EFM745_02616	CDS	1020	hgdH	1.1.1.399	COG1052	(R)-2-hydroxyglutarate dehydrogenase
EFM745_02617	gene	1059				
EFM745_02617	CDS	1059				hypothetical protein
EFM745_02618	gene	1149	agaA_2			
EFM745_02618	CDS	1149	agaA_2	3.5.1.-	COG1820	N-acetylgalactosamine-6-phosphate deacetylase
EFM745_02619	gene	837				
EFM745_02619	CDS	837				hypothetical protein
EFM745_02620	gene	1221	alaA			
EFM745_02620	CDS	1221	alaA	2.6.1.2	COG0436	Glutamate-pyruvate aminotransferase AlaA
EFM745_02621	gene	162				
EFM745_02621	CDS	162				hypothetical protein
EFM745_02622	gene	85				
EFM745_02622	tRNA	85				tRNA-Leu(gag)
EFM745_02623	gene	579				
EFM745_02623	CDS	579				hypothetical protein
EFM745_02624	gene	387				
EFM745_02624	CDS	387				hypothetical protein
EFM745_02625	gene	1179				
EFM745_02625	CDS	1179				IS256 family transposase ISEf1
EFM745_02626	gene	327				
EFM745_02626	CDS	327				hypothetical protein
EFM745_02627	gene	243	fosX			
EFM745_02627	CDS	243	fosX		COG0346	Fosfomycin resistance protein FosX
EFM745_02628	gene	291				
EFM745_02628	CDS	291				hypothetical protein
EFM745_02629	gene	693	smc_3			
EFM745_02629	CDS	693	smc_3			Chromosome partition protein Smc
EFM745_02630	gene	624				
EFM745_02630	CDS	624				hypothetical protein
EFM745_02631	gene	723	ycfH			
EFM745_02631	CDS	723	ycfH	3.1.-.-	COG0084	putative metal-dependent hydrolase YcfH
EFM745_02632	gene	738	ssuB			
EFM745_02632	CDS	738	ssuB	3.6.3.-	COG1116	Aliphatic sulfonates import ATP-binding protein SsuB
EFM745_02633	gene	993	thiY			
EFM745_02633	CDS	993	thiY		COG0715	Formylaminopyrimidine-binding protein
EFM745_02634	gene	744	ribX			
EFM745_02634	CDS	744	ribX			Riboflavin transport system permease protein RibX
EFM745_02635	gene	105				
EFM745_02635	misc_RNA	105				TPP
EFM745_02636	gene	1323	garB			
EFM745_02636	CDS	1323	garB	1.8.1.16		Glutathione amide reductase
EFM745_02637	gene	309				
EFM745_02637	CDS	309				hypothetical protein
EFM745_02638	gene	693	opuCA_2			
EFM745_02638	CDS	693	opuCA_2	7.6.2.9	COG1125	Carnitine transport ATP-binding protein OpuCA
EFM745_02639	gene	1539				
EFM745_02639	CDS	1539				hypothetical protein
EFM745_02640	gene	288				
EFM745_02640	CDS	288				hypothetical protein
EFM745_02641	gene	669				
EFM745_02641	CDS	669				hypothetical protein
EFM745_02642	gene	741				
EFM745_02642	CDS	741				hypothetical protein
EFM745_02643	gene	948	exuR_2			
EFM745_02643	CDS	948	exuR_2		COG1609	putative HTH-type transcriptional repressor ExuR
EFM745_02644	gene	765				
EFM745_02644	CDS	765				hypothetical protein
EFM745_02645	gene	390				
EFM745_02645	CDS	390				hypothetical protein
EFM745_02646	gene	543				
EFM745_02646	CDS	543				hypothetical protein
EFM745_02647	gene	615				
EFM745_02647	CDS	615				hypothetical protein
EFM745_02648	gene	894				
EFM745_02648	CDS	894				hypothetical protein
EFM745_02649	gene	927	ppaC			
EFM745_02649	CDS	927	ppaC	3.6.1.1	COG1227	putative manganese-dependent inorganic pyrophosphatase
EFM745_02650	gene	762	pflA			
EFM745_02650	CDS	762	pflA	1.97.1.4		Pyruvate formate-lyase-activating enzyme
EFM745_02651	gene	2232	pflB			
EFM745_02651	CDS	2232	pflB	2.3.1.54		Formate acetyltransferase
EFM745_02652	gene	2451	parC			
EFM745_02652	CDS	2451	parC	5.6.2.2	COG0188	DNA topoisomerase 4 subunit A
EFM745_02653	gene	2046	parE			
EFM745_02653	CDS	2046	parE	5.6.2.2	COG0187	DNA topoisomerase 4 subunit B
EFM745_02654	gene	435	yccU			
EFM745_02654	CDS	435	yccU		COG1832	putative protein YccU
EFM745_02655	gene	639	plsY			
EFM745_02655	CDS	639	plsY	2.3.1.275	COG0344	Glycerol-3-phosphate acyltransferase
EFM745_02656	gene	876	lacX			
EFM745_02656	CDS	876	lacX			Protein LacX, plasmid
EFM745_02657	gene	792	codY			
EFM745_02657	CDS	792	codY		COG4465	GTP-sensing transcriptional pleiotropic repressor CodY
EFM745_02658	gene	1401	clpY			
EFM745_02658	CDS	1401	clpY		COG1220	ATP-dependent protease ATPase subunit ClpY
EFM745_02659	gene	549	hslV			
EFM745_02659	CDS	549	hslV	3.4.25.2	COG5405	ATP-dependent protease subunit HslV
EFM745_02660	gene	906	xerC_11			
EFM745_02660	CDS	906	xerC_11		COG4974	Tyrosine recombinase XerC
EFM745_02661	gene	1326	trmFO			
EFM745_02661	CDS	1326	trmFO	2.1.1.74	COG1206	Methylenetetrahydrofolate--tRNA-(uracil-5-)-methyltransferase TrmFO
EFM745_02662	gene	2079	topA			
EFM745_02662	CDS	2079	topA	5.6.2.1		DNA topoisomerase 1
EFM745_02663	gene	858	dprA			
EFM745_02663	CDS	858	dprA		COG0758	DNA processing protein DprA
EFM745_02664	gene	768	rnhB			
EFM745_02664	CDS	768	rnhB	3.1.26.4	COG0164	Ribonuclease HII
EFM745_02665	gene	861	rbgA			
EFM745_02665	CDS	861	rbgA		COG1161	Ribosome biogenesis GTPase A
EFM745_02666	gene	399				
EFM745_02666	CDS	399				hypothetical protein
EFM745_02667	gene	543	folT_2			
EFM745_02667	CDS	543	folT_2			Folate transporter FolT
EFM745_02668	gene	552	sipV			
EFM745_02668	CDS	552	sipV	3.4.21.89	COG0681	Signal peptidase I V
EFM745_02669	gene	228				
EFM745_02669	CDS	228				hypothetical protein
EFM745_02670	gene	519	msrA_2			
EFM745_02670	CDS	519	msrA_2	1.8.4.11	COG0225	Peptide methionine sulfoxide reductase MsrA
EFM745_02671	gene	714				
EFM745_02671	CDS	714				hypothetical protein
EFM745_02672	gene	897				
EFM745_02672	CDS	897				hypothetical protein
EFM745_02673	gene	843				
EFM745_02673	CDS	843			COG1307	DegV domain-containing protein
EFM745_02674	gene	654				
EFM745_02674	CDS	654				hypothetical protein
EFM745_02675	gene	528	folA_2			
EFM745_02675	CDS	528	folA_2	1.5.1.3		Dihydrofolate reductase
EFM745_02676	gene	948	thyA			
EFM745_02676	CDS	948	thyA	2.1.1.45	COG0207	Thymidylate synthase
EFM745_02677	gene	1887	ettA			
EFM745_02677	CDS	1887	ettA		COG0488	Energy-dependent translational throttle protein EttA
EFM745_02678	gene	2079				
EFM745_02678	CDS	2079				hypothetical protein
EFM745_02679	gene	276				
EFM745_02679	CDS	276				hypothetical protein
EFM745_02680	gene	456				
EFM745_02680	CDS	456				hypothetical protein
EFM745_02681	gene	1209	cca			
EFM745_02681	CDS	1209	cca	2.7.7.72		CCA-adding enzyme
EFM745_02682	gene	333	ypjD			
EFM745_02682	CDS	333	ypjD		COG1694	putative protein YpjD
EFM745_02683	gene	876				
EFM745_02683	CDS	876				hypothetical protein
EFM745_02684	gene	582				
EFM745_02684	CDS	582				hypothetical protein
EFM745_02685	gene	1260	bepA			
EFM745_02685	CDS	1260	bepA	3.4.-.-		Beta-barrel assembly-enhancing protease
EFM745_02686	gene	1047				
EFM745_02686	CDS	1047				hypothetical protein
EFM745_02687	gene	276	hupA			
EFM745_02687	CDS	276	hupA		COG0776	DNA-binding protein HU 1
EFM745_02688	gene	1311	der			
EFM745_02688	CDS	1311	der		COG1160	GTPase Der
EFM745_02689	gene	1230	ypfD			
EFM745_02689	CDS	1230	ypfD		COG0539	30S ribosomal protein S1 
EFM745_02690	gene	681	cmk			
EFM745_02690	CDS	681	cmk	2.7.4.25	COG0283	Cytidylate kinase
EFM745_02691	gene	636				
EFM745_02691	CDS	636				hypothetical protein
EFM745_02692	gene	1404	recQ_2			
EFM745_02692	CDS	1404	recQ_2	3.6.4.12	COG0514	ATP-dependent DNA helicase RecQ
EFM745_02693	gene	1032				
EFM745_02693	CDS	1032				hypothetical protein
EFM745_02694	gene	222				
EFM745_02694	CDS	222				hypothetical protein
EFM745_02695	gene	738				
EFM745_02695	CDS	738				hypothetical protein
EFM745_02696	gene	1341				
EFM745_02696	CDS	1341		3.4.13.-		Putative dipeptidase
EFM745_02697	gene	1524				
EFM745_02697	CDS	1524				hypothetical protein
EFM745_02698	gene	612	fmnP			
EFM745_02698	CDS	612	fmnP		COG3601	Riboflavin transporter FmnP
EFM745_02699	gene	126				
EFM745_02699	misc_RNA	126				FMN
EFM745_02700	gene	717	rluB_2			
EFM745_02700	CDS	717	rluB_2	5.4.99.22	COG1187	Ribosomal large subunit pseudouridine synthase B
EFM745_02701	gene	570	scpB			
EFM745_02701	CDS	570	scpB			Segregation and condensation protein B
EFM745_02702	gene	798	scpA			
EFM745_02702	CDS	798	scpA		COG1354	Segregation and condensation protein A
EFM745_02703	gene	372	ribT			
EFM745_02703	CDS	372	ribT	2.3.1.-		Protein RibT
EFM745_02704	gene	888	xerD			
EFM745_02704	CDS	888	xerD			Tyrosine recombinase XerD
EFM745_02705	gene	171				
EFM745_02705	CDS	171				hypothetical protein
EFM745_02706	gene	468	fur			
EFM745_02706	CDS	468	fur		COG0735	Ferric uptake regulation protein
EFM745_02707	gene	864	cvfB			
EFM745_02707	CDS	864	cvfB			Conserved virulence factor B
EFM745_02708	gene	2103	mapZ			
EFM745_02708	CDS	2103	mapZ			Mid-cell-anchored protein Z
EFM745_02709	gene	1296				
EFM745_02709	CDS	1296				ISL3 family transposase ISEfa11
EFM745_02710	gene	1110	sigA			
EFM745_02710	CDS	1110	sigA		COG0568	RNA polymerase sigma factor SigA
EFM745_02711	gene	1842	dnaG			
EFM745_02711	CDS	1842	dnaG	2.7.7.-	COG0358	DNA primase
EFM745_02712	gene	2316	ctpE_2			
EFM745_02712	CDS	2316	ctpE_2	7.2.2.10	COG0474	Calcium-transporting ATPase CtpE
EFM745_02713	gene	861				
EFM745_02713	CDS	861				hypothetical protein
EFM745_02714	gene	342				
EFM745_02714	CDS	342				hypothetical protein
EFM745_02715	gene	720	ydjP			
EFM745_02715	CDS	720	ydjP	3.-.-.-	COG0596	AB hydrolase superfamily protein YdjP
EFM745_02716	gene	2592	mprF_2			
EFM745_02716	CDS	2592	mprF_2	2.3.2.3		Phosphatidylglycerol lysyltransferase
EFM745_02717	gene	1188	tuf_2			
EFM745_02717	CDS	1188	tuf_2			Elongation factor Tu
EFM745_02718	gene	357				
EFM745_02718	CDS	357				hypothetical protein
EFM745_02719	gene	1005				
EFM745_02719	CDS	1005				hypothetical protein
EFM745_02720	gene	852	yvgN			
EFM745_02720	CDS	852	yvgN	1.1.1.-	COG0656	Glyoxal reductase
EFM745_02721	gene	246				
EFM745_02721	CDS	246				hypothetical protein
EFM745_02722	gene	705				
EFM745_02722	CDS	705				hypothetical protein
EFM745_02723	gene	1263	mvaA			
EFM745_02723	CDS	1263	mvaA	1.1.1.88		3-hydroxy-3-methylglutaryl-coenzyme A reductase
EFM745_02724	gene	1221	thlA			
EFM745_02724	CDS	1221	thlA	2.3.1.9	COG0183	Acetyl-CoA acetyltransferase
EFM745_02725	gene	1155	mvaS			
EFM745_02725	CDS	1155	mvaS	2.3.3.10	COG3425	Hydroxymethylglutaryl-CoA synthase
EFM745_02726	gene	753				
EFM745_02726	CDS	753				hypothetical protein
EFM745_02727	gene	2667				
EFM745_02727	CDS	2667		7.2.2.10	COG0474	Calcium-transporting ATPase
EFM745_02728	gene	1452	clsA_2			
EFM745_02728	CDS	1452	clsA_2	2.7.8.-	COG1502	Major cardiolipin synthase ClsA
EFM745_02729	gene	816	thiD			
EFM745_02729	CDS	816	thiD	2.7.1.49		Hydroxymethylpyrimidine/phosphomethylpyrimidine kinase
EFM745_02730	gene	276				
EFM745_02730	CDS	276				hypothetical protein
EFM745_02731	gene	456	spxA_5			
EFM745_02731	CDS	456	spxA_5		COG1393	Regulatory protein Spx
EFM745_02732	gene	750				
EFM745_02732	CDS	750				hypothetical protein
EFM745_02733	gene	327				
EFM745_02733	CDS	327				hypothetical protein
EFM745_02734	gene	441				
EFM745_02734	CDS	441				Putative universal stress protein
EFM745_02735	gene	1398	gmuD_2			
EFM745_02735	CDS	1398	gmuD_2	3.2.1.86	COG2723	6-phospho-beta-glucosidase GmuD
EFM745_02736	gene	1272	gmuC_2			
EFM745_02736	CDS	1272	gmuC_2		COG1455	PTS system oligo-beta-mannoside-specific EIIC component
EFM745_02737	gene	720	gmuR			
EFM745_02737	CDS	720	gmuR		COG2188	HTH-type transcriptional regulator GmuR
EFM745_02738	gene	975	mhqA			
EFM745_02738	CDS	975	mhqA	1.13.11.-	COG0346	Putative ring-cleaving dioxygenase MhqA
EFM745_02739	gene	606	mhqD			
EFM745_02739	CDS	606	mhqD	3.1.-.-	COG0400	Putative hydrolase MhqD
EFM745_02740	gene	753	mtnB			
EFM745_02740	CDS	753	mtnB	4.2.1.109		Methylthioribulose-1-phosphate dehydratase
EFM745_02741	gene	261				
EFM745_02741	CDS	261				hypothetical protein
EFM745_02742	gene	1362	gatC_2			
EFM745_02742	CDS	1362	gatC_2		COG3775	PTS system galactitol-specific EIIC component
EFM745_02743	gene	300				
EFM745_02743	CDS	300				hypothetical protein
EFM745_02744	gene	459	gatA_2			
EFM745_02744	CDS	459	gatA_2		COG1762	PTS system galactitol-specific EIIA component
EFM745_02745	gene	792	lacR_2			
EFM745_02745	CDS	792	lacR_2			Lactose phosphotransferase system repressor
EFM745_02746	gene	954	lacC_2			
EFM745_02746	CDS	954	lacC_2	2.7.1.144	COG1105	Tagatose-6-phosphate kinase
EFM745_02747	gene	975				
EFM745_02747	CDS	975			COG1073	putative protein
EFM745_02748	gene	435				
EFM745_02748	CDS	435			COG0789	putative HTH-type transcriptional regulator
EFM745_02749	gene	1023				
EFM745_02749	CDS	1023				hypothetical protein
EFM745_02750	gene	423	arsC			
EFM745_02750	CDS	423	arsC	1.20.4.4	COG0394	Arsenate reductase
EFM745_02751	gene	1923	manR_2			
EFM745_02751	CDS	1923	manR_2		COG1762	Transcriptional regulator ManR
EFM745_02752	gene	1941	manP			
EFM745_02752	CDS	1941	manP		COG1299	PTS system mannose-specific EIIBCA component
EFM745_02753	gene	741	dgaF			
EFM745_02753	CDS	741	dgaF	4.1.2.14		2-dehydro-3-deoxy-phosphogluconate aldolase
EFM745_02754	gene	1092	dgaE			
EFM745_02754	CDS	1092	dgaE	4.3.1.29		D-glucosaminate-6-phosphate ammonia lyase
EFM745_02755	gene	1107				
EFM745_02755	CDS	1107		3.1.1.-	COG3964	Deacetylase
EFM745_02756	gene	678				
EFM745_02756	CDS	678				hypothetical protein
EFM745_02757	gene	780				
EFM745_02757	CDS	780				hypothetical protein
EFM745_02758	gene	351				
EFM745_02758	CDS	351				hypothetical protein
EFM745_02759	gene	357				
EFM745_02759	CDS	357				hypothetical protein
EFM745_02760	gene	1251				
EFM745_02760	CDS	1251				IS110 family transposase ISSpn10
EFM745_02761	gene	333				
EFM745_02761	CDS	333				hypothetical protein
EFM745_02762	gene	1863				
EFM745_02762	CDS	1863				hypothetical protein
EFM745_02763	gene	954				
EFM745_02763	CDS	954			COG2826	IS30 family transposase IS1252
EFM745_02764	gene	195				
EFM745_02764	CDS	195				hypothetical protein
EFM745_02765	gene	300				
EFM745_02765	CDS	300				hypothetical protein
EFM745_02766	gene	435				
EFM745_02766	CDS	435				hypothetical protein
EFM745_02767	gene	711	araD			
EFM745_02767	CDS	711	araD	5.1.3.4	COG0235	L-ribulose-5-phosphate 4-epimerase AraD
EFM745_02768	gene	861	ulaE			
EFM745_02768	CDS	861	ulaE	5.1.3.22	COG3623	L-ribulose-5-phosphate 3-epimerase UlaE
EFM745_02769	gene	639	sgbH			
EFM745_02769	CDS	639	sgbH	4.1.1.85	COG0269	3-keto-L-gulonate-6-phosphate decarboxylase SgbH
EFM745_02770	gene	300				
EFM745_02770	CDS	300				hypothetical protein
EFM745_02771	gene	1485	ulaA_2			
EFM745_02771	CDS	1485	ulaA_2		COG3037	Ascorbate-specific PTS system EIIC component
EFM745_02772	gene	462				
EFM745_02772	CDS	462				hypothetical protein
EFM745_02773	gene	1068	ulaG			
EFM745_02773	CDS	1068	ulaG	3.1.1.-	COG2220	putative L-ascorbate-6-phosphate lactonase UlaG
EFM745_02774	gene	771	srlR			
EFM745_02774	CDS	771	srlR		COG1349	Glucitol operon repressor
EFM745_02775	gene	828				
EFM745_02775	CDS	828				hypothetical protein
EFM745_02776	gene	1236				
EFM745_02776	CDS	1236				hypothetical protein
EFM745_02777	gene	261				
EFM745_02777	CDS	261				hypothetical protein
EFM745_02778	gene	1302	licC_3			
EFM745_02778	CDS	1302	licC_3		COG1455	Lichenan permease IIC component
EFM745_02779	gene	459	ptsG_4			
EFM745_02779	CDS	459	ptsG_4	2.7.1.199		PTS system glucose-specific EIICBA component
EFM745_02780	gene	1329	malH_2			
EFM745_02780	CDS	1329	malH_2	3.2.1.122	COG1486	Maltose-6'-phosphate glucosidase MalH
EFM745_02781	gene	1413	gamP_2			
EFM745_02781	CDS	1413	gamP_2		COG2190	Putative PTS system glucosamine-specific EIICBA component
EFM745_02782	gene	765				
EFM745_02782	CDS	765		3.5.1.-	COG3394	Carbohydrate deacetylase
EFM745_02783	gene	876	licT_4			
EFM745_02783	CDS	876	licT_4		COG3711	Transcription antiterminator LicT
EFM745_02784	gene	87				
EFM745_02784	tRNA	87				tRNA-Leu(caa)
EFM745_02785	gene	74				
EFM745_02785	tRNA	74				tRNA-Gln(ttg)
EFM745_02786	gene	74				
EFM745_02786	tRNA	74				tRNA-His(gtg)
EFM745_02787	gene	87				
EFM745_02787	tRNA	87				tRNA-Leu(caa)
EFM745_02788	gene	71				
EFM745_02788	tRNA	71				tRNA-Cys(gca)
EFM745_02789	gene	74				
EFM745_02789	tRNA	74				tRNA-Gln(ttg)
EFM745_02790	gene	74				
EFM745_02790	tRNA	74				tRNA-His(gtg)
EFM745_02791	gene	74				
EFM745_02791	tRNA	74				tRNA-Trp(cca)
EFM745_02792	gene	83				
EFM745_02792	tRNA	83				tRNA-Tyr(gta)
EFM745_02793	gene	76				
EFM745_02793	tRNA	76				tRNA-Phe(gaa)
EFM745_02794	gene	76				
EFM745_02794	tRNA	76				tRNA-Asp(gtc)
EFM745_02795	gene	75				
EFM745_02795	tRNA	75				tRNA-Val(tac)
EFM745_02796	gene	74				
EFM745_02796	tRNA	74				tRNA-Glu(ttc)
EFM745_02797	gene	92				
EFM745_02797	tRNA	92				tRNA-Ser(gga)
EFM745_02798	gene	76				
EFM745_02798	tRNA	76				tRNA-Asn(gtt)
EFM745_02799	gene	705				
EFM745_02799	CDS	705				ISL3 family transposase ISEfa5
EFM745_02800	gene	1296				
EFM745_02800	CDS	1296				ISL3 family transposase ISEfa5
EFM745_02801	gene	1041				
EFM745_02801	CDS	1041				hypothetical protein
EFM745_02802	gene	333				
EFM745_02802	CDS	333				hypothetical protein
EFM745_02803	gene	156				
EFM745_02803	CDS	156				hypothetical protein
EFM745_02804	gene	123				
EFM745_02804	CDS	123				hypothetical protein
EFM745_02805	gene	240				
EFM745_02805	CDS	240				hypothetical protein
EFM745_02806	gene	690				
EFM745_02806	CDS	690				hypothetical protein
EFM745_02807	gene	1074				
EFM745_02807	CDS	1074				hypothetical protein
EFM745_02808	gene	675				
EFM745_02808	CDS	675				hypothetical protein
EFM745_02809	gene	1977				
EFM745_02809	CDS	1977				hypothetical protein
EFM745_02810	gene	753	srtA			
EFM745_02810	CDS	753	srtA	3.4.22.-		Sortase A
EFM745_02811	gene	756				
EFM745_02811	CDS	756				hypothetical protein
EFM745_02812	gene	261				
EFM745_02812	CDS	261				hypothetical protein
EFM745_02813	gene	2091				
EFM745_02813	CDS	2091				hypothetical protein
EFM745_02814	gene	435				
EFM745_02814	CDS	435				hypothetical protein
EFM745_02815	gene	243				
EFM745_02815	CDS	243				hypothetical protein
EFM745_02816	gene	303				
EFM745_02816	CDS	303				hypothetical protein
EFM745_02817	gene	2064				
EFM745_02817	CDS	2064				hypothetical protein
EFM745_02818	gene	1830				
EFM745_02818	CDS	1830				hypothetical protein
EFM745_02819	gene	212				
EFM745_02819	misc_RNA	212				group-II-D1D4-5
EFM745_02820	gene	1899				
EFM745_02820	CDS	1899				hypothetical protein
EFM745_02821	gene	85				
EFM745_02821	misc_RNA	85				Intron_gpII
EFM745_02822	gene	792				
EFM745_02822	CDS	792				hypothetical protein
EFM745_02823	gene	2373				
EFM745_02823	CDS	2373				hypothetical protein
EFM745_02824	gene	333				
EFM745_02824	CDS	333				hypothetical protein
EFM745_02825	gene	594				
EFM745_02825	CDS	594				hypothetical protein
EFM745_02826	gene	153				
EFM745_02826	CDS	153				hypothetical protein
EFM745_02827	gene	2025				
EFM745_02827	CDS	2025				hypothetical protein
EFM745_02828	gene	1206				
EFM745_02828	CDS	1206				hypothetical protein
EFM745_02829	gene	645				
EFM745_02829	CDS	645				hypothetical protein
EFM745_02830	gene	807				
EFM745_02830	CDS	807				hypothetical protein
EFM745_02831	gene	135				
EFM745_02831	CDS	135				hypothetical protein
EFM745_02832	gene	1074				
EFM745_02832	CDS	1074				hypothetical protein
EFM745_02833	gene	270				
EFM745_02833	CDS	270				hypothetical protein
EFM745_02834	gene	297				
EFM745_02834	CDS	297				hypothetical protein
EFM745_02835	gene	423				
EFM745_02835	CDS	423				hypothetical protein
EFM745_02836	gene	1593				
EFM745_02836	CDS	1593				hypothetical protein
EFM745_02837	gene	336				
EFM745_02837	CDS	336				hypothetical protein
EFM745_02838	gene	195				
EFM745_02838	CDS	195				hypothetical protein
EFM745_02839	gene	1251				
EFM745_02839	CDS	1251				IS110 family transposase ISSpn10
EFM745_02840	gene	2373				
EFM745_02840	CDS	2373				hypothetical protein
EFM745_02841	gene	1470				
EFM745_02841	CDS	1470				hypothetical protein
EFM745_02842	gene	2010	topB_3			
EFM745_02842	CDS	2010	topB_3	5.6.2.1	COG0550	DNA topoisomerase 3
EFM745_02843	gene	150				
EFM745_02843	CDS	150				hypothetical protein
EFM745_02844	gene	597				
EFM745_02844	CDS	597				hypothetical protein
EFM745_02845	gene	900				
EFM745_02845	CDS	900				hypothetical protein
EFM745_02846	gene	132	ssbA			
EFM745_02846	CDS	132	ssbA		COG0629	Single-stranded DNA-binding protein A
EFM745_02847	gene	306	ssb_2			
EFM745_02847	CDS	306	ssb_2		COG0629	Single-stranded DNA-binding protein
EFM745_02848	gene	258				
EFM745_02848	CDS	258				hypothetical protein
EFM745_02849	gene	89				
EFM745_02849	misc_RNA	89				RatA
EFM745_02850	gene	183				
EFM745_02850	misc_RNA	183				rli28
EFM745_02851	gene	207				
EFM745_02851	CDS	207				hypothetical protein
EFM745_02852	gene	252				
EFM745_02852	CDS	252				hypothetical protein
EFM745_02853	gene	156				
EFM745_02853	CDS	156				hypothetical protein
EFM745_02854	gene	273				
EFM745_02854	CDS	273				hypothetical protein
EFM745_02855	gene	180				
EFM745_02855	CDS	180				hypothetical protein
EFM745_02856	gene	357				
EFM745_02856	CDS	357				hypothetical protein
EFM745_02857	gene	282				
EFM745_02857	CDS	282				hypothetical protein
EFM745_02858	gene	954				
EFM745_02858	CDS	954			COG2826	IS30 family transposase IS1252
EFM745_02859	gene	264				
EFM745_02859	CDS	264				hypothetical protein
EFM745_02860	gene	291				
EFM745_02860	CDS	291				hypothetical protein
EFM745_02861	gene	1179				
EFM745_02861	CDS	1179				IS256 family transposase ISEf1
EFM745_02862	gene	1947	manR_3			
EFM745_02862	CDS	1947	manR_3		COG1762	Transcriptional regulator ManR
EFM745_02863	gene	456				
EFM745_02863	CDS	456				hypothetical protein
EFM745_02864	gene	1329	gatC_3			
EFM745_02864	CDS	1329	gatC_3		COG3775	PTS system galactitol-specific EIIC component
EFM745_02865	gene	285				
EFM745_02865	CDS	285				hypothetical protein
EFM745_02866	gene	516				
EFM745_02866	CDS	516				hypothetical protein
EFM745_02867	gene	663	rpe_2			
EFM745_02867	CDS	663	rpe_2	5.1.3.1		Ribulose-phosphate 3-epimerase
EFM745_02868	gene	573	hxlB			
EFM745_02868	CDS	573	hxlB	5.3.1.27	COG0794	3-hexulose-6-phosphate isomerase
EFM745_02869	gene	1521				
EFM745_02869	CDS	1521				IS66 family transposase ISCth11
EFM745_02870	gene	180				
EFM745_02870	CDS	180				hypothetical protein
EFM745_02871	gene	183				
EFM745_02871	CDS	183				hypothetical protein
EFM745_02872	gene	600	xerC_12			
EFM745_02872	CDS	600	xerC_12			Tyrosine recombinase XerC
EFM745_02873	gene	600				
EFM745_02873	CDS	600				hypothetical protein
EFM745_02874	gene	420				
EFM745_02874	CDS	420				IS6 family transposase IS1216V
EFM745_02875	gene	285				
EFM745_02875	CDS	285				hypothetical protein
EFM745_02876	gene	873	gmuE_5			
EFM745_02876	CDS	873	gmuE_5	2.7.1.4	COG1940	Putative fructokinase
EFM745_02877	gene	1173				
EFM745_02877	CDS	1173				IS256 family transposase IS256
EFM745_02878	gene	1947				
EFM745_02878	CDS	1947				hypothetical protein
EFM745_02879	gene	1440	scrB_1			
EFM745_02879	CDS	1440	scrB_1	3.2.1.26		Sucrose-6-phosphate hydrolase
EFM745_02880	gene	963	degA_4			
EFM745_02880	CDS	963	degA_4		COG1609	HTH-type transcriptional regulator DegA
EFM745_02881	gene	804				
EFM745_02881	CDS	804				IS3 family transposase ISEfa10
EFM745_02882	gene	582				
EFM745_02882	CDS	582				IS3 family transposase ISEfa10
EFM745_02883	gene	456				
EFM745_02883	CDS	456				IS200/IS605 family transposase ISAac3
EFM745_02884	gene	234				
EFM745_02884	CDS	234				hypothetical protein
EFM745_02885	gene	1320				
EFM745_02885	CDS	1320				IS1380 family transposase IS1678
EFM745_02886	gene	219				
EFM745_02886	CDS	219				hypothetical protein
EFM745_02887	gene	819	rpiR			
EFM745_02887	CDS	819	rpiR		COG1737	HTH-type transcriptional regulator RpiR
EFM745_02888	gene	690	nanE_2			
EFM745_02888	CDS	690	nanE_2	5.1.3.9	COG3010	Putative N-acetylmannosamine-6-phosphate 2-epimerase
EFM745_02889	gene	1503	glcB			
EFM745_02889	CDS	1503	glcB		COG2190	PTS system glucoside-specific EIICBA component
EFM745_02890	gene	1251				
EFM745_02890	CDS	1251				IS110 family transposase ISSpn10
EFM745_02891	gene	477				
EFM745_02891	CDS	477				hypothetical protein
EFM745_02892	gene	837				
EFM745_02892	CDS	837				IS3 family transposase IS1485
EFM745_02893	gene	519				
EFM745_02893	CDS	519				hypothetical protein
EFM745_02894	gene	216				
EFM745_02894	misc_RNA	216				SpF66_sRNA
EFM745_02895	gene	1086	xerS			
EFM745_02895	CDS	1086	xerS		COG0582	Tyrosine recombinase XerS
EFM745_02896	gene	954				
EFM745_02896	CDS	954			COG2826	IS30 family transposase IS1252
EFM745_02897	gene	1251	licC_4			
EFM745_02897	CDS	1251	licC_4		COG1455	Lichenan permease IIC component
EFM745_02898	gene	927				
EFM745_02898	CDS	927				hypothetical protein
EFM745_02899	gene	996	lacD			
EFM745_02899	CDS	996	lacD	4.1.2.40		Tagatose 1,6-diphosphate aldolase
EFM745_02900	gene	1170	agaS			
EFM745_02900	CDS	1170	agaS	3.5.99.-	COG2222	D-galactosamine-6-phosphate deaminase AgaS
EFM745_02901	gene	735	nagR_2			
EFM745_02901	CDS	735	nagR_2		COG2188	HTH-type transcriptional repressor NagR
EFM745_02902	gene	837				
EFM745_02902	CDS	837				IS3 family transposase IS1485
EFM745_02903	gene	1428				
EFM745_02903	CDS	1428				IS1182 family transposase ISEfa12
EFM745_02904	gene	405				
EFM745_02904	CDS	405				hypothetical protein
EFM745_02905	gene	1149				
EFM745_02905	CDS	1149				IS200/IS605 family transposase ISEfa4
EFM745_02906	gene	1386	treP_2			
EFM745_02906	CDS	1386	treP_2		COG1263	PTS system trehalose-specific EIIBC component
EFM745_02907	gene	1341	scrB_2			
EFM745_02907	CDS	1341	scrB_2	3.2.1.26	COG1621	Sucrose-6-phosphate hydrolase
EFM745_02908	gene	855	rhaS_3			
EFM745_02908	CDS	855	rhaS_3			HTH-type transcriptional activator RhaS
EFM745_02909	gene	2193	agaA_3			
EFM745_02909	CDS	2193	agaA_3	3.2.1.22		Alpha-galactosidase AgaA
EFM745_02910	gene	456	crr			
EFM745_02910	CDS	456	crr			PTS system glucose-specific EIIA component
EFM745_02911	gene	837				
EFM745_02911	CDS	837				IS3 family transposase IS1485
EFM745_02912	gene	291				
EFM745_02912	CDS	291				IS3 family transposase IS1485
EFM745_02913	gene	537				
EFM745_02913	CDS	537				hypothetical protein
EFM745_02914	gene	807				
EFM745_02914	CDS	807				IS3 family transposase ISEnfa3
EFM745_02915	gene	864				
EFM745_02915	CDS	864				IS256 family transposase ISBsu2
EFM745_02916	gene	378				
EFM745_02916	CDS	378				IS256 family transposase ISBsu2
EFM745_02917	gene	1296				
EFM745_02917	CDS	1296				ISL3 family transposase ISEfa5
EFM745_02918	gene	405				
EFM745_02918	CDS	405				hypothetical protein
EFM745_02919	gene	1149				
EFM745_02919	CDS	1149				IS200/IS605 family transposase ISEfa4
EFM745_02920	gene	261				
EFM745_02920	CDS	261				hypothetical protein
EFM745_02921	gene	1179				
EFM745_02921	CDS	1179				IS256 family transposase ISEf1
EFM745_02922	gene	1320				
EFM745_02922	CDS	1320				hypothetical protein
EFM745_02923	gene	654	qseB			
EFM745_02923	CDS	654	qseB			Transcriptional regulatory protein QseB
EFM745_02924	gene	1275				
EFM745_02924	CDS	1275				ISL3 family transposase IS1476
EFM745_02925	gene	1614	guaA_2			
EFM745_02925	CDS	1614	guaA_2	6.3.5.2		GMP synthase [glutamine-hydrolyzing]
EFM745_02926	gene	133				
EFM745_02926	misc_RNA	133				rli38
EFM745_02927	gene	933				
EFM745_02927	CDS	933				hypothetical protein
EFM745_02928	gene	1662				
EFM745_02928	CDS	1662				hypothetical protein
EFM745_02929	gene	2982	ebgA			
EFM745_02929	CDS	2982	ebgA	3.2.1.23	COG3250	Evolved beta-galactosidase subunit alpha
EFM745_02930	gene	1914				
EFM745_02930	CDS	1914				hypothetical protein
EFM745_02931	gene	612				
EFM745_02931	CDS	612				hypothetical protein
EFM745_02932	gene	1473				
EFM745_02932	CDS	1473				hypothetical protein
EFM745_02933	gene	912	araQ_7			
EFM745_02933	CDS	912	araQ_7		COG0395	L-arabinose transport system permease protein AraQ
EFM745_02934	gene	939	yteP_3			
EFM745_02934	CDS	939	yteP_3		COG4209	putative multiple-sugar transport system permease YteP
EFM745_02935	gene	1575				
EFM745_02935	CDS	1575				hypothetical protein
EFM745_02936	gene	729				
EFM745_02936	CDS	729			COG4753	putative response regulatory protein
EFM745_02937	gene	1275				
EFM745_02937	CDS	1275				ISL3 family transposase IS1476
EFM745_02938	gene	1032	btuD_5			
EFM745_02938	CDS	1032	btuD_5	7.6.2.8		Vitamin B12 import ATP-binding protein BtuD
EFM745_02939	gene	831				
EFM745_02939	CDS	831				hypothetical protein
EFM745_02940	gene	816				
EFM745_02940	CDS	816				hypothetical protein
EFM745_02941	gene	825				
EFM745_02941	CDS	825				hypothetical protein
EFM745_02942	gene	1101				
EFM745_02942	CDS	1101				hypothetical protein
EFM745_02943	gene	786	hisK			
EFM745_02943	CDS	786	hisK	3.1.3.15	COG1387	Histidinol-phosphatase
EFM745_02944	gene	288				
EFM745_02944	CDS	288				hypothetical protein
EFM745_02945	gene	237				
EFM745_02945	CDS	237				Putative bifunctional phosphatase/peptidyl-prolyl cis-trans isomerase
EFM745_02946	gene	816	cutD			
EFM745_02946	CDS	816	cutD	1.97.1.-		Choline trimethylamine-lyase activating enzyme
EFM745_02947	gene	696				
EFM745_02947	CDS	696				IS1182 family transposase ISEfa7
EFM745_02948	gene	492				
EFM745_02948	CDS	492				hypothetical protein
EFM745_02949	gene	1296				
EFM745_02949	CDS	1296				ISL3 family transposase ISEfa5
EFM745_02950	gene	1548				
EFM745_02950	CDS	1548				IS66 family transposase ISRob1
EFM745_02951	gene	195				
EFM745_02951	CDS	195				hypothetical protein
EFM745_02952	gene	102				
EFM745_02952	CDS	102				hypothetical protein
EFM745_02953	gene	1377				
EFM745_02953	CDS	1377				hypothetical protein
EFM745_02954	gene	657				
EFM745_02954	CDS	657			COG1136	putative ABC transporter ATP-binding protein
EFM745_02955	gene	1278				
EFM745_02955	CDS	1278				hypothetical protein
EFM745_02956	gene	291				
EFM745_02956	CDS	291				IS3 family transposase ISEfa8
EFM745_02957	gene	837				
EFM745_02957	CDS	837				IS3 family transposase ISEfa8
EFM745_02958	gene	375	resA			
EFM745_02958	CDS	375	resA			Thiol-disulfide oxidoreductase ResA
EFM745_02959	gene	543				
EFM745_02959	CDS	543				hypothetical protein
EFM745_02960	gene	291				
EFM745_02960	CDS	291				IS3 family transposase ISEfa8
EFM745_02961	gene	837				
EFM745_02961	CDS	837				IS3 family transposase ISEfa8
EFM745_02962	gene	321				
EFM745_02962	CDS	321				hypothetical protein
EFM745_02963	gene	960				
EFM745_02963	CDS	960			COG2826	IS30 family transposase IS1062
EFM745_02964	gene	606				
EFM745_02964	CDS	606				hypothetical protein
EFM745_02965	gene	1149				
EFM745_02965	CDS	1149				IS200/IS605 family transposase ISEfa4
EFM745_02966	gene	405				
EFM745_02966	CDS	405				hypothetical protein
EFM745_02967	gene	555	xerC_13			
EFM745_02967	CDS	555	xerC_13			Tyrosine recombinase XerC
EFM745_02968	gene	909				
EFM745_02968	CDS	909				IS982 family transposase ISEfm1
EFM745_02969	gene	606				
EFM745_02969	CDS	606		2.7.7.-	COG2184	Protein adenylyltransferase NmFic
EFM745_02970	gene	300				
EFM745_02970	CDS	300				hypothetical protein
EFM745_02971	gene	954				
EFM745_02971	CDS	954			COG2826	IS30 family transposase IS1252
EFM745_02972	gene	651				
EFM745_02972	CDS	651				hypothetical protein
EFM745_02973	gene	510				
EFM745_02973	CDS	510				hypothetical protein
EFM745_02974	gene	564	hsdS			
EFM745_02974	CDS	564	hsdS		COG0732	Type-1 restriction enzyme EcoKI specificity protein
EFM745_02975	gene	1044				
EFM745_02975	CDS	1044				hypothetical protein
EFM745_02976	gene	405	ohrB_2			
EFM745_02976	CDS	405	ohrB_2		COG1764	Organic hydroperoxide resistance protein OhrB
EFM745_02977	gene	249				
EFM745_02977	CDS	249				hypothetical protein
EFM745_02978	gene	1179				
EFM745_02978	CDS	1179				IS256 family transposase ISEf1
EFM745_02979	gene	612				
EFM745_02979	CDS	612			COG2826	IS30 family transposase IS6770
EFM745_02980	gene	1179				
EFM745_02980	CDS	1179				IS256 family transposase ISEf1
EFM745_02981	gene	297				
EFM745_02981	CDS	297				hypothetical protein
EFM745_02982	gene	879				
EFM745_02982	CDS	879				hypothetical protein
EFM745_02983	gene	960				
EFM745_02983	CDS	960			COG2826	IS30 family transposase IS6770
EFM745_02984	gene	672				
EFM745_02984	CDS	672			COG2826	IS30 family transposase IS1062
EFM745_02985	gene	1431	bglF_4			
EFM745_02985	CDS	1431	bglF_4		COG1263	PTS system beta-glucoside-specific EIIBCA component
EFM745_02986	gene	1296				
EFM745_02986	CDS	1296				ISL3 family transposase IS1251
EFM745_02987	gene	843	licT_5			
EFM745_02987	CDS	843	licT_5		COG3711	Transcription antiterminator LicT
EFM745_02988	gene	1467	bglH_3			
EFM745_02988	CDS	1467	bglH_3	3.2.1.86	COG2723	Aryl-phospho-beta-D-glucosidase BglH
EFM745_02989	gene	1845	bglF_5			
EFM745_02989	CDS	1845	bglF_5		COG1263	PTS system beta-glucoside-specific EIIBCA component
EFM745_02990	gene	681				
EFM745_02990	CDS	681				IS6 family transposase IS1216E
EFM745_02991	gene	810	manZ_7			
EFM745_02991	CDS	810	manZ_7		COG3716	PTS system mannose-specific EIID component
EFM745_02992	gene	747	sorA_3			
EFM745_02992	CDS	747	sorA_3		COG3715	PTS system sorbose-specific EIIC component
EFM745_02993	gene	468				
EFM745_02993	CDS	468		2.7.1.-		putative phosphotransferase enzyme IIB component
EFM745_02994	gene	411	manX_6			
EFM745_02994	CDS	411	manX_6	2.7.1.191	COG2893	PTS system mannose-specific EIIAB component
EFM745_02995	gene	1014	frlB_2			
EFM745_02995	CDS	1014	frlB_2	3.5.-.-	COG2222	Fructosamine deglycase FrlB
EFM745_02996	gene	735	yurK			
EFM745_02996	CDS	735	yurK		COG2188	putative HTH-type transcriptional regulator YurK
EFM745_02997	gene	699	fadR			
EFM745_02997	CDS	699	fadR			Fatty acid metabolism regulator protein
EFM745_02998	gene	156				
EFM745_02998	CDS	156				IS6 family transposase IS1216V
EFM745_02999	gene	459				
EFM745_02999	CDS	459				IS6 family transposase IS1216V
EFM745_03000	gene	828				
EFM745_03000	CDS	828				hypothetical protein
EFM745_03001	gene	633	hxpB			
EFM745_03001	CDS	633	hxpB	3.1.3.68	COG0637	Hexitol phosphatase B
EFM745_03002	gene	2724	norR_2			
EFM745_03002	CDS	2724	norR_2			Anaerobic nitric oxide reductase transcription regulator NorR
EFM745_03003	gene	966	frlB_3			
EFM745_03003	CDS	966	frlB_3	3.5.-.-	COG2222	Fructosamine deglycase FrlB
EFM745_03004	gene	813	manZ_8			
EFM745_03004	CDS	813	manZ_8		COG3716	PTS system mannose-specific EIID component
EFM745_03005	gene	774	sorA_4			
EFM745_03005	CDS	774	sorA_4		COG3715	PTS system sorbose-specific EIIC component
EFM745_03006	gene	471	manX_7			
EFM745_03006	CDS	471	manX_7	2.7.1.191	COG2893	PTS system mannose-specific EIIAB component
EFM745_03007	gene	417				
EFM745_03007	CDS	417				hypothetical protein
EFM745_03008	gene	825				
EFM745_03008	CDS	825				hypothetical protein
EFM745_03009	gene	1149				
EFM745_03009	CDS	1149				IS200/IS605 family transposase ISEfa4
EFM745_03010	gene	405				
EFM745_03010	CDS	405				hypothetical protein
EFM745_03011	gene	1425				
EFM745_03011	CDS	1425				hypothetical protein
EFM745_03012	gene	606				
EFM745_03012	CDS	606				hypothetical protein
EFM745_03013	gene	321				
EFM745_03013	CDS	321				IS6 family transposase IS1216V
EFM745_03014	gene	360				
EFM745_03014	CDS	360				IS6 family transposase IS1297
EFM745_03015	gene	1428				
EFM745_03015	CDS	1428				IS1182 family transposase ISEfa12
EFM745_03016	gene	549				
EFM745_03016	CDS	549				hypothetical protein
EFM745_03017	gene	858	soj_2			
EFM745_03017	CDS	858	soj_2	3.6.-.-	COG1192	Sporulation initiation inhibitor protein Soj
EFM745_03018	gene	288				
EFM745_03018	CDS	288				hypothetical protein
EFM745_03019	gene	330				
EFM745_03019	CDS	330				hypothetical protein
EFM745_03020	gene	249				
EFM745_03020	CDS	249				hypothetical protein
EFM745_03021	gene	825				
EFM745_03021	CDS	825				hypothetical protein
EFM745_03022	gene	756				
EFM745_03022	CDS	756				hypothetical protein
EFM745_03023	gene	1977				
EFM745_03023	CDS	1977				hypothetical protein
EFM745_03024	gene	672				
EFM745_03024	CDS	672				hypothetical protein
EFM745_03025	gene	240				
EFM745_03025	CDS	240				hypothetical protein
EFM745_03026	gene	240				
EFM745_03026	CDS	240				hypothetical protein
EFM745_03027	gene	342				
EFM745_03027	CDS	342				hypothetical protein
EFM745_03028	gene	330				
EFM745_03028	CDS	330				hypothetical protein
EFM745_03029	gene	333				
EFM745_03029	CDS	333				hypothetical protein
EFM745_03030	gene	1086				
EFM745_03030	CDS	1086				hypothetical protein
EFM745_03031	gene	555				
EFM745_03031	CDS	555				hypothetical protein
EFM745_03032	gene	843	soj_3			
EFM745_03032	CDS	843	soj_3	3.6.-.-	COG1192	Sporulation initiation inhibitor protein Soj
EFM745_03033	gene	294				
EFM745_03033	CDS	294				hypothetical protein
EFM745_03034	gene	105				
EFM745_03034	CDS	105				hypothetical protein
EFM745_03035	gene	351				
EFM745_03035	CDS	351				hypothetical protein
EFM745_03036	gene	1326	umuC_2			
EFM745_03036	CDS	1326	umuC_2		COG0389	Protein UmuC
EFM745_03037	gene	615	bin3_1			
EFM745_03037	CDS	615	bin3_1			Putative transposon Tn552 DNA-invertase bin3
EFM745_03038	gene	351	pemK			
EFM745_03038	CDS	351	pemK	3.1.-.-		Endoribonuclease PemK
EFM745_03039	gene	264				
EFM745_03039	CDS	264				hypothetical protein
EFM745_03040	gene	150				
EFM745_03040	CDS	150				hypothetical protein
EFM745_03041	gene	180				
EFM745_03041	CDS	180				hypothetical protein
EFM745_03042	gene	201				
EFM745_03042	CDS	201				hypothetical protein
EFM745_03043	gene	708				
EFM745_03043	CDS	708				hypothetical protein
EFM745_03044	gene	438				
EFM745_03044	CDS	438				hypothetical protein
EFM745_03045	gene	252				
EFM745_03045	CDS	252				hypothetical protein
EFM745_03046	gene	207				
EFM745_03046	CDS	207				hypothetical protein
EFM745_03047	gene	261				
EFM745_03047	CDS	261				hypothetical protein
EFM745_03048	gene	218				
EFM745_03048	misc_RNA	218				SpF66_sRNA
EFM745_03049	gene	486	ssb_3			
EFM745_03049	CDS	486	ssb_3		COG0629	Single-stranded DNA-binding protein
EFM745_03050	gene	900				
EFM745_03050	CDS	900				hypothetical protein
EFM745_03051	gene	594				
EFM745_03051	CDS	594				hypothetical protein
EFM745_03052	gene	150				
EFM745_03052	CDS	150				hypothetical protein
EFM745_03053	gene	2205	topB_4			
EFM745_03053	CDS	2205	topB_4	5.6.2.1	COG0550	DNA topoisomerase 3
EFM745_03054	gene	1461				
EFM745_03054	CDS	1461				hypothetical protein
EFM745_03055	gene	2178				
EFM745_03055	CDS	2178				hypothetical protein
EFM745_03056	gene	138				
EFM745_03056	CDS	138				hypothetical protein
EFM745_03057	gene	456				
EFM745_03057	CDS	456				hypothetical protein
EFM745_03058	gene	1137				
EFM745_03058	CDS	1137				hypothetical protein
EFM745_03059	gene	1251				
EFM745_03059	CDS	1251				IS110 family transposase ISSpn10
EFM745_03060	gene	195				
EFM745_03060	CDS	195				hypothetical protein
EFM745_03061	gene	222				
EFM745_03061	CDS	222				hypothetical protein
EFM745_03062	gene	1590				
EFM745_03062	CDS	1590				hypothetical protein
EFM745_03063	gene	423				
EFM745_03063	CDS	423				hypothetical protein
EFM745_03064	gene	309				
EFM745_03064	CDS	309				hypothetical protein
EFM745_03065	gene	231				
EFM745_03065	CDS	231				hypothetical protein
EFM745_03066	gene	807				
EFM745_03066	CDS	807				hypothetical protein
EFM745_03067	gene	645				
EFM745_03067	CDS	645				hypothetical protein
EFM745_03068	gene	627				
EFM745_03068	CDS	627				hypothetical protein
EFM745_03069	gene	549				
EFM745_03069	CDS	549				hypothetical protein
EFM745_03070	gene	321				
EFM745_03070	CDS	321				hypothetical protein
EFM745_03071	gene	207				
EFM745_03071	CDS	207				hypothetical protein
EFM745_03072	gene	351				
EFM745_03072	CDS	351				hypothetical protein
EFM745_03073	gene	120				
EFM745_03073	CDS	120				hypothetical protein
EFM745_03074	gene	492				
EFM745_03074	CDS	492				hypothetical protein
EFM745_03075	gene	141				
EFM745_03075	CDS	141				hypothetical protein
EFM745_03076	gene	189				
EFM745_03076	CDS	189				hypothetical protein
EFM745_03077	gene	324				
EFM745_03077	CDS	324				hypothetical protein
EFM745_03078	gene	225				
EFM745_03078	CDS	225				hypothetical protein
EFM745_03079	gene	267				
EFM745_03079	CDS	267				hypothetical protein
EFM745_03080	gene	213				
EFM745_03080	CDS	213				hypothetical protein
EFM745_03081	gene	225				
EFM745_03081	CDS	225				hypothetical protein
EFM745_03082	gene	288				
EFM745_03082	CDS	288				hypothetical protein
EFM745_03083	gene	843				
EFM745_03083	CDS	843				hypothetical protein
EFM745_03084	gene	297				
EFM745_03084	CDS	297				hypothetical protein
EFM745_03085	gene	681				
EFM745_03085	CDS	681				IS6 family transposase IS1216E
EFM745_03086	gene	696	walR_2			
EFM745_03086	CDS	696	walR_2		COG0745	Transcriptional regulatory protein WalR
EFM745_03087	gene	1143	sasA_4			
EFM745_03087	CDS	1143	sasA_4	2.7.-.-		Adaptive-response sensory-kinase SasA
EFM745_03088	gene	969	vanH_1			
EFM745_03088	CDS	969	vanH_1	1.1.1.-		D-specific alpha-keto acid dehydrogenase
EFM745_03089	gene	1032	vanA_1			
EFM745_03089	CDS	1032	vanA_1	6.1.2.1		Vancomycin/teicoplanin A-type resistance protein VanA
EFM745_03090	gene	609	vanX			
EFM745_03090	CDS	609	vanX	3.4.13.22		D-alanyl-D-alanine dipeptidase
EFM745_03091	gene	681				
EFM745_03091	CDS	681				IS6 family transposase IS1216E
EFM745_03092	gene	399				
EFM745_03092	CDS	399				hypothetical protein
EFM745_03093	gene	285				
EFM745_03093	CDS	285				hypothetical protein
EFM745_03094	gene	300				
EFM745_03094	CDS	300				hypothetical protein
EFM745_03095	gene	1491				
EFM745_03095	CDS	1491				hypothetical protein
EFM745_03096	gene	171				
EFM745_03096	CDS	171				hypothetical protein
EFM745_03097	gene	618	bin3_2			
EFM745_03097	CDS	618	bin3_2			Putative transposon Tn552 DNA-invertase bin3
EFM745_03098	gene	93				
EFM745_03098	CDS	93				hypothetical protein
EFM745_03099	gene	681				
EFM745_03099	CDS	681				IS6 family transposase IS1216E
EFM745_03100	gene	453				
EFM745_03100	CDS	453				hypothetical protein
EFM745_03101	gene	690				
EFM745_03101	CDS	690				hypothetical protein
EFM745_03102	gene	2352				
EFM745_03102	CDS	2352				hypothetical protein
EFM745_03103	gene	387				
EFM745_03103	CDS	387				hypothetical protein
EFM745_03104	gene	618	bin3_3			
EFM745_03104	CDS	618	bin3_3			Putative transposon Tn552 DNA-invertase bin3
EFM745_03105	gene	300	ligA_2			
EFM745_03105	CDS	300	ligA_2	6.5.1.2		DNA ligase
EFM745_03106	gene	168				
EFM745_03106	CDS	168				hypothetical protein
EFM745_03107	gene	606	bin3_4			
EFM745_03107	CDS	606	bin3_4			Putative transposon Tn552 DNA-invertase bin3
EFM745_03108	gene	1371				
EFM745_03108	CDS	1371				Tn3 family transposase TnBth1
EFM745_03109	gene	681				
EFM745_03109	CDS	681				IS6 family transposase IS1216E
EFM745_03110	gene	318				
EFM745_03110	CDS	318				hypothetical protein
EFM745_03111	gene	594	repD			
EFM745_03111	CDS	594	repD			Replication initiation protein
EFM745_03112	gene	681				
EFM745_03112	CDS	681				IS6 family transposase IS1216E
EFM745_03113	gene	525				
EFM745_03113	CDS	525				hypothetical protein
EFM745_03114	gene	60				
EFM745_03114	misc_RNA	60				Bacillus-plasmid
EFM745_03115	gene	1416				
EFM745_03115	CDS	1416				hypothetical protein
EFM745_03116	gene	363				
EFM745_03116	CDS	363				hypothetical protein
EFM745_03117	gene	318				
EFM745_03117	CDS	318				hypothetical protein
EFM745_03118	gene	420				
EFM745_03118	CDS	420				hypothetical protein
EFM745_03119	gene	492	repN			
EFM745_03119	CDS	492	repN			Replication initiation protein
EFM745_03120	gene	681				
EFM745_03120	CDS	681				IS6 family transposase IS1216E
EFM745_03121	gene	237				
EFM745_03121	CDS	237				hypothetical protein
EFM745_03122	gene	276				
EFM745_03122	CDS	276				hypothetical protein
EFM745_03123	gene	954	soj_4			
EFM745_03123	CDS	954	soj_4	3.6.-.-	COG1192	Sporulation initiation inhibitor protein Soj
EFM745_03124	gene	1494				
EFM745_03124	CDS	1494				hypothetical protein
EFM745_03125	gene	297				
EFM745_03125	CDS	297				hypothetical protein
EFM745_03126	gene	681				
EFM745_03126	CDS	681				IS6 family transposase IS1216E
EFM745_03127	gene	1458	rssB			
EFM745_03127	CDS	1458	rssB			Regulator of RpoS
EFM745_03128	gene	366	walK_2			
EFM745_03128	CDS	366	walK_2	2.7.13.3		Sensor protein kinase WalK
EFM745_03129	gene	969	vanH_2			
EFM745_03129	CDS	969	vanH_2	1.1.1.-		D-specific alpha-keto acid dehydrogenase
EFM745_03130	gene	1032	vanA_2			
EFM745_03130	CDS	1032	vanA_2	6.1.2.1		Vancomycin/teicoplanin A-type resistance protein VanA
EFM745_03131	gene	114				
EFM745_03131	CDS	114				hypothetical protein
EFM745_03132	gene	399				
EFM745_03132	CDS	399				hypothetical protein
EFM745_03133	gene	537				
EFM745_03133	CDS	537				hypothetical protein
EFM745_03134	gene	261				
EFM745_03134	CDS	261				hypothetical protein
EFM745_03135	gene	2025				
EFM745_03135	CDS	2025				hypothetical protein
EFM745_03136	gene	153				
EFM745_03136	CDS	153				hypothetical protein
EFM745_03137	gene	594				
EFM745_03137	CDS	594				hypothetical protein
EFM745_03138	gene	333				
EFM745_03138	CDS	333				hypothetical protein
EFM745_03139	gene	2373				
EFM745_03139	CDS	2373				hypothetical protein
EFM745_03140	gene	792				
EFM745_03140	CDS	792				hypothetical protein
EFM745_03141	gene	85				
EFM745_03141	misc_RNA	85				Intron_gpII
EFM745_03142	gene	1899				
EFM745_03142	CDS	1899				hypothetical protein
EFM745_03143	gene	212				
EFM745_03143	misc_RNA	212				group-II-D1D4-5
EFM745_03144	gene	1833				
EFM745_03144	CDS	1833				hypothetical protein
EFM745_03145	gene	2055				
EFM745_03145	CDS	2055				hypothetical protein
EFM745_03146	gene	303				
EFM745_03146	CDS	303				hypothetical protein
EFM745_03147	gene	201				
EFM745_03147	CDS	201				hypothetical protein
EFM745_03148	gene	825				
EFM745_03148	CDS	825				hypothetical protein
EFM745_03149	gene	681				
EFM745_03149	CDS	681				IS6 family transposase IS1216E
EFM745_03150	gene	696				
EFM745_03150	CDS	696				hypothetical protein
EFM745_03151	gene	201				
EFM745_03151	CDS	201				hypothetical protein
EFM745_03152	gene	180				
EFM745_03152	CDS	180				hypothetical protein
EFM745_03153	gene	270				
EFM745_03153	CDS	270				hypothetical protein
EFM745_03154	gene	258	yoeB_1			
EFM745_03154	CDS	258	yoeB_1	3.1.-.-	COG4115	Toxin YoeB
EFM745_03155	gene	105				
EFM745_03155	CDS	105				hypothetical protein
EFM745_03156	gene	825				
EFM745_03156	CDS	825				hypothetical protein
EFM745_03157	gene	615	bin3_5			
EFM745_03157	CDS	615	bin3_5			Putative transposon Tn552 DNA-invertase bin3
EFM745_03158	gene	1326	umuC_3			
EFM745_03158	CDS	1326	umuC_3		COG0389	Protein UmuC
EFM745_03159	gene	351				
EFM745_03159	CDS	351				hypothetical protein
EFM745_03160	gene	180				
EFM745_03160	CDS	180				hypothetical protein
EFM745_03161	gene	291				
EFM745_03161	CDS	291				hypothetical protein
EFM745_03162	gene	789	soj_5			
EFM745_03162	CDS	789	soj_5	3.6.-.-	COG1192	Sporulation initiation inhibitor protein Soj
EFM745_03163	gene	327				
EFM745_03163	CDS	327				hypothetical protein
EFM745_03164	gene	1041				
EFM745_03164	CDS	1041				hypothetical protein
EFM745_03165	gene	321				
EFM745_03165	CDS	321				IS6 family transposase IS1216V
EFM745_03166	gene	228				
EFM745_03166	CDS	228				hypothetical protein
EFM745_03167	gene	696				
EFM745_03167	CDS	696				hypothetical protein
EFM745_03168	gene	201				
EFM745_03168	CDS	201				hypothetical protein
EFM745_03169	gene	180				
EFM745_03169	CDS	180				hypothetical protein
EFM745_03170	gene	138				
EFM745_03170	CDS	138				hypothetical protein
EFM745_03171	gene	258	yoeB_2			
EFM745_03171	CDS	258	yoeB_2	3.1.-.-	COG4115	Toxin YoeB
EFM745_03172	gene	471				
EFM745_03172	CDS	471				hypothetical protein
EFM745_03173	gene	1566				
EFM745_03173	CDS	1566				hypothetical protein
EFM745_03174	gene	363				
EFM745_03174	CDS	363				hypothetical protein
EFM745_03175	gene	153				
EFM745_03175	CDS	153				hypothetical protein
EFM745_03176	gene	423				
EFM745_03176	CDS	423				hypothetical protein
EFM745_03177	gene	1416				
EFM745_03177	CDS	1416				hypothetical protein
EFM745_03178	gene	831				
EFM745_03178	CDS	831				hypothetical protein
EFM745_03179	gene	798				
EFM745_03179	CDS	798				hypothetical protein
EFM745_03180	gene	363				
EFM745_03180	CDS	363				hypothetical protein
EFM745_03181	gene	147				
EFM745_03181	CDS	147				hypothetical protein
EFM745_03182	gene	222				
EFM745_03182	CDS	222				hypothetical protein
EFM745_03183	gene	276				
EFM745_03183	CDS	276				hypothetical protein
EFM745_03184	gene	1827				
EFM745_03184	CDS	1827				hypothetical protein
EFM745_03185	gene	717				
EFM745_03185	CDS	717				hypothetical protein
EFM745_03186	gene	1818				
EFM745_03186	CDS	1818				hypothetical protein
EFM745_03187	gene	212				
EFM745_03187	misc_RNA	212				group-II-D1D4-5
EFM745_03188	gene	1899				
EFM745_03188	CDS	1899				hypothetical protein
EFM745_03189	gene	85				
EFM745_03189	misc_RNA	85				Intron_gpII
EFM745_03190	gene	1008				
EFM745_03190	CDS	1008				hypothetical protein
EFM745_03191	gene	2670				
EFM745_03191	CDS	2670				hypothetical protein
EFM745_03192	gene	336				
EFM745_03192	CDS	336				hypothetical protein
EFM745_03193	gene	618				
EFM745_03193	CDS	618				hypothetical protein
EFM745_03194	gene	468				
EFM745_03194	CDS	468				hypothetical protein
EFM745_03195	gene	1956				
EFM745_03195	CDS	1956				hypothetical protein
EFM745_03196	gene	1137				
EFM745_03196	CDS	1137				hypothetical protein
EFM745_03197	gene	651				
EFM745_03197	CDS	651				hypothetical protein
EFM745_03198	gene	897				
EFM745_03198	CDS	897				hypothetical protein
EFM745_03199	gene	231				
EFM745_03199	CDS	231				hypothetical protein
EFM745_03200	gene	462				
EFM745_03200	CDS	462				hypothetical protein
EFM745_03201	gene	171				
EFM745_03201	CDS	171				hypothetical protein
EFM745_03202	gene	540				
EFM745_03202	CDS	540				hypothetical protein
EFM745_03203	gene	738				
EFM745_03203	CDS	738				hypothetical protein
EFM745_03204	gene	690				
EFM745_03204	CDS	690				hypothetical protein
EFM745_03205	gene	915				
EFM745_03205	CDS	915				hypothetical protein
EFM745_03206	gene	381				
EFM745_03206	CDS	381				hypothetical protein
EFM745_03207	gene	138				
EFM745_03207	CDS	138				hypothetical protein
EFM745_03208	gene	621	yxdL_2			
EFM745_03208	CDS	621	yxdL_2		COG1136	ABC transporter ATP-binding protein YxdL
EFM745_03209	gene	2127				
EFM745_03209	CDS	2127				hypothetical protein
EFM745_03210	gene	375				
EFM745_03210	CDS	375				hypothetical protein
EFM745_03211	gene	462				
EFM745_03211	CDS	462				hypothetical protein
EFM745_03212	gene	171				
EFM745_03212	CDS	171				hypothetical protein
EFM745_03213	gene	540				
EFM745_03213	CDS	540				hypothetical protein
EFM745_03214	gene	738				
EFM745_03214	CDS	738				hypothetical protein
EFM745_03215	gene	690				
EFM745_03215	CDS	690				hypothetical protein
EFM745_03216	gene	405				
EFM745_03216	CDS	405				hypothetical protein
EFM745_03217	gene	219				
EFM745_03217	CDS	219				hypothetical protein
EFM745_03218	gene	384				
EFM745_03218	CDS	384				hypothetical protein
EFM745_03219	gene	186				
EFM745_03219	CDS	186				hypothetical protein
EFM745_03220	gene	345				
EFM745_03220	CDS	345				hypothetical protein
EFM745_03221	gene	435				
EFM745_03221	CDS	435				hypothetical protein
EFM745_03222	gene	171				
EFM745_03222	CDS	171				hypothetical protein
EFM745_03223	gene	540				
EFM745_03223	CDS	540				hypothetical protein
EFM745_03224	gene	738				
EFM745_03224	CDS	738				hypothetical protein
EFM745_03225	gene	690				
EFM745_03225	CDS	690				hypothetical protein
EFM745_03226	gene	915				
EFM745_03226	CDS	915				hypothetical protein
EFM745_03227	gene	381				
EFM745_03227	CDS	381				hypothetical protein
EFM745_03228	gene	138				
EFM745_03228	CDS	138				hypothetical protein
EFM745_03229	gene	258	ecfA2_2			
EFM745_03229	CDS	258	ecfA2_2	3.6.3.-		Energy-coupling factor transporter ATP-binding protein EcfA2
