[2026-05-11 13:34:23] indexing reference with BWA: /proj/uppmax2026-1-61/nobackup/work/dich3309/canu_pacbio_pilon_r2/efaecium_e745_canu_pacbio_pilon_r2.fasta
[bwa_index] Pack FASTA... 0.02 sec
[bwa_index] Construct BWT for the packed sequence...
[bwa_index] 0.40 seconds elapse.
[bwa_index] Update BWT... 0.01 sec
[bwa_index] Pack forward-only FASTA... 0.01 sec
[bwa_index] Construct SA from BWT and Occ... 0.18 sec
[main] Version: 0.7.19-r1273
[main] CMD: bwa index /proj/uppmax2026-1-61/nobackup/work/dich3309/canu_pacbio_pilon_r2/efaecium_e745_canu_pacbio_pilon_r2.fasta
[main] Real time: 0.736 sec; CPU: 0.612 sec
[2026-05-11 13:34:24] [sample 1 of 6] mapping rna_bhi_rep1
[M::bwa_idx_load_from_disk] read 0 ALT contigs
[M::process] read 203724 sequences (20000168 bp)...
[M::process] read 203718 sequences (20000071 bp)...
[M::mem_pestat] # candidate unique pairs for (FF, FR, RF, RR): (3, 98993, 7, 2)
[M::mem_pestat] skip orientation FF as there are not enough pairs
[M::mem_pestat] analyzing insert size distribution for orientation FR...
[M::mem_pestat] (25, 50, 75) percentile: (106, 128, 165)
[M::mem_pestat] low and high boundaries for computing mean and std.dev: (1, 283)
[M::mem_pestat] mean and std.dev: (137.00, 43.85)
[M::mem_pestat] low and high boundaries for proper pairs: (1, 342)
[M::mem_pestat] skip orientation RF as there are not enough pairs
[M::mem_pestat] skip orientation RR as there are not enough pairs
[M::mem_process_seqs] Processed 203724 reads in 5.898 CPU sec, 2.966 real sec
[M::process] read 203978 sequences (20000005 bp)...
[M::mem_pestat] # candidate unique pairs for (FF, FR, RF, RR): (1, 98952, 5, 1)
[M::mem_pestat] skip orientation FF as there are not enough pairs
[M::mem_pestat] analyzing insert size distribution for orientation FR...
[M::mem_pestat] (25, 50, 75) percentile: (106, 129, 165)
[M::mem_pestat] low and high boundaries for computing mean and std.dev: (1, 283)
[M::mem_pestat] mean and std.dev: (136.99, 43.71)
[M::mem_pestat] low and high boundaries for proper pairs: (1, 342)
[M::mem_pestat] skip orientation RF as there are not enough pairs
[M::mem_pestat] skip orientation RR as there are not enough pairs
[M::mem_process_seqs] Processed 203718 reads in 5.913 CPU sec, 3.032 real sec
[M::process] read 203808 sequences (20000024 bp)...
[M::mem_pestat] # candidate unique pairs for (FF, FR, RF, RR): (0, 99184, 8, 4)
[M::mem_pestat] skip orientation FF as there are not enough pairs
[M::mem_pestat] analyzing insert size distribution for orientation FR...
[M::mem_pestat] (25, 50, 75) percentile: (106, 129, 165)
[M::mem_pestat] low and high boundaries for computing mean and std.dev: (1, 283)
[M::mem_pestat] mean and std.dev: (137.02, 43.85)
[M::mem_pestat] low and high boundaries for proper pairs: (1, 342)
[M::mem_pestat] skip orientation RF as there are not enough pairs
[M::mem_pestat] skip orientation RR as there are not enough pairs
[M::mem_process_seqs] Processed 203978 reads in 5.925 CPU sec, 3.037 real sec
[M::process] read 203816 sequences (20000184 bp)...
[M::mem_pestat] # candidate unique pairs for (FF, FR, RF, RR): (4, 98991, 2, 3)
[M::mem_pestat] skip orientation FF as there are not enough pairs
[M::mem_pestat] analyzing insert size distribution for orientation FR...
[M::mem_pestat] (25, 50, 75) percentile: (106, 129, 165)
[M::mem_pestat] low and high boundaries for computing mean and std.dev: (1, 283)
[M::mem_pestat] mean and std.dev: (137.21, 43.95)
[M::mem_pestat] low and high boundaries for proper pairs: (1, 342)
[M::mem_pestat] skip orientation RF as there are not enough pairs
[M::mem_pestat] skip orientation RR as there are not enough pairs
[M::mem_process_seqs] Processed 203808 reads in 5.922 CPU sec, 3.036 real sec
[M::process] read 203688 sequences (20000026 bp)...
[M::mem_pestat] # candidate unique pairs for (FF, FR, RF, RR): (2, 98964, 8, 1)
[M::mem_pestat] skip orientation FF as there are not enough pairs
[M::mem_pestat] analyzing insert size distribution for orientation FR...
[M::mem_pestat] (25, 50, 75) percentile: (106, 129, 165)
[M::mem_pestat] low and high boundaries for computing mean and std.dev: (1, 283)
[M::mem_pestat] mean and std.dev: (137.02, 43.63)
[M::mem_pestat] low and high boundaries for proper pairs: (1, 342)
[M::mem_pestat] skip orientation RF as there are not enough pairs
[M::mem_pestat] skip orientation RR as there are not enough pairs
[M::mem_process_seqs] Processed 203816 reads in 5.872 CPU sec, 3.011 real sec
[M::process] read 203760 sequences (20000130 bp)...
[M::mem_pestat] # candidate unique pairs for (FF, FR, RF, RR): (2, 98943, 4, 1)
[M::mem_pestat] skip orientation FF as there are not enough pairs
[M::mem_pestat] analyzing insert size distribution for orientation FR...
[M::mem_pestat] (25, 50, 75) percentile: (106, 128, 165)
[M::mem_pestat] low and high boundaries for computing mean and std.dev: (1, 283)
[M::mem_pestat] mean and std.dev: (136.87, 43.53)
[M::mem_pestat] low and high boundaries for proper pairs: (1, 342)
[M::mem_pestat] skip orientation RF as there are not enough pairs
[M::mem_pestat] skip orientation RR as there are not enough pairs
[M::mem_process_seqs] Processed 203688 reads in 5.860 CPU sec, 3.002 real sec
[M::process] read 203884 sequences (20000133 bp)...
[M::mem_pestat] # candidate unique pairs for (FF, FR, RF, RR): (2, 98948, 3, 1)
[M::mem_pestat] skip orientation FF as there are not enough pairs
[M::mem_pestat] analyzing insert size distribution for orientation FR...
[M::mem_pestat] (25, 50, 75) percentile: (106, 128, 164)
[M::mem_pestat] low and high boundaries for computing mean and std.dev: (1, 280)
[M::mem_pestat] mean and std.dev: (136.60, 43.24)
[M::mem_pestat] low and high boundaries for proper pairs: (1, 338)
[M::mem_pestat] skip orientation RF as there are not enough pairs
[M::mem_pestat] skip orientation RR as there are not enough pairs
[M::mem_process_seqs] Processed 203760 reads in 5.898 CPU sec, 3.023 real sec
[M::process] read 204170 sequences (20000112 bp)...
[M::mem_pestat] # candidate unique pairs for (FF, FR, RF, RR): (4, 99060, 4, 1)
[M::mem_pestat] skip orientation FF as there are not enough pairs
[M::mem_pestat] analyzing insert size distribution for orientation FR...
[M::mem_pestat] (25, 50, 75) percentile: (106, 128, 164)
[M::mem_pestat] low and high boundaries for computing mean and std.dev: (1, 280)
[M::mem_pestat] mean and std.dev: (136.38, 43.27)
[M::mem_pestat] low and high boundaries for proper pairs: (1, 338)
[M::mem_pestat] skip orientation RF as there are not enough pairs
[M::mem_pestat] skip orientation RR as there are not enough pairs
[M::mem_process_seqs] Processed 203884 reads in 5.821 CPU sec, 2.982 real sec
[M::process] read 204068 sequences (20000113 bp)...
[M::mem_pestat] # candidate unique pairs for (FF, FR, RF, RR): (2, 99134, 2, 1)
[M::mem_pestat] skip orientation FF as there are not enough pairs
[M::mem_pestat] analyzing insert size distribution for orientation FR...
[M::mem_pestat] (25, 50, 75) percentile: (106, 128, 164)
[M::mem_pestat] low and high boundaries for computing mean and std.dev: (1, 280)
[M::mem_pestat] mean and std.dev: (136.40, 43.34)
[M::mem_pestat] low and high boundaries for proper pairs: (1, 338)
[M::mem_pestat] skip orientation RF as there are not enough pairs
[M::mem_pestat] skip orientation RR as there are not enough pairs
[M::mem_process_seqs] Processed 204170 reads in 5.837 CPU sec, 2.998 real sec
[M::process] read 204116 sequences (20000117 bp)...
[M::mem_pestat] # candidate unique pairs for (FF, FR, RF, RR): (2, 99045, 2, 1)
[M::mem_pestat] skip orientation FF as there are not enough pairs
[M::mem_pestat] analyzing insert size distribution for orientation FR...
[M::mem_pestat] (25, 50, 75) percentile: (106, 128, 164)
[M::mem_pestat] low and high boundaries for computing mean and std.dev: (1, 280)
[M::mem_pestat] mean and std.dev: (136.58, 43.26)
[M::mem_pestat] low and high boundaries for proper pairs: (1, 338)
[M::mem_pestat] skip orientation RF as there are not enough pairs
[M::mem_pestat] skip orientation RR as there are not enough pairs
[M::mem_process_seqs] Processed 204068 reads in 5.904 CPU sec, 3.028 real sec
[M::process] read 204092 sequences (20000147 bp)...
[M::mem_pestat] # candidate unique pairs for (FF, FR, RF, RR): (1, 99046, 5, 1)
[M::mem_pestat] skip orientation FF as there are not enough pairs
[M::mem_pestat] analyzing insert size distribution for orientation FR...
[M::mem_pestat] (25, 50, 75) percentile: (106, 128, 164)
[M::mem_pestat] low and high boundaries for computing mean and std.dev: (1, 280)
[M::mem_pestat] mean and std.dev: (136.62, 43.35)
[M::mem_pestat] low and high boundaries for proper pairs: (1, 338)
[M::mem_pestat] skip orientation RF as there are not enough pairs
[M::mem_pestat] skip orientation RR as there are not enough pairs
[M::mem_process_seqs] Processed 204116 reads in 5.872 CPU sec, 3.009 real sec
[M::process] read 204168 sequences (20000124 bp)...
[M::mem_pestat] # candidate unique pairs for (FF, FR, RF, RR): (2, 99126, 3, 0)
[M::mem_pestat] skip orientation FF as there are not enough pairs
[M::mem_pestat] analyzing insert size distribution for orientation FR...
[M::mem_pestat] (25, 50, 75) percentile: (106, 128, 164)
[M::mem_pestat] low and high boundaries for computing mean and std.dev: (1, 280)
[M::mem_pestat] mean and std.dev: (136.22, 43.12)
[M::mem_pestat] low and high boundaries for proper pairs: (1, 338)
[M::mem_pestat] skip orientation RF as there are not enough pairs
[M::mem_pestat] skip orientation RR as there are not enough pairs
[M::mem_process_seqs] Processed 204092 reads in 5.925 CPU sec, 3.038 real sec
[M::process] read 204332 sequences (20000040 bp)...
[M::mem_pestat] # candidate unique pairs for (FF, FR, RF, RR): (2, 99132, 8, 2)
[M::mem_pestat] skip orientation FF as there are not enough pairs
[M::mem_pestat] analyzing insert size distribution for orientation FR...
[M::mem_pestat] (25, 50, 75) percentile: (106, 128, 163)
[M::mem_pestat] low and high boundaries for computing mean and std.dev: (1, 277)
[M::mem_pestat] mean and std.dev: (135.83, 42.79)
[M::mem_pestat] low and high boundaries for proper pairs: (1, 334)
[M::mem_pestat] skip orientation RF as there are not enough pairs
[M::mem_pestat] skip orientation RR as there are not enough pairs
[M::mem_process_seqs] Processed 204168 reads in 5.903 CPU sec, 3.031 real sec
[M::process] read 204310 sequences (20000090 bp)...
[M::mem_pestat] # candidate unique pairs for (FF, FR, RF, RR): (1, 99107, 7, 1)
[M::mem_pestat] skip orientation FF as there are not enough pairs
[M::mem_pestat] analyzing insert size distribution for orientation FR...
[M::mem_pestat] (25, 50, 75) percentile: (106, 128, 164)
[M::mem_pestat] low and high boundaries for computing mean and std.dev: (1, 280)
[M::mem_pestat] mean and std.dev: (136.22, 43.21)
[M::mem_pestat] low and high boundaries for proper pairs: (1, 338)
[M::mem_pestat] skip orientation RF as there are not enough pairs
[M::mem_pestat] skip orientation RR as there are not enough pairs
[M::mem_process_seqs] Processed 204332 reads in 5.933 CPU sec, 3.040 real sec
[M::process] read 204222 sequences (20000124 bp)...
[M::mem_pestat] # candidate unique pairs for (FF, FR, RF, RR): (2, 99243, 5, 4)
[M::mem_pestat] skip orientation FF as there are not enough pairs
[M::mem_pestat] analyzing insert size distribution for orientation FR...
[M::mem_pestat] (25, 50, 75) percentile: (106, 128, 164)
[M::mem_pestat] low and high boundaries for computing mean and std.dev: (1, 280)
[M::mem_pestat] mean and std.dev: (136.24, 43.15)
[M::mem_pestat] low and high boundaries for proper pairs: (1, 338)
[M::mem_pestat] skip orientation RF as there are not enough pairs
[M::mem_pestat] skip orientation RR as there are not enough pairs
[M::mem_process_seqs] Processed 204310 reads in 5.921 CPU sec, 3.039 real sec
[M::process] read 204256 sequences (20000197 bp)...
[M::mem_pestat] # candidate unique pairs for (FF, FR, RF, RR): (1, 99176, 4, 2)
[M::mem_pestat] skip orientation FF as there are not enough pairs
[M::mem_pestat] analyzing insert size distribution for orientation FR...
[M::mem_pestat] (25, 50, 75) percentile: (106, 128, 164)
[M::mem_pestat] low and high boundaries for computing mean and std.dev: (1, 280)
[M::mem_pestat] mean and std.dev: (136.09, 43.25)
[M::mem_pestat] low and high boundaries for proper pairs: (1, 338)
[M::mem_pestat] skip orientation RF as there are not enough pairs
[M::mem_pestat] skip orientation RR as there are not enough pairs
[M::mem_process_seqs] Processed 204222 reads in 5.867 CPU sec, 3.009 real sec
[M::process] read 204326 sequences (20000046 bp)...
[M::mem_pestat] # candidate unique pairs for (FF, FR, RF, RR): (1, 99081, 8, 0)
[M::mem_pestat] skip orientation FF as there are not enough pairs
[M::mem_pestat] analyzing insert size distribution for orientation FR...
[M::mem_pestat] (25, 50, 75) percentile: (106, 128, 163)
[M::mem_pestat] low and high boundaries for computing mean and std.dev: (1, 277)
[M::mem_pestat] mean and std.dev: (135.68, 42.75)
[M::mem_pestat] low and high boundaries for proper pairs: (1, 334)
[M::mem_pestat] skip orientation RF as there are not enough pairs
[M::mem_pestat] skip orientation RR as there are not enough pairs
[M::mem_process_seqs] Processed 204256 reads in 5.892 CPU sec, 3.022 real sec
[M::process] read 204522 sequences (20000102 bp)...
[M::mem_pestat] # candidate unique pairs for (FF, FR, RF, RR): (0, 99130, 3, 1)
[M::mem_pestat] skip orientation FF as there are not enough pairs
[M::mem_pestat] analyzing insert size distribution for orientation FR...
[M::mem_pestat] (25, 50, 75) percentile: (106, 128, 164)
[M::mem_pestat] low and high boundaries for computing mean and std.dev: (1, 280)
[M::mem_pestat] mean and std.dev: (136.23, 43.30)
[M::mem_pestat] low and high boundaries for proper pairs: (1, 338)
[M::mem_pestat] skip orientation RF as there are not enough pairs
[M::mem_pestat] skip orientation RR as there are not enough pairs
[M::mem_process_seqs] Processed 204326 reads in 5.899 CPU sec, 3.025 real sec
[M::process] read 204334 sequences (20000151 bp)...
[M::mem_pestat] # candidate unique pairs for (FF, FR, RF, RR): (1, 99196, 3, 2)
[M::mem_pestat] skip orientation FF as there are not enough pairs
[M::mem_pestat] analyzing insert size distribution for orientation FR...
[M::mem_pestat] (25, 50, 75) percentile: (106, 128, 163)
[M::mem_pestat] low and high boundaries for computing mean and std.dev: (1, 277)
[M::mem_pestat] mean and std.dev: (135.78, 42.76)
[M::mem_pestat] low and high boundaries for proper pairs: (1, 334)
[M::mem_pestat] skip orientation RF as there are not enough pairs
[M::mem_pestat] skip orientation RR as there are not enough pairs
[M::mem_process_seqs] Processed 204522 reads in 5.899 CPU sec, 3.022 real sec
[M::process] read 204424 sequences (20000140 bp)...
[M::mem_pestat] # candidate unique pairs for (FF, FR, RF, RR): (4, 99129, 7, 1)
[M::mem_pestat] skip orientation FF as there are not enough pairs
[M::mem_pestat] analyzing insert size distribution for orientation FR...
[M::mem_pestat] (25, 50, 75) percentile: (105, 128, 163)
[M::mem_pestat] low and high boundaries for computing mean and std.dev: (1, 279)
[M::mem_pestat] mean and std.dev: (135.66, 42.89)
[M::mem_pestat] low and high boundaries for proper pairs: (1, 337)
[M::mem_pestat] skip orientation RF as there are not enough pairs
[M::mem_pestat] skip orientation RR as there are not enough pairs
[M::mem_process_seqs] Processed 204334 reads in 5.930 CPU sec, 3.043 real sec
[M::process] read 204290 sequences (20000137 bp)...
[M::mem_pestat] # candidate unique pairs for (FF, FR, RF, RR): (0, 99065, 2, 1)
[M::mem_pestat] skip orientation FF as there are not enough pairs
[M::mem_pestat] analyzing insert size distribution for orientation FR...
[M::mem_pestat] (25, 50, 75) percentile: (106, 128, 163)
[M::mem_pestat] low and high boundaries for computing mean and std.dev: (1, 277)
[M::mem_pestat] mean and std.dev: (135.56, 42.53)
[M::mem_pestat] low and high boundaries for proper pairs: (1, 334)
[M::mem_pestat] skip orientation RF as there are not enough pairs
[M::mem_pestat] skip orientation RR as there are not enough pairs
[M::mem_process_seqs] Processed 204424 reads in 5.901 CPU sec, 3.026 real sec
[M::process] read 204436 sequences (20000182 bp)...
[M::mem_pestat] # candidate unique pairs for (FF, FR, RF, RR): (0, 99063, 5, 0)
[M::mem_pestat] skip orientation FF as there are not enough pairs
[M::mem_pestat] analyzing insert size distribution for orientation FR...
[M::mem_pestat] (25, 50, 75) percentile: (106, 128, 163)
[M::mem_pestat] low and high boundaries for computing mean and std.dev: (1, 277)
[M::mem_pestat] mean and std.dev: (135.76, 42.60)
[M::mem_pestat] low and high boundaries for proper pairs: (1, 334)
[M::mem_pestat] skip orientation RF as there are not enough pairs
[M::mem_pestat] skip orientation RR as there are not enough pairs
[M::mem_process_seqs] Processed 204290 reads in 5.923 CPU sec, 3.061 real sec
[M::process] read 204606 sequences (20000153 bp)...
[M::mem_pestat] # candidate unique pairs for (FF, FR, RF, RR): (0, 99163, 8, 2)
[M::mem_pestat] skip orientation FF as there are not enough pairs
[M::mem_pestat] analyzing insert size distribution for orientation FR...
[M::mem_pestat] (25, 50, 75) percentile: (106, 128, 163)
[M::mem_pestat] low and high boundaries for computing mean and std.dev: (1, 277)
[M::mem_pestat] mean and std.dev: (135.69, 42.87)
[M::mem_pestat] low and high boundaries for proper pairs: (1, 334)
[M::mem_pestat] skip orientation RF as there are not enough pairs
[M::mem_pestat] skip orientation RR as there are not enough pairs
[M::mem_process_seqs] Processed 204436 reads in 5.896 CPU sec, 3.022 real sec
[M::process] read 204628 sequences (20000197 bp)...
[M::mem_pestat] # candidate unique pairs for (FF, FR, RF, RR): (1, 99219, 6, 2)
[M::mem_pestat] skip orientation FF as there are not enough pairs
[M::mem_pestat] analyzing insert size distribution for orientation FR...
[M::mem_pestat] (25, 50, 75) percentile: (106, 127, 163)
[M::mem_pestat] low and high boundaries for computing mean and std.dev: (1, 277)
[M::mem_pestat] mean and std.dev: (135.46, 42.58)
[M::mem_pestat] low and high boundaries for proper pairs: (1, 334)
[M::mem_pestat] skip orientation RF as there are not enough pairs
[M::mem_pestat] skip orientation RR as there are not enough pairs
[M::mem_process_seqs] Processed 204606 reads in 5.923 CPU sec, 3.039 real sec
[M::process] read 204770 sequences (20000049 bp)...
[M::mem_pestat] # candidate unique pairs for (FF, FR, RF, RR): (0, 99213, 4, 2)
[M::mem_pestat] skip orientation FF as there are not enough pairs
[M::mem_pestat] analyzing insert size distribution for orientation FR...
[M::mem_pestat] (25, 50, 75) percentile: (106, 128, 163)
[M::mem_pestat] low and high boundaries for computing mean and std.dev: (1, 277)
[M::mem_pestat] mean and std.dev: (135.73, 42.72)
[M::mem_pestat] low and high boundaries for proper pairs: (1, 334)
[M::mem_pestat] skip orientation RF as there are not enough pairs
[M::mem_pestat] skip orientation RR as there are not enough pairs
[M::mem_process_seqs] Processed 204628 reads in 5.916 CPU sec, 3.037 real sec
[M::process] read 204820 sequences (20000041 bp)...
[M::mem_pestat] # candidate unique pairs for (FF, FR, RF, RR): (1, 99375, 6, 0)
[M::mem_pestat] skip orientation FF as there are not enough pairs
[M::mem_pestat] analyzing insert size distribution for orientation FR...
[M::mem_pestat] (25, 50, 75) percentile: (106, 128, 163)
[M::mem_pestat] low and high boundaries for computing mean and std.dev: (1, 277)
[M::mem_pestat] mean and std.dev: (135.52, 42.64)
[M::mem_pestat] low and high boundaries for proper pairs: (1, 334)
[M::mem_pestat] skip orientation RF as there are not enough pairs
[M::mem_pestat] skip orientation RR as there are not enough pairs
[M::mem_process_seqs] Processed 204770 reads in 5.943 CPU sec, 3.044 real sec
[M::process] read 205126 sequences (20000019 bp)...
[M::mem_pestat] # candidate unique pairs for (FF, FR, RF, RR): (0, 99333, 5, 1)
[M::mem_pestat] skip orientation FF as there are not enough pairs
[M::mem_pestat] analyzing insert size distribution for orientation FR...
[M::mem_pestat] (25, 50, 75) percentile: (106, 127, 162)
[M::mem_pestat] low and high boundaries for computing mean and std.dev: (1, 274)
[M::mem_pestat] mean and std.dev: (135.19, 42.09)
[M::mem_pestat] low and high boundaries for proper pairs: (1, 330)
[M::mem_pestat] skip orientation RF as there are not enough pairs
[M::mem_pestat] skip orientation RR as there are not enough pairs
[M::mem_process_seqs] Processed 204820 reads in 5.942 CPU sec, 3.046 real sec
[M::process] read 204908 sequences (20000139 bp)...
[M::mem_pestat] # candidate unique pairs for (FF, FR, RF, RR): (0, 99484, 3, 0)
[M::mem_pestat] skip orientation FF as there are not enough pairs
[M::mem_pestat] analyzing insert size distribution for orientation FR...
[M::mem_pestat] (25, 50, 75) percentile: (105, 127, 162)
[M::mem_pestat] low and high boundaries for computing mean and std.dev: (1, 276)
[M::mem_pestat] mean and std.dev: (135.10, 42.45)
[M::mem_pestat] low and high boundaries for proper pairs: (1, 333)
[M::mem_pestat] skip orientation RF as there are not enough pairs
[M::mem_pestat] skip orientation RR as there are not enough pairs
[M::mem_process_seqs] Processed 205126 reads in 5.957 CPU sec, 3.058 real sec
[M::mem_pestat] # candidate unique pairs for (FF, FR, RF, RR): (3, 99355, 4, 3)
[M::mem_pestat] skip orientation FF as there are not enough pairs
[M::mem_pestat] analyzing insert size distribution for orientation FR...
[M::mem_pestat] (25, 50, 75) percentile: (105, 127, 161)
[M::mem_pestat] low and high boundaries for computing mean and std.dev: (1, 273)
[M::mem_pestat] mean and std.dev: (134.88, 41.92)
[M::mem_pestat] low and high boundaries for proper pairs: (1, 329)
[M::mem_pestat] skip orientation RF as there are not enough pairs
[M::mem_pestat] skip orientation RR as there are not enough pairs
[M::mem_process_seqs] Processed 204908 reads in 5.752 CPU sec, 5.345 real sec
[M::process] read 206724 sequences (20000003 bp)...
[M::process] read 205520 sequences (20000036 bp)...
[M::mem_pestat] # candidate unique pairs for (FF, FR, RF, RR): (1, 100368, 5, 2)
[M::mem_pestat] skip orientation FF as there are not enough pairs
[M::mem_pestat] analyzing insert size distribution for orientation FR...
[M::mem_pestat] (25, 50, 75) percentile: (105, 127, 161)
[M::mem_pestat] low and high boundaries for computing mean and std.dev: (1, 273)
[M::mem_pestat] mean and std.dev: (134.85, 41.72)
[M::mem_pestat] low and high boundaries for proper pairs: (1, 329)
[M::mem_pestat] skip orientation RF as there are not enough pairs
[M::mem_pestat] skip orientation RR as there are not enough pairs
[M::mem_process_seqs] Processed 206724 reads in 5.808 CPU sec, 2.966 real sec
[M::process] read 205710 sequences (20000035 bp)...
[M::mem_pestat] # candidate unique pairs for (FF, FR, RF, RR): (1, 99476, 7, 0)
[M::mem_pestat] skip orientation FF as there are not enough pairs
[M::mem_pestat] analyzing insert size distribution for orientation FR...
[M::mem_pestat] (25, 50, 75) percentile: (106, 127, 162)
[M::mem_pestat] low and high boundaries for computing mean and std.dev: (1, 274)
[M::mem_pestat] mean and std.dev: (135.01, 42.11)
[M::mem_pestat] low and high boundaries for proper pairs: (1, 330)
[M::mem_pestat] skip orientation RF as there are not enough pairs
[M::mem_pestat] skip orientation RR as there are not enough pairs
[M::mem_process_seqs] Processed 205520 reads in 5.933 CPU sec, 3.101 real sec
[M::process] read 206090 sequences (20000187 bp)...
[M::mem_pestat] # candidate unique pairs for (FF, FR, RF, RR): (1, 99768, 5, 2)
[M::mem_pestat] skip orientation FF as there are not enough pairs
[M::mem_pestat] analyzing insert size distribution for orientation FR...
[M::mem_pestat] (25, 50, 75) percentile: (105, 127, 162)
[M::mem_pestat] low and high boundaries for computing mean and std.dev: (1, 276)
[M::mem_pestat] mean and std.dev: (135.12, 42.35)
[M::mem_pestat] low and high boundaries for proper pairs: (1, 333)
[M::mem_pestat] skip orientation RF as there are not enough pairs
[M::mem_pestat] skip orientation RR as there are not enough pairs
[M::mem_process_seqs] Processed 205710 reads in 5.896 CPU sec, 3.050 real sec
[M::process] read 204858 sequences (20000082 bp)...
[M::mem_pestat] # candidate unique pairs for (FF, FR, RF, RR): (1, 99872, 2, 2)
[M::mem_pestat] skip orientation FF as there are not enough pairs
[M::mem_pestat] analyzing insert size distribution for orientation FR...
[M::mem_pestat] (25, 50, 75) percentile: (105, 127, 162)
[M::mem_pestat] low and high boundaries for computing mean and std.dev: (1, 276)
[M::mem_pestat] mean and std.dev: (135.10, 42.20)
[M::mem_pestat] low and high boundaries for proper pairs: (1, 333)
[M::mem_pestat] skip orientation RF as there are not enough pairs
[M::mem_pestat] skip orientation RR as there are not enough pairs
[M::mem_process_seqs] Processed 206090 reads in 5.917 CPU sec, 3.062 real sec
[M::process] read 203794 sequences (20000124 bp)...
[M::mem_pestat] # candidate unique pairs for (FF, FR, RF, RR): (1, 99496, 2, 2)
[M::mem_pestat] skip orientation FF as there are not enough pairs
[M::mem_pestat] analyzing insert size distribution for orientation FR...
[M::mem_pestat] (25, 50, 75) percentile: (106, 128, 163)
[M::mem_pestat] low and high boundaries for computing mean and std.dev: (1, 277)
[M::mem_pestat] mean and std.dev: (135.66, 42.64)
[M::mem_pestat] low and high boundaries for proper pairs: (1, 334)
[M::mem_pestat] skip orientation RF as there are not enough pairs
[M::mem_pestat] skip orientation RR as there are not enough pairs
[M::mem_process_seqs] Processed 204858 reads in 5.863 CPU sec, 3.029 real sec
[M::process] read 203634 sequences (20000068 bp)...
[M::mem_pestat] # candidate unique pairs for (FF, FR, RF, RR): (1, 99011, 5, 0)
[M::mem_pestat] skip orientation FF as there are not enough pairs
[M::mem_pestat] analyzing insert size distribution for orientation FR...
[M::mem_pestat] (25, 50, 75) percentile: (106, 129, 165)
[M::mem_pestat] low and high boundaries for computing mean and std.dev: (1, 283)
[M::mem_pestat] mean and std.dev: (137.25, 44.00)
[M::mem_pestat] low and high boundaries for proper pairs: (1, 342)
[M::mem_pestat] skip orientation RF as there are not enough pairs
[M::mem_pestat] skip orientation RR as there are not enough pairs
[M::mem_process_seqs] Processed 203794 reads in 5.833 CPU sec, 3.005 real sec
[M::process] read 204058 sequences (20000009 bp)...
[M::mem_pestat] # candidate unique pairs for (FF, FR, RF, RR): (0, 98968, 8, 1)
[M::mem_pestat] skip orientation FF as there are not enough pairs
[M::mem_pestat] analyzing insert size distribution for orientation FR...
[M::mem_pestat] (25, 50, 75) percentile: (106, 129, 165)
[M::mem_pestat] low and high boundaries for computing mean and std.dev: (1, 283)
[M::mem_pestat] mean and std.dev: (137.10, 43.75)
[M::mem_pestat] low and high boundaries for proper pairs: (1, 342)
[M::mem_pestat] skip orientation RF as there are not enough pairs
[M::mem_pestat] skip orientation RR as there are not enough pairs
[M::mem_process_seqs] Processed 203634 reads in 5.826 CPU sec, 3.030 real sec
[M::process] read 203710 sequences (20000152 bp)...
[M::mem_pestat] # candidate unique pairs for (FF, FR, RF, RR): (1, 99145, 5, 2)
[M::mem_pestat] skip orientation FF as there are not enough pairs
[M::mem_pestat] analyzing insert size distribution for orientation FR...
[M::mem_pestat] (25, 50, 75) percentile: (106, 129, 165)
[M::mem_pestat] low and high boundaries for computing mean and std.dev: (1, 283)
[M::mem_pestat] mean and std.dev: (137.13, 43.86)
[M::mem_pestat] low and high boundaries for proper pairs: (1, 342)
[M::mem_pestat] skip orientation RF as there are not enough pairs
[M::mem_pestat] skip orientation RR as there are not enough pairs
[M::mem_process_seqs] Processed 204058 reads in 5.957 CPU sec, 3.066 real sec
[M::process] read 203872 sequences (20000169 bp)...
[M::mem_pestat] # candidate unique pairs for (FF, FR, RF, RR): (1, 99031, 7, 3)
[M::mem_pestat] skip orientation FF as there are not enough pairs
[M::mem_pestat] analyzing insert size distribution for orientation FR...
[M::mem_pestat] (25, 50, 75) percentile: (106, 129, 164)
[M::mem_pestat] low and high boundaries for computing mean and std.dev: (1, 280)
[M::mem_pestat] mean and std.dev: (136.51, 43.05)
[M::mem_pestat] low and high boundaries for proper pairs: (1, 338)
[M::mem_pestat] skip orientation RF as there are not enough pairs
[M::mem_pestat] skip orientation RR as there are not enough pairs
[M::mem_process_seqs] Processed 203710 reads in 5.860 CPU sec, 3.039 real sec
[M::process] read 203736 sequences (20000052 bp)...
[M::mem_pestat] # candidate unique pairs for (FF, FR, RF, RR): (2, 98888, 4, 1)
[M::mem_pestat] skip orientation FF as there are not enough pairs
[M::mem_pestat] analyzing insert size distribution for orientation FR...
[M::mem_pestat] (25, 50, 75) percentile: (106, 128, 164)
[M::mem_pestat] low and high boundaries for computing mean and std.dev: (1, 280)
[M::mem_pestat] mean and std.dev: (136.74, 43.22)
[M::mem_pestat] low and high boundaries for proper pairs: (1, 338)
[M::mem_pestat] skip orientation RF as there are not enough pairs
[M::mem_pestat] skip orientation RR as there are not enough pairs
[M::mem_process_seqs] Processed 203872 reads in 5.864 CPU sec, 3.028 real sec
[M::process] read 203736 sequences (20000110 bp)...
[M::mem_pestat] # candidate unique pairs for (FF, FR, RF, RR): (4, 98962, 5, 3)
[M::mem_pestat] skip orientation FF as there are not enough pairs
[M::mem_pestat] analyzing insert size distribution for orientation FR...
[M::mem_pestat] (25, 50, 75) percentile: (106, 128, 165)
[M::mem_pestat] low and high boundaries for computing mean and std.dev: (1, 283)
[M::mem_pestat] mean and std.dev: (137.01, 43.75)
[M::mem_pestat] low and high boundaries for proper pairs: (1, 342)
[M::mem_pestat] skip orientation RF as there are not enough pairs
[M::mem_pestat] skip orientation RR as there are not enough pairs
[M::mem_process_seqs] Processed 203736 reads in 5.843 CPU sec, 3.016 real sec
[M::process] read 203848 sequences (20000117 bp)...
[M::mem_pestat] # candidate unique pairs for (FF, FR, RF, RR): (1, 98990, 4, 3)
[M::mem_pestat] skip orientation FF as there are not enough pairs
[M::mem_pestat] analyzing insert size distribution for orientation FR...
[M::mem_pestat] (25, 50, 75) percentile: (106, 128, 165)
[M::mem_pestat] low and high boundaries for computing mean and std.dev: (1, 283)
[M::mem_pestat] mean and std.dev: (137.10, 43.94)
[M::mem_pestat] low and high boundaries for proper pairs: (1, 342)
[M::mem_pestat] skip orientation RF as there are not enough pairs
[M::mem_pestat] skip orientation RR as there are not enough pairs
[M::mem_process_seqs] Processed 203736 reads in 5.883 CPU sec, 3.050 real sec
[M::process] read 204166 sequences (20000162 bp)...
[M::mem_pestat] # candidate unique pairs for (FF, FR, RF, RR): (3, 98936, 6, 0)
[M::mem_pestat] skip orientation FF as there are not enough pairs
[M::mem_pestat] analyzing insert size distribution for orientation FR...
[M::mem_pestat] (25, 50, 75) percentile: (106, 128, 164)
[M::mem_pestat] low and high boundaries for computing mean and std.dev: (1, 280)
[M::mem_pestat] mean and std.dev: (136.55, 43.37)
[M::mem_pestat] low and high boundaries for proper pairs: (1, 338)
[M::mem_pestat] skip orientation RF as there are not enough pairs
[M::mem_pestat] skip orientation RR as there are not enough pairs
[M::mem_process_seqs] Processed 203848 reads in 5.896 CPU sec, 3.046 real sec
[M::process] read 204094 sequences (20000014 bp)...
[M::mem_pestat] # candidate unique pairs for (FF, FR, RF, RR): (7, 99159, 3, 2)
[M::mem_pestat] skip orientation FF as there are not enough pairs
[M::mem_pestat] analyzing insert size distribution for orientation FR...
[M::mem_pestat] (25, 50, 75) percentile: (106, 129, 165)
[M::mem_pestat] low and high boundaries for computing mean and std.dev: (1, 283)
[M::mem_pestat] mean and std.dev: (136.96, 43.73)
[M::mem_pestat] low and high boundaries for proper pairs: (1, 342)
[M::mem_pestat] skip orientation RF as there are not enough pairs
[M::mem_pestat] skip orientation RR as there are not enough pairs
[M::mem_process_seqs] Processed 204166 reads in 5.897 CPU sec, 3.039 real sec
[M::process] read 203932 sequences (20000150 bp)...
[M::mem_pestat] # candidate unique pairs for (FF, FR, RF, RR): (2, 99172, 5, 1)
[M::mem_pestat] skip orientation FF as there are not enough pairs
[M::mem_pestat] analyzing insert size distribution for orientation FR...
[M::mem_pestat] (25, 50, 75) percentile: (106, 128, 165)
[M::mem_pestat] low and high boundaries for computing mean and std.dev: (1, 283)
[M::mem_pestat] mean and std.dev: (136.77, 43.73)
[M::mem_pestat] low and high boundaries for proper pairs: (1, 342)
[M::mem_pestat] skip orientation RF as there are not enough pairs
[M::mem_pestat] skip orientation RR as there are not enough pairs
[M::mem_process_seqs] Processed 204094 reads in 5.884 CPU sec, 3.042 real sec
[M::process] read 203976 sequences (20000129 bp)...
[M::mem_pestat] # candidate unique pairs for (FF, FR, RF, RR): (1, 98913, 1, 0)
[M::mem_pestat] skip orientation FF as there are not enough pairs
[M::mem_pestat] analyzing insert size distribution for orientation FR...
[M::mem_pestat] (25, 50, 75) percentile: (106, 128, 165)
[M::mem_pestat] low and high boundaries for computing mean and std.dev: (1, 283)
[M::mem_pestat] mean and std.dev: (137.04, 43.70)
[M::mem_pestat] low and high boundaries for proper pairs: (1, 342)
[M::mem_pestat] skip orientation RF as there are not enough pairs
[M::mem_pestat] skip orientation RR as there are not enough pairs
[M::mem_process_seqs] Processed 203932 reads in 5.852 CPU sec, 3.018 real sec
[M::process] read 204304 sequences (20000014 bp)...
[M::mem_pestat] # candidate unique pairs for (FF, FR, RF, RR): (1, 99071, 7, 3)
[M::mem_pestat] skip orientation FF as there are not enough pairs
[M::mem_pestat] analyzing insert size distribution for orientation FR...
[M::mem_pestat] (25, 50, 75) percentile: (106, 128, 164)
[M::mem_pestat] low and high boundaries for computing mean and std.dev: (1, 280)
[M::mem_pestat] mean and std.dev: (136.48, 43.21)
[M::mem_pestat] low and high boundaries for proper pairs: (1, 338)
[M::mem_pestat] skip orientation RF as there are not enough pairs
[M::mem_pestat] skip orientation RR as there are not enough pairs
[M::mem_process_seqs] Processed 203976 reads in 5.860 CPU sec, 3.023 real sec
[M::process] read 204096 sequences (20000192 bp)...
[M::mem_pestat] # candidate unique pairs for (FF, FR, RF, RR): (1, 99194, 2, 1)
[M::mem_pestat] skip orientation FF as there are not enough pairs
[M::mem_pestat] analyzing insert size distribution for orientation FR...
[M::mem_pestat] (25, 50, 75) percentile: (106, 128, 164)
[M::mem_pestat] low and high boundaries for computing mean and std.dev: (1, 280)
[M::mem_pestat] mean and std.dev: (136.28, 43.15)
[M::mem_pestat] low and high boundaries for proper pairs: (1, 338)
[M::mem_pestat] skip orientation RF as there are not enough pairs
[M::mem_pestat] skip orientation RR as there are not enough pairs
[M::mem_process_seqs] Processed 204304 reads in 5.875 CPU sec, 3.035 real sec
[M::process] read 204158 sequences (20000121 bp)...
[M::mem_pestat] # candidate unique pairs for (FF, FR, RF, RR): (1, 99126, 0, 2)
[M::mem_pestat] skip orientation FF as there are not enough pairs
[M::mem_pestat] analyzing insert size distribution for orientation FR...
[M::mem_pestat] (25, 50, 75) percentile: (106, 128, 164)
[M::mem_pestat] low and high boundaries for computing mean and std.dev: (1, 280)
[M::mem_pestat] mean and std.dev: (136.18, 43.16)
[M::mem_pestat] low and high boundaries for proper pairs: (1, 338)
[M::mem_pestat] skip orientation RF as there are not enough pairs
[M::mem_pestat] skip orientation RR as there are not enough pairs
[M::mem_process_seqs] Processed 204096 reads in 5.867 CPU sec, 3.037 real sec
[M::process] read 204202 sequences (20000111 bp)...
[M::mem_pestat] # candidate unique pairs for (FF, FR, RF, RR): (2, 98946, 1, 0)
[M::mem_pestat] skip orientation FF as there are not enough pairs
[M::mem_pestat] analyzing insert size distribution for orientation FR...
[M::mem_pestat] (25, 50, 75) percentile: (106, 128, 163)
[M::mem_pestat] low and high boundaries for computing mean and std.dev: (1, 277)
[M::mem_pestat] mean and std.dev: (135.67, 42.71)
[M::mem_pestat] low and high boundaries for proper pairs: (1, 334)
[M::mem_pestat] skip orientation RF as there are not enough pairs
[M::mem_pestat] skip orientation RR as there are not enough pairs
[M::mem_process_seqs] Processed 204158 reads in 5.905 CPU sec, 3.075 real sec
[M::process] read 204202 sequences (20000082 bp)...
[M::mem_pestat] # candidate unique pairs for (FF, FR, RF, RR): (0, 99024, 5, 3)
[M::mem_pestat] skip orientation FF as there are not enough pairs
[M::mem_pestat] analyzing insert size distribution for orientation FR...
[M::mem_pestat] (25, 50, 75) percentile: (106, 128, 163)
[M::mem_pestat] low and high boundaries for computing mean and std.dev: (1, 277)
[M::mem_pestat] mean and std.dev: (135.78, 42.65)
[M::mem_pestat] low and high boundaries for proper pairs: (1, 334)
[M::mem_pestat] skip orientation RF as there are not enough pairs
[M::mem_pestat] skip orientation RR as there are not enough pairs
[M::mem_process_seqs] Processed 204202 reads in 5.856 CPU sec, 3.013 real sec
[M::process] read 204288 sequences (20000026 bp)...
[M::mem_pestat] # candidate unique pairs for (FF, FR, RF, RR): (3, 99045, 9, 3)
[M::mem_pestat] skip orientation FF as there are not enough pairs
[M::mem_pestat] analyzing insert size distribution for orientation FR...
[M::mem_pestat] (25, 50, 75) percentile: (106, 128, 163)
[M::mem_pestat] low and high boundaries for computing mean and std.dev: (1, 277)
[M::mem_pestat] mean and std.dev: (135.80, 42.63)
[M::mem_pestat] low and high boundaries for proper pairs: (1, 334)
[M::mem_pestat] skip orientation RF as there are not enough pairs
[M::mem_pestat] skip orientation RR as there are not enough pairs
[M::mem_process_seqs] Processed 204202 reads in 5.884 CPU sec, 3.043 real sec
[M::process] read 204356 sequences (20000026 bp)...
[M::mem_pestat] # candidate unique pairs for (FF, FR, RF, RR): (2, 99153, 7, 1)
[M::mem_pestat] skip orientation FF as there are not enough pairs
[M::mem_pestat] analyzing insert size distribution for orientation FR...
[M::mem_pestat] (25, 50, 75) percentile: (106, 128, 164)
[M::mem_pestat] low and high boundaries for computing mean and std.dev: (1, 280)
[M::mem_pestat] mean and std.dev: (136.22, 43.38)
[M::mem_pestat] low and high boundaries for proper pairs: (1, 338)
[M::mem_pestat] skip orientation RF as there are not enough pairs
[M::mem_pestat] skip orientation RR as there are not enough pairs
[M::mem_process_seqs] Processed 204288 reads in 5.955 CPU sec, 3.090 real sec
[M::process] read 204298 sequences (20000169 bp)...
[M::mem_pestat] # candidate unique pairs for (FF, FR, RF, RR): (0, 99140, 2, 5)
[M::mem_pestat] skip orientation FF as there are not enough pairs
[M::mem_pestat] analyzing insert size distribution for orientation FR...
[M::mem_pestat] (25, 50, 75) percentile: (106, 128, 164)
[M::mem_pestat] low and high boundaries for computing mean and std.dev: (1, 280)
[M::mem_pestat] mean and std.dev: (136.08, 43.26)
[M::mem_pestat] low and high boundaries for proper pairs: (1, 338)
[M::mem_pestat] skip orientation RF as there are not enough pairs
[M::mem_pestat] skip orientation RR as there are not enough pairs
[M::mem_process_seqs] Processed 204356 reads in 5.883 CPU sec, 3.030 real sec
[M::process] read 204368 sequences (20000129 bp)...
[M::mem_pestat] # candidate unique pairs for (FF, FR, RF, RR): (1, 99138, 1, 3)
[M::mem_pestat] skip orientation FF as there are not enough pairs
[M::mem_pestat] analyzing insert size distribution for orientation FR...
[M::mem_pestat] (25, 50, 75) percentile: (106, 128, 163)
[M::mem_pestat] low and high boundaries for computing mean and std.dev: (1, 277)
[M::mem_pestat] mean and std.dev: (135.79, 42.80)
[M::mem_pestat] low and high boundaries for proper pairs: (1, 334)
[M::mem_pestat] skip orientation RF as there are not enough pairs
[M::mem_pestat] skip orientation RR as there are not enough pairs
[M::mem_process_seqs] Processed 204298 reads in 5.875 CPU sec, 3.032 real sec
[M::process] read 204322 sequences (20000124 bp)...
[M::mem_pestat] # candidate unique pairs for (FF, FR, RF, RR): (2, 99159, 3, 4)
[M::mem_pestat] skip orientation FF as there are not enough pairs
[M::mem_pestat] analyzing insert size distribution for orientation FR...
[M::mem_pestat] (25, 50, 75) percentile: (106, 128, 163)
[M::mem_pestat] low and high boundaries for computing mean and std.dev: (1, 277)
[M::mem_pestat] mean and std.dev: (135.69, 42.62)
[M::mem_pestat] low and high boundaries for proper pairs: (1, 334)
[M::mem_pestat] skip orientation RF as there are not enough pairs
[M::mem_pestat] skip orientation RR as there are not enough pairs
[M::mem_process_seqs] Processed 204368 reads in 5.891 CPU sec, 3.036 real sec
[M::process] read 204402 sequences (20000054 bp)...
[M::mem_pestat] # candidate unique pairs for (FF, FR, RF, RR): (2, 99176, 4, 2)
[M::mem_pestat] skip orientation FF as there are not enough pairs
[M::mem_pestat] analyzing insert size distribution for orientation FR...
[M::mem_pestat] (25, 50, 75) percentile: (106, 128, 163)
[M::mem_pestat] low and high boundaries for computing mean and std.dev: (1, 277)
[M::mem_pestat] mean and std.dev: (135.82, 42.57)
[M::mem_pestat] low and high boundaries for proper pairs: (1, 334)
[M::mem_pestat] skip orientation RF as there are not enough pairs
[M::mem_pestat] skip orientation RR as there are not enough pairs
[M::mem_process_seqs] Processed 204322 reads in 6.065 CPU sec, 5.832 real sec
[M::process] read 204504 sequences (20000001 bp)...
[M::mem_pestat] # candidate unique pairs for (FF, FR, RF, RR): (1, 99213, 3, 1)
[M::mem_pestat] skip orientation FF as there are not enough pairs
[M::mem_pestat] analyzing insert size distribution for orientation FR...
[M::mem_pestat] (25, 50, 75) percentile: (106, 128, 163)
[M::mem_pestat] low and high boundaries for computing mean and std.dev: (1, 277)
[M::mem_pestat] mean and std.dev: (135.76, 42.76)
[M::mem_pestat] low and high boundaries for proper pairs: (1, 334)
[M::mem_pestat] skip orientation RF as there are not enough pairs
[M::mem_pestat] skip orientation RR as there are not enough pairs
[M::mem_process_seqs] Processed 204402 reads in 5.976 CPU sec, 4.324 real sec
[M::process] read 204788 sequences (20000184 bp)...
[M::mem_pestat] # candidate unique pairs for (FF, FR, RF, RR): (2, 99240, 3, 3)
[M::mem_pestat] skip orientation FF as there are not enough pairs
[M::mem_pestat] analyzing insert size distribution for orientation FR...
[M::mem_pestat] (25, 50, 75) percentile: (106, 127, 163)
[M::mem_pestat] low and high boundaries for computing mean and std.dev: (1, 277)
[M::mem_pestat] mean and std.dev: (135.64, 42.54)
[M::mem_pestat] low and high boundaries for proper pairs: (1, 334)
[M::mem_pestat] skip orientation RF as there are not enough pairs
[M::mem_pestat] skip orientation RR as there are not enough pairs
[M::mem_process_seqs] Processed 204504 reads in 5.913 CPU sec, 3.088 real sec
[M::process] read 204646 sequences (20000168 bp)...
[M::mem_pestat] # candidate unique pairs for (FF, FR, RF, RR): (1, 99365, 5, 2)
[M::mem_pestat] skip orientation FF as there are not enough pairs
[M::mem_pestat] analyzing insert size distribution for orientation FR...
[M::mem_pestat] (25, 50, 75) percentile: (106, 128, 163)
[M::mem_pestat] low and high boundaries for computing mean and std.dev: (1, 277)
[M::mem_pestat] mean and std.dev: (135.77, 42.66)
[M::mem_pestat] low and high boundaries for proper pairs: (1, 334)
[M::mem_pestat] skip orientation RF as there are not enough pairs
[M::mem_pestat] skip orientation RR as there are not enough pairs
[M::mem_process_seqs] Processed 204788 reads in 5.909 CPU sec, 3.047 real sec
[M::process] read 204760 sequences (20000004 bp)...
[M::mem_pestat] # candidate unique pairs for (FF, FR, RF, RR): (3, 99213, 3, 1)
[M::mem_pestat] skip orientation FF as there are not enough pairs
[M::mem_pestat] analyzing insert size distribution for orientation FR...
[M::mem_pestat] (25, 50, 75) percentile: (106, 128, 163)
[M::mem_pestat] low and high boundaries for computing mean and std.dev: (1, 277)
[M::mem_pestat] mean and std.dev: (135.58, 42.68)
[M::mem_pestat] low and high boundaries for proper pairs: (1, 334)
[M::mem_pestat] skip orientation RF as there are not enough pairs
[M::mem_pestat] skip orientation RR as there are not enough pairs
[M::mem_process_seqs] Processed 204646 reads in 5.878 CPU sec, 3.049 real sec
[M::process] read 204750 sequences (20000016 bp)...
[M::mem_pestat] # candidate unique pairs for (FF, FR, RF, RR): (1, 99346, 5, 2)
[M::mem_pestat] skip orientation FF as there are not enough pairs
[M::mem_pestat] analyzing insert size distribution for orientation FR...
[M::mem_pestat] (25, 50, 75) percentile: (105, 127, 162)
[M::mem_pestat] low and high boundaries for computing mean and std.dev: (1, 276)
[M::mem_pestat] mean and std.dev: (135.06, 42.30)
[M::mem_pestat] low and high boundaries for proper pairs: (1, 333)
[M::mem_pestat] skip orientation RF as there are not enough pairs
[M::mem_pestat] skip orientation RR as there are not enough pairs
[M::mem_process_seqs] Processed 204760 reads in 5.940 CPU sec, 3.060 real sec
[M::process] read 204958 sequences (20000167 bp)...
[M::mem_pestat] # candidate unique pairs for (FF, FR, RF, RR): (1, 99293, 4, 2)
[M::mem_pestat] skip orientation FF as there are not enough pairs
[M::mem_pestat] analyzing insert size distribution for orientation FR...
[M::mem_pestat] (25, 50, 75) percentile: (106, 127, 162)
[M::mem_pestat] low and high boundaries for computing mean and std.dev: (1, 274)
[M::mem_pestat] mean and std.dev: (135.12, 42.00)
[M::mem_pestat] low and high boundaries for proper pairs: (1, 330)
[M::mem_pestat] skip orientation RF as there are not enough pairs
[M::mem_pestat] skip orientation RR as there are not enough pairs
[M::mem_process_seqs] Processed 204750 reads in 5.941 CPU sec, 3.064 real sec
[M::process] read 207600 sequences (20000000 bp)...
[M::mem_pestat] # candidate unique pairs for (FF, FR, RF, RR): (2, 99442, 2, 2)
[M::mem_pestat] skip orientation FF as there are not enough pairs
[M::mem_pestat] analyzing insert size distribution for orientation FR...
[M::mem_pestat] (25, 50, 75) percentile: (106, 127, 162)
[M::mem_pestat] low and high boundaries for computing mean and std.dev: (1, 274)
[M::mem_pestat] mean and std.dev: (135.00, 42.10)
[M::mem_pestat] low and high boundaries for proper pairs: (1, 330)
[M::mem_pestat] skip orientation RF as there are not enough pairs
[M::mem_pestat] skip orientation RR as there are not enough pairs
[M::mem_process_seqs] Processed 204958 reads in 5.881 CPU sec, 3.050 real sec
[M::process] read 205882 sequences (20000037 bp)...
[M::mem_pestat] # candidate unique pairs for (FF, FR, RF, RR): (0, 100656, 4, 1)
[M::mem_pestat] skip orientation FF as there are not enough pairs
[M::mem_pestat] analyzing insert size distribution for orientation FR...
[M::mem_pestat] (25, 50, 75) percentile: (105, 127, 162)
[M::mem_pestat] low and high boundaries for computing mean and std.dev: (1, 276)
[M::mem_pestat] mean and std.dev: (135.21, 42.18)
[M::mem_pestat] low and high boundaries for proper pairs: (1, 333)
[M::mem_pestat] skip orientation RF as there are not enough pairs
[M::mem_pestat] skip orientation RR as there are not enough pairs
[M::mem_process_seqs] Processed 207600 reads in 5.914 CPU sec, 3.068 real sec
[M::process] read 205624 sequences (20000144 bp)...
[M::mem_pestat] # candidate unique pairs for (FF, FR, RF, RR): (3, 99690, 8, 3)
[M::mem_pestat] skip orientation FF as there are not enough pairs
[M::mem_pestat] analyzing insert size distribution for orientation FR...
[M::mem_pestat] (25, 50, 75) percentile: (106, 128, 163)
[M::mem_pestat] low and high boundaries for computing mean and std.dev: (1, 277)
[M::mem_pestat] mean and std.dev: (135.63, 42.73)
[M::mem_pestat] low and high boundaries for proper pairs: (1, 334)
[M::mem_pestat] skip orientation RF as there are not enough pairs
[M::mem_pestat] skip orientation RR as there are not enough pairs
[M::mem_process_seqs] Processed 205882 reads in 5.915 CPU sec, 3.047 real sec
[M::process] read 205496 sequences (20000064 bp)...
[M::mem_pestat] # candidate unique pairs for (FF, FR, RF, RR): (2, 99713, 7, 1)
[M::mem_pestat] skip orientation FF as there are not enough pairs
[M::mem_pestat] analyzing insert size distribution for orientation FR...
[M::mem_pestat] (25, 50, 75) percentile: (106, 127, 161)
[M::mem_pestat] low and high boundaries for computing mean and std.dev: (1, 271)
[M::mem_pestat] mean and std.dev: (134.69, 41.54)
[M::mem_pestat] low and high boundaries for proper pairs: (1, 326)
[M::mem_pestat] skip orientation RF as there are not enough pairs
[M::mem_pestat] skip orientation RR as there are not enough pairs
[M::mem_process_seqs] Processed 205624 reads in 5.900 CPU sec, 3.048 real sec
[M::process] read 204704 sequences (20000151 bp)...
[M::mem_pestat] # candidate unique pairs for (FF, FR, RF, RR): (0, 99543, 5, 4)
[M::mem_pestat] skip orientation FF as there are not enough pairs
[M::mem_pestat] analyzing insert size distribution for orientation FR...
[M::mem_pestat] (25, 50, 75) percentile: (105, 127, 162)
[M::mem_pestat] low and high boundaries for computing mean and std.dev: (1, 276)
[M::mem_pestat] mean and std.dev: (135.02, 42.09)
[M::mem_pestat] low and high boundaries for proper pairs: (1, 333)
[M::mem_pestat] skip orientation RF as there are not enough pairs
[M::mem_pestat] skip orientation RR as there are not enough pairs
[M::mem_process_seqs] Processed 205496 reads in 5.894 CPU sec, 3.070 real sec
[M::process] read 203612 sequences (20000067 bp)...
[M::mem_pestat] # candidate unique pairs for (FF, FR, RF, RR): (1, 99381, 6, 1)
[M::mem_pestat] skip orientation FF as there are not enough pairs
[M::mem_pestat] analyzing insert size distribution for orientation FR...
[M::mem_pestat] (25, 50, 75) percentile: (106, 128, 163)
[M::mem_pestat] low and high boundaries for computing mean and std.dev: (1, 277)
[M::mem_pestat] mean and std.dev: (135.55, 42.53)
[M::mem_pestat] low and high boundaries for proper pairs: (1, 334)
[M::mem_pestat] skip orientation RF as there are not enough pairs
[M::mem_pestat] skip orientation RR as there are not enough pairs
[M::mem_process_seqs] Processed 204704 reads in 5.905 CPU sec, 3.041 real sec
[M::process] read 203700 sequences (20000127 bp)...
[M::mem_pestat] # candidate unique pairs for (FF, FR, RF, RR): (0, 98985, 3, 0)
[M::mem_pestat] skip orientation FF as there are not enough pairs
[M::mem_pestat] analyzing insert size distribution for orientation FR...
[M::mem_pestat] (25, 50, 75) percentile: (106, 129, 165)
[M::mem_pestat] low and high boundaries for computing mean and std.dev: (1, 283)
[M::mem_pestat] mean and std.dev: (137.11, 43.81)
[M::mem_pestat] low and high boundaries for proper pairs: (1, 342)
[M::mem_pestat] skip orientation RF as there are not enough pairs
[M::mem_pestat] skip orientation RR as there are not enough pairs
[M::mem_process_seqs] Processed 203612 reads in 5.880 CPU sec, 3.036 real sec
[M::process] read 204076 sequences (20000060 bp)...
[M::mem_pestat] # candidate unique pairs for (FF, FR, RF, RR): (3, 99078, 6, 1)
[M::mem_pestat] skip orientation FF as there are not enough pairs
[M::mem_pestat] analyzing insert size distribution for orientation FR...
[M::mem_pestat] (25, 50, 75) percentile: (106, 129, 165)
[M::mem_pestat] low and high boundaries for computing mean and std.dev: (1, 283)
[M::mem_pestat] mean and std.dev: (137.03, 43.81)
[M::mem_pestat] low and high boundaries for proper pairs: (1, 342)
[M::mem_pestat] skip orientation RF as there are not enough pairs
[M::mem_pestat] skip orientation RR as there are not enough pairs
[M::mem_process_seqs] Processed 203700 reads in 5.834 CPU sec, 3.003 real sec
[M::process] read 203626 sequences (20000119 bp)...
[M::mem_pestat] # candidate unique pairs for (FF, FR, RF, RR): (1, 99129, 2, 1)
[M::mem_pestat] skip orientation FF as there are not enough pairs
[M::mem_pestat] analyzing insert size distribution for orientation FR...
[M::mem_pestat] (25, 50, 75) percentile: (106, 129, 166)
[M::mem_pestat] low and high boundaries for computing mean and std.dev: (1, 286)
[M::mem_pestat] mean and std.dev: (137.72, 44.30)
[M::mem_pestat] low and high boundaries for proper pairs: (1, 346)
[M::mem_pestat] skip orientation RF as there are not enough pairs
[M::mem_pestat] skip orientation RR as there are not enough pairs
[M::mem_process_seqs] Processed 204076 reads in 5.900 CPU sec, 3.073 real sec
[M::process] read 203578 sequences (20000172 bp)...
[M::mem_pestat] # candidate unique pairs for (FF, FR, RF, RR): (2, 98885, 6, 1)
[M::mem_pestat] skip orientation FF as there are not enough pairs
[M::mem_pestat] analyzing insert size distribution for orientation FR...
[M::mem_pestat] (25, 50, 75) percentile: (106, 129, 165)
[M::mem_pestat] low and high boundaries for computing mean and std.dev: (1, 283)
[M::mem_pestat] mean and std.dev: (137.24, 43.77)
[M::mem_pestat] low and high boundaries for proper pairs: (1, 342)
[M::mem_pestat] skip orientation RF as there are not enough pairs
[M::mem_pestat] skip orientation RR as there are not enough pairs
[M::mem_process_seqs] Processed 203626 reads in 5.831 CPU sec, 3.007 real sec
[M::process] read 203644 sequences (20000039 bp)...
[M::mem_pestat] # candidate unique pairs for (FF, FR, RF, RR): (0, 98923, 3, 3)
[M::mem_pestat] skip orientation FF as there are not enough pairs
[M::mem_pestat] analyzing insert size distribution for orientation FR...
[M::mem_pestat] (25, 50, 75) percentile: (106, 129, 165)
[M::mem_pestat] low and high boundaries for computing mean and std.dev: (1, 283)
[M::mem_pestat] mean and std.dev: (137.20, 43.60)
[M::mem_pestat] low and high boundaries for proper pairs: (1, 342)
[M::mem_pestat] skip orientation RF as there are not enough pairs
[M::mem_pestat] skip orientation RR as there are not enough pairs
[M::mem_process_seqs] Processed 203578 reads in 5.853 CPU sec, 3.023 real sec
[M::process] read 203612 sequences (20000124 bp)...
[M::mem_pestat] # candidate unique pairs for (FF, FR, RF, RR): (2, 98817, 2, 1)
[M::mem_pestat] skip orientation FF as there are not enough pairs
[M::mem_pestat] analyzing insert size distribution for orientation FR...
[M::mem_pestat] (25, 50, 75) percentile: (106, 129, 165)
[M::mem_pestat] low and high boundaries for computing mean and std.dev: (1, 283)
[M::mem_pestat] mean and std.dev: (137.06, 43.59)
[M::mem_pestat] low and high boundaries for proper pairs: (1, 342)
[M::mem_pestat] skip orientation RF as there are not enough pairs
[M::mem_pestat] skip orientation RR as there are not enough pairs
[M::mem_process_seqs] Processed 203644 reads in 5.880 CPU sec, 3.034 real sec
[M::process] read 203638 sequences (20000104 bp)...
[M::mem_pestat] # candidate unique pairs for (FF, FR, RF, RR): (0, 98897, 6, 1)
[M::mem_pestat] skip orientation FF as there are not enough pairs
[M::mem_pestat] analyzing insert size distribution for orientation FR...
[M::mem_pestat] (25, 50, 75) percentile: (106, 128, 165)
[M::mem_pestat] low and high boundaries for computing mean and std.dev: (1, 283)
[M::mem_pestat] mean and std.dev: (136.84, 43.72)
[M::mem_pestat] low and high boundaries for proper pairs: (1, 342)
[M::mem_pestat] skip orientation RF as there are not enough pairs
[M::mem_pestat] skip orientation RR as there are not enough pairs
[M::mem_process_seqs] Processed 203612 reads in 6.001 CPU sec, 3.093 real sec
[M::process] read 204184 sequences (20000159 bp)...
[M::mem_pestat] # candidate unique pairs for (FF, FR, RF, RR): (1, 98828, 6, 2)
[M::mem_pestat] skip orientation FF as there are not enough pairs
[M::mem_pestat] analyzing insert size distribution for orientation FR...
[M::mem_pestat] (25, 50, 75) percentile: (106, 128, 164)
[M::mem_pestat] low and high boundaries for computing mean and std.dev: (1, 280)
[M::mem_pestat] mean and std.dev: (136.70, 43.27)
[M::mem_pestat] low and high boundaries for proper pairs: (1, 338)
[M::mem_pestat] skip orientation RF as there are not enough pairs
[M::mem_pestat] skip orientation RR as there are not enough pairs
[M::mem_process_seqs] Processed 203638 reads in 5.886 CPU sec, 3.047 real sec
[M::process] read 203852 sequences (20000017 bp)...
[M::mem_pestat] # candidate unique pairs for (FF, FR, RF, RR): (4, 99075, 7, 0)
[M::mem_pestat] skip orientation FF as there are not enough pairs
[M::mem_pestat] analyzing insert size distribution for orientation FR...
[M::mem_pestat] (25, 50, 75) percentile: (106, 129, 165)
[M::mem_pestat] low and high boundaries for computing mean and std.dev: (1, 283)
[M::mem_pestat] mean and std.dev: (136.83, 43.64)
[M::mem_pestat] low and high boundaries for proper pairs: (1, 342)
[M::mem_pestat] skip orientation RF as there are not enough pairs
[M::mem_pestat] skip orientation RR as there are not enough pairs
[M::mem_process_seqs] Processed 204184 reads in 5.903 CPU sec, 3.055 real sec
[M::process] read 203884 sequences (20000181 bp)...
[M::mem_pestat] # candidate unique pairs for (FF, FR, RF, RR): (5, 98850, 4, 1)
[M::mem_pestat] skip orientation FF as there are not enough pairs
[M::mem_pestat] analyzing insert size distribution for orientation FR...
[M::mem_pestat] (25, 50, 75) percentile: (106, 128, 164)
[M::mem_pestat] low and high boundaries for computing mean and std.dev: (1, 280)
[M::mem_pestat] mean and std.dev: (136.48, 43.22)
[M::mem_pestat] low and high boundaries for proper pairs: (1, 338)
[M::mem_pestat] skip orientation RF as there are not enough pairs
[M::mem_pestat] skip orientation RR as there are not enough pairs
[M::mem_process_seqs] Processed 203852 reads in 5.895 CPU sec, 3.045 real sec
[M::process] read 203956 sequences (20000010 bp)...
[M::mem_pestat] # candidate unique pairs for (FF, FR, RF, RR): (2, 98857, 4, 0)
[M::mem_pestat] skip orientation FF as there are not enough pairs
[M::mem_pestat] analyzing insert size distribution for orientation FR...
[M::mem_pestat] (25, 50, 75) percentile: (106, 128, 164)
[M::mem_pestat] low and high boundaries for computing mean and std.dev: (1, 280)
[M::mem_pestat] mean and std.dev: (136.63, 43.26)
[M::mem_pestat] low and high boundaries for proper pairs: (1, 338)
[M::mem_pestat] skip orientation RF as there are not enough pairs
[M::mem_pestat] skip orientation RR as there are not enough pairs
[M::mem_process_seqs] Processed 203884 reads in 5.908 CPU sec, 3.041 real sec
[M::process] read 203884 sequences (20000032 bp)...
[M::mem_pestat] # candidate unique pairs for (FF, FR, RF, RR): (1, 99100, 7, 2)
[M::mem_pestat] skip orientation FF as there are not enough pairs
[M::mem_pestat] analyzing insert size distribution for orientation FR...
[M::mem_pestat] (25, 50, 75) percentile: (106, 128, 164)
[M::mem_pestat] low and high boundaries for computing mean and std.dev: (1, 280)
[M::mem_pestat] mean and std.dev: (136.53, 43.36)
[M::mem_pestat] low and high boundaries for proper pairs: (1, 338)
[M::mem_pestat] skip orientation RF as there are not enough pairs
[M::mem_pestat] skip orientation RR as there are not enough pairs
[M::mem_process_seqs] Processed 203956 reads in 5.873 CPU sec, 3.044 real sec
[M::process] read 204010 sequences (20000018 bp)...
[M::mem_pestat] # candidate unique pairs for (FF, FR, RF, RR): (5, 99014, 6, 2)
[M::mem_pestat] skip orientation FF as there are not enough pairs
[M::mem_pestat] analyzing insert size distribution for orientation FR...
[M::mem_pestat] (25, 50, 75) percentile: (106, 128, 164)
[M::mem_pestat] low and high boundaries for computing mean and std.dev: (1, 280)
[M::mem_pestat] mean and std.dev: (136.48, 43.05)
[M::mem_pestat] low and high boundaries for proper pairs: (1, 338)
[M::mem_pestat] skip orientation RF as there are not enough pairs
[M::mem_pestat] skip orientation RR as there are not enough pairs
[M::mem_process_seqs] Processed 203884 reads in 5.856 CPU sec, 3.028 real sec
[M::process] read 204032 sequences (20000034 bp)...
[M::mem_pestat] # candidate unique pairs for (FF, FR, RF, RR): (3, 99015, 4, 1)
[M::mem_pestat] skip orientation FF as there are not enough pairs
[M::mem_pestat] analyzing insert size distribution for orientation FR...
[M::mem_pestat] (25, 50, 75) percentile: (106, 128, 164)
[M::mem_pestat] low and high boundaries for computing mean and std.dev: (1, 280)
[M::mem_pestat] mean and std.dev: (136.23, 43.04)
[M::mem_pestat] low and high boundaries for proper pairs: (1, 338)
[M::mem_pestat] skip orientation RF as there are not enough pairs
[M::mem_pestat] skip orientation RR as there are not enough pairs
[M::mem_process_seqs] Processed 204010 reads in 5.999 CPU sec, 3.117 real sec
[M::process] read 204218 sequences (20000017 bp)...
[M::mem_pestat] # candidate unique pairs for (FF, FR, RF, RR): (1, 99046, 6, 1)
[M::mem_pestat] skip orientation FF as there are not enough pairs
[M::mem_pestat] analyzing insert size distribution for orientation FR...
[M::mem_pestat] (25, 50, 75) percentile: (106, 128, 164)
[M::mem_pestat] low and high boundaries for computing mean and std.dev: (1, 280)
[M::mem_pestat] mean and std.dev: (136.60, 43.44)
[M::mem_pestat] low and high boundaries for proper pairs: (1, 338)
[M::mem_pestat] skip orientation RF as there are not enough pairs
[M::mem_pestat] skip orientation RR as there are not enough pairs
[M::mem_process_seqs] Processed 204032 reads in 5.920 CPU sec, 3.053 real sec
[M::mem_pestat] # candidate unique pairs for (FF, FR, RF, RR): (2, 99106, 7, 1)
[M::mem_pestat] skip orientation FF as there are not enough pairs
[M::mem_pestat] analyzing insert size distribution for orientation FR...
[M::mem_pestat] (25, 50, 75) percentile: (106, 128, 164)
[M::mem_pestat] low and high boundaries for computing mean and std.dev: (1, 280)
[M::mem_pestat] mean and std.dev: (136.39, 43.23)
[M::mem_pestat] low and high boundaries for proper pairs: (1, 338)
[M::mem_pestat] skip orientation RF as there are not enough pairs
[M::mem_pestat] skip orientation RR as there are not enough pairs
[M::mem_process_seqs] Processed 204218 reads in 5.702 CPU sec, 5.663 real sec
[M::process] read 204286 sequences (20000125 bp)...
[M::process] read 204228 sequences (20000064 bp)...
[M::mem_pestat] # candidate unique pairs for (FF, FR, RF, RR): (1, 99050, 6, 2)
[M::mem_pestat] skip orientation FF as there are not enough pairs
[M::mem_pestat] analyzing insert size distribution for orientation FR...
[M::mem_pestat] (25, 50, 75) percentile: (106, 128, 164)
[M::mem_pestat] low and high boundaries for computing mean and std.dev: (1, 280)
[M::mem_pestat] mean and std.dev: (136.40, 43.20)
[M::mem_pestat] low and high boundaries for proper pairs: (1, 338)
[M::mem_pestat] skip orientation RF as there are not enough pairs
[M::mem_pestat] skip orientation RR as there are not enough pairs
[M::mem_process_seqs] Processed 204286 reads in 5.739 CPU sec, 2.915 real sec
[M::process] read 204126 sequences (20000193 bp)...
[M::mem_pestat] # candidate unique pairs for (FF, FR, RF, RR): (1, 99145, 4, 1)
[M::mem_pestat] skip orientation FF as there are not enough pairs
[M::mem_pestat] analyzing insert size distribution for orientation FR...
[M::mem_pestat] (25, 50, 75) percentile: (106, 128, 163)
[M::mem_pestat] low and high boundaries for computing mean and std.dev: (1, 277)
[M::mem_pestat] mean and std.dev: (135.84, 42.92)
[M::mem_pestat] low and high boundaries for proper pairs: (1, 334)
[M::mem_pestat] skip orientation RF as there are not enough pairs
[M::mem_pestat] skip orientation RR as there are not enough pairs
[M::mem_process_seqs] Processed 204228 reads in 5.869 CPU sec, 3.024 real sec
[M::process] read 204194 sequences (20000052 bp)...
[M::mem_pestat] # candidate unique pairs for (FF, FR, RF, RR): (1, 99063, 10, 0)
[M::mem_pestat] skip orientation FF as there are not enough pairs
[M::mem_pestat] analyzing insert size distribution for orientation FR...
[M::mem_pestat] (25, 50, 75) percentile: (106, 128, 163)
[M::mem_pestat] low and high boundaries for computing mean and std.dev: (1, 277)
[M::mem_pestat] mean and std.dev: (135.79, 42.73)
[M::mem_pestat] low and high boundaries for proper pairs: (1, 334)
[M::mem_pestat] analyzing insert size distribution for orientation RF...
[M::mem_pestat] (25, 50, 75) percentile: (13, 30, 265)
[M::mem_pestat] low and high boundaries for computing mean and std.dev: (1, 769)
[M::mem_pestat] mean and std.dev: (57.75, 82.32)
[M::mem_pestat] low and high boundaries for proper pairs: (1, 1021)
[M::mem_pestat] skip orientation RR as there are not enough pairs
[M::mem_pestat] skip orientation RF
[M::mem_process_seqs] Processed 204126 reads in 5.871 CPU sec, 3.077 real sec
[M::process] read 204324 sequences (20000149 bp)...
[M::mem_pestat] # candidate unique pairs for (FF, FR, RF, RR): (0, 99100, 7, 2)
[M::mem_pestat] skip orientation FF as there are not enough pairs
[M::mem_pestat] analyzing insert size distribution for orientation FR...
[M::mem_pestat] (25, 50, 75) percentile: (106, 128, 164)
[M::mem_pestat] low and high boundaries for computing mean and std.dev: (1, 280)
[M::mem_pestat] mean and std.dev: (136.12, 43.21)
[M::mem_pestat] low and high boundaries for proper pairs: (1, 338)
[M::mem_pestat] skip orientation RF as there are not enough pairs
[M::mem_pestat] skip orientation RR as there are not enough pairs
[M::mem_process_seqs] Processed 204194 reads in 5.862 CPU sec, 3.070 real sec
[M::process] read 204490 sequences (20000161 bp)...
[M::mem_pestat] # candidate unique pairs for (FF, FR, RF, RR): (1, 98987, 1, 2)
[M::mem_pestat] skip orientation FF as there are not enough pairs
[M::mem_pestat] analyzing insert size distribution for orientation FR...
[M::mem_pestat] (25, 50, 75) percentile: (106, 128, 163)
[M::mem_pestat] low and high boundaries for computing mean and std.dev: (1, 277)
[M::mem_pestat] mean and std.dev: (135.77, 42.67)
[M::mem_pestat] low and high boundaries for proper pairs: (1, 334)
[M::mem_pestat] skip orientation RF as there are not enough pairs
[M::mem_pestat] skip orientation RR as there are not enough pairs
[M::mem_process_seqs] Processed 204324 reads in 5.897 CPU sec, 3.061 real sec
[M::process] read 204402 sequences (20000193 bp)...
[M::mem_pestat] # candidate unique pairs for (FF, FR, RF, RR): (1, 99249, 8, 1)
[M::mem_pestat] skip orientation FF as there are not enough pairs
[M::mem_pestat] analyzing insert size distribution for orientation FR...
[M::mem_pestat] (25, 50, 75) percentile: (105, 128, 163)
[M::mem_pestat] low and high boundaries for computing mean and std.dev: (1, 279)
[M::mem_pestat] mean and std.dev: (135.75, 42.91)
[M::mem_pestat] low and high boundaries for proper pairs: (1, 337)
[M::mem_pestat] skip orientation RF as there are not enough pairs
[M::mem_pestat] skip orientation RR as there are not enough pairs
[M::mem_process_seqs] Processed 204490 reads in 5.875 CPU sec, 3.031 real sec
[M::process] read 204470 sequences (20000015 bp)...
[M::mem_pestat] # candidate unique pairs for (FF, FR, RF, RR): (4, 99162, 10, 1)
[M::mem_pestat] skip orientation FF as there are not enough pairs
[M::mem_pestat] analyzing insert size distribution for orientation FR...
[M::mem_pestat] (25, 50, 75) percentile: (106, 128, 163)
[M::mem_pestat] low and high boundaries for computing mean and std.dev: (1, 277)
[M::mem_pestat] mean and std.dev: (135.63, 42.68)
[M::mem_pestat] low and high boundaries for proper pairs: (1, 334)
[M::mem_pestat] analyzing insert size distribution for orientation RF...
[M::mem_pestat] (25, 50, 75) percentile: (29, 58, 74)
[M::mem_pestat] low and high boundaries for computing mean and std.dev: (1, 164)
[M::mem_pestat] mean and std.dev: (38.88, 24.27)
[M::mem_pestat] low and high boundaries for proper pairs: (1, 209)
[M::mem_pestat] skip orientation RR as there are not enough pairs
[M::mem_pestat] skip orientation RF
[M::mem_process_seqs] Processed 204402 reads in 5.940 CPU sec, 3.073 real sec
[M::process] read 204568 sequences (20000174 bp)...
[M::mem_pestat] # candidate unique pairs for (FF, FR, RF, RR): (3, 99274, 8, 0)
[M::mem_pestat] skip orientation FF as there are not enough pairs
[M::mem_pestat] analyzing insert size distribution for orientation FR...
[M::mem_pestat] (25, 50, 75) percentile: (106, 128, 163)
[M::mem_pestat] low and high boundaries for computing mean and std.dev: (1, 277)
[M::mem_pestat] mean and std.dev: (135.74, 42.77)
[M::mem_pestat] low and high boundaries for proper pairs: (1, 334)
[M::mem_pestat] skip orientation RF as there are not enough pairs
[M::mem_pestat] skip orientation RR as there are not enough pairs
[M::mem_process_seqs] Processed 204470 reads in 5.862 CPU sec, 3.029 real sec
[M::process] read 204492 sequences (20000103 bp)...
[M::mem_pestat] # candidate unique pairs for (FF, FR, RF, RR): (1, 99224, 1, 0)
[M::mem_pestat] skip orientation FF as there are not enough pairs
[M::mem_pestat] analyzing insert size distribution for orientation FR...
[M::mem_pestat] (25, 50, 75) percentile: (106, 128, 163)
[M::mem_pestat] low and high boundaries for computing mean and std.dev: (1, 277)
[M::mem_pestat] mean and std.dev: (135.85, 42.66)
[M::mem_pestat] low and high boundaries for proper pairs: (1, 334)
[M::mem_pestat] skip orientation RF as there are not enough pairs
[M::mem_pestat] skip orientation RR as there are not enough pairs
[M::mem_process_seqs] Processed 204568 reads in 5.879 CPU sec, 3.044 real sec
[M::process] read 204862 sequences (20000073 bp)...
[M::mem_pestat] # candidate unique pairs for (FF, FR, RF, RR): (2, 99183, 3, 1)
[M::mem_pestat] skip orientation FF as there are not enough pairs
[M::mem_pestat] analyzing insert size distribution for orientation FR...
[M::mem_pestat] (25, 50, 75) percentile: (106, 127, 162)
[M::mem_pestat] low and high boundaries for computing mean and std.dev: (1, 274)
[M::mem_pestat] mean and std.dev: (135.21, 42.25)
[M::mem_pestat] low and high boundaries for proper pairs: (1, 330)
[M::mem_pestat] skip orientation RF as there are not enough pairs
[M::mem_pestat] skip orientation RR as there are not enough pairs
[M::mem_process_seqs] Processed 204492 reads in 5.876 CPU sec, 3.033 real sec
[M::process] read 204718 sequences (20000019 bp)...
[M::mem_pestat] # candidate unique pairs for (FF, FR, RF, RR): (0, 99233, 5, 4)
[M::mem_pestat] skip orientation FF as there are not enough pairs
[M::mem_pestat] analyzing insert size distribution for orientation FR...
[M::mem_pestat] (25, 50, 75) percentile: (105, 127, 162)
[M::mem_pestat] low and high boundaries for computing mean and std.dev: (1, 276)
[M::mem_pestat] mean and std.dev: (135.14, 42.33)
[M::mem_pestat] low and high boundaries for proper pairs: (1, 333)
[M::mem_pestat] skip orientation RF as there are not enough pairs
[M::mem_pestat] skip orientation RR as there are not enough pairs
[M::mem_process_seqs] Processed 204862 reads in 5.886 CPU sec, 3.039 real sec
[M::process] read 205658 sequences (20000107 bp)...
[M::mem_pestat] # candidate unique pairs for (FF, FR, RF, RR): (1, 99230, 3, 3)
[M::mem_pestat] skip orientation FF as there are not enough pairs
[M::mem_pestat] analyzing insert size distribution for orientation FR...
[M::mem_pestat] (25, 50, 75) percentile: (106, 127, 162)
[M::mem_pestat] low and high boundaries for computing mean and std.dev: (1, 274)
[M::mem_pestat] mean and std.dev: (135.12, 42.22)
[M::mem_pestat] low and high boundaries for proper pairs: (1, 330)
[M::mem_pestat] skip orientation RF as there are not enough pairs
[M::mem_pestat] skip orientation RR as there are not enough pairs
[M::mem_process_seqs] Processed 204718 reads in 5.926 CPU sec, 3.064 real sec
[M::process] read 206006 sequences (20000056 bp)...
[M::mem_pestat] # candidate unique pairs for (FF, FR, RF, RR): (3, 99786, 2, 3)
[M::mem_pestat] skip orientation FF as there are not enough pairs
[M::mem_pestat] analyzing insert size distribution for orientation FR...
[M::mem_pestat] (25, 50, 75) percentile: (106, 127, 162)
[M::mem_pestat] low and high boundaries for computing mean and std.dev: (1, 274)
[M::mem_pestat] mean and std.dev: (135.30, 42.26)
[M::mem_pestat] low and high boundaries for proper pairs: (1, 330)
[M::mem_pestat] skip orientation RF as there are not enough pairs
[M::mem_pestat] skip orientation RR as there are not enough pairs
[M::mem_process_seqs] Processed 205658 reads in 5.945 CPU sec, 3.073 real sec
[M::process] read 204760 sequences (20000012 bp)...
[M::mem_pestat] # candidate unique pairs for (FF, FR, RF, RR): (2, 99912, 6, 1)
[M::mem_pestat] skip orientation FF as there are not enough pairs
[M::mem_pestat] analyzing insert size distribution for orientation FR...
[M::mem_pestat] (25, 50, 75) percentile: (106, 127, 162)
[M::mem_pestat] low and high boundaries for computing mean and std.dev: (1, 274)
[M::mem_pestat] mean and std.dev: (135.16, 41.96)
[M::mem_pestat] low and high boundaries for proper pairs: (1, 330)
[M::mem_pestat] skip orientation RF as there are not enough pairs
[M::mem_pestat] skip orientation RR as there are not enough pairs
[M::mem_process_seqs] Processed 206006 reads in 5.939 CPU sec, 3.066 real sec
[M::process] read 206248 sequences (20000199 bp)...
[M::mem_pestat] # candidate unique pairs for (FF, FR, RF, RR): (1, 99257, 4, 1)
[M::mem_pestat] skip orientation FF as there are not enough pairs
[M::mem_pestat] analyzing insert size distribution for orientation FR...
[M::mem_pestat] (25, 50, 75) percentile: (105, 127, 162)
[M::mem_pestat] low and high boundaries for computing mean and std.dev: (1, 276)
[M::mem_pestat] mean and std.dev: (135.23, 42.27)
[M::mem_pestat] low and high boundaries for proper pairs: (1, 333)
[M::mem_pestat] skip orientation RF as there are not enough pairs
[M::mem_pestat] skip orientation RR as there are not enough pairs
[M::mem_process_seqs] Processed 204760 reads in 5.899 CPU sec, 3.042 real sec
[M::process] read 205526 sequences (20000040 bp)...
[M::mem_pestat] # candidate unique pairs for (FF, FR, RF, RR): (3, 99860, 6, 1)
[M::mem_pestat] skip orientation FF as there are not enough pairs
[M::mem_pestat] analyzing insert size distribution for orientation FR...
[M::mem_pestat] (25, 50, 75) percentile: (106, 128, 162)
[M::mem_pestat] low and high boundaries for computing mean and std.dev: (1, 274)
[M::mem_pestat] mean and std.dev: (135.29, 42.04)
[M::mem_pestat] low and high boundaries for proper pairs: (1, 330)
[M::mem_pestat] skip orientation RF as there are not enough pairs
[M::mem_pestat] skip orientation RR as there are not enough pairs
[M::mem_process_seqs] Processed 206248 reads in 5.944 CPU sec, 3.061 real sec
[M::process] read 203982 sequences (20000052 bp)...
[M::mem_pestat] # candidate unique pairs for (FF, FR, RF, RR): (1, 99635, 2, 1)
[M::mem_pestat] skip orientation FF as there are not enough pairs
[M::mem_pestat] analyzing insert size distribution for orientation FR...
[M::mem_pestat] (25, 50, 75) percentile: (106, 127, 162)
[M::mem_pestat] low and high boundaries for computing mean and std.dev: (1, 274)
[M::mem_pestat] mean and std.dev: (135.09, 42.14)
[M::mem_pestat] low and high boundaries for proper pairs: (1, 330)
[M::mem_pestat] skip orientation RF as there are not enough pairs
[M::mem_pestat] skip orientation RR as there are not enough pairs
[M::mem_process_seqs] Processed 205526 reads in 5.935 CPU sec, 3.065 real sec
[M::process] read 205014 sequences (20000027 bp)...
[M::mem_pestat] # candidate unique pairs for (FF, FR, RF, RR): (1, 99085, 1, 1)
[M::mem_pestat] skip orientation FF as there are not enough pairs
[M::mem_pestat] analyzing insert size distribution for orientation FR...
[M::mem_pestat] (25, 50, 75) percentile: (106, 129, 166)
[M::mem_pestat] low and high boundaries for computing mean and std.dev: (1, 286)
[M::mem_pestat] mean and std.dev: (137.47, 44.39)
[M::mem_pestat] low and high boundaries for proper pairs: (1, 346)
[M::mem_pestat] skip orientation RF as there are not enough pairs
[M::mem_pestat] skip orientation RR as there are not enough pairs
[M::mem_process_seqs] Processed 203982 reads in 6.370 CPU sec, 3.299 real sec
[M::process] read 204716 sequences (20000125 bp)...
[M::mem_pestat] # candidate unique pairs for (FF, FR, RF, RR): (3, 99604, 5, 0)
[M::mem_pestat] skip orientation FF as there are not enough pairs
[M::mem_pestat] analyzing insert size distribution for orientation FR...
[M::mem_pestat] (25, 50, 75) percentile: (106, 129, 165)
[M::mem_pestat] low and high boundaries for computing mean and std.dev: (1, 283)
[M::mem_pestat] mean and std.dev: (136.92, 43.86)
[M::mem_pestat] low and high boundaries for proper pairs: (1, 342)
[M::mem_pestat] skip orientation RF as there are not enough pairs
[M::mem_pestat] skip orientation RR as there are not enough pairs
[M::mem_process_seqs] Processed 205014 reads in 7.312 CPU sec, 3.761 real sec
[M::process] read 206212 sequences (20000001 bp)...
[M::mem_pestat] # candidate unique pairs for (FF, FR, RF, RR): (0, 99466, 5, 2)
[M::mem_pestat] skip orientation FF as there are not enough pairs
[M::mem_pestat] analyzing insert size distribution for orientation FR...
[M::mem_pestat] (25, 50, 75) percentile: (106, 129, 165)
[M::mem_pestat] low and high boundaries for computing mean and std.dev: (1, 283)
[M::mem_pestat] mean and std.dev: (137.05, 43.88)
[M::mem_pestat] low and high boundaries for proper pairs: (1, 342)
[M::mem_pestat] skip orientation RF as there are not enough pairs
[M::mem_pestat] skip orientation RR as there are not enough pairs
[M::mem_process_seqs] Processed 204716 reads in 7.209 CPU sec, 3.707 real sec
[M::process] read 204258 sequences (20000149 bp)...
[M::mem_pestat] # candidate unique pairs for (FF, FR, RF, RR): (1, 100214, 5, 0)
[M::mem_pestat] skip orientation FF as there are not enough pairs
[M::mem_pestat] analyzing insert size distribution for orientation FR...
[M::mem_pestat] (25, 50, 75) percentile: (106, 129, 165)
[M::mem_pestat] low and high boundaries for computing mean and std.dev: (1, 283)
[M::mem_pestat] mean and std.dev: (137.06, 43.72)
[M::mem_pestat] low and high boundaries for proper pairs: (1, 342)
[M::mem_pestat] skip orientation RF as there are not enough pairs
[M::mem_pestat] skip orientation RR as there are not enough pairs
[M::mem_process_seqs] Processed 206212 reads in 6.959 CPU sec, 3.574 real sec
[M::process] read 204998 sequences (20000144 bp)...
[M::mem_pestat] # candidate unique pairs for (FF, FR, RF, RR): (2, 99232, 6, 3)
[M::mem_pestat] skip orientation FF as there are not enough pairs
[M::mem_pestat] analyzing insert size distribution for orientation FR...
[M::mem_pestat] (25, 50, 75) percentile: (106, 129, 165)
[M::mem_pestat] low and high boundaries for computing mean and std.dev: (1, 283)
[M::mem_pestat] mean and std.dev: (137.20, 43.84)
[M::mem_pestat] low and high boundaries for proper pairs: (1, 342)
[M::mem_pestat] skip orientation RF as there are not enough pairs
[M::mem_pestat] skip orientation RR as there are not enough pairs
[M::mem_process_seqs] Processed 204258 reads in 6.382 CPU sec, 3.285 real sec
[M::process] read 204284 sequences (20000093 bp)...
[M::mem_pestat] # candidate unique pairs for (FF, FR, RF, RR): (2, 99586, 6, 2)
[M::mem_pestat] skip orientation FF as there are not enough pairs
[M::mem_pestat] analyzing insert size distribution for orientation FR...
[M::mem_pestat] (25, 50, 75) percentile: (106, 129, 165)
[M::mem_pestat] low and high boundaries for computing mean and std.dev: (1, 283)
[M::mem_pestat] mean and std.dev: (137.03, 43.66)
[M::mem_pestat] low and high boundaries for proper pairs: (1, 342)
[M::mem_pestat] skip orientation RF as there are not enough pairs
[M::mem_pestat] skip orientation RR as there are not enough pairs
[M::mem_process_seqs] Processed 204998 reads in 6.682 CPU sec, 3.451 real sec
[M::process] read 203958 sequences (20000187 bp)...
[M::mem_pestat] # candidate unique pairs for (FF, FR, RF, RR): (3, 99245, 5, 1)
[M::mem_pestat] skip orientation FF as there are not enough pairs
[M::mem_pestat] analyzing insert size distribution for orientation FR...
[M::mem_pestat] (25, 50, 75) percentile: (106, 129, 165)
[M::mem_pestat] low and high boundaries for computing mean and std.dev: (1, 283)
[M::mem_pestat] mean and std.dev: (137.05, 43.67)
[M::mem_pestat] low and high boundaries for proper pairs: (1, 342)
[M::mem_pestat] skip orientation RF as there are not enough pairs
[M::mem_pestat] skip orientation RR as there are not enough pairs
[M::mem_process_seqs] Processed 204284 reads in 6.242 CPU sec, 3.211 real sec
[M::process] read 204558 sequences (20000158 bp)...
[M::mem_pestat] # candidate unique pairs for (FF, FR, RF, RR): (1, 98999, 5, 1)
[M::mem_pestat] skip orientation FF as there are not enough pairs
[M::mem_pestat] analyzing insert size distribution for orientation FR...
[M::mem_pestat] (25, 50, 75) percentile: (106, 128, 165)
[M::mem_pestat] low and high boundaries for computing mean and std.dev: (1, 283)
[M::mem_pestat] mean and std.dev: (137.07, 43.76)
[M::mem_pestat] low and high boundaries for proper pairs: (1, 342)
[M::mem_pestat] skip orientation RF as there are not enough pairs
[M::mem_pestat] skip orientation RR as there are not enough pairs
[M::mem_process_seqs] Processed 203958 reads in 6.112 CPU sec, 3.158 real sec
[M::process] read 203976 sequences (20000046 bp)...
[M::mem_pestat] # candidate unique pairs for (FF, FR, RF, RR): (2, 99188, 3, 0)
[M::mem_pestat] skip orientation FF as there are not enough pairs
[M::mem_pestat] analyzing insert size distribution for orientation FR...
[M::mem_pestat] (25, 50, 75) percentile: (106, 129, 165)
[M::mem_pestat] low and high boundaries for computing mean and std.dev: (1, 283)
[M::mem_pestat] mean and std.dev: (137.18, 43.77)
[M::mem_pestat] low and high boundaries for proper pairs: (1, 342)
[M::mem_pestat] skip orientation RF as there are not enough pairs
[M::mem_pestat] skip orientation RR as there are not enough pairs
[M::mem_process_seqs] Processed 204558 reads in 6.122 CPU sec, 3.181 real sec
[M::mem_pestat] # candidate unique pairs for (FF, FR, RF, RR): (2, 99046, 6, 2)
[M::mem_pestat] skip orientation FF as there are not enough pairs
[M::mem_pestat] analyzing insert size distribution for orientation FR...
[M::mem_pestat] (25, 50, 75) percentile: (106, 129, 164)
[M::mem_pestat] low and high boundaries for computing mean and std.dev: (1, 280)
[M::mem_pestat] mean and std.dev: (136.55, 43.07)
[M::mem_pestat] low and high boundaries for proper pairs: (1, 338)
[M::mem_pestat] skip orientation RF as there are not enough pairs
[M::mem_pestat] skip orientation RR as there are not enough pairs
[M::mem_process_seqs] Processed 203976 reads in 5.797 CPU sec, 5.538 real sec
[M::process] read 204066 sequences (20000042 bp)...
[M::process] read 203976 sequences (20000092 bp)...
[M::mem_pestat] # candidate unique pairs for (FF, FR, RF, RR): (0, 98998, 7, 2)
[M::mem_pestat] skip orientation FF as there are not enough pairs
[M::mem_pestat] analyzing insert size distribution for orientation FR...
[M::mem_pestat] (25, 50, 75) percentile: (106, 128, 164)
[M::mem_pestat] low and high boundaries for computing mean and std.dev: (1, 280)
[M::mem_pestat] mean and std.dev: (136.46, 43.36)
[M::mem_pestat] low and high boundaries for proper pairs: (1, 338)
[M::mem_pestat] skip orientation RF as there are not enough pairs
[M::mem_pestat] skip orientation RR as there are not enough pairs
[M::mem_process_seqs] Processed 204066 reads in 5.915 CPU sec, 2.993 real sec
[M::process] read 203984 sequences (20000043 bp)...
[M::mem_pestat] # candidate unique pairs for (FF, FR, RF, RR): (1, 98964, 6, 4)
[M::mem_pestat] skip orientation FF as there are not enough pairs
[M::mem_pestat] analyzing insert size distribution for orientation FR...
[M::mem_pestat] (25, 50, 75) percentile: (106, 128, 164)
[M::mem_pestat] low and high boundaries for computing mean and std.dev: (1, 280)
[M::mem_pestat] mean and std.dev: (136.45, 43.23)
[M::mem_pestat] low and high boundaries for proper pairs: (1, 338)
[M::mem_pestat] skip orientation RF as there are not enough pairs
[M::mem_pestat] skip orientation RR as there are not enough pairs
[M::mem_process_seqs] Processed 203976 reads in 5.943 CPU sec, 3.092 real sec
[M::process] read 203994 sequences (20000017 bp)...
[M::mem_pestat] # candidate unique pairs for (FF, FR, RF, RR): (0, 98932, 3, 2)
[M::mem_pestat] skip orientation FF as there are not enough pairs
[M::mem_pestat] analyzing insert size distribution for orientation FR...
[M::mem_pestat] (25, 50, 75) percentile: (106, 128, 164)
[M::mem_pestat] low and high boundaries for computing mean and std.dev: (1, 280)
[M::mem_pestat] mean and std.dev: (136.45, 43.35)
[M::mem_pestat] low and high boundaries for proper pairs: (1, 338)
[M::mem_pestat] skip orientation RF as there are not enough pairs
[M::mem_pestat] skip orientation RR as there are not enough pairs
[M::mem_process_seqs] Processed 203984 reads in 5.873 CPU sec, 3.042 real sec
[M::process] read 204248 sequences (20000053 bp)...
[M::mem_pestat] # candidate unique pairs for (FF, FR, RF, RR): (2, 98987, 7, 1)
[M::mem_pestat] skip orientation FF as there are not enough pairs
[M::mem_pestat] analyzing insert size distribution for orientation FR...
[M::mem_pestat] (25, 50, 75) percentile: (106, 128, 164)
[M::mem_pestat] low and high boundaries for computing mean and std.dev: (1, 280)
[M::mem_pestat] mean and std.dev: (136.45, 43.17)
[M::mem_pestat] low and high boundaries for proper pairs: (1, 338)
[M::mem_pestat] skip orientation RF as there are not enough pairs
[M::mem_pestat] skip orientation RR as there are not enough pairs
[M::mem_process_seqs] Processed 203994 reads in 5.984 CPU sec, 3.094 real sec
[M::process] read 203906 sequences (20000062 bp)...
[M::mem_pestat] # candidate unique pairs for (FF, FR, RF, RR): (0, 99029, 9, 3)
[M::mem_pestat] skip orientation FF as there are not enough pairs
[M::mem_pestat] analyzing insert size distribution for orientation FR...
[M::mem_pestat] (25, 50, 75) percentile: (106, 128, 164)
[M::mem_pestat] low and high boundaries for computing mean and std.dev: (1, 280)
[M::mem_pestat] mean and std.dev: (136.15, 43.21)
[M::mem_pestat] low and high boundaries for proper pairs: (1, 338)
[M::mem_pestat] skip orientation RF as there are not enough pairs
[M::mem_pestat] skip orientation RR as there are not enough pairs
[M::mem_process_seqs] Processed 204248 reads in 5.926 CPU sec, 3.058 real sec
[M::process] read 204200 sequences (20000043 bp)...
[M::mem_pestat] # candidate unique pairs for (FF, FR, RF, RR): (3, 98943, 3, 0)
[M::mem_pestat] skip orientation FF as there are not enough pairs
[M::mem_pestat] analyzing insert size distribution for orientation FR...
[M::mem_pestat] (25, 50, 75) percentile: (106, 128, 164)
[M::mem_pestat] low and high boundaries for computing mean and std.dev: (1, 280)
[M::mem_pestat] mean and std.dev: (136.28, 43.23)
[M::mem_pestat] low and high boundaries for proper pairs: (1, 338)
[M::mem_pestat] skip orientation RF as there are not enough pairs
[M::mem_pestat] skip orientation RR as there are not enough pairs
[M::mem_process_seqs] Processed 203906 reads in 5.903 CPU sec, 3.043 real sec
[M::process] read 204194 sequences (20000049 bp)...
[M::mem_pestat] # candidate unique pairs for (FF, FR, RF, RR): (3, 99123, 11, 3)
[M::mem_pestat] skip orientation FF as there are not enough pairs
[M::mem_pestat] analyzing insert size distribution for orientation FR...
[M::mem_pestat] (25, 50, 75) percentile: (106, 128, 164)
[M::mem_pestat] low and high boundaries for computing mean and std.dev: (1, 280)
[M::mem_pestat] mean and std.dev: (136.45, 43.27)
[M::mem_pestat] low and high boundaries for proper pairs: (1, 338)
[M::mem_pestat] analyzing insert size distribution for orientation RF...
[M::mem_pestat] (25, 50, 75) percentile: (12, 41, 1392)
[M::mem_pestat] low and high boundaries for computing mean and std.dev: (1, 4152)
[M::mem_pestat] mean and std.dev: (796.45, 1382.29)
[M::mem_pestat] low and high boundaries for proper pairs: (1, 6326)
[M::mem_pestat] skip orientation RR as there are not enough pairs
[M::mem_pestat] skip orientation RF
[M::mem_process_seqs] Processed 204200 reads in 5.862 CPU sec, 3.058 real sec
[M::process] read 204216 sequences (20000155 bp)...
[M::mem_pestat] # candidate unique pairs for (FF, FR, RF, RR): (1, 99182, 3, 1)
[M::mem_pestat] skip orientation FF as there are not enough pairs
[M::mem_pestat] analyzing insert size distribution for orientation FR...
[M::mem_pestat] (25, 50, 75) percentile: (106, 128, 164)
[M::mem_pestat] low and high boundaries for computing mean and std.dev: (1, 280)
[M::mem_pestat] mean and std.dev: (136.23, 43.19)
[M::mem_pestat] low and high boundaries for proper pairs: (1, 338)
[M::mem_pestat] skip orientation RF as there are not enough pairs
[M::mem_pestat] skip orientation RR as there are not enough pairs
[M::mem_process_seqs] Processed 204194 reads in 5.836 CPU sec, 3.036 real sec
[M::process] read 204022 sequences (20000126 bp)...
[M::mem_pestat] # candidate unique pairs for (FF, FR, RF, RR): (2, 99127, 6, 1)
[M::mem_pestat] skip orientation FF as there are not enough pairs
[M::mem_pestat] analyzing insert size distribution for orientation FR...
[M::mem_pestat] (25, 50, 75) percentile: (106, 128, 164)
[M::mem_pestat] low and high boundaries for computing mean and std.dev: (1, 280)
[M::mem_pestat] mean and std.dev: (136.19, 43.19)
[M::mem_pestat] low and high boundaries for proper pairs: (1, 338)
[M::mem_pestat] skip orientation RF as there are not enough pairs
[M::mem_pestat] skip orientation RR as there are not enough pairs
[M::mem_process_seqs] Processed 204216 reads in 5.827 CPU sec, 3.019 real sec
[M::process] read 204246 sequences (20000009 bp)...
[M::mem_pestat] # candidate unique pairs for (FF, FR, RF, RR): (4, 98957, 5, 3)
[M::mem_pestat] skip orientation FF as there are not enough pairs
[M::mem_pestat] analyzing insert size distribution for orientation FR...
[M::mem_pestat] (25, 50, 75) percentile: (106, 128, 163)
[M::mem_pestat] low and high boundaries for computing mean and std.dev: (1, 277)
[M::mem_pestat] mean and std.dev: (135.93, 42.67)
[M::mem_pestat] low and high boundaries for proper pairs: (1, 334)
[M::mem_pestat] skip orientation RF as there are not enough pairs
[M::mem_pestat] skip orientation RR as there are not enough pairs
[M::mem_process_seqs] Processed 204022 reads in 5.873 CPU sec, 3.032 real sec
[M::process] read 204184 sequences (20000118 bp)...
[M::mem_pestat] # candidate unique pairs for (FF, FR, RF, RR): (0, 99281, 3, 1)
[M::mem_pestat] skip orientation FF as there are not enough pairs
[M::mem_pestat] analyzing insert size distribution for orientation FR...
[M::mem_pestat] (25, 50, 75) percentile: (106, 128, 163)
[M::mem_pestat] low and high boundaries for computing mean and std.dev: (1, 277)
[M::mem_pestat] mean and std.dev: (135.81, 42.79)
[M::mem_pestat] low and high boundaries for proper pairs: (1, 334)
[M::mem_pestat] skip orientation RF as there are not enough pairs
[M::mem_pestat] skip orientation RR as there are not enough pairs
[M::mem_process_seqs] Processed 204246 reads in 5.877 CPU sec, 3.051 real sec
[M::process] read 204370 sequences (20000001 bp)...
[M::mem_pestat] # candidate unique pairs for (FF, FR, RF, RR): (1, 99009, 5, 1)
[M::mem_pestat] skip orientation FF as there are not enough pairs
[M::mem_pestat] analyzing insert size distribution for orientation FR...
[M::mem_pestat] (25, 50, 75) percentile: (106, 128, 164)
[M::mem_pestat] low and high boundaries for computing mean and std.dev: (1, 280)
[M::mem_pestat] mean and std.dev: (136.40, 43.16)
[M::mem_pestat] low and high boundaries for proper pairs: (1, 338)
[M::mem_pestat] skip orientation RF as there are not enough pairs
[M::mem_pestat] skip orientation RR as there are not enough pairs
[M::mem_process_seqs] Processed 204184 reads in 5.858 CPU sec, 3.023 real sec
[M::process] read 204412 sequences (20000178 bp)...
[M::mem_pestat] # candidate unique pairs for (FF, FR, RF, RR): (2, 99040, 6, 2)
[M::mem_pestat] skip orientation FF as there are not enough pairs
[M::mem_pestat] analyzing insert size distribution for orientation FR...
[M::mem_pestat] (25, 50, 75) percentile: (106, 128, 163)
[M::mem_pestat] low and high boundaries for computing mean and std.dev: (1, 277)
[M::mem_pestat] mean and std.dev: (135.86, 42.87)
[M::mem_pestat] low and high boundaries for proper pairs: (1, 334)
[M::mem_pestat] skip orientation RF as there are not enough pairs
[M::mem_pestat] skip orientation RR as there are not enough pairs
[M::mem_process_seqs] Processed 204370 reads in 5.977 CPU sec, 3.076 real sec
[M::process] read 204542 sequences (20000076 bp)...
[M::mem_pestat] # candidate unique pairs for (FF, FR, RF, RR): (1, 99124, 4, 4)
[M::mem_pestat] skip orientation FF as there are not enough pairs
[M::mem_pestat] analyzing insert size distribution for orientation FR...
[M::mem_pestat] (25, 50, 75) percentile: (106, 128, 163)
[M::mem_pestat] low and high boundaries for computing mean and std.dev: (1, 277)
[M::mem_pestat] mean and std.dev: (135.74, 42.83)
[M::mem_pestat] low and high boundaries for proper pairs: (1, 334)
[M::mem_pestat] skip orientation RF as there are not enough pairs
[M::mem_pestat] skip orientation RR as there are not enough pairs
[M::mem_process_seqs] Processed 204412 reads in 5.885 CPU sec, 3.045 real sec
[M::process] read 204710 sequences (20000129 bp)...
[M::mem_pestat] # candidate unique pairs for (FF, FR, RF, RR): (2, 99177, 3, 3)
[M::mem_pestat] skip orientation FF as there are not enough pairs
[M::mem_pestat] analyzing insert size distribution for orientation FR...
[M::mem_pestat] (25, 50, 75) percentile: (106, 128, 163)
[M::mem_pestat] low and high boundaries for computing mean and std.dev: (1, 277)
[M::mem_pestat] mean and std.dev: (135.84, 42.77)
[M::mem_pestat] low and high boundaries for proper pairs: (1, 334)
[M::mem_pestat] skip orientation RF as there are not enough pairs
[M::mem_pestat] skip orientation RR as there are not enough pairs
[M::mem_process_seqs] Processed 204542 reads in 5.885 CPU sec, 3.032 real sec
[M::process] read 204532 sequences (20000040 bp)...
[M::mem_pestat] # candidate unique pairs for (FF, FR, RF, RR): (2, 99195, 4, 1)
[M::mem_pestat] skip orientation FF as there are not enough pairs
[M::mem_pestat] analyzing insert size distribution for orientation FR...
[M::mem_pestat] (25, 50, 75) percentile: (106, 128, 163)
[M::mem_pestat] low and high boundaries for computing mean and std.dev: (1, 277)
[M::mem_pestat] mean and std.dev: (135.86, 42.84)
[M::mem_pestat] low and high boundaries for proper pairs: (1, 334)
[M::mem_pestat] skip orientation RF as there are not enough pairs
[M::mem_pestat] skip orientation RR as there are not enough pairs
[M::mem_process_seqs] Processed 204710 reads in 5.885 CPU sec, 3.048 real sec
[M::process] read 204884 sequences (20000171 bp)...
[M::mem_pestat] # candidate unique pairs for (FF, FR, RF, RR): (1, 99240, 6, 3)
[M::mem_pestat] skip orientation FF as there are not enough pairs
[M::mem_pestat] analyzing insert size distribution for orientation FR...
[M::mem_pestat] (25, 50, 75) percentile: (106, 128, 163)
[M::mem_pestat] low and high boundaries for computing mean and std.dev: (1, 277)
[M::mem_pestat] mean and std.dev: (135.71, 42.53)
[M::mem_pestat] low and high boundaries for proper pairs: (1, 334)
[M::mem_pestat] skip orientation RF as there are not enough pairs
[M::mem_pestat] skip orientation RR as there are not enough pairs
[M::mem_process_seqs] Processed 204532 reads in 6.028 CPU sec, 3.105 real sec
[M::process] read 204798 sequences (20000100 bp)...
[M::mem_pestat] # candidate unique pairs for (FF, FR, RF, RR): (0, 99316, 8, 1)
[M::mem_pestat] skip orientation FF as there are not enough pairs
[M::mem_pestat] analyzing insert size distribution for orientation FR...
[M::mem_pestat] (25, 50, 75) percentile: (106, 127, 163)
[M::mem_pestat] low and high boundaries for computing mean and std.dev: (1, 277)
[M::mem_pestat] mean and std.dev: (135.59, 42.55)
[M::mem_pestat] low and high boundaries for proper pairs: (1, 334)
[M::mem_pestat] skip orientation RF as there are not enough pairs
[M::mem_pestat] skip orientation RR as there are not enough pairs
[M::mem_process_seqs] Processed 204884 reads in 5.938 CPU sec, 3.061 real sec
[M::process] read 206194 sequences (20000010 bp)...
[M::mem_pestat] # candidate unique pairs for (FF, FR, RF, RR): (0, 99205, 4, 3)
[M::mem_pestat] skip orientation FF as there are not enough pairs
[M::mem_pestat] analyzing insert size distribution for orientation FR...
[M::mem_pestat] (25, 50, 75) percentile: (105, 127, 162)
[M::mem_pestat] low and high boundaries for computing mean and std.dev: (1, 276)
[M::mem_pestat] mean and std.dev: (135.39, 42.56)
[M::mem_pestat] low and high boundaries for proper pairs: (1, 333)
[M::mem_pestat] skip orientation RF as there are not enough pairs
[M::mem_pestat] skip orientation RR as there are not enough pairs
[M::mem_process_seqs] Processed 204798 reads in 5.924 CPU sec, 3.054 real sec
[M::process] read 205966 sequences (20000034 bp)...
[M::mem_pestat] # candidate unique pairs for (FF, FR, RF, RR): (1, 100017, 8, 3)
[M::mem_pestat] skip orientation FF as there are not enough pairs
[M::mem_pestat] analyzing insert size distribution for orientation FR...
[M::mem_pestat] (25, 50, 75) percentile: (105, 127, 162)
[M::mem_pestat] low and high boundaries for computing mean and std.dev: (1, 276)
[M::mem_pestat] mean and std.dev: (135.27, 42.42)
[M::mem_pestat] low and high boundaries for proper pairs: (1, 333)
[M::mem_pestat] skip orientation RF as there are not enough pairs
[M::mem_pestat] skip orientation RR as there are not enough pairs
[M::mem_process_seqs] Processed 206194 reads in 5.880 CPU sec, 3.060 real sec
[M::process] read 205034 sequences (20000034 bp)...
[M::mem_pestat] # candidate unique pairs for (FF, FR, RF, RR): (0, 99813, 7, 3)
[M::mem_pestat] skip orientation FF as there are not enough pairs
[M::mem_pestat] analyzing insert size distribution for orientation FR...
[M::mem_pestat] (25, 50, 75) percentile: (106, 127, 163)
[M::mem_pestat] low and high boundaries for computing mean and std.dev: (1, 277)
[M::mem_pestat] mean and std.dev: (135.54, 42.40)
[M::mem_pestat] low and high boundaries for proper pairs: (1, 334)
[M::mem_pestat] skip orientation RF as there are not enough pairs
[M::mem_pestat] skip orientation RR as there are not enough pairs
[M::mem_process_seqs] Processed 205966 reads in 5.917 CPU sec, 3.065 real sec
[M::process] read 205664 sequences (20000081 bp)...
[M::mem_pestat] # candidate unique pairs for (FF, FR, RF, RR): (2, 99472, 7, 3)
[M::mem_pestat] skip orientation FF as there are not enough pairs
[M::mem_pestat] analyzing insert size distribution for orientation FR...
[M::mem_pestat] (25, 50, 75) percentile: (106, 128, 162)
[M::mem_pestat] low and high boundaries for computing mean and std.dev: (1, 274)
[M::mem_pestat] mean and std.dev: (135.16, 42.01)
[M::mem_pestat] low and high boundaries for proper pairs: (1, 330)
[M::mem_pestat] skip orientation RF as there are not enough pairs
[M::mem_pestat] skip orientation RR as there are not enough pairs
[M::mem_process_seqs] Processed 205034 reads in 5.951 CPU sec, 3.063 real sec
[M::process] read 171180 sequences (16670159 bp)...
[M::mem_pestat] # candidate unique pairs for (FF, FR, RF, RR): (2, 99696, 6, 1)
[M::mem_pestat] skip orientation FF as there are not enough pairs
[M::mem_pestat] analyzing insert size distribution for orientation FR...
[M::mem_pestat] (25, 50, 75) percentile: (105, 127, 162)
[M::mem_pestat] low and high boundaries for computing mean and std.dev: (1, 276)
[M::mem_pestat] mean and std.dev: (135.41, 42.61)
[M::mem_pestat] low and high boundaries for proper pairs: (1, 333)
[M::mem_pestat] skip orientation RF as there are not enough pairs
[M::mem_pestat] skip orientation RR as there are not enough pairs
[M::mem_process_seqs] Processed 205664 reads in 5.876 CPU sec, 3.047 real sec
[M::mem_pestat] # candidate unique pairs for (FF, FR, RF, RR): (2, 82898, 3, 3)
[M::mem_pestat] skip orientation FF as there are not enough pairs
[M::mem_pestat] analyzing insert size distribution for orientation FR...
[M::mem_pestat] (25, 50, 75) percentile: (106, 127, 162)
[M::mem_pestat] low and high boundaries for computing mean and std.dev: (1, 274)
[M::mem_pestat] mean and std.dev: (135.15, 42.15)
[M::mem_pestat] low and high boundaries for proper pairs: (1, 330)
[M::mem_pestat] skip orientation RF as there are not enough pairs
[M::mem_pestat] skip orientation RR as there are not enough pairs
[M::mem_process_seqs] Processed 171180 reads in 4.697 CPU sec, 2.439 real sec
[main] Version: 0.7.19-r1273
[main] CMD: bwa mem -t 2 /proj/uppmax2026-1-61/nobackup/work/dich3309/canu_pacbio_pilon_r2/efaecium_e745_canu_pacbio_pilon_r2.fasta /home/dich3309/rnaseq-tnseq-enterococcus-analysis/data/trimmed_data/rna_bhi_rep1_R1_paired.fastq.gz /home/dich3309/rnaseq-tnseq-enterococcus-analysis/data/trimmed_data/rna_bhi_rep1_R2_paired.fastq.gz
[main] Real time: 431.987 sec; CPU: 802.681 sec
[bam_sort_core] merging from 4 files and 2 in-memory blocks...
27591989 + 0 in total (QC-passed reads + QC-failed reads)
27567808 + 0 primary
0 + 0 secondary
24181 + 0 supplementary
0 + 0 duplicates
0 + 0 primary duplicates
27259173 + 0 mapped (98.79% : N/A)
27234992 + 0 primary mapped (98.79% : N/A)
27567808 + 0 paired in sequencing
13783904 + 0 read1
13783904 + 0 read2
26723264 + 0 properly paired (96.94% : N/A)
27233228 + 0 with itself and mate mapped
1764 + 0 singletons (0.01% : N/A)
2512 + 0 with mate mapped to a different chr
1271 + 0 with mate mapped to a different chr (mapQ>=5)
[2026-05-11 13:42:59] [sample 1 of 6] rna_bhi_rep1 done (0h 8m 35s)
[2026-05-11 13:42:59] [sample 2 of 6] mapping rna_bhi_rep2
[M::bwa_idx_load_from_disk] read 0 ALT contigs
[M::process] read 202914 sequences (20000046 bp)...
[M::process] read 202972 sequences (20000015 bp)...
[M::mem_pestat] # candidate unique pairs for (FF, FR, RF, RR): (2, 98628, 2, 3)
[M::mem_pestat] skip orientation FF as there are not enough pairs
[M::mem_pestat] analyzing insert size distribution for orientation FR...
[M::mem_pestat] (25, 50, 75) percentile: (110, 136, 178)
[M::mem_pestat] low and high boundaries for computing mean and std.dev: (1, 314)
[M::mem_pestat] mean and std.dev: (145.85, 50.03)
[M::mem_pestat] low and high boundaries for proper pairs: (1, 382)
[M::mem_pestat] skip orientation RF as there are not enough pairs
[M::mem_pestat] skip orientation RR as there are not enough pairs
[M::mem_process_seqs] Processed 202914 reads in 5.863 CPU sec, 2.983 real sec
[M::process] read 203130 sequences (20000099 bp)...
[M::mem_pestat] # candidate unique pairs for (FF, FR, RF, RR): (1, 98459, 2, 1)
[M::mem_pestat] skip orientation FF as there are not enough pairs
[M::mem_pestat] analyzing insert size distribution for orientation FR...
[M::mem_pestat] (25, 50, 75) percentile: (110, 136, 177)
[M::mem_pestat] low and high boundaries for computing mean and std.dev: (1, 311)
[M::mem_pestat] mean and std.dev: (145.32, 49.42)
[M::mem_pestat] low and high boundaries for proper pairs: (1, 378)
[M::mem_pestat] skip orientation RF as there are not enough pairs
[M::mem_pestat] skip orientation RR as there are not enough pairs
[M::mem_process_seqs] Processed 202972 reads in 5.881 CPU sec, 3.045 real sec
[M::process] read 202948 sequences (20000153 bp)...
[M::mem_pestat] # candidate unique pairs for (FF, FR, RF, RR): (0, 98786, 3, 2)
[M::mem_pestat] skip orientation FF as there are not enough pairs
[M::mem_pestat] analyzing insert size distribution for orientation FR...
[M::mem_pestat] (25, 50, 75) percentile: (110, 136, 177)
[M::mem_pestat] low and high boundaries for computing mean and std.dev: (1, 311)
[M::mem_pestat] mean and std.dev: (145.45, 49.35)
[M::mem_pestat] low and high boundaries for proper pairs: (1, 378)
[M::mem_pestat] skip orientation RF as there are not enough pairs
[M::mem_pestat] skip orientation RR as there are not enough pairs
[M::mem_process_seqs] Processed 203130 reads in 5.938 CPU sec, 3.065 real sec
[M::process] read 203100 sequences (20000012 bp)...
[M::mem_pestat] # candidate unique pairs for (FF, FR, RF, RR): (2, 98664, 4, 1)
[M::mem_pestat] skip orientation FF as there are not enough pairs
[M::mem_pestat] analyzing insert size distribution for orientation FR...
[M::mem_pestat] (25, 50, 75) percentile: (110, 135, 177)
[M::mem_pestat] low and high boundaries for computing mean and std.dev: (1, 311)
[M::mem_pestat] mean and std.dev: (145.27, 49.19)
[M::mem_pestat] low and high boundaries for proper pairs: (1, 378)
[M::mem_pestat] skip orientation RF as there are not enough pairs
[M::mem_pestat] skip orientation RR as there are not enough pairs
[M::mem_process_seqs] Processed 202948 reads in 5.897 CPU sec, 3.043 real sec
[M::process] read 202962 sequences (20000077 bp)...
[M::mem_pestat] # candidate unique pairs for (FF, FR, RF, RR): (0, 98708, 5, 2)
[M::mem_pestat] skip orientation FF as there are not enough pairs
[M::mem_pestat] analyzing insert size distribution for orientation FR...
[M::mem_pestat] (25, 50, 75) percentile: (110, 135, 177)
[M::mem_pestat] low and high boundaries for computing mean and std.dev: (1, 311)
[M::mem_pestat] mean and std.dev: (145.29, 49.25)
[M::mem_pestat] low and high boundaries for proper pairs: (1, 378)
[M::mem_pestat] skip orientation RF as there are not enough pairs
[M::mem_pestat] skip orientation RR as there are not enough pairs
[M::mem_process_seqs] Processed 203100 reads in 5.873 CPU sec, 3.042 real sec
[M::process] read 202974 sequences (20000124 bp)...
[M::mem_pestat] # candidate unique pairs for (FF, FR, RF, RR): (2, 98604, 5, 3)
[M::mem_pestat] skip orientation FF as there are not enough pairs
[M::mem_pestat] analyzing insert size distribution for orientation FR...
[M::mem_pestat] (25, 50, 75) percentile: (110, 135, 177)
[M::mem_pestat] low and high boundaries for computing mean and std.dev: (1, 311)
[M::mem_pestat] mean and std.dev: (145.18, 49.37)
[M::mem_pestat] low and high boundaries for proper pairs: (1, 378)
[M::mem_pestat] skip orientation RF as there are not enough pairs
[M::mem_pestat] skip orientation RR as there are not enough pairs
[M::mem_process_seqs] Processed 202962 reads in 5.829 CPU sec, 3.006 real sec
[M::process] read 203058 sequences (20000037 bp)...
[M::mem_pestat] # candidate unique pairs for (FF, FR, RF, RR): (2, 98632, 2, 3)
[M::mem_pestat] skip orientation FF as there are not enough pairs
[M::mem_pestat] analyzing insert size distribution for orientation FR...
[M::mem_pestat] (25, 50, 75) percentile: (110, 135, 177)
[M::mem_pestat] low and high boundaries for computing mean and std.dev: (1, 311)
[M::mem_pestat] mean and std.dev: (145.20, 49.25)
[M::mem_pestat] low and high boundaries for proper pairs: (1, 378)
[M::mem_pestat] skip orientation RF as there are not enough pairs
[M::mem_pestat] skip orientation RR as there are not enough pairs
[M::mem_process_seqs] Processed 202974 reads in 5.846 CPU sec, 3.020 real sec
[M::process] read 203228 sequences (20000157 bp)...
[M::mem_pestat] # candidate unique pairs for (FF, FR, RF, RR): (2, 98535, 4, 0)
[M::mem_pestat] skip orientation FF as there are not enough pairs
[M::mem_pestat] analyzing insert size distribution for orientation FR...
[M::mem_pestat] (25, 50, 75) percentile: (110, 135, 176)
[M::mem_pestat] low and high boundaries for computing mean and std.dev: (1, 308)
[M::mem_pestat] mean and std.dev: (144.73, 48.69)
[M::mem_pestat] low and high boundaries for proper pairs: (1, 374)
[M::mem_pestat] skip orientation RF as there are not enough pairs
[M::mem_pestat] skip orientation RR as there are not enough pairs
[M::mem_process_seqs] Processed 203058 reads in 5.894 CPU sec, 3.044 real sec
[M::process] read 203242 sequences (20000078 bp)...
[M::mem_pestat] # candidate unique pairs for (FF, FR, RF, RR): (2, 98628, 4, 2)
[M::mem_pestat] skip orientation FF as there are not enough pairs
[M::mem_pestat] analyzing insert size distribution for orientation FR...
[M::mem_pestat] (25, 50, 75) percentile: (110, 135, 176)
[M::mem_pestat] low and high boundaries for computing mean and std.dev: (1, 308)
[M::mem_pestat] mean and std.dev: (144.79, 48.55)
[M::mem_pestat] low and high boundaries for proper pairs: (1, 374)
[M::mem_pestat] skip orientation RF as there are not enough pairs
[M::mem_pestat] skip orientation RR as there are not enough pairs
[M::mem_process_seqs] Processed 203228 reads in 5.895 CPU sec, 3.043 real sec
[M::process] read 203260 sequences (20000189 bp)...
[M::mem_pestat] # candidate unique pairs for (FF, FR, RF, RR): (1, 98740, 6, 2)
[M::mem_pestat] skip orientation FF as there are not enough pairs
[M::mem_pestat] analyzing insert size distribution for orientation FR...
[M::mem_pestat] (25, 50, 75) percentile: (110, 135, 176)
[M::mem_pestat] low and high boundaries for computing mean and std.dev: (1, 308)
[M::mem_pestat] mean and std.dev: (144.49, 48.66)
[M::mem_pestat] low and high boundaries for proper pairs: (1, 374)
[M::mem_pestat] skip orientation RF as there are not enough pairs
[M::mem_pestat] skip orientation RR as there are not enough pairs
[M::mem_process_seqs] Processed 203242 reads in 5.835 CPU sec, 3.047 real sec
[M::process] read 203228 sequences (20000197 bp)...
[M::mem_pestat] # candidate unique pairs for (FF, FR, RF, RR): (2, 98664, 6, 0)
[M::mem_pestat] skip orientation FF as there are not enough pairs
[M::mem_pestat] analyzing insert size distribution for orientation FR...
[M::mem_pestat] (25, 50, 75) percentile: (110, 135, 176)
[M::mem_pestat] low and high boundaries for computing mean and std.dev: (1, 308)
[M::mem_pestat] mean and std.dev: (144.69, 48.65)
[M::mem_pestat] low and high boundaries for proper pairs: (1, 374)
[M::mem_pestat] skip orientation RF as there are not enough pairs
[M::mem_pestat] skip orientation RR as there are not enough pairs
[M::mem_process_seqs] Processed 203260 reads in 5.843 CPU sec, 3.023 real sec
[M::process] read 203272 sequences (20000123 bp)...
[M::mem_pestat] # candidate unique pairs for (FF, FR, RF, RR): (2, 98630, 0, 1)
[M::mem_pestat] skip orientation FF as there are not enough pairs
[M::mem_pestat] analyzing insert size distribution for orientation FR...
[M::mem_pestat] (25, 50, 75) percentile: (110, 135, 176)
[M::mem_pestat] low and high boundaries for computing mean and std.dev: (1, 308)
[M::mem_pestat] mean and std.dev: (144.59, 48.54)
[M::mem_pestat] low and high boundaries for proper pairs: (1, 374)
[M::mem_pestat] skip orientation RF as there are not enough pairs
[M::mem_pestat] skip orientation RR as there are not enough pairs
[M::mem_process_seqs] Processed 203228 reads in 5.854 CPU sec, 3.025 real sec
[M::process] read 203368 sequences (20000037 bp)...
[M::mem_pestat] # candidate unique pairs for (FF, FR, RF, RR): (2, 98764, 11, 1)
[M::mem_pestat] skip orientation FF as there are not enough pairs
[M::mem_pestat] analyzing insert size distribution for orientation FR...
[M::mem_pestat] (25, 50, 75) percentile: (110, 134, 176)
[M::mem_pestat] low and high boundaries for computing mean and std.dev: (1, 308)
[M::mem_pestat] mean and std.dev: (144.43, 48.72)
[M::mem_pestat] low and high boundaries for proper pairs: (1, 374)
[M::mem_pestat] analyzing insert size distribution for orientation RF...
[M::mem_pestat] (25, 50, 75) percentile: (2, 16, 56)
[M::mem_pestat] low and high boundaries for computing mean and std.dev: (1, 164)
[M::mem_pestat] mean and std.dev: (15.56, 18.25)
[M::mem_pestat] low and high boundaries for proper pairs: (1, 218)
[M::mem_pestat] skip orientation RR as there are not enough pairs
[M::mem_pestat] skip orientation RF
[M::mem_process_seqs] Processed 203272 reads in 5.849 CPU sec, 3.056 real sec
[M::process] read 203454 sequences (20000100 bp)...
[M::mem_pestat] # candidate unique pairs for (FF, FR, RF, RR): (2, 98682, 4, 1)
[M::mem_pestat] skip orientation FF as there are not enough pairs
[M::mem_pestat] analyzing insert size distribution for orientation FR...
[M::mem_pestat] (25, 50, 75) percentile: (110, 135, 176)
[M::mem_pestat] low and high boundaries for computing mean and std.dev: (1, 308)
[M::mem_pestat] mean and std.dev: (144.57, 48.73)
[M::mem_pestat] low and high boundaries for proper pairs: (1, 374)
[M::mem_pestat] skip orientation RF as there are not enough pairs
[M::mem_pestat] skip orientation RR as there are not enough pairs
[M::mem_process_seqs] Processed 203368 reads in 5.870 CPU sec, 3.043 real sec
[M::process] read 203426 sequences (20000185 bp)...
[M::mem_pestat] # candidate unique pairs for (FF, FR, RF, RR): (4, 98815, 3, 1)
[M::mem_pestat] skip orientation FF as there are not enough pairs
[M::mem_pestat] analyzing insert size distribution for orientation FR...
[M::mem_pestat] (25, 50, 75) percentile: (110, 135, 175)
[M::mem_pestat] low and high boundaries for computing mean and std.dev: (1, 305)
[M::mem_pestat] mean and std.dev: (144.13, 48.06)
[M::mem_pestat] low and high boundaries for proper pairs: (1, 370)
[M::mem_pestat] skip orientation RF as there are not enough pairs
[M::mem_pestat] skip orientation RR as there are not enough pairs
[M::mem_process_seqs] Processed 203454 reads in 5.865 CPU sec, 3.025 real sec
[M::process] read 203344 sequences (20000150 bp)...
[M::mem_pestat] # candidate unique pairs for (FF, FR, RF, RR): (1, 98817, 4, 1)
[M::mem_pestat] skip orientation FF as there are not enough pairs
[M::mem_pestat] analyzing insert size distribution for orientation FR...
[M::mem_pestat] (25, 50, 75) percentile: (109, 134, 175)
[M::mem_pestat] low and high boundaries for computing mean and std.dev: (1, 307)
[M::mem_pestat] mean and std.dev: (144.15, 48.51)
[M::mem_pestat] low and high boundaries for proper pairs: (1, 373)
[M::mem_pestat] skip orientation RF as there are not enough pairs
[M::mem_pestat] skip orientation RR as there are not enough pairs
[M::mem_process_seqs] Processed 203426 reads in 5.848 CPU sec, 3.018 real sec
[M::process] read 203338 sequences (20000188 bp)...
[M::mem_pestat] # candidate unique pairs for (FF, FR, RF, RR): (1, 98587, 5, 0)
[M::mem_pestat] skip orientation FF as there are not enough pairs
[M::mem_pestat] analyzing insert size distribution for orientation FR...
[M::mem_pestat] (25, 50, 75) percentile: (109, 134, 175)
[M::mem_pestat] low and high boundaries for computing mean and std.dev: (1, 307)
[M::mem_pestat] mean and std.dev: (144.29, 48.54)
[M::mem_pestat] low and high boundaries for proper pairs: (1, 373)
[M::mem_pestat] skip orientation RF as there are not enough pairs
[M::mem_pestat] skip orientation RR as there are not enough pairs
[M::mem_process_seqs] Processed 203344 reads in 5.872 CPU sec, 3.036 real sec
[M::process] read 203552 sequences (20000106 bp)...
[M::mem_pestat] # candidate unique pairs for (FF, FR, RF, RR): (0, 98748, 6, 2)
[M::mem_pestat] skip orientation FF as there are not enough pairs
[M::mem_pestat] analyzing insert size distribution for orientation FR...
[M::mem_pestat] (25, 50, 75) percentile: (109, 134, 175)
[M::mem_pestat] low and high boundaries for computing mean and std.dev: (1, 307)
[M::mem_pestat] mean and std.dev: (143.87, 48.08)
[M::mem_pestat] low and high boundaries for proper pairs: (1, 373)
[M::mem_pestat] skip orientation RF as there are not enough pairs
[M::mem_pestat] skip orientation RR as there are not enough pairs
[M::mem_process_seqs] Processed 203338 reads in 5.873 CPU sec, 3.034 real sec
[M::process] read 203390 sequences (20000190 bp)...
[M::mem_pestat] # candidate unique pairs for (FF, FR, RF, RR): (7, 98734, 3, 3)
[M::mem_pestat] skip orientation FF as there are not enough pairs
[M::mem_pestat] analyzing insert size distribution for orientation FR...
[M::mem_pestat] (25, 50, 75) percentile: (110, 134, 175)
[M::mem_pestat] low and high boundaries for computing mean and std.dev: (1, 305)
[M::mem_pestat] mean and std.dev: (143.88, 48.08)
[M::mem_pestat] low and high boundaries for proper pairs: (1, 370)
[M::mem_pestat] skip orientation RF as there are not enough pairs
[M::mem_pestat] skip orientation RR as there are not enough pairs
[M::mem_process_seqs] Processed 203552 reads in 5.853 CPU sec, 3.024 real sec
[M::process] read 203650 sequences (20000033 bp)...
[M::mem_pestat] # candidate unique pairs for (FF, FR, RF, RR): (3, 98595, 3, 5)
[M::mem_pestat] skip orientation FF as there are not enough pairs
[M::mem_pestat] analyzing insert size distribution for orientation FR...
[M::mem_pestat] (25, 50, 75) percentile: (109, 134, 175)
[M::mem_pestat] low and high boundaries for computing mean and std.dev: (1, 307)
[M::mem_pestat] mean and std.dev: (144.06, 48.31)
[M::mem_pestat] low and high boundaries for proper pairs: (1, 373)
[M::mem_pestat] skip orientation RF as there are not enough pairs
[M::mem_pestat] skip orientation RR as there are not enough pairs
[M::mem_process_seqs] Processed 203390 reads in 5.857 CPU sec, 3.026 real sec
[M::process] read 203590 sequences (20000054 bp)...
[M::mem_pestat] # candidate unique pairs for (FF, FR, RF, RR): (0, 98691, 2, 2)
[M::mem_pestat] skip orientation FF as there are not enough pairs
[M::mem_pestat] analyzing insert size distribution for orientation FR...
[M::mem_pestat] (25, 50, 75) percentile: (109, 134, 175)
[M::mem_pestat] low and high boundaries for computing mean and std.dev: (1, 307)
[M::mem_pestat] mean and std.dev: (143.79, 48.19)
[M::mem_pestat] low and high boundaries for proper pairs: (1, 373)
[M::mem_pestat] skip orientation RF as there are not enough pairs
[M::mem_pestat] skip orientation RR as there are not enough pairs
[M::mem_process_seqs] Processed 203650 reads in 5.899 CPU sec, 3.047 real sec
[M::process] read 203638 sequences (20000150 bp)...
[M::mem_pestat] # candidate unique pairs for (FF, FR, RF, RR): (1, 98665, 5, 5)
[M::mem_pestat] skip orientation FF as there are not enough pairs
[M::mem_pestat] analyzing insert size distribution for orientation FR...
[M::mem_pestat] (25, 50, 75) percentile: (109, 134, 175)
[M::mem_pestat] low and high boundaries for computing mean and std.dev: (1, 307)
[M::mem_pestat] mean and std.dev: (143.87, 48.02)
[M::mem_pestat] low and high boundaries for proper pairs: (1, 373)
[M::mem_pestat] skip orientation RF as there are not enough pairs
[M::mem_pestat] skip orientation RR as there are not enough pairs
[M::mem_process_seqs] Processed 203590 reads in 5.930 CPU sec, 3.086 real sec
[M::process] read 203660 sequences (20000078 bp)...
[M::mem_pestat] # candidate unique pairs for (FF, FR, RF, RR): (3, 98845, 5, 0)
[M::mem_pestat] skip orientation FF as there are not enough pairs
[M::mem_pestat] analyzing insert size distribution for orientation FR...
[M::mem_pestat] (25, 50, 75) percentile: (109, 134, 175)
[M::mem_pestat] low and high boundaries for computing mean and std.dev: (1, 307)
[M::mem_pestat] mean and std.dev: (143.93, 48.22)
[M::mem_pestat] low and high boundaries for proper pairs: (1, 373)
[M::mem_pestat] skip orientation RF as there are not enough pairs
[M::mem_pestat] skip orientation RR as there are not enough pairs
[M::mem_process_seqs] Processed 203638 reads in 5.903 CPU sec, 3.046 real sec
[M::process] read 203786 sequences (20000036 bp)...
[M::mem_pestat] # candidate unique pairs for (FF, FR, RF, RR): (1, 98892, 2, 1)
[M::mem_pestat] skip orientation FF as there are not enough pairs
[M::mem_pestat] analyzing insert size distribution for orientation FR...
[M::mem_pestat] (25, 50, 75) percentile: (109, 134, 174)
[M::mem_pestat] low and high boundaries for computing mean and std.dev: (1, 304)
[M::mem_pestat] mean and std.dev: (143.46, 47.45)
[M::mem_pestat] low and high boundaries for proper pairs: (1, 369)
[M::mem_pestat] skip orientation RF as there are not enough pairs
[M::mem_pestat] skip orientation RR as there are not enough pairs
[M::mem_process_seqs] Processed 203660 reads in 5.857 CPU sec, 3.040 real sec
[M::process] read 203882 sequences (20000045 bp)...
[M::mem_pestat] # candidate unique pairs for (FF, FR, RF, RR): (1, 98843, 7, 1)
[M::mem_pestat] skip orientation FF as there are not enough pairs
[M::mem_pestat] analyzing insert size distribution for orientation FR...
[M::mem_pestat] (25, 50, 75) percentile: (109, 134, 175)
[M::mem_pestat] low and high boundaries for computing mean and std.dev: (1, 307)
[M::mem_pestat] mean and std.dev: (143.88, 48.14)
[M::mem_pestat] low and high boundaries for proper pairs: (1, 373)
[M::mem_pestat] skip orientation RF as there are not enough pairs
[M::mem_pestat] skip orientation RR as there are not enough pairs
[M::mem_process_seqs] Processed 203786 reads in 5.873 CPU sec, 3.033 real sec
[M::process] read 204024 sequences (20000014 bp)...
[M::mem_pestat] # candidate unique pairs for (FF, FR, RF, RR): (0, 98852, 2, 2)
[M::mem_pestat] skip orientation FF as there are not enough pairs
[M::mem_pestat] analyzing insert size distribution for orientation FR...
[M::mem_pestat] (25, 50, 75) percentile: (109, 134, 174)
[M::mem_pestat] low and high boundaries for computing mean and std.dev: (1, 304)
[M::mem_pestat] mean and std.dev: (143.33, 47.61)
[M::mem_pestat] low and high boundaries for proper pairs: (1, 369)
[M::mem_pestat] skip orientation RF as there are not enough pairs
[M::mem_pestat] skip orientation RR as there are not enough pairs
[M::mem_process_seqs] Processed 203882 reads in 5.928 CPU sec, 3.062 real sec
[M::process] read 204218 sequences (20000093 bp)...
[M::mem_pestat] # candidate unique pairs for (FF, FR, RF, RR): (3, 98944, 4, 4)
[M::mem_pestat] skip orientation FF as there are not enough pairs
[M::mem_pestat] analyzing insert size distribution for orientation FR...
[M::mem_pestat] (25, 50, 75) percentile: (109, 134, 174)
[M::mem_pestat] low and high boundaries for computing mean and std.dev: (1, 304)
[M::mem_pestat] mean and std.dev: (143.26, 47.57)
[M::mem_pestat] low and high boundaries for proper pairs: (1, 369)
[M::mem_pestat] skip orientation RF as there are not enough pairs
[M::mem_pestat] skip orientation RR as there are not enough pairs
[M::mem_process_seqs] Processed 204024 reads in 5.872 CPU sec, 3.029 real sec
[M::process] read 204038 sequences (20000175 bp)...
[M::mem_pestat] # candidate unique pairs for (FF, FR, RF, RR): (1, 99120, 2, 0)
[M::mem_pestat] skip orientation FF as there are not enough pairs
[M::mem_pestat] analyzing insert size distribution for orientation FR...
[M::mem_pestat] (25, 50, 75) percentile: (109, 133, 173)
[M::mem_pestat] low and high boundaries for computing mean and std.dev: (1, 301)
[M::mem_pestat] mean and std.dev: (142.81, 47.14)
[M::mem_pestat] low and high boundaries for proper pairs: (1, 365)
[M::mem_pestat] skip orientation RF as there are not enough pairs
[M::mem_pestat] skip orientation RR as there are not enough pairs
[M::mem_process_seqs] Processed 204218 reads in 5.921 CPU sec, 3.076 real sec
[M::mem_pestat] # candidate unique pairs for (FF, FR, RF, RR): (1, 99005, 9, 0)
[M::mem_pestat] skip orientation FF as there are not enough pairs
[M::mem_pestat] analyzing insert size distribution for orientation FR...
[M::mem_pestat] (25, 50, 75) percentile: (109, 133, 173)
[M::mem_pestat] low and high boundaries for computing mean and std.dev: (1, 301)
[M::mem_pestat] mean and std.dev: (142.78, 47.18)
[M::mem_pestat] low and high boundaries for proper pairs: (1, 365)
[M::mem_pestat] skip orientation RF as there are not enough pairs
[M::mem_pestat] skip orientation RR as there are not enough pairs
[M::mem_process_seqs] Processed 204038 reads in 5.698 CPU sec, 5.511 real sec
[M::process] read 205784 sequences (20000015 bp)...
[M::process] read 204674 sequences (20000090 bp)...
[M::mem_pestat] # candidate unique pairs for (FF, FR, RF, RR): (0, 99792, 0, 0)
[M::mem_pestat] skip orientation FF as there are not enough pairs
[M::mem_pestat] analyzing insert size distribution for orientation FR...
[M::mem_pestat] (25, 50, 75) percentile: (109, 133, 173)
[M::mem_pestat] low and high boundaries for computing mean and std.dev: (1, 301)
[M::mem_pestat] mean and std.dev: (142.69, 46.77)
[M::mem_pestat] low and high boundaries for proper pairs: (1, 365)
[M::mem_pestat] skip orientation RF as there are not enough pairs
[M::mem_pestat] skip orientation RR as there are not enough pairs
[M::mem_process_seqs] Processed 205784 reads in 5.757 CPU sec, 2.914 real sec
[M::process] read 204882 sequences (20000122 bp)...
[M::mem_pestat] # candidate unique pairs for (FF, FR, RF, RR): (3, 99267, 5, 2)
[M::mem_pestat] skip orientation FF as there are not enough pairs
[M::mem_pestat] analyzing insert size distribution for orientation FR...
[M::mem_pestat] (25, 50, 75) percentile: (109, 133, 173)
[M::mem_pestat] low and high boundaries for computing mean and std.dev: (1, 301)
[M::mem_pestat] mean and std.dev: (142.46, 46.97)
[M::mem_pestat] low and high boundaries for proper pairs: (1, 365)
[M::mem_pestat] skip orientation RF as there are not enough pairs
[M::mem_pestat] skip orientation RR as there are not enough pairs
[M::mem_process_seqs] Processed 204674 reads in 5.932 CPU sec, 3.070 real sec
[M::process] read 205390 sequences (20000182 bp)...
[M::mem_pestat] # candidate unique pairs for (FF, FR, RF, RR): (1, 99333, 2, 2)
[M::mem_pestat] skip orientation FF as there are not enough pairs
[M::mem_pestat] analyzing insert size distribution for orientation FR...
[M::mem_pestat] (25, 50, 75) percentile: (109, 133, 172)
[M::mem_pestat] low and high boundaries for computing mean and std.dev: (1, 298)
[M::mem_pestat] mean and std.dev: (142.45, 46.60)
[M::mem_pestat] low and high boundaries for proper pairs: (1, 361)
[M::mem_pestat] skip orientation RF as there are not enough pairs
[M::mem_pestat] skip orientation RR as there are not enough pairs
[M::mem_process_seqs] Processed 204882 reads in 5.946 CPU sec, 3.078 real sec
[M::process] read 204070 sequences (20000068 bp)...
[M::mem_pestat] # candidate unique pairs for (FF, FR, RF, RR): (3, 99660, 7, 0)
[M::mem_pestat] skip orientation FF as there are not enough pairs
[M::mem_pestat] analyzing insert size distribution for orientation FR...
[M::mem_pestat] (25, 50, 75) percentile: (109, 133, 172)
[M::mem_pestat] low and high boundaries for computing mean and std.dev: (1, 298)
[M::mem_pestat] mean and std.dev: (142.52, 46.62)
[M::mem_pestat] low and high boundaries for proper pairs: (1, 361)
[M::mem_pestat] skip orientation RF as there are not enough pairs
[M::mem_pestat] skip orientation RR as there are not enough pairs
[M::mem_process_seqs] Processed 205390 reads in 5.923 CPU sec, 3.055 real sec
[M::process] read 202834 sequences (20000016 bp)...
[M::mem_pestat] # candidate unique pairs for (FF, FR, RF, RR): (5, 99239, 6, 1)
[M::mem_pestat] skip orientation FF as there are not enough pairs
[M::mem_pestat] analyzing insert size distribution for orientation FR...
[M::mem_pestat] (25, 50, 75) percentile: (109, 134, 174)
[M::mem_pestat] low and high boundaries for computing mean and std.dev: (1, 304)
[M::mem_pestat] mean and std.dev: (143.64, 47.70)
[M::mem_pestat] low and high boundaries for proper pairs: (1, 369)
[M::mem_pestat] skip orientation RF as there are not enough pairs
[M::mem_pestat] skip orientation RR as there are not enough pairs
[M::mem_process_seqs] Processed 204070 reads in 5.837 CPU sec, 3.013 real sec
[M::process] read 202832 sequences (20000070 bp)...
[M::mem_pestat] # candidate unique pairs for (FF, FR, RF, RR): (3, 98587, 5, 2)
[M::mem_pestat] skip orientation FF as there are not enough pairs
[M::mem_pestat] analyzing insert size distribution for orientation FR...
[M::mem_pestat] (25, 50, 75) percentile: (110, 136, 177)
[M::mem_pestat] low and high boundaries for computing mean and std.dev: (1, 311)
[M::mem_pestat] mean and std.dev: (145.51, 49.26)
[M::mem_pestat] low and high boundaries for proper pairs: (1, 378)
[M::mem_pestat] skip orientation RF as there are not enough pairs
[M::mem_pestat] skip orientation RR as there are not enough pairs
[M::mem_process_seqs] Processed 202834 reads in 5.875 CPU sec, 3.036 real sec
[M::process] read 203100 sequences (20000087 bp)...
[M::mem_pestat] # candidate unique pairs for (FF, FR, RF, RR): (1, 98643, 1, 2)
[M::mem_pestat] skip orientation FF as there are not enough pairs
[M::mem_pestat] analyzing insert size distribution for orientation FR...
[M::mem_pestat] (25, 50, 75) percentile: (110, 136, 178)
[M::mem_pestat] low and high boundaries for computing mean and std.dev: (1, 314)
[M::mem_pestat] mean and std.dev: (145.81, 49.73)
[M::mem_pestat] low and high boundaries for proper pairs: (1, 382)
[M::mem_pestat] skip orientation RF as there are not enough pairs
[M::mem_pestat] skip orientation RR as there are not enough pairs
[M::mem_process_seqs] Processed 202832 reads in 5.870 CPU sec, 3.048 real sec
[M::process] read 202916 sequences (20000055 bp)...
[M::mem_pestat] # candidate unique pairs for (FF, FR, RF, RR): (2, 98654, 4, 2)
[M::mem_pestat] skip orientation FF as there are not enough pairs
[M::mem_pestat] analyzing insert size distribution for orientation FR...
[M::mem_pestat] (25, 50, 75) percentile: (110, 136, 177)
[M::mem_pestat] low and high boundaries for computing mean and std.dev: (1, 311)
[M::mem_pestat] mean and std.dev: (145.65, 49.31)
[M::mem_pestat] low and high boundaries for proper pairs: (1, 378)
[M::mem_pestat] skip orientation RF as there are not enough pairs
[M::mem_pestat] skip orientation RR as there are not enough pairs
[M::mem_process_seqs] Processed 203100 reads in 5.931 CPU sec, 3.075 real sec
[M::process] read 203208 sequences (20000178 bp)...
[M::mem_pestat] # candidate unique pairs for (FF, FR, RF, RR): (2, 98521, 5, 0)
[M::mem_pestat] skip orientation FF as there are not enough pairs
[M::mem_pestat] analyzing insert size distribution for orientation FR...
[M::mem_pestat] (25, 50, 75) percentile: (110, 135, 177)
[M::mem_pestat] low and high boundaries for computing mean and std.dev: (1, 311)
[M::mem_pestat] mean and std.dev: (145.37, 49.28)
[M::mem_pestat] low and high boundaries for proper pairs: (1, 378)
[M::mem_pestat] skip orientation RF as there are not enough pairs
[M::mem_pestat] skip orientation RR as there are not enough pairs
[M::mem_process_seqs] Processed 202916 reads in 5.824 CPU sec, 3.024 real sec
[M::process] read 202962 sequences (20000124 bp)...
[M::mem_pestat] # candidate unique pairs for (FF, FR, RF, RR): (1, 98635, 1, 0)
[M::mem_pestat] skip orientation FF as there are not enough pairs
[M::mem_pestat] analyzing insert size distribution for orientation FR...
[M::mem_pestat] (25, 50, 75) percentile: (110, 135, 176)
[M::mem_pestat] low and high boundaries for computing mean and std.dev: (1, 308)
[M::mem_pestat] mean and std.dev: (144.96, 48.57)
[M::mem_pestat] low and high boundaries for proper pairs: (1, 374)
[M::mem_pestat] skip orientation RF as there are not enough pairs
[M::mem_pestat] skip orientation RR as there are not enough pairs
[M::mem_process_seqs] Processed 203208 reads in 5.903 CPU sec, 3.051 real sec
[M::process] read 203002 sequences (20000111 bp)...
[M::mem_pestat] # candidate unique pairs for (FF, FR, RF, RR): (1, 98660, 1, 0)
[M::mem_pestat] skip orientation FF as there are not enough pairs
[M::mem_pestat] analyzing insert size distribution for orientation FR...
[M::mem_pestat] (25, 50, 75) percentile: (110, 135, 177)
[M::mem_pestat] low and high boundaries for computing mean and std.dev: (1, 311)
[M::mem_pestat] mean and std.dev: (145.24, 49.33)
[M::mem_pestat] low and high boundaries for proper pairs: (1, 378)
[M::mem_pestat] skip orientation RF as there are not enough pairs
[M::mem_pestat] skip orientation RR as there are not enough pairs
[M::mem_process_seqs] Processed 202962 reads in 5.817 CPU sec, 2.997 real sec
[M::process] read 202974 sequences (20000107 bp)...
[M::mem_pestat] # candidate unique pairs for (FF, FR, RF, RR): (0, 98633, 2, 0)
[M::mem_pestat] skip orientation FF as there are not enough pairs
[M::mem_pestat] analyzing insert size distribution for orientation FR...
[M::mem_pestat] (25, 50, 75) percentile: (110, 136, 177)
[M::mem_pestat] low and high boundaries for computing mean and std.dev: (1, 311)
[M::mem_pestat] mean and std.dev: (145.50, 49.43)
[M::mem_pestat] low and high boundaries for proper pairs: (1, 378)
[M::mem_pestat] skip orientation RF as there are not enough pairs
[M::mem_pestat] skip orientation RR as there are not enough pairs
[M::mem_process_seqs] Processed 203002 reads in 5.832 CPU sec, 3.020 real sec
[M::process] read 203308 sequences (20000056 bp)...
[M::mem_pestat] # candidate unique pairs for (FF, FR, RF, RR): (1, 98589, 4, 2)
[M::mem_pestat] skip orientation FF as there are not enough pairs
[M::mem_pestat] analyzing insert size distribution for orientation FR...
[M::mem_pestat] (25, 50, 75) percentile: (110, 135, 176)
[M::mem_pestat] low and high boundaries for computing mean and std.dev: (1, 308)
[M::mem_pestat] mean and std.dev: (144.85, 48.66)
[M::mem_pestat] low and high boundaries for proper pairs: (1, 374)
[M::mem_pestat] skip orientation RF as there are not enough pairs
[M::mem_pestat] skip orientation RR as there are not enough pairs
[M::mem_process_seqs] Processed 202974 reads in 5.874 CPU sec, 3.047 real sec
[M::process] read 203106 sequences (20000136 bp)...
[M::mem_pestat] # candidate unique pairs for (FF, FR, RF, RR): (2, 98670, 4, 1)
[M::mem_pestat] skip orientation FF as there are not enough pairs
[M::mem_pestat] analyzing insert size distribution for orientation FR...
[M::mem_pestat] (25, 50, 75) percentile: (110, 135, 176)
[M::mem_pestat] low and high boundaries for computing mean and std.dev: (1, 308)
[M::mem_pestat] mean and std.dev: (145.03, 48.76)
[M::mem_pestat] low and high boundaries for proper pairs: (1, 374)
[M::mem_pestat] skip orientation RF as there are not enough pairs
[M::mem_pestat] skip orientation RR as there are not enough pairs
[M::mem_process_seqs] Processed 203308 reads in 5.827 CPU sec, 3.006 real sec
[M::process] read 203228 sequences (20000043 bp)...
[M::mem_pestat] # candidate unique pairs for (FF, FR, RF, RR): (2, 98637, 1, 2)
[M::mem_pestat] skip orientation FF as there are not enough pairs
[M::mem_pestat] analyzing insert size distribution for orientation FR...
[M::mem_pestat] (25, 50, 75) percentile: (110, 135, 177)
[M::mem_pestat] low and high boundaries for computing mean and std.dev: (1, 311)
[M::mem_pestat] mean and std.dev: (145.36, 49.24)
[M::mem_pestat] low and high boundaries for proper pairs: (1, 378)
[M::mem_pestat] skip orientation RF as there are not enough pairs
[M::mem_pestat] skip orientation RR as there are not enough pairs
[M::mem_process_seqs] Processed 203106 reads in 5.867 CPU sec, 3.027 real sec
[M::process] read 203126 sequences (20000180 bp)...
[M::mem_pestat] # candidate unique pairs for (FF, FR, RF, RR): (1, 98669, 4, 4)
[M::mem_pestat] skip orientation FF as there are not enough pairs
[M::mem_pestat] analyzing insert size distribution for orientation FR...
[M::mem_pestat] (25, 50, 75) percentile: (110, 135, 177)
[M::mem_pestat] low and high boundaries for computing mean and std.dev: (1, 311)
[M::mem_pestat] mean and std.dev: (145.01, 49.17)
[M::mem_pestat] low and high boundaries for proper pairs: (1, 378)
[M::mem_pestat] skip orientation RF as there are not enough pairs
[M::mem_pestat] skip orientation RR as there are not enough pairs
[M::mem_process_seqs] Processed 203228 reads in 5.839 CPU sec, 3.029 real sec
[M::process] read 203580 sequences (20000148 bp)...
[M::mem_pestat] # candidate unique pairs for (FF, FR, RF, RR): (3, 98574, 1, 1)
[M::mem_pestat] skip orientation FF as there are not enough pairs
[M::mem_pestat] analyzing insert size distribution for orientation FR...
[M::mem_pestat] (25, 50, 75) percentile: (110, 135, 176)
[M::mem_pestat] low and high boundaries for computing mean and std.dev: (1, 308)
[M::mem_pestat] mean and std.dev: (144.72, 48.88)
[M::mem_pestat] low and high boundaries for proper pairs: (1, 374)
[M::mem_pestat] skip orientation RF as there are not enough pairs
[M::mem_pestat] skip orientation RR as there are not enough pairs
[M::mem_process_seqs] Processed 203126 reads in 5.907 CPU sec, 3.050 real sec
[M::process] read 203226 sequences (20000164 bp)...
[M::mem_pestat] # candidate unique pairs for (FF, FR, RF, RR): (2, 98736, 5, 0)
[M::mem_pestat] skip orientation FF as there are not enough pairs
[M::mem_pestat] analyzing insert size distribution for orientation FR...
[M::mem_pestat] (25, 50, 75) percentile: (110, 135, 175)
[M::mem_pestat] low and high boundaries for computing mean and std.dev: (1, 305)
[M::mem_pestat] mean and std.dev: (144.11, 47.90)
[M::mem_pestat] low and high boundaries for proper pairs: (1, 370)
[M::mem_pestat] skip orientation RF as there are not enough pairs
[M::mem_pestat] skip orientation RR as there are not enough pairs
[M::mem_process_seqs] Processed 203580 reads in 5.901 CPU sec, 3.047 real sec
[M::process] read 203326 sequences (20000174 bp)...
[M::mem_pestat] # candidate unique pairs for (FF, FR, RF, RR): (4, 98653, 5, 2)
[M::mem_pestat] skip orientation FF as there are not enough pairs
[M::mem_pestat] analyzing insert size distribution for orientation FR...
[M::mem_pestat] (25, 50, 75) percentile: (110, 135, 176)
[M::mem_pestat] low and high boundaries for computing mean and std.dev: (1, 308)
[M::mem_pestat] mean and std.dev: (144.69, 48.83)
[M::mem_pestat] low and high boundaries for proper pairs: (1, 374)
[M::mem_pestat] skip orientation RF as there are not enough pairs
[M::mem_pestat] skip orientation RR as there are not enough pairs
[M::mem_process_seqs] Processed 203226 reads in 5.834 CPU sec, 3.022 real sec
[M::process] read 203364 sequences (20000110 bp)...
[M::mem_pestat] # candidate unique pairs for (FF, FR, RF, RR): (2, 98741, 3, 1)
[M::mem_pestat] skip orientation FF as there are not enough pairs
[M::mem_pestat] analyzing insert size distribution for orientation FR...
[M::mem_pestat] (25, 50, 75) percentile: (110, 135, 176)
[M::mem_pestat] low and high boundaries for computing mean and std.dev: (1, 308)
[M::mem_pestat] mean and std.dev: (144.47, 48.62)
[M::mem_pestat] low and high boundaries for proper pairs: (1, 374)
[M::mem_pestat] skip orientation RF as there are not enough pairs
[M::mem_pestat] skip orientation RR as there are not enough pairs
[M::mem_process_seqs] Processed 203326 reads in 5.881 CPU sec, 3.050 real sec
[M::process] read 203342 sequences (20000025 bp)...
[M::mem_pestat] # candidate unique pairs for (FF, FR, RF, RR): (0, 98733, 6, 2)
[M::mem_pestat] skip orientation FF as there are not enough pairs
[M::mem_pestat] analyzing insert size distribution for orientation FR...
[M::mem_pestat] (25, 50, 75) percentile: (110, 135, 175)
[M::mem_pestat] low and high boundaries for computing mean and std.dev: (1, 305)
[M::mem_pestat] mean and std.dev: (144.02, 48.09)
[M::mem_pestat] low and high boundaries for proper pairs: (1, 370)
[M::mem_pestat] skip orientation RF as there are not enough pairs
[M::mem_pestat] skip orientation RR as there are not enough pairs
[M::mem_process_seqs] Processed 203364 reads in 5.891 CPU sec, 3.041 real sec
[M::process] read 203520 sequences (20000095 bp)...
[M::mem_pestat] # candidate unique pairs for (FF, FR, RF, RR): (0, 98702, 3, 1)
[M::mem_pestat] skip orientation FF as there are not enough pairs
[M::mem_pestat] analyzing insert size distribution for orientation FR...
[M::mem_pestat] (25, 50, 75) percentile: (109, 134, 175)
[M::mem_pestat] low and high boundaries for computing mean and std.dev: (1, 307)
[M::mem_pestat] mean and std.dev: (144.20, 48.48)
[M::mem_pestat] low and high boundaries for proper pairs: (1, 373)
[M::mem_pestat] skip orientation RF as there are not enough pairs
[M::mem_pestat] skip orientation RR as there are not enough pairs
[M::mem_process_seqs] Processed 203342 reads in 5.847 CPU sec, 3.047 real sec
[M::process] read 203506 sequences (20000169 bp)...
[M::mem_pestat] # candidate unique pairs for (FF, FR, RF, RR): (3, 98769, 8, 3)
[M::mem_pestat] skip orientation FF as there are not enough pairs
[M::mem_pestat] analyzing insert size distribution for orientation FR...
[M::mem_pestat] (25, 50, 75) percentile: (109, 134, 175)
[M::mem_pestat] low and high boundaries for computing mean and std.dev: (1, 307)
[M::mem_pestat] mean and std.dev: (144.13, 48.34)
[M::mem_pestat] low and high boundaries for proper pairs: (1, 373)
[M::mem_pestat] skip orientation RF as there are not enough pairs
[M::mem_pestat] skip orientation RR as there are not enough pairs
[M::mem_process_seqs] Processed 203520 reads in 5.854 CPU sec, 3.019 real sec
[M::process] read 203368 sequences (20000131 bp)...
[M::mem_pestat] # candidate unique pairs for (FF, FR, RF, RR): (0, 98814, 4, 3)
[M::mem_pestat] skip orientation FF as there are not enough pairs
[M::mem_pestat] analyzing insert size distribution for orientation FR...
[M::mem_pestat] (25, 50, 75) percentile: (110, 135, 175)
[M::mem_pestat] low and high boundaries for computing mean and std.dev: (1, 305)
[M::mem_pestat] mean and std.dev: (144.15, 48.14)
[M::mem_pestat] low and high boundaries for proper pairs: (1, 370)
[M::mem_pestat] skip orientation RF as there are not enough pairs
[M::mem_pestat] skip orientation RR as there are not enough pairs
[M::mem_process_seqs] Processed 203506 reads in 5.873 CPU sec, 3.055 real sec
[M::process] read 203484 sequences (20000167 bp)...
[M::mem_pestat] # candidate unique pairs for (FF, FR, RF, RR): (3, 98758, 2, 1)
[M::mem_pestat] skip orientation FF as there are not enough pairs
[M::mem_pestat] analyzing insert size distribution for orientation FR...
[M::mem_pestat] (25, 50, 75) percentile: (110, 135, 175)
[M::mem_pestat] low and high boundaries for computing mean and std.dev: (1, 305)
[M::mem_pestat] mean and std.dev: (143.99, 47.95)
[M::mem_pestat] low and high boundaries for proper pairs: (1, 370)
[M::mem_pestat] skip orientation RF as there are not enough pairs
[M::mem_pestat] skip orientation RR as there are not enough pairs
[M::mem_process_seqs] Processed 203368 reads in 5.847 CPU sec, 3.025 real sec
[M::process] read 203648 sequences (20000197 bp)...
[M::mem_pestat] # candidate unique pairs for (FF, FR, RF, RR): (3, 98643, 6, 3)
[M::mem_pestat] skip orientation FF as there are not enough pairs
[M::mem_pestat] analyzing insert size distribution for orientation FR...
[M::mem_pestat] (25, 50, 75) percentile: (110, 135, 175)
[M::mem_pestat] low and high boundaries for computing mean and std.dev: (1, 305)
[M::mem_pestat] mean and std.dev: (144.01, 48.06)
[M::mem_pestat] low and high boundaries for proper pairs: (1, 370)
[M::mem_pestat] skip orientation RF as there are not enough pairs
[M::mem_pestat] skip orientation RR as there are not enough pairs
[M::mem_process_seqs] Processed 203484 reads in 5.908 CPU sec, 3.046 real sec
[M::process] read 203604 sequences (20000148 bp)...
[M::mem_pestat] # candidate unique pairs for (FF, FR, RF, RR): (0, 98911, 7, 3)
[M::mem_pestat] skip orientation FF as there are not enough pairs
[M::mem_pestat] analyzing insert size distribution for orientation FR...
[M::mem_pestat] (25, 50, 75) percentile: (109, 134, 174)
[M::mem_pestat] low and high boundaries for computing mean and std.dev: (1, 304)
[M::mem_pestat] mean and std.dev: (143.68, 47.76)
[M::mem_pestat] low and high boundaries for proper pairs: (1, 369)
[M::mem_pestat] skip orientation RF as there are not enough pairs
[M::mem_pestat] skip orientation RR as there are not enough pairs
[M::mem_process_seqs] Processed 203648 reads in 5.846 CPU sec, 3.035 real sec
[M::mem_pestat] # candidate unique pairs for (FF, FR, RF, RR): (1, 98818, 4, 2)
[M::mem_pestat] skip orientation FF as there are not enough pairs
[M::mem_pestat] analyzing insert size distribution for orientation FR...
[M::mem_pestat] (25, 50, 75) percentile: (110, 134, 175)
[M::mem_pestat] low and high boundaries for computing mean and std.dev: (1, 305)
[M::mem_pestat] mean and std.dev: (143.83, 47.85)
[M::mem_pestat] low and high boundaries for proper pairs: (1, 370)
[M::mem_pestat] skip orientation RF as there are not enough pairs
[M::mem_pestat] skip orientation RR as there are not enough pairs
[M::mem_process_seqs] Processed 203604 reads in 5.699 CPU sec, 5.714 real sec
[M::process] read 203698 sequences (20000118 bp)...
[M::process] read 203814 sequences (20000022 bp)...
[M::mem_pestat] # candidate unique pairs for (FF, FR, RF, RR): (3, 98797, 9, 3)
[M::mem_pestat] skip orientation FF as there are not enough pairs
[M::mem_pestat] analyzing insert size distribution for orientation FR...
[M::mem_pestat] (25, 50, 75) percentile: (110, 134, 174)
[M::mem_pestat] low and high boundaries for computing mean and std.dev: (1, 302)
[M::mem_pestat] mean and std.dev: (143.31, 47.32)
[M::mem_pestat] low and high boundaries for proper pairs: (1, 366)
[M::mem_pestat] skip orientation RF as there are not enough pairs
[M::mem_pestat] skip orientation RR as there are not enough pairs
[M::mem_process_seqs] Processed 203698 reads in 5.746 CPU sec, 2.909 real sec
[M::process] read 203900 sequences (20000076 bp)...
[M::mem_pestat] # candidate unique pairs for (FF, FR, RF, RR): (3, 98816, 7, 1)
[M::mem_pestat] skip orientation FF as there are not enough pairs
[M::mem_pestat] analyzing insert size distribution for orientation FR...
[M::mem_pestat] (25, 50, 75) percentile: (109, 134, 174)
[M::mem_pestat] low and high boundaries for computing mean and std.dev: (1, 304)
[M::mem_pestat] mean and std.dev: (143.60, 47.56)
[M::mem_pestat] low and high boundaries for proper pairs: (1, 369)
[M::mem_pestat] skip orientation RF as there are not enough pairs
[M::mem_pestat] skip orientation RR as there are not enough pairs
[M::mem_process_seqs] Processed 203814 reads in 5.913 CPU sec, 3.056 real sec
[M::process] read 203778 sequences (20000071 bp)...
[M::mem_pestat] # candidate unique pairs for (FF, FR, RF, RR): (0, 99017, 7, 1)
[M::mem_pestat] skip orientation FF as there are not enough pairs
[M::mem_pestat] analyzing insert size distribution for orientation FR...
[M::mem_pestat] (25, 50, 75) percentile: (109, 134, 174)
[M::mem_pestat] low and high boundaries for computing mean and std.dev: (1, 304)
[M::mem_pestat] mean and std.dev: (143.45, 47.75)
[M::mem_pestat] low and high boundaries for proper pairs: (1, 369)
[M::mem_pestat] skip orientation RF as there are not enough pairs
[M::mem_pestat] skip orientation RR as there are not enough pairs
[M::mem_process_seqs] Processed 203900 reads in 5.878 CPU sec, 3.038 real sec
[M::process] read 203854 sequences (20000009 bp)...
[M::mem_pestat] # candidate unique pairs for (FF, FR, RF, RR): (0, 98957, 2, 0)
[M::mem_pestat] skip orientation FF as there are not enough pairs
[M::mem_pestat] analyzing insert size distribution for orientation FR...
[M::mem_pestat] (25, 50, 75) percentile: (109, 134, 174)
[M::mem_pestat] low and high boundaries for computing mean and std.dev: (1, 304)
[M::mem_pestat] mean and std.dev: (143.46, 47.54)
[M::mem_pestat] low and high boundaries for proper pairs: (1, 369)
[M::mem_pestat] skip orientation RF as there are not enough pairs
[M::mem_pestat] skip orientation RR as there are not enough pairs
[M::mem_process_seqs] Processed 203778 reads in 5.864 CPU sec, 3.023 real sec
[M::process] read 204040 sequences (20000089 bp)...
[M::mem_pestat] # candidate unique pairs for (FF, FR, RF, RR): (0, 98947, 4, 2)
[M::mem_pestat] skip orientation FF as there are not enough pairs
[M::mem_pestat] analyzing insert size distribution for orientation FR...
[M::mem_pestat] (25, 50, 75) percentile: (109, 134, 174)
[M::mem_pestat] low and high boundaries for computing mean and std.dev: (1, 304)
[M::mem_pestat] mean and std.dev: (143.23, 47.40)
[M::mem_pestat] low and high boundaries for proper pairs: (1, 369)
[M::mem_pestat] skip orientation RF as there are not enough pairs
[M::mem_pestat] skip orientation RR as there are not enough pairs
[M::mem_process_seqs] Processed 203854 reads in 5.858 CPU sec, 3.042 real sec
[M::process] read 206644 sequences (20000155 bp)...
[M::mem_pestat] # candidate unique pairs for (FF, FR, RF, RR): (1, 99018, 4, 2)
[M::mem_pestat] skip orientation FF as there are not enough pairs
[M::mem_pestat] analyzing insert size distribution for orientation FR...
[M::mem_pestat] (25, 50, 75) percentile: (109, 134, 173)
[M::mem_pestat] low and high boundaries for computing mean and std.dev: (1, 301)
[M::mem_pestat] mean and std.dev: (142.92, 47.11)
[M::mem_pestat] low and high boundaries for proper pairs: (1, 365)
[M::mem_pestat] skip orientation RF as there are not enough pairs
[M::mem_pestat] skip orientation RR as there are not enough pairs
[M::mem_process_seqs] Processed 204040 reads in 5.905 CPU sec, 3.048 real sec
[M::process] read 205198 sequences (20000004 bp)...
[M::mem_pestat] # candidate unique pairs for (FF, FR, RF, RR): (2, 100200, 3, 3)
[M::mem_pestat] skip orientation FF as there are not enough pairs
[M::mem_pestat] analyzing insert size distribution for orientation FR...
[M::mem_pestat] (25, 50, 75) percentile: (109, 134, 174)
[M::mem_pestat] low and high boundaries for computing mean and std.dev: (1, 304)
[M::mem_pestat] mean and std.dev: (143.34, 47.59)
[M::mem_pestat] low and high boundaries for proper pairs: (1, 369)
[M::mem_pestat] skip orientation RF as there are not enough pairs
[M::mem_pestat] skip orientation RR as there are not enough pairs
[M::mem_process_seqs] Processed 206644 reads in 5.936 CPU sec, 3.071 real sec
[M::process] read 204502 sequences (20000195 bp)...
[M::mem_pestat] # candidate unique pairs for (FF, FR, RF, RR): (1, 99359, 4, 0)
[M::mem_pestat] skip orientation FF as there are not enough pairs
[M::mem_pestat] analyzing insert size distribution for orientation FR...
[M::mem_pestat] (25, 50, 75) percentile: (109, 134, 173)
[M::mem_pestat] low and high boundaries for computing mean and std.dev: (1, 301)
[M::mem_pestat] mean and std.dev: (143.27, 47.18)
[M::mem_pestat] low and high boundaries for proper pairs: (1, 365)
[M::mem_pestat] skip orientation RF as there are not enough pairs
[M::mem_pestat] skip orientation RR as there are not enough pairs
[M::mem_process_seqs] Processed 205198 reads in 5.921 CPU sec, 3.065 real sec
[M::process] read 204818 sequences (20000008 bp)...
[M::mem_pestat] # candidate unique pairs for (FF, FR, RF, RR): (0, 99190, 4, 0)
[M::mem_pestat] skip orientation FF as there are not enough pairs
[M::mem_pestat] analyzing insert size distribution for orientation FR...
[M::mem_pestat] (25, 50, 75) percentile: (109, 133, 173)
[M::mem_pestat] low and high boundaries for computing mean and std.dev: (1, 301)
[M::mem_pestat] mean and std.dev: (142.79, 46.94)
[M::mem_pestat] low and high boundaries for proper pairs: (1, 365)
[M::mem_pestat] skip orientation RF as there are not enough pairs
[M::mem_pestat] skip orientation RR as there are not enough pairs
[M::mem_process_seqs] Processed 204502 reads in 5.919 CPU sec, 3.061 real sec
[M::process] read 204190 sequences (20000015 bp)...
[M::mem_pestat] # candidate unique pairs for (FF, FR, RF, RR): (3, 99356, 6, 2)
[M::mem_pestat] skip orientation FF as there are not enough pairs
[M::mem_pestat] analyzing insert size distribution for orientation FR...
[M::mem_pestat] (25, 50, 75) percentile: (109, 133, 173)
[M::mem_pestat] low and high boundaries for computing mean and std.dev: (1, 301)
[M::mem_pestat] mean and std.dev: (142.87, 47.21)
[M::mem_pestat] low and high boundaries for proper pairs: (1, 365)
[M::mem_pestat] skip orientation RF as there are not enough pairs
[M::mem_pestat] skip orientation RR as there are not enough pairs
[M::mem_process_seqs] Processed 204818 reads in 5.925 CPU sec, 3.065 real sec
[M::process] read 202832 sequences (20000081 bp)...
[M::mem_pestat] # candidate unique pairs for (FF, FR, RF, RR): (1, 99109, 3, 1)
[M::mem_pestat] skip orientation FF as there are not enough pairs
[M::mem_pestat] analyzing insert size distribution for orientation FR...
[M::mem_pestat] (25, 50, 75) percentile: (109, 134, 174)
[M::mem_pestat] low and high boundaries for computing mean and std.dev: (1, 304)
[M::mem_pestat] mean and std.dev: (143.58, 47.83)
[M::mem_pestat] low and high boundaries for proper pairs: (1, 369)
[M::mem_pestat] skip orientation RF as there are not enough pairs
[M::mem_pestat] skip orientation RR as there are not enough pairs
[M::mem_process_seqs] Processed 204190 reads in 5.895 CPU sec, 3.041 real sec
[M::process] read 202816 sequences (20000067 bp)...
[M::mem_pestat] # candidate unique pairs for (FF, FR, RF, RR): (3, 98477, 8, 3)
[M::mem_pestat] skip orientation FF as there are not enough pairs
[M::mem_pestat] analyzing insert size distribution for orientation FR...
[M::mem_pestat] (25, 50, 75) percentile: (110, 135, 177)
[M::mem_pestat] low and high boundaries for computing mean and std.dev: (1, 311)
[M::mem_pestat] mean and std.dev: (145.27, 49.27)
[M::mem_pestat] low and high boundaries for proper pairs: (1, 378)
[M::mem_pestat] skip orientation RF as there are not enough pairs
[M::mem_pestat] skip orientation RR as there are not enough pairs
[M::mem_process_seqs] Processed 202832 reads in 5.853 CPU sec, 3.021 real sec
[M::process] read 203250 sequences (20000156 bp)...
[M::mem_pestat] # candidate unique pairs for (FF, FR, RF, RR): (2, 98572, 4, 3)
[M::mem_pestat] skip orientation FF as there are not enough pairs
[M::mem_pestat] analyzing insert size distribution for orientation FR...
[M::mem_pestat] (25, 50, 75) percentile: (110, 136, 178)
[M::mem_pestat] low and high boundaries for computing mean and std.dev: (1, 314)
[M::mem_pestat] mean and std.dev: (145.96, 49.88)
[M::mem_pestat] low and high boundaries for proper pairs: (1, 382)
[M::mem_pestat] skip orientation RF as there are not enough pairs
[M::mem_pestat] skip orientation RR as there are not enough pairs
[M::mem_process_seqs] Processed 202816 reads in 5.804 CPU sec, 3.001 real sec
[M::process] read 202842 sequences (20000129 bp)...
[M::mem_pestat] # candidate unique pairs for (FF, FR, RF, RR): (3, 98603, 7, 4)
[M::mem_pestat] skip orientation FF as there are not enough pairs
[M::mem_pestat] analyzing insert size distribution for orientation FR...
[M::mem_pestat] (25, 50, 75) percentile: (110, 136, 178)
[M::mem_pestat] low and high boundaries for computing mean and std.dev: (1, 314)
[M::mem_pestat] mean and std.dev: (146.07, 49.80)
[M::mem_pestat] low and high boundaries for proper pairs: (1, 382)
[M::mem_pestat] skip orientation RF as there are not enough pairs
[M::mem_pestat] skip orientation RR as there are not enough pairs
[M::mem_process_seqs] Processed 203250 reads in 5.917 CPU sec, 3.050 real sec
[M::process] read 202854 sequences (20000068 bp)...
[M::mem_pestat] # candidate unique pairs for (FF, FR, RF, RR): (4, 98496, 4, 3)
[M::mem_pestat] skip orientation FF as there are not enough pairs
[M::mem_pestat] analyzing insert size distribution for orientation FR...
[M::mem_pestat] (25, 50, 75) percentile: (110, 136, 177)
[M::mem_pestat] low and high boundaries for computing mean and std.dev: (1, 311)
[M::mem_pestat] mean and std.dev: (145.27, 49.15)
[M::mem_pestat] low and high boundaries for proper pairs: (1, 378)
[M::mem_pestat] skip orientation RF as there are not enough pairs
[M::mem_pestat] skip orientation RR as there are not enough pairs
[M::mem_process_seqs] Processed 202842 reads in 5.869 CPU sec, 3.047 real sec
[M::process] read 202888 sequences (20000149 bp)...
[M::mem_pestat] # candidate unique pairs for (FF, FR, RF, RR): (0, 98626, 2, 4)
[M::mem_pestat] skip orientation FF as there are not enough pairs
[M::mem_pestat] analyzing insert size distribution for orientation FR...
[M::mem_pestat] (25, 50, 75) percentile: (110, 135, 177)
[M::mem_pestat] low and high boundaries for computing mean and std.dev: (1, 311)
[M::mem_pestat] mean and std.dev: (145.40, 49.13)
[M::mem_pestat] low and high boundaries for proper pairs: (1, 378)
[M::mem_pestat] skip orientation RF as there are not enough pairs
[M::mem_pestat] skip orientation RR as there are not enough pairs
[M::mem_process_seqs] Processed 202854 reads in 5.855 CPU sec, 3.021 real sec
[M::process] read 202800 sequences (20000107 bp)...
[M::mem_pestat] # candidate unique pairs for (FF, FR, RF, RR): (5, 98438, 5, 2)
[M::mem_pestat] skip orientation FF as there are not enough pairs
[M::mem_pestat] analyzing insert size distribution for orientation FR...
[M::mem_pestat] (25, 50, 75) percentile: (110, 136, 177)
[M::mem_pestat] low and high boundaries for computing mean and std.dev: (1, 311)
[M::mem_pestat] mean and std.dev: (145.35, 49.30)
[M::mem_pestat] low and high boundaries for proper pairs: (1, 378)
[M::mem_pestat] skip orientation RF as there are not enough pairs
[M::mem_pestat] skip orientation RR as there are not enough pairs
[M::mem_process_seqs] Processed 202888 reads in 5.848 CPU sec, 3.023 real sec
[M::process] read 202870 sequences (20000155 bp)...
[M::mem_pestat] # candidate unique pairs for (FF, FR, RF, RR): (2, 98584, 9, 1)
[M::mem_pestat] skip orientation FF as there are not enough pairs
[M::mem_pestat] analyzing insert size distribution for orientation FR...
[M::mem_pestat] (25, 50, 75) percentile: (110, 135, 177)
[M::mem_pestat] low and high boundaries for computing mean and std.dev: (1, 311)
[M::mem_pestat] mean and std.dev: (145.19, 48.98)
[M::mem_pestat] low and high boundaries for proper pairs: (1, 378)
[M::mem_pestat] skip orientation RF as there are not enough pairs
[M::mem_pestat] skip orientation RR as there are not enough pairs
[M::mem_process_seqs] Processed 202800 reads in 6.044 CPU sec, 3.119 real sec
[M::process] read 203392 sequences (20000183 bp)...
[M::mem_pestat] # candidate unique pairs for (FF, FR, RF, RR): (0, 98521, 7, 1)
[M::mem_pestat] skip orientation FF as there are not enough pairs
[M::mem_pestat] analyzing insert size distribution for orientation FR...
[M::mem_pestat] (25, 50, 75) percentile: (110, 135, 177)
[M::mem_pestat] low and high boundaries for computing mean and std.dev: (1, 311)
[M::mem_pestat] mean and std.dev: (145.25, 49.22)
[M::mem_pestat] low and high boundaries for proper pairs: (1, 378)
[M::mem_pestat] skip orientation RF as there are not enough pairs
[M::mem_pestat] skip orientation RR as there are not enough pairs
[M::mem_process_seqs] Processed 202870 reads in 5.825 CPU sec, 3.022 real sec
[M::process] read 203018 sequences (20000183 bp)...
[M::mem_pestat] # candidate unique pairs for (FF, FR, RF, RR): (2, 98697, 1, 1)
[M::mem_pestat] skip orientation FF as there are not enough pairs
[M::mem_pestat] analyzing insert size distribution for orientation FR...
[M::mem_pestat] (25, 50, 75) percentile: (110, 135, 177)
[M::mem_pestat] low and high boundaries for computing mean and std.dev: (1, 311)
[M::mem_pestat] mean and std.dev: (145.31, 49.42)
[M::mem_pestat] low and high boundaries for proper pairs: (1, 378)
[M::mem_pestat] skip orientation RF as there are not enough pairs
[M::mem_pestat] skip orientation RR as there are not enough pairs
[M::mem_process_seqs] Processed 203392 reads in 5.899 CPU sec, 3.049 real sec
[M::process] read 203026 sequences (20000146 bp)...
[M::mem_pestat] # candidate unique pairs for (FF, FR, RF, RR): (4, 98578, 7, 2)
[M::mem_pestat] skip orientation FF as there are not enough pairs
[M::mem_pestat] analyzing insert size distribution for orientation FR...
[M::mem_pestat] (25, 50, 75) percentile: (110, 135, 176)
[M::mem_pestat] low and high boundaries for computing mean and std.dev: (1, 308)
[M::mem_pestat] mean and std.dev: (144.92, 48.60)
[M::mem_pestat] low and high boundaries for proper pairs: (1, 374)
[M::mem_pestat] skip orientation RF as there are not enough pairs
[M::mem_pestat] skip orientation RR as there are not enough pairs
[M::mem_process_seqs] Processed 203018 reads in 5.877 CPU sec, 3.030 real sec
[M::process] read 203116 sequences (20000144 bp)...
[M::mem_pestat] # candidate unique pairs for (FF, FR, RF, RR): (1, 98625, 2, 1)
[M::mem_pestat] skip orientation FF as there are not enough pairs
[M::mem_pestat] analyzing insert size distribution for orientation FR...
[M::mem_pestat] (25, 50, 75) percentile: (110, 135, 177)
[M::mem_pestat] low and high boundaries for computing mean and std.dev: (1, 311)
[M::mem_pestat] mean and std.dev: (145.32, 49.31)
[M::mem_pestat] low and high boundaries for proper pairs: (1, 378)
[M::mem_pestat] skip orientation RF as there are not enough pairs
[M::mem_pestat] skip orientation RR as there are not enough pairs
[M::mem_process_seqs] Processed 203026 reads in 5.950 CPU sec, 3.092 real sec
[M::process] read 203136 sequences (20000133 bp)...
[M::mem_pestat] # candidate unique pairs for (FF, FR, RF, RR): (3, 98634, 4, 1)
[M::mem_pestat] skip orientation FF as there are not enough pairs
[M::mem_pestat] analyzing insert size distribution for orientation FR...
[M::mem_pestat] (25, 50, 75) percentile: (110, 135, 176)
[M::mem_pestat] low and high boundaries for computing mean and std.dev: (1, 308)
[M::mem_pestat] mean and std.dev: (144.32, 48.46)
[M::mem_pestat] low and high boundaries for proper pairs: (1, 374)
[M::mem_pestat] skip orientation RF as there are not enough pairs
[M::mem_pestat] skip orientation RR as there are not enough pairs
[M::mem_process_seqs] Processed 203116 reads in 5.828 CPU sec, 3.014 real sec
[M::process] read 203252 sequences (20000137 bp)...
[M::mem_pestat] # candidate unique pairs for (FF, FR, RF, RR): (1, 98604, 4, 5)
[M::mem_pestat] skip orientation FF as there are not enough pairs
[M::mem_pestat] analyzing insert size distribution for orientation FR...
[M::mem_pestat] (25, 50, 75) percentile: (110, 135, 176)
[M::mem_pestat] low and high boundaries for computing mean and std.dev: (1, 308)
[M::mem_pestat] mean and std.dev: (144.61, 48.69)
[M::mem_pestat] low and high boundaries for proper pairs: (1, 374)
[M::mem_pestat] skip orientation RF as there are not enough pairs
[M::mem_pestat] skip orientation RR as there are not enough pairs
[M::mem_process_seqs] Processed 203136 reads in 5.839 CPU sec, 3.013 real sec
[M::process] read 203228 sequences (20000071 bp)...
[M::mem_pestat] # candidate unique pairs for (FF, FR, RF, RR): (2, 98637, 7, 3)
[M::mem_pestat] skip orientation FF as there are not enough pairs
[M::mem_pestat] analyzing insert size distribution for orientation FR...
[M::mem_pestat] (25, 50, 75) percentile: (110, 135, 176)
[M::mem_pestat] low and high boundaries for computing mean and std.dev: (1, 308)
[M::mem_pestat] mean and std.dev: (144.79, 48.79)
[M::mem_pestat] low and high boundaries for proper pairs: (1, 374)
[M::mem_pestat] skip orientation RF as there are not enough pairs
[M::mem_pestat] skip orientation RR as there are not enough pairs
[M::mem_process_seqs] Processed 203252 reads in 5.922 CPU sec, 3.054 real sec
[M::process] read 203288 sequences (20000118 bp)...
[M::mem_pestat] # candidate unique pairs for (FF, FR, RF, RR): (4, 98717, 5, 1)
[M::mem_pestat] skip orientation FF as there are not enough pairs
[M::mem_pestat] analyzing insert size distribution for orientation FR...
[M::mem_pestat] (25, 50, 75) percentile: (110, 135, 177)
[M::mem_pestat] low and high boundaries for computing mean and std.dev: (1, 311)
[M::mem_pestat] mean and std.dev: (145.23, 49.24)
[M::mem_pestat] low and high boundaries for proper pairs: (1, 378)
[M::mem_pestat] skip orientation RF as there are not enough pairs
[M::mem_pestat] skip orientation RR as there are not enough pairs
[M::mem_process_seqs] Processed 203228 reads in 5.834 CPU sec, 3.010 real sec
[M::mem_pestat] # candidate unique pairs for (FF, FR, RF, RR): (2, 98674, 6, 1)
[M::mem_pestat] skip orientation FF as there are not enough pairs
[M::mem_pestat] analyzing insert size distribution for orientation FR...
[M::mem_pestat] (25, 50, 75) percentile: (110, 135, 176)
[M::mem_pestat] low and high boundaries for computing mean and std.dev: (1, 308)
[M::mem_pestat] mean and std.dev: (144.47, 48.68)
[M::mem_pestat] low and high boundaries for proper pairs: (1, 374)
[M::mem_pestat] skip orientation RF as there are not enough pairs
[M::mem_pestat] skip orientation RR as there are not enough pairs
[M::mem_process_seqs] Processed 203288 reads in 5.678 CPU sec, 5.394 real sec
[M::process] read 203432 sequences (20000000 bp)...
[M::process] read 203364 sequences (20000180 bp)...
[M::mem_pestat] # candidate unique pairs for (FF, FR, RF, RR): (2, 98701, 4, 1)
[M::mem_pestat] skip orientation FF as there are not enough pairs
[M::mem_pestat] analyzing insert size distribution for orientation FR...
[M::mem_pestat] (25, 50, 75) percentile: (110, 135, 176)
[M::mem_pestat] low and high boundaries for computing mean and std.dev: (1, 308)
[M::mem_pestat] mean and std.dev: (144.48, 48.69)
[M::mem_pestat] low and high boundaries for proper pairs: (1, 374)
[M::mem_pestat] skip orientation RF as there are not enough pairs
[M::mem_pestat] skip orientation RR as there are not enough pairs
[M::mem_process_seqs] Processed 203432 reads in 5.696 CPU sec, 2.893 real sec
[M::process] read 203496 sequences (20000096 bp)...
[M::mem_pestat] # candidate unique pairs for (FF, FR, RF, RR): (2, 98642, 2, 2)
[M::mem_pestat] skip orientation FF as there are not enough pairs
[M::mem_pestat] analyzing insert size distribution for orientation FR...
[M::mem_pestat] (25, 50, 75) percentile: (109, 135, 175)
[M::mem_pestat] low and high boundaries for computing mean and std.dev: (1, 307)
[M::mem_pestat] mean and std.dev: (143.97, 48.30)
[M::mem_pestat] low and high boundaries for proper pairs: (1, 373)
[M::mem_pestat] skip orientation RF as there are not enough pairs
[M::mem_pestat] skip orientation RR as there are not enough pairs
[M::mem_process_seqs] Processed 203364 reads in 5.881 CPU sec, 3.044 real sec
[M::process] read 203344 sequences (20000182 bp)...
[M::mem_pestat] # candidate unique pairs for (FF, FR, RF, RR): (2, 98795, 7, 2)
[M::mem_pestat] skip orientation FF as there are not enough pairs
[M::mem_pestat] analyzing insert size distribution for orientation FR...
[M::mem_pestat] (25, 50, 75) percentile: (109, 134, 176)
[M::mem_pestat] low and high boundaries for computing mean and std.dev: (1, 310)
[M::mem_pestat] mean and std.dev: (144.39, 48.96)
[M::mem_pestat] low and high boundaries for proper pairs: (1, 377)
[M::mem_pestat] skip orientation RF as there are not enough pairs
[M::mem_pestat] skip orientation RR as there are not enough pairs
[M::mem_process_seqs] Processed 203496 reads in 5.840 CPU sec, 3.022 real sec
[M::process] read 203404 sequences (20000022 bp)...
[M::mem_pestat] # candidate unique pairs for (FF, FR, RF, RR): (2, 98576, 8, 3)
[M::mem_pestat] skip orientation FF as there are not enough pairs
[M::mem_pestat] analyzing insert size distribution for orientation FR...
[M::mem_pestat] (25, 50, 75) percentile: (109, 134, 175)
[M::mem_pestat] low and high boundaries for computing mean and std.dev: (1, 307)
[M::mem_pestat] mean and std.dev: (144.16, 48.48)
[M::mem_pestat] low and high boundaries for proper pairs: (1, 373)
[M::mem_pestat] skip orientation RF as there are not enough pairs
[M::mem_pestat] skip orientation RR as there are not enough pairs
[M::mem_process_seqs] Processed 203344 reads in 5.846 CPU sec, 3.017 real sec
[M::process] read 203626 sequences (20000038 bp)...
[M::mem_pestat] # candidate unique pairs for (FF, FR, RF, RR): (4, 98727, 6, 2)
[M::mem_pestat] skip orientation FF as there are not enough pairs
[M::mem_pestat] analyzing insert size distribution for orientation FR...
[M::mem_pestat] (25, 50, 75) percentile: (109, 134, 175)
[M::mem_pestat] low and high boundaries for computing mean and std.dev: (1, 307)
[M::mem_pestat] mean and std.dev: (144.05, 48.21)
[M::mem_pestat] low and high boundaries for proper pairs: (1, 373)
[M::mem_pestat] skip orientation RF as there are not enough pairs
[M::mem_pestat] skip orientation RR as there are not enough pairs
[M::mem_process_seqs] Processed 203404 reads in 5.852 CPU sec, 3.026 real sec
[M::process] read 203518 sequences (20000086 bp)...
[M::mem_pestat] # candidate unique pairs for (FF, FR, RF, RR): (2, 98763, 3, 4)
[M::mem_pestat] skip orientation FF as there are not enough pairs
[M::mem_pestat] analyzing insert size distribution for orientation FR...
[M::mem_pestat] (25, 50, 75) percentile: (109, 134, 175)
[M::mem_pestat] low and high boundaries for computing mean and std.dev: (1, 307)
[M::mem_pestat] mean and std.dev: (144.14, 48.23)
[M::mem_pestat] low and high boundaries for proper pairs: (1, 373)
[M::mem_pestat] skip orientation RF as there are not enough pairs
[M::mem_pestat] skip orientation RR as there are not enough pairs
[M::mem_process_seqs] Processed 203626 reads in 5.850 CPU sec, 3.015 real sec
[M::process] read 203618 sequences (20000090 bp)...
[M::mem_pestat] # candidate unique pairs for (FF, FR, RF, RR): (1, 98668, 12, 7)
[M::mem_pestat] skip orientation FF as there are not enough pairs
[M::mem_pestat] analyzing insert size distribution for orientation FR...
[M::mem_pestat] (25, 50, 75) percentile: (110, 134, 175)
[M::mem_pestat] low and high boundaries for computing mean and std.dev: (1, 305)
[M::mem_pestat] mean and std.dev: (144.03, 48.02)
[M::mem_pestat] low and high boundaries for proper pairs: (1, 370)
[M::mem_pestat] analyzing insert size distribution for orientation RF...
[M::mem_pestat] (25, 50, 75) percentile: (13, 65, 278)
[M::mem_pestat] low and high boundaries for computing mean and std.dev: (1, 808)
[M::mem_pestat] mean and std.dev: (73.20, 89.15)
[M::mem_pestat] low and high boundaries for proper pairs: (1, 1073)
[M::mem_pestat] skip orientation RR as there are not enough pairs
[M::mem_pestat] skip orientation RF
[M::mem_process_seqs] Processed 203518 reads in 5.867 CPU sec, 3.037 real sec
[M::process] read 203854 sequences (20000045 bp)...
[M::mem_pestat] # candidate unique pairs for (FF, FR, RF, RR): (1, 98676, 6, 0)
[M::mem_pestat] skip orientation FF as there are not enough pairs
[M::mem_pestat] analyzing insert size distribution for orientation FR...
[M::mem_pestat] (25, 50, 75) percentile: (109, 134, 174)
[M::mem_pestat] low and high boundaries for computing mean and std.dev: (1, 304)
[M::mem_pestat] mean and std.dev: (143.61, 47.81)
[M::mem_pestat] low and high boundaries for proper pairs: (1, 369)
[M::mem_pestat] skip orientation RF as there are not enough pairs
[M::mem_pestat] skip orientation RR as there are not enough pairs
[M::mem_process_seqs] Processed 203618 reads in 5.853 CPU sec, 3.049 real sec
[M::process] read 203760 sequences (20000196 bp)...
[M::mem_pestat] # candidate unique pairs for (FF, FR, RF, RR): (4, 98940, 8, 3)
[M::mem_pestat] skip orientation FF as there are not enough pairs
[M::mem_pestat] analyzing insert size distribution for orientation FR...
[M::mem_pestat] (25, 50, 75) percentile: (110, 135, 175)
[M::mem_pestat] low and high boundaries for computing mean and std.dev: (1, 305)
[M::mem_pestat] mean and std.dev: (144.08, 48.10)
[M::mem_pestat] low and high boundaries for proper pairs: (1, 370)
[M::mem_pestat] skip orientation RF as there are not enough pairs
[M::mem_pestat] skip orientation RR as there are not enough pairs
[M::mem_process_seqs] Processed 203854 reads in 5.888 CPU sec, 3.041 real sec
[M::process] read 203966 sequences (20000179 bp)...
[M::mem_pestat] # candidate unique pairs for (FF, FR, RF, RR): (2, 98959, 5, 3)
[M::mem_pestat] skip orientation FF as there are not enough pairs
[M::mem_pestat] analyzing insert size distribution for orientation FR...
[M::mem_pestat] (25, 50, 75) percentile: (109, 134, 174)
[M::mem_pestat] low and high boundaries for computing mean and std.dev: (1, 304)
[M::mem_pestat] mean and std.dev: (143.60, 47.98)
[M::mem_pestat] low and high boundaries for proper pairs: (1, 369)
[M::mem_pestat] skip orientation RF as there are not enough pairs
[M::mem_pestat] skip orientation RR as there are not enough pairs
[M::mem_process_seqs] Processed 203760 reads in 5.882 CPU sec, 3.038 real sec
[M::process] read 203862 sequences (20000060 bp)...
[M::mem_pestat] # candidate unique pairs for (FF, FR, RF, RR): (2, 98932, 2, 4)
[M::mem_pestat] skip orientation FF as there are not enough pairs
[M::mem_pestat] analyzing insert size distribution for orientation FR...
[M::mem_pestat] (25, 50, 75) percentile: (109, 134, 174)
[M::mem_pestat] low and high boundaries for computing mean and std.dev: (1, 304)
[M::mem_pestat] mean and std.dev: (143.17, 47.55)
[M::mem_pestat] low and high boundaries for proper pairs: (1, 369)
[M::mem_pestat] skip orientation RF as there are not enough pairs
[M::mem_pestat] skip orientation RR as there are not enough pairs
[M::mem_process_seqs] Processed 203966 reads in 5.850 CPU sec, 3.028 real sec
[M::process] read 204234 sequences (20000133 bp)...
[M::mem_pestat] # candidate unique pairs for (FF, FR, RF, RR): (3, 98823, 3, 4)
[M::mem_pestat] skip orientation FF as there are not enough pairs
[M::mem_pestat] analyzing insert size distribution for orientation FR...
[M::mem_pestat] (25, 50, 75) percentile: (109, 134, 174)
[M::mem_pestat] low and high boundaries for computing mean and std.dev: (1, 304)
[M::mem_pestat] mean and std.dev: (143.21, 47.56)
[M::mem_pestat] low and high boundaries for proper pairs: (1, 369)
[M::mem_pestat] skip orientation RF as there are not enough pairs
[M::mem_pestat] skip orientation RR as there are not enough pairs
[M::mem_process_seqs] Processed 203862 reads in 5.921 CPU sec, 3.052 real sec
[M::process] read 205734 sequences (20000133 bp)...
[M::mem_pestat] # candidate unique pairs for (FF, FR, RF, RR): (3, 99187, 5, 6)
[M::mem_pestat] skip orientation FF as there are not enough pairs
[M::mem_pestat] analyzing insert size distribution for orientation FR...
[M::mem_pestat] (25, 50, 75) percentile: (109, 133, 174)
[M::mem_pestat] low and high boundaries for computing mean and std.dev: (1, 304)
[M::mem_pestat] mean and std.dev: (143.30, 47.87)
[M::mem_pestat] low and high boundaries for proper pairs: (1, 369)
[M::mem_pestat] skip orientation RF as there are not enough pairs
[M::mem_pestat] skip orientation RR as there are not enough pairs
[M::mem_process_seqs] Processed 204234 reads in 5.851 CPU sec, 3.015 real sec
[M::process] read 203918 sequences (20000161 bp)...
[M::mem_pestat] # candidate unique pairs for (FF, FR, RF, RR): (4, 99769, 6, 2)
[M::mem_pestat] skip orientation FF as there are not enough pairs
[M::mem_pestat] analyzing insert size distribution for orientation FR...
[M::mem_pestat] (25, 50, 75) percentile: (109, 134, 174)
[M::mem_pestat] low and high boundaries for computing mean and std.dev: (1, 304)
[M::mem_pestat] mean and std.dev: (143.14, 47.71)
[M::mem_pestat] low and high boundaries for proper pairs: (1, 369)
[M::mem_pestat] skip orientation RF as there are not enough pairs
[M::mem_pestat] skip orientation RR as there are not enough pairs
[M::mem_process_seqs] Processed 205734 reads in 5.901 CPU sec, 3.042 real sec
[M::process] read 205260 sequences (20000178 bp)...
[M::mem_pestat] # candidate unique pairs for (FF, FR, RF, RR): (3, 98965, 5, 1)
[M::mem_pestat] skip orientation FF as there are not enough pairs
[M::mem_pestat] analyzing insert size distribution for orientation FR...
[M::mem_pestat] (25, 50, 75) percentile: (109, 134, 173)
[M::mem_pestat] low and high boundaries for computing mean and std.dev: (1, 301)
[M::mem_pestat] mean and std.dev: (142.96, 47.17)
[M::mem_pestat] low and high boundaries for proper pairs: (1, 365)
[M::mem_pestat] skip orientation RF as there are not enough pairs
[M::mem_pestat] skip orientation RR as there are not enough pairs
[M::mem_process_seqs] Processed 203918 reads in 5.826 CPU sec, 3.002 real sec
[M::process] read 204892 sequences (20000137 bp)...
[M::mem_pestat] # candidate unique pairs for (FF, FR, RF, RR): (1, 99447, 8, 2)
[M::mem_pestat] skip orientation FF as there are not enough pairs
[M::mem_pestat] analyzing insert size distribution for orientation FR...
[M::mem_pestat] (25, 50, 75) percentile: (109, 134, 173)
[M::mem_pestat] low and high boundaries for computing mean and std.dev: (1, 301)
[M::mem_pestat] mean and std.dev: (142.93, 46.94)
[M::mem_pestat] low and high boundaries for proper pairs: (1, 365)
[M::mem_pestat] skip orientation RF as there are not enough pairs
[M::mem_pestat] skip orientation RR as there are not enough pairs
[M::mem_process_seqs] Processed 205260 reads in 5.868 CPU sec, 3.034 real sec
[M::process] read 203382 sequences (20000051 bp)...
[M::mem_pestat] # candidate unique pairs for (FF, FR, RF, RR): (0, 99340, 8, 1)
[M::mem_pestat] skip orientation FF as there are not enough pairs
[M::mem_pestat] analyzing insert size distribution for orientation FR...
[M::mem_pestat] (25, 50, 75) percentile: (109, 133, 173)
[M::mem_pestat] low and high boundaries for computing mean and std.dev: (1, 301)
[M::mem_pestat] mean and std.dev: (142.92, 47.23)
[M::mem_pestat] low and high boundaries for proper pairs: (1, 365)
[M::mem_pestat] skip orientation RF as there are not enough pairs
[M::mem_pestat] skip orientation RR as there are not enough pairs
[M::mem_process_seqs] Processed 204892 reads in 5.871 CPU sec, 3.029 real sec
[M::process] read 203618 sequences (20000061 bp)...
[M::mem_pestat] # candidate unique pairs for (FF, FR, RF, RR): (0, 98794, 2, 6)
[M::mem_pestat] skip orientation FF as there are not enough pairs
[M::mem_pestat] analyzing insert size distribution for orientation FR...
[M::mem_pestat] (25, 50, 75) percentile: (110, 135, 176)
[M::mem_pestat] low and high boundaries for computing mean and std.dev: (1, 308)
[M::mem_pestat] mean and std.dev: (144.88, 48.76)
[M::mem_pestat] low and high boundaries for proper pairs: (1, 374)
[M::mem_pestat] skip orientation RF as there are not enough pairs
[M::mem_pestat] skip orientation RR as there are not enough pairs
[M::mem_process_seqs] Processed 203382 reads in 6.224 CPU sec, 3.206 real sec
[M::process] read 204206 sequences (20000195 bp)...
[M::mem_pestat] # candidate unique pairs for (FF, FR, RF, RR): (2, 98839, 9, 0)
[M::mem_pestat] skip orientation FF as there are not enough pairs
[M::mem_pestat] analyzing insert size distribution for orientation FR...
[M::mem_pestat] (25, 50, 75) percentile: (110, 135, 177)
[M::mem_pestat] low and high boundaries for computing mean and std.dev: (1, 311)
[M::mem_pestat] mean and std.dev: (145.19, 49.35)
[M::mem_pestat] low and high boundaries for proper pairs: (1, 378)
[M::mem_pestat] skip orientation RF as there are not enough pairs
[M::mem_pestat] skip orientation RR as there are not enough pairs
[M::mem_process_seqs] Processed 203618 reads in 7.154 CPU sec, 3.695 real sec
[M::process] read 205424 sequences (20000078 bp)...
[M::mem_pestat] # candidate unique pairs for (FF, FR, RF, RR): (2, 99271, 3, 0)
[M::mem_pestat] skip orientation FF as there are not enough pairs
[M::mem_pestat] analyzing insert size distribution for orientation FR...
[M::mem_pestat] (25, 50, 75) percentile: (110, 136, 177)
[M::mem_pestat] low and high boundaries for computing mean and std.dev: (1, 311)
[M::mem_pestat] mean and std.dev: (145.53, 49.47)
[M::mem_pestat] low and high boundaries for proper pairs: (1, 378)
[M::mem_pestat] skip orientation RF as there are not enough pairs
[M::mem_pestat] skip orientation RR as there are not enough pairs
[M::mem_process_seqs] Processed 204206 reads in 7.261 CPU sec, 3.726 real sec
[M::process] read 203502 sequences (20000075 bp)...
[M::mem_pestat] # candidate unique pairs for (FF, FR, RF, RR): (1, 99798, 7, 0)
[M::mem_pestat] skip orientation FF as there are not enough pairs
[M::mem_pestat] analyzing insert size distribution for orientation FR...
[M::mem_pestat] (25, 50, 75) percentile: (110, 136, 178)
[M::mem_pestat] low and high boundaries for computing mean and std.dev: (1, 314)
[M::mem_pestat] mean and std.dev: (145.84, 49.60)
[M::mem_pestat] low and high boundaries for proper pairs: (1, 382)
[M::mem_pestat] skip orientation RF as there are not enough pairs
[M::mem_pestat] skip orientation RR as there are not enough pairs
[M::mem_process_seqs] Processed 205424 reads in 7.011 CPU sec, 3.628 real sec
[M::process] read 203994 sequences (20000014 bp)...
[M::mem_pestat] # candidate unique pairs for (FF, FR, RF, RR): (0, 98830, 4, 1)
[M::mem_pestat] skip orientation FF as there are not enough pairs
[M::mem_pestat] analyzing insert size distribution for orientation FR...
[M::mem_pestat] (25, 50, 75) percentile: (110, 136, 177)
[M::mem_pestat] low and high boundaries for computing mean and std.dev: (1, 311)
[M::mem_pestat] mean and std.dev: (145.65, 49.50)
[M::mem_pestat] low and high boundaries for proper pairs: (1, 378)
[M::mem_pestat] skip orientation RF as there are not enough pairs
[M::mem_pestat] skip orientation RR as there are not enough pairs
[M::mem_process_seqs] Processed 203502 reads in 6.422 CPU sec, 3.308 real sec
[M::process] read 203768 sequences (20000083 bp)...
[M::mem_pestat] # candidate unique pairs for (FF, FR, RF, RR): (3, 99060, 5, 0)
[M::mem_pestat] skip orientation FF as there are not enough pairs
[M::mem_pestat] analyzing insert size distribution for orientation FR...
[M::mem_pestat] (25, 50, 75) percentile: (110, 135, 176)
[M::mem_pestat] low and high boundaries for computing mean and std.dev: (1, 308)
[M::mem_pestat] mean and std.dev: (144.94, 48.56)
[M::mem_pestat] low and high boundaries for proper pairs: (1, 374)
[M::mem_pestat] skip orientation RF as there are not enough pairs
[M::mem_pestat] skip orientation RR as there are not enough pairs
[M::mem_process_seqs] Processed 203994 reads in 6.666 CPU sec, 3.427 real sec
[M::process] read 202832 sequences (20000185 bp)...
[M::mem_pestat] # candidate unique pairs for (FF, FR, RF, RR): (1, 98961, 3, 3)
[M::mem_pestat] skip orientation FF as there are not enough pairs
[M::mem_pestat] analyzing insert size distribution for orientation FR...
[M::mem_pestat] (25, 50, 75) percentile: (110, 136, 177)
[M::mem_pestat] low and high boundaries for computing mean and std.dev: (1, 311)
[M::mem_pestat] mean and std.dev: (145.68, 49.35)
[M::mem_pestat] low and high boundaries for proper pairs: (1, 378)
[M::mem_pestat] skip orientation RF as there are not enough pairs
[M::mem_pestat] skip orientation RR as there are not enough pairs
[M::mem_process_seqs] Processed 203768 reads in 6.403 CPU sec, 3.298 real sec
[M::process] read 203766 sequences (20000192 bp)...
[M::mem_pestat] # candidate unique pairs for (FF, FR, RF, RR): (3, 98543, 3, 2)
[M::mem_pestat] skip orientation FF as there are not enough pairs
[M::mem_pestat] analyzing insert size distribution for orientation FR...
[M::mem_pestat] (25, 50, 75) percentile: (110, 135, 177)
[M::mem_pestat] low and high boundaries for computing mean and std.dev: (1, 311)
[M::mem_pestat] mean and std.dev: (145.29, 49.20)
[M::mem_pestat] low and high boundaries for proper pairs: (1, 378)
[M::mem_pestat] skip orientation RF as there are not enough pairs
[M::mem_pestat] skip orientation RR as there are not enough pairs
[M::mem_process_seqs] Processed 202832 reads in 5.926 CPU sec, 3.054 real sec
[M::process] read 203392 sequences (20000090 bp)...
[M::mem_pestat] # candidate unique pairs for (FF, FR, RF, RR): (3, 98860, 6, 0)
[M::mem_pestat] skip orientation FF as there are not enough pairs
[M::mem_pestat] analyzing insert size distribution for orientation FR...
[M::mem_pestat] (25, 50, 75) percentile: (110, 135, 176)
[M::mem_pestat] low and high boundaries for computing mean and std.dev: (1, 308)
[M::mem_pestat] mean and std.dev: (144.92, 48.65)
[M::mem_pestat] low and high boundaries for proper pairs: (1, 374)
[M::mem_pestat] skip orientation RF as there are not enough pairs
[M::mem_pestat] skip orientation RR as there are not enough pairs
[M::mem_process_seqs] Processed 203766 reads in 6.285 CPU sec, 3.233 real sec
[M::process] read 203118 sequences (20000026 bp)...
[M::mem_pestat] # candidate unique pairs for (FF, FR, RF, RR): (4, 98586, 8, 3)
[M::mem_pestat] skip orientation FF as there are not enough pairs
[M::mem_pestat] analyzing insert size distribution for orientation FR...
[M::mem_pestat] (25, 50, 75) percentile: (110, 135, 176)
[M::mem_pestat] low and high boundaries for computing mean and std.dev: (1, 308)
[M::mem_pestat] mean and std.dev: (145.02, 48.77)
[M::mem_pestat] low and high boundaries for proper pairs: (1, 374)
[M::mem_pestat] skip orientation RF as there are not enough pairs
[M::mem_pestat] skip orientation RR as there are not enough pairs
[M::mem_process_seqs] Processed 203392 reads in 5.860 CPU sec, 3.037 real sec
[M::mem_pestat] # candidate unique pairs for (FF, FR, RF, RR): (2, 98544, 7, 2)
[M::mem_pestat] skip orientation FF as there are not enough pairs
[M::mem_pestat] analyzing insert size distribution for orientation FR...
[M::mem_pestat] (25, 50, 75) percentile: (110, 135, 177)
[M::mem_pestat] low and high boundaries for computing mean and std.dev: (1, 311)
[M::mem_pestat] mean and std.dev: (145.18, 49.15)
[M::mem_pestat] low and high boundaries for proper pairs: (1, 378)
[M::mem_pestat] skip orientation RF as there are not enough pairs
[M::mem_pestat] skip orientation RR as there are not enough pairs
[M::mem_process_seqs] Processed 203118 reads in 5.806 CPU sec, 5.543 real sec
[M::process] read 203168 sequences (20000066 bp)...
[M::process] read 203124 sequences (20000010 bp)...
[M::mem_pestat] # candidate unique pairs for (FF, FR, RF, RR): (3, 98594, 8, 0)
[M::mem_pestat] skip orientation FF as there are not enough pairs
[M::mem_pestat] analyzing insert size distribution for orientation FR...
[M::mem_pestat] (25, 50, 75) percentile: (110, 135, 177)
[M::mem_pestat] low and high boundaries for computing mean and std.dev: (1, 311)
[M::mem_pestat] mean and std.dev: (145.24, 49.35)
[M::mem_pestat] low and high boundaries for proper pairs: (1, 378)
[M::mem_pestat] skip orientation RF as there are not enough pairs
[M::mem_pestat] skip orientation RR as there are not enough pairs
[M::mem_process_seqs] Processed 203168 reads in 5.785 CPU sec, 2.930 real sec
[M::process] read 203140 sequences (20000099 bp)...
[M::mem_pestat] # candidate unique pairs for (FF, FR, RF, RR): (3, 98565, 2, 3)
[M::mem_pestat] skip orientation FF as there are not enough pairs
[M::mem_pestat] analyzing insert size distribution for orientation FR...
[M::mem_pestat] (25, 50, 75) percentile: (110, 135, 176)
[M::mem_pestat] low and high boundaries for computing mean and std.dev: (1, 308)
[M::mem_pestat] mean and std.dev: (144.86, 48.81)
[M::mem_pestat] low and high boundaries for proper pairs: (1, 374)
[M::mem_pestat] skip orientation RF as there are not enough pairs
[M::mem_pestat] skip orientation RR as there are not enough pairs
[M::mem_process_seqs] Processed 203124 reads in 5.818 CPU sec, 3.009 real sec
[M::process] read 203348 sequences (20000068 bp)...
[M::mem_pestat] # candidate unique pairs for (FF, FR, RF, RR): (0, 98655, 6, 4)
[M::mem_pestat] skip orientation FF as there are not enough pairs
[M::mem_pestat] analyzing insert size distribution for orientation FR...
[M::mem_pestat] (25, 50, 75) percentile: (110, 135, 176)
[M::mem_pestat] low and high boundaries for computing mean and std.dev: (1, 308)
[M::mem_pestat] mean and std.dev: (144.70, 48.67)
[M::mem_pestat] low and high boundaries for proper pairs: (1, 374)
[M::mem_pestat] skip orientation RF as there are not enough pairs
[M::mem_pestat] skip orientation RR as there are not enough pairs
[M::mem_process_seqs] Processed 203140 reads in 5.992 CPU sec, 3.093 real sec
[M::process] read 203168 sequences (20000006 bp)...
[M::mem_pestat] # candidate unique pairs for (FF, FR, RF, RR): (4, 98629, 2, 1)
[M::mem_pestat] skip orientation FF as there are not enough pairs
[M::mem_pestat] analyzing insert size distribution for orientation FR...
[M::mem_pestat] (25, 50, 75) percentile: (110, 135, 176)
[M::mem_pestat] low and high boundaries for computing mean and std.dev: (1, 308)
[M::mem_pestat] mean and std.dev: (144.51, 48.36)
[M::mem_pestat] low and high boundaries for proper pairs: (1, 374)
[M::mem_pestat] skip orientation RF as there are not enough pairs
[M::mem_pestat] skip orientation RR as there are not enough pairs
[M::mem_process_seqs] Processed 203348 reads in 5.819 CPU sec, 3.006 real sec
[M::process] read 203314 sequences (20000063 bp)...
[M::mem_pestat] # candidate unique pairs for (FF, FR, RF, RR): (4, 98518, 1, 0)
[M::mem_pestat] skip orientation FF as there are not enough pairs
[M::mem_pestat] analyzing insert size distribution for orientation FR...
[M::mem_pestat] (25, 50, 75) percentile: (110, 135, 176)
[M::mem_pestat] low and high boundaries for computing mean and std.dev: (1, 308)
[M::mem_pestat] mean and std.dev: (144.63, 48.77)
[M::mem_pestat] low and high boundaries for proper pairs: (1, 374)
[M::mem_pestat] skip orientation RF as there are not enough pairs
[M::mem_pestat] skip orientation RR as there are not enough pairs
[M::mem_process_seqs] Processed 203168 reads in 5.878 CPU sec, 3.047 real sec
[M::process] read 203378 sequences (20000038 bp)...
[M::mem_pestat] # candidate unique pairs for (FF, FR, RF, RR): (4, 98544, 5, 1)
[M::mem_pestat] skip orientation FF as there are not enough pairs
[M::mem_pestat] analyzing insert size distribution for orientation FR...
[M::mem_pestat] (25, 50, 75) percentile: (110, 135, 175)
[M::mem_pestat] low and high boundaries for computing mean and std.dev: (1, 305)
[M::mem_pestat] mean and std.dev: (144.00, 48.01)
[M::mem_pestat] low and high boundaries for proper pairs: (1, 370)
[M::mem_pestat] skip orientation RF as there are not enough pairs
[M::mem_pestat] skip orientation RR as there are not enough pairs
[M::mem_process_seqs] Processed 203314 reads in 5.866 CPU sec, 3.022 real sec
[M::process] read 203262 sequences (20000184 bp)...
[M::mem_pestat] # candidate unique pairs for (FF, FR, RF, RR): (1, 98679, 5, 1)
[M::mem_pestat] skip orientation FF as there are not enough pairs
[M::mem_pestat] analyzing insert size distribution for orientation FR...
[M::mem_pestat] (25, 50, 75) percentile: (110, 135, 176)
[M::mem_pestat] low and high boundaries for computing mean and std.dev: (1, 308)
[M::mem_pestat] mean and std.dev: (144.44, 48.63)
[M::mem_pestat] low and high boundaries for proper pairs: (1, 374)
[M::mem_pestat] skip orientation RF as there are not enough pairs
[M::mem_pestat] skip orientation RR as there are not enough pairs
[M::mem_process_seqs] Processed 203378 reads in 5.850 CPU sec, 3.014 real sec
[M::process] read 203282 sequences (20000018 bp)...
[M::mem_pestat] # candidate unique pairs for (FF, FR, RF, RR): (1, 98700, 7, 1)
[M::mem_pestat] skip orientation FF as there are not enough pairs
[M::mem_pestat] analyzing insert size distribution for orientation FR...
[M::mem_pestat] (25, 50, 75) percentile: (110, 135, 176)
[M::mem_pestat] low and high boundaries for computing mean and std.dev: (1, 308)
[M::mem_pestat] mean and std.dev: (144.49, 48.62)
[M::mem_pestat] low and high boundaries for proper pairs: (1, 374)
[M::mem_pestat] skip orientation RF as there are not enough pairs
[M::mem_pestat] skip orientation RR as there are not enough pairs
[M::mem_process_seqs] Processed 203262 reads in 5.874 CPU sec, 3.028 real sec
[M::process] read 203394 sequences (20000152 bp)...
[M::mem_pestat] # candidate unique pairs for (FF, FR, RF, RR): (1, 98633, 2, 3)
[M::mem_pestat] skip orientation FF as there are not enough pairs
[M::mem_pestat] analyzing insert size distribution for orientation FR...
[M::mem_pestat] (25, 50, 75) percentile: (110, 135, 176)
[M::mem_pestat] low and high boundaries for computing mean and std.dev: (1, 308)
[M::mem_pestat] mean and std.dev: (144.66, 48.52)
[M::mem_pestat] low and high boundaries for proper pairs: (1, 374)
[M::mem_pestat] skip orientation RF as there are not enough pairs
[M::mem_pestat] skip orientation RR as there are not enough pairs
[M::mem_process_seqs] Processed 203282 reads in 5.834 CPU sec, 3.009 real sec
[M::process] read 203372 sequences (20000024 bp)...
[M::mem_pestat] # candidate unique pairs for (FF, FR, RF, RR): (3, 98693, 4, 1)
[M::mem_pestat] skip orientation FF as there are not enough pairs
[M::mem_pestat] analyzing insert size distribution for orientation FR...
[M::mem_pestat] (25, 50, 75) percentile: (110, 134, 175)
[M::mem_pestat] low and high boundaries for computing mean and std.dev: (1, 305)
[M::mem_pestat] mean and std.dev: (144.04, 47.94)
[M::mem_pestat] low and high boundaries for proper pairs: (1, 370)
[M::mem_pestat] skip orientation RF as there are not enough pairs
[M::mem_pestat] skip orientation RR as there are not enough pairs
[M::mem_process_seqs] Processed 203394 reads in 5.831 CPU sec, 3.009 real sec
[M::process] read 203564 sequences (20000073 bp)...
[M::mem_pestat] # candidate unique pairs for (FF, FR, RF, RR): (2, 98732, 4, 1)
[M::mem_pestat] skip orientation FF as there are not enough pairs
[M::mem_pestat] analyzing insert size distribution for orientation FR...
[M::mem_pestat] (25, 50, 75) percentile: (110, 134, 176)
[M::mem_pestat] low and high boundaries for computing mean and std.dev: (1, 308)
[M::mem_pestat] mean and std.dev: (144.44, 48.56)
[M::mem_pestat] low and high boundaries for proper pairs: (1, 374)
[M::mem_pestat] skip orientation RF as there are not enough pairs
[M::mem_pestat] skip orientation RR as there are not enough pairs
[M::mem_process_seqs] Processed 203372 reads in 5.834 CPU sec, 3.023 real sec
[M::process] read 203576 sequences (20000175 bp)...
[M::mem_pestat] # candidate unique pairs for (FF, FR, RF, RR): (1, 98777, 5, 2)
[M::mem_pestat] skip orientation FF as there are not enough pairs
[M::mem_pestat] analyzing insert size distribution for orientation FR...
[M::mem_pestat] (25, 50, 75) percentile: (109, 134, 175)
[M::mem_pestat] low and high boundaries for computing mean and std.dev: (1, 307)
[M::mem_pestat] mean and std.dev: (144.10, 48.39)
[M::mem_pestat] low and high boundaries for proper pairs: (1, 373)
[M::mem_pestat] skip orientation RF as there are not enough pairs
[M::mem_pestat] skip orientation RR as there are not enough pairs
[M::mem_process_seqs] Processed 203564 reads in 5.898 CPU sec, 3.043 real sec
[M::process] read 203682 sequences (20000106 bp)...
[M::mem_pestat] # candidate unique pairs for (FF, FR, RF, RR): (0, 98849, 7, 0)
[M::mem_pestat] skip orientation FF as there are not enough pairs
[M::mem_pestat] analyzing insert size distribution for orientation FR...
[M::mem_pestat] (25, 50, 75) percentile: (110, 134, 175)
[M::mem_pestat] low and high boundaries for computing mean and std.dev: (1, 305)
[M::mem_pestat] mean and std.dev: (143.81, 47.83)
[M::mem_pestat] low and high boundaries for proper pairs: (1, 370)
[M::mem_pestat] skip orientation RF as there are not enough pairs
[M::mem_pestat] skip orientation RR as there are not enough pairs
[M::mem_process_seqs] Processed 203576 reads in 5.852 CPU sec, 3.023 real sec
[M::process] read 203764 sequences (20000026 bp)...
[M::mem_pestat] # candidate unique pairs for (FF, FR, RF, RR): (3, 98876, 6, 1)
[M::mem_pestat] skip orientation FF as there are not enough pairs
[M::mem_pestat] analyzing insert size distribution for orientation FR...
[M::mem_pestat] (25, 50, 75) percentile: (109, 134, 175)
[M::mem_pestat] low and high boundaries for computing mean and std.dev: (1, 307)
[M::mem_pestat] mean and std.dev: (143.83, 48.26)
[M::mem_pestat] low and high boundaries for proper pairs: (1, 373)
[M::mem_pestat] skip orientation RF as there are not enough pairs
[M::mem_pestat] skip orientation RR as there are not enough pairs
[M::mem_process_seqs] Processed 203682 reads in 5.873 CPU sec, 3.027 real sec
[M::process] read 203666 sequences (20000187 bp)...
[M::mem_pestat] # candidate unique pairs for (FF, FR, RF, RR): (4, 98862, 3, 1)
[M::mem_pestat] skip orientation FF as there are not enough pairs
[M::mem_pestat] analyzing insert size distribution for orientation FR...
[M::mem_pestat] (25, 50, 75) percentile: (110, 134, 175)
[M::mem_pestat] low and high boundaries for computing mean and std.dev: (1, 305)
[M::mem_pestat] mean and std.dev: (143.86, 47.90)
[M::mem_pestat] low and high boundaries for proper pairs: (1, 370)
[M::mem_pestat] skip orientation RF as there are not enough pairs
[M::mem_pestat] skip orientation RR as there are not enough pairs
[M::mem_process_seqs] Processed 203764 reads in 5.862 CPU sec, 3.025 real sec
[M::process] read 204062 sequences (20000164 bp)...
[M::mem_pestat] # candidate unique pairs for (FF, FR, RF, RR): (5, 98828, 6, 1)
[M::mem_pestat] skip orientation FF as there are not enough pairs
[M::mem_pestat] analyzing insert size distribution for orientation FR...
[M::mem_pestat] (25, 50, 75) percentile: (110, 134, 175)
[M::mem_pestat] low and high boundaries for computing mean and std.dev: (1, 305)
[M::mem_pestat] mean and std.dev: (143.87, 47.82)
[M::mem_pestat] low and high boundaries for proper pairs: (1, 370)
[M::mem_pestat] skip orientation RF as there are not enough pairs
[M::mem_pestat] skip orientation RR as there are not enough pairs
[M::mem_process_seqs] Processed 203666 reads in 5.887 CPU sec, 3.037 real sec
[M::process] read 203858 sequences (20000048 bp)...
[M::mem_pestat] # candidate unique pairs for (FF, FR, RF, RR): (2, 98942, 6, 1)
[M::mem_pestat] skip orientation FF as there are not enough pairs
[M::mem_pestat] analyzing insert size distribution for orientation FR...
[M::mem_pestat] (25, 50, 75) percentile: (109, 134, 175)
[M::mem_pestat] low and high boundaries for computing mean and std.dev: (1, 307)
[M::mem_pestat] mean and std.dev: (144.04, 48.34)
[M::mem_pestat] low and high boundaries for proper pairs: (1, 373)
[M::mem_pestat] skip orientation RF as there are not enough pairs
[M::mem_pestat] skip orientation RR as there are not enough pairs
[M::mem_process_seqs] Processed 204062 reads in 6.023 CPU sec, 3.126 real sec
[M::process] read 204384 sequences (20000138 bp)...
[M::mem_pestat] # candidate unique pairs for (FF, FR, RF, RR): (1, 98779, 4, 2)
[M::mem_pestat] skip orientation FF as there are not enough pairs
[M::mem_pestat] analyzing insert size distribution for orientation FR...
[M::mem_pestat] (25, 50, 75) percentile: (109, 134, 174)
[M::mem_pestat] low and high boundaries for computing mean and std.dev: (1, 304)
[M::mem_pestat] mean and std.dev: (143.46, 47.68)
[M::mem_pestat] low and high boundaries for proper pairs: (1, 369)
[M::mem_pestat] skip orientation RF as there are not enough pairs
[M::mem_pestat] skip orientation RR as there are not enough pairs
[M::mem_process_seqs] Processed 203858 reads in 5.857 CPU sec, 3.017 real sec
[M::process] read 206052 sequences (20000050 bp)...
[M::mem_pestat] # candidate unique pairs for (FF, FR, RF, RR): (2, 98999, 4, 3)
[M::mem_pestat] skip orientation FF as there are not enough pairs
[M::mem_pestat] analyzing insert size distribution for orientation FR...
[M::mem_pestat] (25, 50, 75) percentile: (109, 134, 174)
[M::mem_pestat] low and high boundaries for computing mean and std.dev: (1, 304)
[M::mem_pestat] mean and std.dev: (143.45, 47.78)
[M::mem_pestat] low and high boundaries for proper pairs: (1, 369)
[M::mem_pestat] skip orientation RF as there are not enough pairs
[M::mem_pestat] skip orientation RR as there are not enough pairs
[M::mem_process_seqs] Processed 204384 reads in 5.887 CPU sec, 3.048 real sec
[M::process] read 204064 sequences (20000178 bp)...
[M::mem_pestat] # candidate unique pairs for (FF, FR, RF, RR): (3, 99824, 0, 1)
[M::mem_pestat] skip orientation FF as there are not enough pairs
[M::mem_pestat] analyzing insert size distribution for orientation FR...
[M::mem_pestat] (25, 50, 75) percentile: (109, 134, 174)
[M::mem_pestat] low and high boundaries for computing mean and std.dev: (1, 304)
[M::mem_pestat] mean and std.dev: (143.71, 47.88)
[M::mem_pestat] low and high boundaries for proper pairs: (1, 369)
[M::mem_pestat] skip orientation RF as there are not enough pairs
[M::mem_pestat] skip orientation RR as there are not enough pairs
[M::mem_process_seqs] Processed 206052 reads in 5.935 CPU sec, 3.081 real sec
[M::process] read 204820 sequences (20000082 bp)...
[M::mem_pestat] # candidate unique pairs for (FF, FR, RF, RR): (6, 98942, 1, 2)
[M::mem_pestat] skip orientation FF as there are not enough pairs
[M::mem_pestat] analyzing insert size distribution for orientation FR...
[M::mem_pestat] (25, 50, 75) percentile: (109, 134, 174)
[M::mem_pestat] low and high boundaries for computing mean and std.dev: (1, 304)
[M::mem_pestat] mean and std.dev: (143.50, 47.75)
[M::mem_pestat] low and high boundaries for proper pairs: (1, 369)
[M::mem_pestat] skip orientation RF as there are not enough pairs
[M::mem_pestat] skip orientation RR as there are not enough pairs
[M::mem_process_seqs] Processed 204064 reads in 5.885 CPU sec, 3.067 real sec
[M::process] read 204568 sequences (20000153 bp)...
[M::mem_pestat] # candidate unique pairs for (FF, FR, RF, RR): (1, 99297, 8, 4)
[M::mem_pestat] skip orientation FF as there are not enough pairs
[M::mem_pestat] analyzing insert size distribution for orientation FR...
[M::mem_pestat] (25, 50, 75) percentile: (109, 134, 173)
[M::mem_pestat] low and high boundaries for computing mean and std.dev: (1, 301)
[M::mem_pestat] mean and std.dev: (142.97, 47.22)
[M::mem_pestat] low and high boundaries for proper pairs: (1, 365)
[M::mem_pestat] skip orientation RF as there are not enough pairs
[M::mem_pestat] skip orientation RR as there are not enough pairs
[M::mem_process_seqs] Processed 204820 reads in 5.920 CPU sec, 3.077 real sec
[M::process] read 29210 sequences (2855945 bp)...
[M::mem_pestat] # candidate unique pairs for (FF, FR, RF, RR): (2, 99106, 4, 2)
[M::mem_pestat] skip orientation FF as there are not enough pairs
[M::mem_pestat] analyzing insert size distribution for orientation FR...
[M::mem_pestat] (25, 50, 75) percentile: (109, 134, 174)
[M::mem_pestat] low and high boundaries for computing mean and std.dev: (1, 304)
[M::mem_pestat] mean and std.dev: (143.15, 47.63)
[M::mem_pestat] low and high boundaries for proper pairs: (1, 369)
[M::mem_pestat] skip orientation RF as there are not enough pairs
[M::mem_pestat] skip orientation RR as there are not enough pairs
[M::mem_process_seqs] Processed 204568 reads in 5.649 CPU sec, 2.922 real sec
[M::mem_pestat] # candidate unique pairs for (FF, FR, RF, RR): (0, 14201, 0, 0)
[M::mem_pestat] skip orientation FF as there are not enough pairs
[M::mem_pestat] analyzing insert size distribution for orientation FR...
[M::mem_pestat] (25, 50, 75) percentile: (109, 134, 172)
[M::mem_pestat] low and high boundaries for computing mean and std.dev: (1, 298)
[M::mem_pestat] mean and std.dev: (142.24, 46.28)
[M::mem_pestat] low and high boundaries for proper pairs: (1, 361)
[M::mem_pestat] skip orientation RF as there are not enough pairs
[M::mem_pestat] skip orientation RR as there are not enough pairs
[M::mem_process_seqs] Processed 29210 reads in 0.906 CPU sec, 0.548 real sec
[main] Version: 0.7.19-r1273
[main] CMD: bwa mem -t 2 /proj/uppmax2026-1-61/nobackup/work/dich3309/canu_pacbio_pilon_r2/efaecium_e745_canu_pacbio_pilon_r2.fasta /home/dich3309/rnaseq-tnseq-enterococcus-analysis/data/trimmed_data/rna_bhi_rep2_R1_paired.fastq.gz /home/dich3309/rnaseq-tnseq-enterococcus-analysis/data/trimmed_data/rna_bhi_rep2_R2_paired.fastq.gz
[main] Real time: 432.177 sec; CPU: 801.534 sec
[bam_sort_core] merging from 4 files and 2 in-memory blocks...
27541575 + 0 in total (QC-passed reads + QC-failed reads)
27518558 + 0 primary
0 + 0 secondary
23017 + 0 supplementary
0 + 0 duplicates
0 + 0 primary duplicates
27207404 + 0 mapped (98.79% : N/A)
27184387 + 0 primary mapped (98.79% : N/A)
27518558 + 0 paired in sequencing
13759279 + 0 read1
13759279 + 0 read2
26679390 + 0 properly paired (96.95% : N/A)
27182546 + 0 with itself and mate mapped
1841 + 0 singletons (0.01% : N/A)
2630 + 0 with mate mapped to a different chr
1361 + 0 with mate mapped to a different chr (mapQ>=5)
[2026-05-11 13:51:34] [sample 2 of 6] rna_bhi_rep2 done (0h 8m 35s)
[2026-05-11 13:51:34] [sample 3 of 6] mapping rna_bhi_rep3
[M::bwa_idx_load_from_disk] read 0 ALT contigs
[M::process] read 203294 sequences (20000039 bp)...
[M::process] read 203214 sequences (20000009 bp)...
[M::mem_pestat] # candidate unique pairs for (FF, FR, RF, RR): (1, 98788, 3, 2)
[M::mem_pestat] skip orientation FF as there are not enough pairs
[M::mem_pestat] analyzing insert size distribution for orientation FR...
[M::mem_pestat] (25, 50, 75) percentile: (108, 132, 173)
[M::mem_pestat] low and high boundaries for computing mean and std.dev: (1, 303)
[M::mem_pestat] mean and std.dev: (142.14, 47.97)
[M::mem_pestat] low and high boundaries for proper pairs: (1, 368)
[M::mem_pestat] skip orientation RF as there are not enough pairs
[M::mem_pestat] skip orientation RR as there are not enough pairs
[M::mem_process_seqs] Processed 203294 reads in 6.701 CPU sec, 3.434 real sec
[M::process] read 203480 sequences (20000131 bp)...
[M::mem_pestat] # candidate unique pairs for (FF, FR, RF, RR): (2, 98875, 3, 1)
[M::mem_pestat] skip orientation FF as there are not enough pairs
[M::mem_pestat] analyzing insert size distribution for orientation FR...
[M::mem_pestat] (25, 50, 75) percentile: (108, 132, 172)
[M::mem_pestat] low and high boundaries for computing mean and std.dev: (1, 300)
[M::mem_pestat] mean and std.dev: (141.71, 47.35)
[M::mem_pestat] low and high boundaries for proper pairs: (1, 364)
[M::mem_pestat] skip orientation RF as there are not enough pairs
[M::mem_pestat] skip orientation RR as there are not enough pairs
[M::mem_process_seqs] Processed 203214 reads in 6.657 CPU sec, 3.431 real sec
[M::process] read 203320 sequences (20000138 bp)...
[M::mem_pestat] # candidate unique pairs for (FF, FR, RF, RR): (2, 98935, 6, 1)
[M::mem_pestat] skip orientation FF as there are not enough pairs
[M::mem_pestat] analyzing insert size distribution for orientation FR...
[M::mem_pestat] (25, 50, 75) percentile: (108, 132, 173)
[M::mem_pestat] low and high boundaries for computing mean and std.dev: (1, 303)
[M::mem_pestat] mean and std.dev: (142.25, 47.89)
[M::mem_pestat] low and high boundaries for proper pairs: (1, 368)
[M::mem_pestat] skip orientation RF as there are not enough pairs
[M::mem_pestat] skip orientation RR as there are not enough pairs
[M::mem_process_seqs] Processed 203480 reads in 6.767 CPU sec, 3.495 real sec
[M::process] read 203444 sequences (20000104 bp)...
[M::mem_pestat] # candidate unique pairs for (FF, FR, RF, RR): (1, 98807, 3, 1)
[M::mem_pestat] skip orientation FF as there are not enough pairs
[M::mem_pestat] analyzing insert size distribution for orientation FR...
[M::mem_pestat] (25, 50, 75) percentile: (108, 132, 172)
[M::mem_pestat] low and high boundaries for computing mean and std.dev: (1, 300)
[M::mem_pestat] mean and std.dev: (141.56, 47.37)
[M::mem_pestat] low and high boundaries for proper pairs: (1, 364)
[M::mem_pestat] skip orientation RF as there are not enough pairs
[M::mem_pestat] skip orientation RR as there are not enough pairs
[M::mem_process_seqs] Processed 203320 reads in 6.663 CPU sec, 3.432 real sec
[M::process] read 203416 sequences (20000048 bp)...
[M::mem_pestat] # candidate unique pairs for (FF, FR, RF, RR): (2, 98747, 8, 1)
[M::mem_pestat] skip orientation FF as there are not enough pairs
[M::mem_pestat] analyzing insert size distribution for orientation FR...
[M::mem_pestat] (25, 50, 75) percentile: (108, 132, 172)
[M::mem_pestat] low and high boundaries for computing mean and std.dev: (1, 300)
[M::mem_pestat] mean and std.dev: (141.79, 47.22)
[M::mem_pestat] low and high boundaries for proper pairs: (1, 364)
[M::mem_pestat] skip orientation RF as there are not enough pairs
[M::mem_pestat] skip orientation RR as there are not enough pairs
[M::mem_process_seqs] Processed 203444 reads in 6.730 CPU sec, 3.467 real sec
[M::process] read 203352 sequences (20000147 bp)...
[M::mem_pestat] # candidate unique pairs for (FF, FR, RF, RR): (3, 98827, 6, 0)
[M::mem_pestat] skip orientation FF as there are not enough pairs
[M::mem_pestat] analyzing insert size distribution for orientation FR...
[M::mem_pestat] (25, 50, 75) percentile: (108, 132, 173)
[M::mem_pestat] low and high boundaries for computing mean and std.dev: (1, 303)
[M::mem_pestat] mean and std.dev: (142.04, 47.88)
[M::mem_pestat] low and high boundaries for proper pairs: (1, 368)
[M::mem_pestat] skip orientation RF as there are not enough pairs
[M::mem_pestat] skip orientation RR as there are not enough pairs
[M::mem_process_seqs] Processed 203416 reads in 6.650 CPU sec, 3.453 real sec
[M::process] read 203518 sequences (20000024 bp)...
[M::mem_pestat] # candidate unique pairs for (FF, FR, RF, RR): (1, 98762, 7, 1)
[M::mem_pestat] skip orientation FF as there are not enough pairs
[M::mem_pestat] analyzing insert size distribution for orientation FR...
[M::mem_pestat] (25, 50, 75) percentile: (108, 132, 173)
[M::mem_pestat] low and high boundaries for computing mean and std.dev: (1, 303)
[M::mem_pestat] mean and std.dev: (142.08, 47.91)
[M::mem_pestat] low and high boundaries for proper pairs: (1, 368)
[M::mem_pestat] skip orientation RF as there are not enough pairs
[M::mem_pestat] skip orientation RR as there are not enough pairs
[M::mem_process_seqs] Processed 203352 reads in 6.669 CPU sec, 3.438 real sec
[M::process] read 203664 sequences (20000138 bp)...
[M::mem_pestat] # candidate unique pairs for (FF, FR, RF, RR): (1, 98886, 6, 1)
[M::mem_pestat] skip orientation FF as there are not enough pairs
[M::mem_pestat] analyzing insert size distribution for orientation FR...
[M::mem_pestat] (25, 50, 75) percentile: (107, 132, 172)
[M::mem_pestat] low and high boundaries for computing mean and std.dev: (1, 302)
[M::mem_pestat] mean and std.dev: (141.49, 47.63)
[M::mem_pestat] low and high boundaries for proper pairs: (1, 367)
[M::mem_pestat] skip orientation RF as there are not enough pairs
[M::mem_pestat] skip orientation RR as there are not enough pairs
[M::mem_process_seqs] Processed 203518 reads in 6.637 CPU sec, 3.421 real sec
[M::process] read 203700 sequences (20000167 bp)...
[M::mem_pestat] # candidate unique pairs for (FF, FR, RF, RR): (2, 98883, 4, 1)
[M::mem_pestat] skip orientation FF as there are not enough pairs
[M::mem_pestat] analyzing insert size distribution for orientation FR...
[M::mem_pestat] (25, 50, 75) percentile: (108, 132, 171)
[M::mem_pestat] low and high boundaries for computing mean and std.dev: (1, 297)
[M::mem_pestat] mean and std.dev: (141.14, 46.83)
[M::mem_pestat] low and high boundaries for proper pairs: (1, 360)
[M::mem_pestat] skip orientation RF as there are not enough pairs
[M::mem_pestat] skip orientation RR as there are not enough pairs
[M::mem_process_seqs] Processed 203664 reads in 6.651 CPU sec, 3.427 real sec
[M::process] read 203650 sequences (20000183 bp)...
[M::mem_pestat] # candidate unique pairs for (FF, FR, RF, RR): (0, 98968, 5, 3)
[M::mem_pestat] skip orientation FF as there are not enough pairs
[M::mem_pestat] analyzing insert size distribution for orientation FR...
[M::mem_pestat] (25, 50, 75) percentile: (108, 132, 172)
[M::mem_pestat] low and high boundaries for computing mean and std.dev: (1, 300)
[M::mem_pestat] mean and std.dev: (141.48, 47.45)
[M::mem_pestat] low and high boundaries for proper pairs: (1, 364)
[M::mem_pestat] skip orientation RF as there are not enough pairs
[M::mem_pestat] skip orientation RR as there are not enough pairs
[M::mem_process_seqs] Processed 203700 reads in 6.697 CPU sec, 3.453 real sec
[M::process] read 203610 sequences (20000154 bp)...
[M::mem_pestat] # candidate unique pairs for (FF, FR, RF, RR): (2, 98853, 8, 0)
[M::mem_pestat] skip orientation FF as there are not enough pairs
[M::mem_pestat] analyzing insert size distribution for orientation FR...
[M::mem_pestat] (25, 50, 75) percentile: (108, 132, 171)
[M::mem_pestat] low and high boundaries for computing mean and std.dev: (1, 297)
[M::mem_pestat] mean and std.dev: (141.02, 46.82)
[M::mem_pestat] low and high boundaries for proper pairs: (1, 360)
[M::mem_pestat] skip orientation RF as there are not enough pairs
[M::mem_pestat] skip orientation RR as there are not enough pairs
[M::mem_process_seqs] Processed 203650 reads in 6.653 CPU sec, 3.427 real sec
[M::process] read 203828 sequences (20000081 bp)...
[M::mem_pestat] # candidate unique pairs for (FF, FR, RF, RR): (1, 98924, 1, 1)
[M::mem_pestat] skip orientation FF as there are not enough pairs
[M::mem_pestat] analyzing insert size distribution for orientation FR...
[M::mem_pestat] (25, 50, 75) percentile: (108, 132, 172)
[M::mem_pestat] low and high boundaries for computing mean and std.dev: (1, 300)
[M::mem_pestat] mean and std.dev: (141.53, 47.25)
[M::mem_pestat] low and high boundaries for proper pairs: (1, 364)
[M::mem_pestat] skip orientation RF as there are not enough pairs
[M::mem_pestat] skip orientation RR as there are not enough pairs
[M::mem_process_seqs] Processed 203610 reads in 6.641 CPU sec, 3.440 real sec
[M::process] read 203848 sequences (20000140 bp)...
[M::mem_pestat] # candidate unique pairs for (FF, FR, RF, RR): (3, 98956, 5, 2)
[M::mem_pestat] skip orientation FF as there are not enough pairs
[M::mem_pestat] analyzing insert size distribution for orientation FR...
[M::mem_pestat] (25, 50, 75) percentile: (108, 131, 171)
[M::mem_pestat] low and high boundaries for computing mean and std.dev: (1, 297)
[M::mem_pestat] mean and std.dev: (140.92, 46.68)
[M::mem_pestat] low and high boundaries for proper pairs: (1, 360)
[M::mem_pestat] skip orientation RF as there are not enough pairs
[M::mem_pestat] skip orientation RR as there are not enough pairs
[M::mem_process_seqs] Processed 203828 reads in 6.666 CPU sec, 3.454 real sec
[M::process] read 203798 sequences (20000026 bp)...
[M::mem_pestat] # candidate unique pairs for (FF, FR, RF, RR): (2, 99027, 2, 1)
[M::mem_pestat] skip orientation FF as there are not enough pairs
[M::mem_pestat] analyzing insert size distribution for orientation FR...
[M::mem_pestat] (25, 50, 75) percentile: (108, 132, 171)
[M::mem_pestat] low and high boundaries for computing mean and std.dev: (1, 297)
[M::mem_pestat] mean and std.dev: (140.94, 46.79)
[M::mem_pestat] low and high boundaries for proper pairs: (1, 360)
[M::mem_pestat] skip orientation RF as there are not enough pairs
[M::mem_pestat] skip orientation RR as there are not enough pairs
[M::mem_process_seqs] Processed 203848 reads in 6.703 CPU sec, 3.455 real sec
[M::process] read 203766 sequences (20000151 bp)...
[M::mem_pestat] # candidate unique pairs for (FF, FR, RF, RR): (3, 98963, 1, 3)
[M::mem_pestat] skip orientation FF as there are not enough pairs
[M::mem_pestat] analyzing insert size distribution for orientation FR...
[M::mem_pestat] (25, 50, 75) percentile: (108, 132, 171)
[M::mem_pestat] low and high boundaries for computing mean and std.dev: (1, 297)
[M::mem_pestat] mean and std.dev: (141.06, 47.05)
[M::mem_pestat] low and high boundaries for proper pairs: (1, 360)
[M::mem_pestat] skip orientation RF as there are not enough pairs
[M::mem_pestat] skip orientation RR as there are not enough pairs
[M::mem_process_seqs] Processed 203798 reads in 6.645 CPU sec, 3.446 real sec
[M::process] read 203990 sequences (20000004 bp)...
[M::mem_pestat] # candidate unique pairs for (FF, FR, RF, RR): (3, 98908, 3, 2)
[M::mem_pestat] skip orientation FF as there are not enough pairs
[M::mem_pestat] analyzing insert size distribution for orientation FR...
[M::mem_pestat] (25, 50, 75) percentile: (107, 131, 170)
[M::mem_pestat] low and high boundaries for computing mean and std.dev: (1, 296)
[M::mem_pestat] mean and std.dev: (140.52, 46.55)
[M::mem_pestat] low and high boundaries for proper pairs: (1, 359)
[M::mem_pestat] skip orientation RF as there are not enough pairs
[M::mem_pestat] skip orientation RR as there are not enough pairs
[M::mem_process_seqs] Processed 203766 reads in 6.638 CPU sec, 3.439 real sec
[M::process] read 203994 sequences (20000169 bp)...
[M::mem_pestat] # candidate unique pairs for (FF, FR, RF, RR): (2, 99080, 9, 1)
[M::mem_pestat] skip orientation FF as there are not enough pairs
[M::mem_pestat] analyzing insert size distribution for orientation FR...
[M::mem_pestat] (25, 50, 75) percentile: (107, 131, 171)
[M::mem_pestat] low and high boundaries for computing mean and std.dev: (1, 299)
[M::mem_pestat] mean and std.dev: (140.97, 47.12)
[M::mem_pestat] low and high boundaries for proper pairs: (1, 363)
[M::mem_pestat] skip orientation RF as there are not enough pairs
[M::mem_pestat] skip orientation RR as there are not enough pairs
[M::mem_process_seqs] Processed 203990 reads in 6.740 CPU sec, 3.471 real sec
[M::process] read 203756 sequences (20000126 bp)...
[M::mem_pestat] # candidate unique pairs for (FF, FR, RF, RR): (1, 98997, 7, 1)
[M::mem_pestat] skip orientation FF as there are not enough pairs
[M::mem_pestat] analyzing insert size distribution for orientation FR...
[M::mem_pestat] (25, 50, 75) percentile: (108, 131, 170)
[M::mem_pestat] low and high boundaries for computing mean and std.dev: (1, 294)
[M::mem_pestat] mean and std.dev: (140.45, 46.18)
[M::mem_pestat] low and high boundaries for proper pairs: (1, 356)
[M::mem_pestat] skip orientation RF as there are not enough pairs
[M::mem_pestat] skip orientation RR as there are not enough pairs
[M::mem_process_seqs] Processed 203994 reads in 6.710 CPU sec, 3.453 real sec
[M::process] read 204066 sequences (20000141 bp)...
[M::mem_pestat] # candidate unique pairs for (FF, FR, RF, RR): (3, 98904, 7, 1)
[M::mem_pestat] skip orientation FF as there are not enough pairs
[M::mem_pestat] analyzing insert size distribution for orientation FR...
[M::mem_pestat] (25, 50, 75) percentile: (108, 131, 171)
[M::mem_pestat] low and high boundaries for computing mean and std.dev: (1, 297)
[M::mem_pestat] mean and std.dev: (140.98, 46.73)
[M::mem_pestat] low and high boundaries for proper pairs: (1, 360)
[M::mem_pestat] skip orientation RF as there are not enough pairs
[M::mem_pestat] skip orientation RR as there are not enough pairs
[M::mem_process_seqs] Processed 203756 reads in 6.733 CPU sec, 3.470 real sec
[M::process] read 204018 sequences (20000025 bp)...
[M::mem_pestat] # candidate unique pairs for (FF, FR, RF, RR): (1, 99157, 6, 0)
[M::mem_pestat] skip orientation FF as there are not enough pairs
[M::mem_pestat] analyzing insert size distribution for orientation FR...
[M::mem_pestat] (25, 50, 75) percentile: (108, 131, 171)
[M::mem_pestat] low and high boundaries for computing mean and std.dev: (1, 297)
[M::mem_pestat] mean and std.dev: (140.81, 46.71)
[M::mem_pestat] low and high boundaries for proper pairs: (1, 360)
[M::mem_pestat] skip orientation RF as there are not enough pairs
[M::mem_pestat] skip orientation RR as there are not enough pairs
[M::mem_process_seqs] Processed 204066 reads in 6.701 CPU sec, 3.472 real sec
[M::process] read 203930 sequences (20000125 bp)...
[M::mem_pestat] # candidate unique pairs for (FF, FR, RF, RR): (1, 99007, 3, 2)
[M::mem_pestat] skip orientation FF as there are not enough pairs
[M::mem_pestat] analyzing insert size distribution for orientation FR...
[M::mem_pestat] (25, 50, 75) percentile: (107, 131, 170)
[M::mem_pestat] low and high boundaries for computing mean and std.dev: (1, 296)
[M::mem_pestat] mean and std.dev: (140.59, 46.50)
[M::mem_pestat] low and high boundaries for proper pairs: (1, 359)
[M::mem_pestat] skip orientation RF as there are not enough pairs
[M::mem_pestat] skip orientation RR as there are not enough pairs
[M::mem_process_seqs] Processed 204018 reads in 6.664 CPU sec, 3.453 real sec
[M::process] read 204212 sequences (20000064 bp)...
[M::mem_pestat] # candidate unique pairs for (FF, FR, RF, RR): (1, 98998, 5, 1)
[M::mem_pestat] skip orientation FF as there are not enough pairs
[M::mem_pestat] analyzing insert size distribution for orientation FR...
[M::mem_pestat] (25, 50, 75) percentile: (107, 131, 170)
[M::mem_pestat] low and high boundaries for computing mean and std.dev: (1, 296)
[M::mem_pestat] mean and std.dev: (140.43, 46.29)
[M::mem_pestat] low and high boundaries for proper pairs: (1, 359)
[M::mem_pestat] skip orientation RF as there are not enough pairs
[M::mem_pestat] skip orientation RR as there are not enough pairs
[M::mem_process_seqs] Processed 203930 reads in 6.682 CPU sec, 3.450 real sec
[M::process] read 204328 sequences (20000176 bp)...
[M::mem_pestat] # candidate unique pairs for (FF, FR, RF, RR): (4, 99193, 9, 0)
[M::mem_pestat] skip orientation FF as there are not enough pairs
[M::mem_pestat] analyzing insert size distribution for orientation FR...
[M::mem_pestat] (25, 50, 75) percentile: (107, 131, 170)
[M::mem_pestat] low and high boundaries for computing mean and std.dev: (1, 296)
[M::mem_pestat] mean and std.dev: (140.56, 46.51)
[M::mem_pestat] low and high boundaries for proper pairs: (1, 359)
[M::mem_pestat] skip orientation RF as there are not enough pairs
[M::mem_pestat] skip orientation RR as there are not enough pairs
[M::mem_process_seqs] Processed 204212 reads in 6.663 CPU sec, 3.449 real sec
[M::process] read 204498 sequences (20000018 bp)...
[M::mem_pestat] # candidate unique pairs for (FF, FR, RF, RR): (3, 99281, 2, 1)
[M::mem_pestat] skip orientation FF as there are not enough pairs
[M::mem_pestat] analyzing insert size distribution for orientation FR...
[M::mem_pestat] (25, 50, 75) percentile: (107, 131, 170)
[M::mem_pestat] low and high boundaries for computing mean and std.dev: (1, 296)
[M::mem_pestat] mean and std.dev: (140.44, 46.46)
[M::mem_pestat] low and high boundaries for proper pairs: (1, 359)
[M::mem_pestat] skip orientation RF as there are not enough pairs
[M::mem_pestat] skip orientation RR as there are not enough pairs
[M::mem_process_seqs] Processed 204328 reads in 6.680 CPU sec, 3.456 real sec
[M::process] read 204540 sequences (20000148 bp)...
[M::mem_pestat] # candidate unique pairs for (FF, FR, RF, RR): (1, 99265, 4, 2)
[M::mem_pestat] skip orientation FF as there are not enough pairs
[M::mem_pestat] analyzing insert size distribution for orientation FR...
[M::mem_pestat] (25, 50, 75) percentile: (107, 131, 169)
[M::mem_pestat] low and high boundaries for computing mean and std.dev: (1, 293)
[M::mem_pestat] mean and std.dev: (140.10, 45.94)
[M::mem_pestat] low and high boundaries for proper pairs: (1, 355)
[M::mem_pestat] skip orientation RF as there are not enough pairs
[M::mem_pestat] skip orientation RR as there are not enough pairs
[M::mem_process_seqs] Processed 204498 reads in 6.728 CPU sec, 3.484 real sec
[M::process] read 205452 sequences (20000165 bp)...
[M::mem_pestat] # candidate unique pairs for (FF, FR, RF, RR): (1, 99352, 4, 1)
[M::mem_pestat] skip orientation FF as there are not enough pairs
[M::mem_pestat] analyzing insert size distribution for orientation FR...
[M::mem_pestat] (25, 50, 75) percentile: (108, 131, 170)
[M::mem_pestat] low and high boundaries for computing mean and std.dev: (1, 294)
[M::mem_pestat] mean and std.dev: (140.25, 45.93)
[M::mem_pestat] low and high boundaries for proper pairs: (1, 356)
[M::mem_pestat] skip orientation RF as there are not enough pairs
[M::mem_pestat] skip orientation RR as there are not enough pairs
[M::mem_process_seqs] Processed 204540 reads in 6.672 CPU sec, 3.437 real sec
[M::process] read 205720 sequences (20000129 bp)...
[M::mem_pestat] # candidate unique pairs for (FF, FR, RF, RR): (1, 99666, 3, 0)
[M::mem_pestat] skip orientation FF as there are not enough pairs
[M::mem_pestat] analyzing insert size distribution for orientation FR...
[M::mem_pestat] (25, 50, 75) percentile: (107, 131, 169)
[M::mem_pestat] low and high boundaries for computing mean and std.dev: (1, 293)
[M::mem_pestat] mean and std.dev: (139.83, 45.88)
[M::mem_pestat] low and high boundaries for proper pairs: (1, 355)
[M::mem_pestat] skip orientation RF as there are not enough pairs
[M::mem_pestat] skip orientation RR as there are not enough pairs
[M::mem_process_seqs] Processed 205452 reads in 6.732 CPU sec, 3.466 real sec
[M::process] read 205086 sequences (20000137 bp)...
[M::mem_pestat] # candidate unique pairs for (FF, FR, RF, RR): (1, 99708, 6, 2)
[M::mem_pestat] skip orientation FF as there are not enough pairs
[M::mem_pestat] analyzing insert size distribution for orientation FR...
[M::mem_pestat] (25, 50, 75) percentile: (107, 131, 170)
[M::mem_pestat] low and high boundaries for computing mean and std.dev: (1, 296)
[M::mem_pestat] mean and std.dev: (140.34, 46.32)
[M::mem_pestat] low and high boundaries for proper pairs: (1, 359)
[M::mem_pestat] skip orientation RF as there are not enough pairs
[M::mem_pestat] skip orientation RR as there are not enough pairs
[M::mem_process_seqs] Processed 205720 reads in 6.699 CPU sec, 3.449 real sec
[M::mem_pestat] # candidate unique pairs for (FF, FR, RF, RR): (2, 99573, 4, 0)
[M::mem_pestat] skip orientation FF as there are not enough pairs
[M::mem_pestat] analyzing insert size distribution for orientation FR...
[M::mem_pestat] (25, 50, 75) percentile: (107, 131, 169)
[M::mem_pestat] low and high boundaries for computing mean and std.dev: (1, 293)
[M::mem_pestat] mean and std.dev: (139.90, 45.85)
[M::mem_pestat] low and high boundaries for proper pairs: (1, 355)
[M::mem_pestat] skip orientation RF as there are not enough pairs
[M::mem_pestat] skip orientation RR as there are not enough pairs
[M::mem_process_seqs] Processed 205086 reads in 6.476 CPU sec, 6.149 real sec
[M::process] read 205552 sequences (20000083 bp)...
[M::process] read 203980 sequences (20000138 bp)...
[M::mem_pestat] # candidate unique pairs for (FF, FR, RF, RR): (1, 99798, 5, 5)
[M::mem_pestat] skip orientation FF as there are not enough pairs
[M::mem_pestat] analyzing insert size distribution for orientation FR...
[M::mem_pestat] (25, 50, 75) percentile: (107, 131, 169)
[M::mem_pestat] low and high boundaries for computing mean and std.dev: (1, 293)
[M::mem_pestat] mean and std.dev: (140.02, 45.77)
[M::mem_pestat] low and high boundaries for proper pairs: (1, 355)
[M::mem_pestat] skip orientation RF as there are not enough pairs
[M::mem_pestat] skip orientation RR as there are not enough pairs
[M::mem_process_seqs] Processed 205552 reads in 6.627 CPU sec, 3.360 real sec
[M::process] read 203352 sequences (20000050 bp)...
[M::mem_pestat] # candidate unique pairs for (FF, FR, RF, RR): (2, 99150, 5, 1)
[M::mem_pestat] skip orientation FF as there are not enough pairs
[M::mem_pestat] analyzing insert size distribution for orientation FR...
[M::mem_pestat] (25, 50, 75) percentile: (108, 132, 171)
[M::mem_pestat] low and high boundaries for computing mean and std.dev: (1, 297)
[M::mem_pestat] mean and std.dev: (141.36, 46.83)
[M::mem_pestat] low and high boundaries for proper pairs: (1, 360)
[M::mem_pestat] skip orientation RF as there are not enough pairs
[M::mem_pestat] skip orientation RR as there are not enough pairs
[M::mem_process_seqs] Processed 203980 reads in 6.706 CPU sec, 3.456 real sec
[M::process] read 203232 sequences (20000017 bp)...
[M::mem_pestat] # candidate unique pairs for (FF, FR, RF, RR): (2, 98811, 7, 0)
[M::mem_pestat] skip orientation FF as there are not enough pairs
[M::mem_pestat] analyzing insert size distribution for orientation FR...
[M::mem_pestat] (25, 50, 75) percentile: (108, 132, 172)
[M::mem_pestat] low and high boundaries for computing mean and std.dev: (1, 300)
[M::mem_pestat] mean and std.dev: (141.91, 47.58)
[M::mem_pestat] low and high boundaries for proper pairs: (1, 364)
[M::mem_pestat] skip orientation RF as there are not enough pairs
[M::mem_pestat] skip orientation RR as there are not enough pairs
[M::mem_process_seqs] Processed 203352 reads in 6.694 CPU sec, 3.481 real sec
[M::process] read 203518 sequences (20000138 bp)...
[M::mem_pestat] # candidate unique pairs for (FF, FR, RF, RR): (1, 98807, 2, 2)
[M::mem_pestat] skip orientation FF as there are not enough pairs
[M::mem_pestat] analyzing insert size distribution for orientation FR...
[M::mem_pestat] (25, 50, 75) percentile: (108, 132, 173)
[M::mem_pestat] low and high boundaries for computing mean and std.dev: (1, 303)
[M::mem_pestat] mean and std.dev: (142.39, 48.03)
[M::mem_pestat] low and high boundaries for proper pairs: (1, 368)
[M::mem_pestat] skip orientation RF as there are not enough pairs
[M::mem_pestat] skip orientation RR as there are not enough pairs
[M::mem_process_seqs] Processed 203232 reads in 6.624 CPU sec, 3.413 real sec
[M::process] read 203334 sequences (20000052 bp)...
[M::mem_pestat] # candidate unique pairs for (FF, FR, RF, RR): (2, 98877, 4, 1)
[M::mem_pestat] skip orientation FF as there are not enough pairs
[M::mem_pestat] analyzing insert size distribution for orientation FR...
[M::mem_pestat] (25, 50, 75) percentile: (108, 132, 173)
[M::mem_pestat] low and high boundaries for computing mean and std.dev: (1, 303)
[M::mem_pestat] mean and std.dev: (142.35, 47.89)
[M::mem_pestat] low and high boundaries for proper pairs: (1, 368)
[M::mem_pestat] skip orientation RF as there are not enough pairs
[M::mem_pestat] skip orientation RR as there are not enough pairs
[M::mem_process_seqs] Processed 203518 reads in 6.673 CPU sec, 3.444 real sec
[M::process] read 203274 sequences (20000113 bp)...
[M::mem_pestat] # candidate unique pairs for (FF, FR, RF, RR): (0, 98795, 6, 0)
[M::mem_pestat] skip orientation FF as there are not enough pairs
[M::mem_pestat] analyzing insert size distribution for orientation FR...
[M::mem_pestat] (25, 50, 75) percentile: (108, 132, 172)
[M::mem_pestat] low and high boundaries for computing mean and std.dev: (1, 300)
[M::mem_pestat] mean and std.dev: (141.63, 47.21)
[M::mem_pestat] low and high boundaries for proper pairs: (1, 364)
[M::mem_pestat] skip orientation RF as there are not enough pairs
[M::mem_pestat] skip orientation RR as there are not enough pairs
[M::mem_process_seqs] Processed 203334 reads in 6.695 CPU sec, 3.440 real sec
[M::process] read 203310 sequences (20000080 bp)...
[M::mem_pestat] # candidate unique pairs for (FF, FR, RF, RR): (0, 98733, 3, 2)
[M::mem_pestat] skip orientation FF as there are not enough pairs
[M::mem_pestat] analyzing insert size distribution for orientation FR...
[M::mem_pestat] (25, 50, 75) percentile: (108, 132, 173)
[M::mem_pestat] low and high boundaries for computing mean and std.dev: (1, 303)
[M::mem_pestat] mean and std.dev: (142.48, 47.87)
[M::mem_pestat] low and high boundaries for proper pairs: (1, 368)
[M::mem_pestat] skip orientation RF as there are not enough pairs
[M::mem_pestat] skip orientation RR as there are not enough pairs
[M::mem_process_seqs] Processed 203274 reads in 6.701 CPU sec, 3.452 real sec
[M::process] read 203368 sequences (20000075 bp)...
[M::mem_pestat] # candidate unique pairs for (FF, FR, RF, RR): (1, 98777, 2, 3)
[M::mem_pestat] skip orientation FF as there are not enough pairs
[M::mem_pestat] analyzing insert size distribution for orientation FR...
[M::mem_pestat] (25, 50, 75) percentile: (108, 132, 172)
[M::mem_pestat] low and high boundaries for computing mean and std.dev: (1, 300)
[M::mem_pestat] mean and std.dev: (141.63, 47.26)
[M::mem_pestat] low and high boundaries for proper pairs: (1, 364)
[M::mem_pestat] skip orientation RF as there are not enough pairs
[M::mem_pestat] skip orientation RR as there are not enough pairs
[M::mem_process_seqs] Processed 203310 reads in 6.658 CPU sec, 3.427 real sec
[M::process] read 203618 sequences (20000034 bp)...
[M::mem_pestat] # candidate unique pairs for (FF, FR, RF, RR): (4, 98737, 4, 2)
[M::mem_pestat] skip orientation FF as there are not enough pairs
[M::mem_pestat] analyzing insert size distribution for orientation FR...
[M::mem_pestat] (25, 50, 75) percentile: (108, 132, 172)
[M::mem_pestat] low and high boundaries for computing mean and std.dev: (1, 300)
[M::mem_pestat] mean and std.dev: (141.60, 47.42)
[M::mem_pestat] low and high boundaries for proper pairs: (1, 364)
[M::mem_pestat] skip orientation RF as there are not enough pairs
[M::mem_pestat] skip orientation RR as there are not enough pairs
[M::mem_process_seqs] Processed 203368 reads in 6.633 CPU sec, 3.414 real sec
[M::process] read 203546 sequences (20000052 bp)...
[M::mem_pestat] # candidate unique pairs for (FF, FR, RF, RR): (4, 98920, 3, 3)
[M::mem_pestat] skip orientation FF as there are not enough pairs
[M::mem_pestat] analyzing insert size distribution for orientation FR...
[M::mem_pestat] (25, 50, 75) percentile: (108, 132, 172)
[M::mem_pestat] low and high boundaries for computing mean and std.dev: (1, 300)
[M::mem_pestat] mean and std.dev: (141.66, 47.45)
[M::mem_pestat] low and high boundaries for proper pairs: (1, 364)
[M::mem_pestat] skip orientation RF as there are not enough pairs
[M::mem_pestat] skip orientation RR as there are not enough pairs
[M::mem_process_seqs] Processed 203618 reads in 6.636 CPU sec, 3.422 real sec
[M::process] read 203698 sequences (20000194 bp)...
[M::mem_pestat] # candidate unique pairs for (FF, FR, RF, RR): (3, 98863, 2, 0)
[M::mem_pestat] skip orientation FF as there are not enough pairs
[M::mem_pestat] analyzing insert size distribution for orientation FR...
[M::mem_pestat] (25, 50, 75) percentile: (108, 132, 172)
[M::mem_pestat] low and high boundaries for computing mean and std.dev: (1, 300)
[M::mem_pestat] mean and std.dev: (141.67, 47.36)
[M::mem_pestat] low and high boundaries for proper pairs: (1, 364)
[M::mem_pestat] skip orientation RF as there are not enough pairs
[M::mem_pestat] skip orientation RR as there are not enough pairs
[M::mem_process_seqs] Processed 203546 reads in 6.654 CPU sec, 3.427 real sec
[M::process] read 203540 sequences (20000073 bp)...
[M::mem_pestat] # candidate unique pairs for (FF, FR, RF, RR): (2, 98984, 8, 1)
[M::mem_pestat] skip orientation FF as there are not enough pairs
[M::mem_pestat] analyzing insert size distribution for orientation FR...
[M::mem_pestat] (25, 50, 75) percentile: (108, 132, 172)
[M::mem_pestat] low and high boundaries for computing mean and std.dev: (1, 300)
[M::mem_pestat] mean and std.dev: (141.43, 47.39)
[M::mem_pestat] low and high boundaries for proper pairs: (1, 364)
[M::mem_pestat] skip orientation RF as there are not enough pairs
[M::mem_pestat] skip orientation RR as there are not enough pairs
[M::mem_process_seqs] Processed 203698 reads in 6.681 CPU sec, 3.439 real sec
[M::process] read 203950 sequences (20000053 bp)...
[M::mem_pestat] # candidate unique pairs for (FF, FR, RF, RR): (1, 98848, 7, 4)
[M::mem_pestat] skip orientation FF as there are not enough pairs
[M::mem_pestat] analyzing insert size distribution for orientation FR...
[M::mem_pestat] (25, 50, 75) percentile: (108, 131, 171)
[M::mem_pestat] low and high boundaries for computing mean and std.dev: (1, 297)
[M::mem_pestat] mean and std.dev: (140.91, 46.76)
[M::mem_pestat] low and high boundaries for proper pairs: (1, 360)
[M::mem_pestat] skip orientation RF as there are not enough pairs
[M::mem_pestat] skip orientation RR as there are not enough pairs
[M::mem_process_seqs] Processed 203540 reads in 6.708 CPU sec, 3.481 real sec
[M::process] read 203652 sequences (20000157 bp)...
[M::mem_pestat] # candidate unique pairs for (FF, FR, RF, RR): (3, 99039, 7, 2)
[M::mem_pestat] skip orientation FF as there are not enough pairs
[M::mem_pestat] analyzing insert size distribution for orientation FR...
[M::mem_pestat] (25, 50, 75) percentile: (108, 131, 171)
[M::mem_pestat] low and high boundaries for computing mean and std.dev: (1, 297)
[M::mem_pestat] mean and std.dev: (140.98, 46.74)
[M::mem_pestat] low and high boundaries for proper pairs: (1, 360)
[M::mem_pestat] skip orientation RF as there are not enough pairs
[M::mem_pestat] skip orientation RR as there are not enough pairs
[M::mem_process_seqs] Processed 203950 reads in 6.654 CPU sec, 3.424 real sec
[M::process] read 203700 sequences (20000181 bp)...
[M::mem_pestat] # candidate unique pairs for (FF, FR, RF, RR): (2, 98897, 2, 0)
[M::mem_pestat] skip orientation FF as there are not enough pairs
[M::mem_pestat] analyzing insert size distribution for orientation FR...
[M::mem_pestat] (25, 50, 75) percentile: (107, 131, 171)
[M::mem_pestat] low and high boundaries for computing mean and std.dev: (1, 299)
[M::mem_pestat] mean and std.dev: (140.90, 46.88)
[M::mem_pestat] low and high boundaries for proper pairs: (1, 363)
[M::mem_pestat] skip orientation RF as there are not enough pairs
[M::mem_pestat] skip orientation RR as there are not enough pairs
[M::mem_process_seqs] Processed 203652 reads in 6.667 CPU sec, 3.434 real sec
[M::process] read 203702 sequences (20000196 bp)...
[M::mem_pestat] # candidate unique pairs for (FF, FR, RF, RR): (0, 99004, 5, 1)
[M::mem_pestat] skip orientation FF as there are not enough pairs
[M::mem_pestat] analyzing insert size distribution for orientation FR...
[M::mem_pestat] (25, 50, 75) percentile: (108, 132, 171)
[M::mem_pestat] low and high boundaries for computing mean and std.dev: (1, 297)
[M::mem_pestat] mean and std.dev: (141.15, 46.93)
[M::mem_pestat] low and high boundaries for proper pairs: (1, 360)
[M::mem_pestat] skip orientation RF as there are not enough pairs
[M::mem_pestat] skip orientation RR as there are not enough pairs
[M::mem_process_seqs] Processed 203700 reads in 6.709 CPU sec, 3.466 real sec
[M::process] read 203894 sequences (20000023 bp)...
[M::mem_pestat] # candidate unique pairs for (FF, FR, RF, RR): (0, 99071, 6, 0)
[M::mem_pestat] skip orientation FF as there are not enough pairs
[M::mem_pestat] analyzing insert size distribution for orientation FR...
[M::mem_pestat] (25, 50, 75) percentile: (108, 132, 171)
[M::mem_pestat] low and high boundaries for computing mean and std.dev: (1, 297)
[M::mem_pestat] mean and std.dev: (141.05, 46.69)
[M::mem_pestat] low and high boundaries for proper pairs: (1, 360)
[M::mem_pestat] skip orientation RF as there are not enough pairs
[M::mem_pestat] skip orientation RR as there are not enough pairs
[M::mem_process_seqs] Processed 203702 reads in 6.759 CPU sec, 3.488 real sec
[M::process] read 203862 sequences (20000153 bp)...
[M::mem_pestat] # candidate unique pairs for (FF, FR, RF, RR): (4, 98982, 3, 1)
[M::mem_pestat] skip orientation FF as there are not enough pairs
[M::mem_pestat] analyzing insert size distribution for orientation FR...
[M::mem_pestat] (25, 50, 75) percentile: (108, 131, 170)
[M::mem_pestat] low and high boundaries for computing mean and std.dev: (1, 294)
[M::mem_pestat] mean and std.dev: (140.54, 46.29)
[M::mem_pestat] low and high boundaries for proper pairs: (1, 356)
[M::mem_pestat] skip orientation RF as there are not enough pairs
[M::mem_pestat] skip orientation RR as there are not enough pairs
[M::mem_process_seqs] Processed 203894 reads in 6.689 CPU sec, 3.462 real sec
[M::process] read 203786 sequences (20000036 bp)...
[M::mem_pestat] # candidate unique pairs for (FF, FR, RF, RR): (1, 98986, 4, 4)
[M::mem_pestat] skip orientation FF as there are not enough pairs
[M::mem_pestat] analyzing insert size distribution for orientation FR...
[M::mem_pestat] (25, 50, 75) percentile: (107, 131, 171)
[M::mem_pestat] low and high boundaries for computing mean and std.dev: (1, 299)
[M::mem_pestat] mean and std.dev: (141.00, 47.10)
[M::mem_pestat] low and high boundaries for proper pairs: (1, 363)
[M::mem_pestat] skip orientation RF as there are not enough pairs
[M::mem_pestat] skip orientation RR as there are not enough pairs
[M::mem_process_seqs] Processed 203862 reads in 6.720 CPU sec, 3.460 real sec
[M::process] read 204020 sequences (20000033 bp)...
[M::mem_pestat] # candidate unique pairs for (FF, FR, RF, RR): (3, 99070, 5, 2)
[M::mem_pestat] skip orientation FF as there are not enough pairs
[M::mem_pestat] analyzing insert size distribution for orientation FR...
[M::mem_pestat] (25, 50, 75) percentile: (108, 132, 172)
[M::mem_pestat] low and high boundaries for computing mean and std.dev: (1, 300)
[M::mem_pestat] mean and std.dev: (141.57, 47.30)
[M::mem_pestat] low and high boundaries for proper pairs: (1, 364)
[M::mem_pestat] skip orientation RF as there are not enough pairs
[M::mem_pestat] skip orientation RR as there are not enough pairs
[M::mem_process_seqs] Processed 203786 reads in 6.706 CPU sec, 3.444 real sec
[M::process] read 204010 sequences (20000199 bp)...
[M::mem_pestat] # candidate unique pairs for (FF, FR, RF, RR): (1, 99050, 2, 1)
[M::mem_pestat] skip orientation FF as there are not enough pairs
[M::mem_pestat] analyzing insert size distribution for orientation FR...
[M::mem_pestat] (25, 50, 75) percentile: (108, 131, 170)
[M::mem_pestat] low and high boundaries for computing mean and std.dev: (1, 294)
[M::mem_pestat] mean and std.dev: (140.58, 46.33)
[M::mem_pestat] low and high boundaries for proper pairs: (1, 356)
[M::mem_pestat] skip orientation RF as there are not enough pairs
[M::mem_pestat] skip orientation RR as there are not enough pairs
[M::mem_process_seqs] Processed 204020 reads in 6.695 CPU sec, 3.440 real sec
[M::process] read 203904 sequences (20000034 bp)...
[M::mem_pestat] # candidate unique pairs for (FF, FR, RF, RR): (5, 99022, 6, 1)
[M::mem_pestat] skip orientation FF as there are not enough pairs
[M::mem_pestat] analyzing insert size distribution for orientation FR...
[M::mem_pestat] (25, 50, 75) percentile: (107, 131, 171)
[M::mem_pestat] low and high boundaries for computing mean and std.dev: (1, 299)
[M::mem_pestat] mean and std.dev: (140.95, 46.84)
[M::mem_pestat] low and high boundaries for proper pairs: (1, 363)
[M::mem_pestat] skip orientation RF as there are not enough pairs
[M::mem_pestat] skip orientation RR as there are not enough pairs
[M::mem_process_seqs] Processed 204010 reads in 6.719 CPU sec, 3.482 real sec
[M::process] read 204104 sequences (20000097 bp)...
[M::mem_pestat] # candidate unique pairs for (FF, FR, RF, RR): (1, 99000, 3, 3)
[M::mem_pestat] skip orientation FF as there are not enough pairs
[M::mem_pestat] analyzing insert size distribution for orientation FR...
[M::mem_pestat] (25, 50, 75) percentile: (108, 131, 171)
[M::mem_pestat] low and high boundaries for computing mean and std.dev: (1, 297)
[M::mem_pestat] mean and std.dev: (141.03, 46.67)
[M::mem_pestat] low and high boundaries for proper pairs: (1, 360)
[M::mem_pestat] skip orientation RF as there are not enough pairs
[M::mem_pestat] skip orientation RR as there are not enough pairs
[M::mem_process_seqs] Processed 203904 reads in 6.695 CPU sec, 3.441 real sec
[M::process] read 204352 sequences (20000174 bp)...
[M::mem_pestat] # candidate unique pairs for (FF, FR, RF, RR): (3, 99114, 4, 5)
[M::mem_pestat] skip orientation FF as there are not enough pairs
[M::mem_pestat] analyzing insert size distribution for orientation FR...
[M::mem_pestat] (25, 50, 75) percentile: (107, 131, 170)
[M::mem_pestat] low and high boundaries for computing mean and std.dev: (1, 296)
[M::mem_pestat] mean and std.dev: (140.73, 46.50)
[M::mem_pestat] low and high boundaries for proper pairs: (1, 359)
[M::mem_pestat] skip orientation RF as there are not enough pairs
[M::mem_pestat] skip orientation RR as there are not enough pairs
[M::mem_process_seqs] Processed 204104 reads in 6.690 CPU sec, 3.446 real sec
[M::process] read 204142 sequences (20000181 bp)...
[M::mem_pestat] # candidate unique pairs for (FF, FR, RF, RR): (2, 99293, 4, 2)
[M::mem_pestat] skip orientation FF as there are not enough pairs
[M::mem_pestat] analyzing insert size distribution for orientation FR...
[M::mem_pestat] (25, 50, 75) percentile: (108, 131, 170)
[M::mem_pestat] low and high boundaries for computing mean and std.dev: (1, 294)
[M::mem_pestat] mean and std.dev: (140.26, 45.98)
[M::mem_pestat] low and high boundaries for proper pairs: (1, 356)
[M::mem_pestat] skip orientation RF as there are not enough pairs
[M::mem_pestat] skip orientation RR as there are not enough pairs
[M::mem_process_seqs] Processed 204352 reads in 6.729 CPU sec, 3.476 real sec
[M::process] read 204438 sequences (20000101 bp)...
[M::mem_pestat] # candidate unique pairs for (FF, FR, RF, RR): (1, 99190, 1, 2)
[M::mem_pestat] skip orientation FF as there are not enough pairs
[M::mem_pestat] analyzing insert size distribution for orientation FR...
[M::mem_pestat] (25, 50, 75) percentile: (107, 131, 170)
[M::mem_pestat] low and high boundaries for computing mean and std.dev: (1, 296)
[M::mem_pestat] mean and std.dev: (140.45, 46.50)
[M::mem_pestat] low and high boundaries for proper pairs: (1, 359)
[M::mem_pestat] skip orientation RF as there are not enough pairs
[M::mem_pestat] skip orientation RR as there are not enough pairs
[M::mem_process_seqs] Processed 204142 reads in 6.692 CPU sec, 3.462 real sec
[M::process] read 204262 sequences (20000027 bp)...
[M::mem_pestat] # candidate unique pairs for (FF, FR, RF, RR): (0, 99230, 4, 2)
[M::mem_pestat] skip orientation FF as there are not enough pairs
[M::mem_pestat] analyzing insert size distribution for orientation FR...
[M::mem_pestat] (25, 50, 75) percentile: (107, 130, 169)
[M::mem_pestat] low and high boundaries for computing mean and std.dev: (1, 293)
[M::mem_pestat] mean and std.dev: (139.88, 45.93)
[M::mem_pestat] low and high boundaries for proper pairs: (1, 355)
[M::mem_pestat] skip orientation RF as there are not enough pairs
[M::mem_pestat] skip orientation RR as there are not enough pairs
[M::mem_process_seqs] Processed 204438 reads in 6.697 CPU sec, 3.451 real sec
[M::mem_pestat] # candidate unique pairs for (FF, FR, RF, RR): (0, 99119, 4, 2)
[M::mem_pestat] skip orientation FF as there are not enough pairs
[M::mem_pestat] analyzing insert size distribution for orientation FR...
[M::mem_pestat] (25, 50, 75) percentile: (107, 131, 169)
[M::mem_pestat] low and high boundaries for computing mean and std.dev: (1, 293)
[M::mem_pestat] mean and std.dev: (140.19, 46.00)
[M::mem_pestat] low and high boundaries for proper pairs: (1, 355)
[M::mem_pestat] skip orientation RF as there are not enough pairs
[M::mem_pestat] skip orientation RR as there are not enough pairs
[M::mem_process_seqs] Processed 204262 reads in 6.530 CPU sec, 6.315 real sec
[M::process] read 206790 sequences (20000089 bp)...
[M::process] read 205638 sequences (20000026 bp)...
[M::mem_pestat] # candidate unique pairs for (FF, FR, RF, RR): (1, 100331, 4, 3)
[M::mem_pestat] skip orientation FF as there are not enough pairs
[M::mem_pestat] analyzing insert size distribution for orientation FR...
[M::mem_pestat] (25, 50, 75) percentile: (107, 131, 170)
[M::mem_pestat] low and high boundaries for computing mean and std.dev: (1, 296)
[M::mem_pestat] mean and std.dev: (140.34, 46.35)
[M::mem_pestat] low and high boundaries for proper pairs: (1, 359)
[M::mem_pestat] skip orientation RF as there are not enough pairs
[M::mem_pestat] skip orientation RR as there are not enough pairs
[M::mem_process_seqs] Processed 206790 reads in 6.623 CPU sec, 3.369 real sec
[M::process] read 205326 sequences (20000021 bp)...
[M::mem_pestat] # candidate unique pairs for (FF, FR, RF, RR): (4, 99698, 6, 1)
[M::mem_pestat] skip orientation FF as there are not enough pairs
[M::mem_pestat] analyzing insert size distribution for orientation FR...
[M::mem_pestat] (25, 50, 75) percentile: (107, 131, 169)
[M::mem_pestat] low and high boundaries for computing mean and std.dev: (1, 293)
[M::mem_pestat] mean and std.dev: (140.17, 45.93)
[M::mem_pestat] low and high boundaries for proper pairs: (1, 355)
[M::mem_pestat] skip orientation RF as there are not enough pairs
[M::mem_pestat] skip orientation RR as there are not enough pairs
[M::mem_process_seqs] Processed 205638 reads in 6.771 CPU sec, 3.511 real sec
[M::process] read 205000 sequences (20000146 bp)...
[M::mem_pestat] # candidate unique pairs for (FF, FR, RF, RR): (1, 99679, 4, 2)
[M::mem_pestat] skip orientation FF as there are not enough pairs
[M::mem_pestat] analyzing insert size distribution for orientation FR...
[M::mem_pestat] (25, 50, 75) percentile: (107, 131, 169)
[M::mem_pestat] low and high boundaries for computing mean and std.dev: (1, 293)
[M::mem_pestat] mean and std.dev: (139.84, 45.92)
[M::mem_pestat] low and high boundaries for proper pairs: (1, 355)
[M::mem_pestat] skip orientation RF as there are not enough pairs
[M::mem_pestat] skip orientation RR as there are not enough pairs
[M::mem_process_seqs] Processed 205326 reads in 6.759 CPU sec, 3.478 real sec
[M::process] read 203354 sequences (20000043 bp)...
[M::mem_pestat] # candidate unique pairs for (FF, FR, RF, RR): (2, 99569, 4, 2)
[M::mem_pestat] skip orientation FF as there are not enough pairs
[M::mem_pestat] analyzing insert size distribution for orientation FR...
[M::mem_pestat] (25, 50, 75) percentile: (107, 131, 169)
[M::mem_pestat] low and high boundaries for computing mean and std.dev: (1, 293)
[M::mem_pestat] mean and std.dev: (139.83, 45.65)
[M::mem_pestat] low and high boundaries for proper pairs: (1, 355)
[M::mem_pestat] skip orientation RF as there are not enough pairs
[M::mem_pestat] skip orientation RR as there are not enough pairs
[M::mem_process_seqs] Processed 205000 reads in 6.733 CPU sec, 3.473 real sec
[M::process] read 203166 sequences (20000036 bp)...
[M::mem_pestat] # candidate unique pairs for (FF, FR, RF, RR): (2, 98730, 4, 1)
[M::mem_pestat] skip orientation FF as there are not enough pairs
[M::mem_pestat] analyzing insert size distribution for orientation FR...
[M::mem_pestat] (25, 50, 75) percentile: (108, 132, 173)
[M::mem_pestat] low and high boundaries for computing mean and std.dev: (1, 303)
[M::mem_pestat] mean and std.dev: (142.20, 47.84)
[M::mem_pestat] low and high boundaries for proper pairs: (1, 368)
[M::mem_pestat] skip orientation RF as there are not enough pairs
[M::mem_pestat] skip orientation RR as there are not enough pairs
[M::mem_process_seqs] Processed 203354 reads in 6.672 CPU sec, 3.435 real sec
[M::process] read 203510 sequences (20000021 bp)...
[M::mem_pestat] # candidate unique pairs for (FF, FR, RF, RR): (2, 98642, 3, 1)
[M::mem_pestat] skip orientation FF as there are not enough pairs
[M::mem_pestat] analyzing insert size distribution for orientation FR...
[M::mem_pestat] (25, 50, 75) percentile: (108, 132, 173)
[M::mem_pestat] low and high boundaries for computing mean and std.dev: (1, 303)
[M::mem_pestat] mean and std.dev: (142.19, 47.80)
[M::mem_pestat] low and high boundaries for proper pairs: (1, 368)
[M::mem_pestat] skip orientation RF as there are not enough pairs
[M::mem_pestat] skip orientation RR as there are not enough pairs
[M::mem_process_seqs] Processed 203166 reads in 6.630 CPU sec, 3.435 real sec
[M::process] read 203268 sequences (20000004 bp)...
[M::mem_pestat] # candidate unique pairs for (FF, FR, RF, RR): (1, 98921, 4, 1)
[M::mem_pestat] skip orientation FF as there are not enough pairs
[M::mem_pestat] analyzing insert size distribution for orientation FR...
[M::mem_pestat] (25, 50, 75) percentile: (108, 132, 173)
[M::mem_pestat] low and high boundaries for computing mean and std.dev: (1, 303)
[M::mem_pestat] mean and std.dev: (142.44, 48.01)
[M::mem_pestat] low and high boundaries for proper pairs: (1, 368)
[M::mem_pestat] skip orientation RF as there are not enough pairs
[M::mem_pestat] skip orientation RR as there are not enough pairs
[M::mem_process_seqs] Processed 203510 reads in 6.736 CPU sec, 3.474 real sec
[M::process] read 203296 sequences (20000124 bp)...
[M::mem_pestat] # candidate unique pairs for (FF, FR, RF, RR): (0, 98809, 4, 0)
[M::mem_pestat] skip orientation FF as there are not enough pairs
[M::mem_pestat] analyzing insert size distribution for orientation FR...
[M::mem_pestat] (25, 50, 75) percentile: (108, 132, 173)
[M::mem_pestat] low and high boundaries for computing mean and std.dev: (1, 303)
[M::mem_pestat] mean and std.dev: (142.13, 47.78)
[M::mem_pestat] low and high boundaries for proper pairs: (1, 368)
[M::mem_pestat] skip orientation RF as there are not enough pairs
[M::mem_pestat] skip orientation RR as there are not enough pairs
[M::mem_process_seqs] Processed 203268 reads in 6.682 CPU sec, 3.437 real sec
[M::process] read 203210 sequences (20000082 bp)...
[M::mem_pestat] # candidate unique pairs for (FF, FR, RF, RR): (0, 98739, 6, 2)
[M::mem_pestat] skip orientation FF as there are not enough pairs
[M::mem_pestat] analyzing insert size distribution for orientation FR...
[M::mem_pestat] (25, 50, 75) percentile: (108, 132, 173)
[M::mem_pestat] low and high boundaries for computing mean and std.dev: (1, 303)
[M::mem_pestat] mean and std.dev: (142.20, 47.80)
[M::mem_pestat] low and high boundaries for proper pairs: (1, 368)
[M::mem_pestat] skip orientation RF as there are not enough pairs
[M::mem_pestat] skip orientation RR as there are not enough pairs
[M::mem_process_seqs] Processed 203296 reads in 6.682 CPU sec, 3.436 real sec
[M::process] read 203302 sequences (20000048 bp)...
[M::mem_pestat] # candidate unique pairs for (FF, FR, RF, RR): (2, 98657, 3, 2)
[M::mem_pestat] skip orientation FF as there are not enough pairs
[M::mem_pestat] analyzing insert size distribution for orientation FR...
[M::mem_pestat] (25, 50, 75) percentile: (108, 132, 172)
[M::mem_pestat] low and high boundaries for computing mean and std.dev: (1, 300)
[M::mem_pestat] mean and std.dev: (141.85, 47.55)
[M::mem_pestat] low and high boundaries for proper pairs: (1, 364)
[M::mem_pestat] skip orientation RF as there are not enough pairs
[M::mem_pestat] skip orientation RR as there are not enough pairs
[M::mem_process_seqs] Processed 203210 reads in 6.706 CPU sec, 3.475 real sec
[M::process] read 203188 sequences (20000040 bp)...
[M::mem_pestat] # candidate unique pairs for (FF, FR, RF, RR): (1, 98835, 8, 3)
[M::mem_pestat] skip orientation FF as there are not enough pairs
[M::mem_pestat] analyzing insert size distribution for orientation FR...
[M::mem_pestat] (25, 50, 75) percentile: (108, 132, 173)
[M::mem_pestat] low and high boundaries for computing mean and std.dev: (1, 303)
[M::mem_pestat] mean and std.dev: (142.13, 47.87)
[M::mem_pestat] low and high boundaries for proper pairs: (1, 368)
[M::mem_pestat] skip orientation RF as there are not enough pairs
[M::mem_pestat] skip orientation RR as there are not enough pairs
[M::mem_process_seqs] Processed 203302 reads in 6.812 CPU sec, 3.503 real sec
[M::process] read 203638 sequences (20000043 bp)...
[M::mem_pestat] # candidate unique pairs for (FF, FR, RF, RR): (0, 98670, 1, 0)
[M::mem_pestat] skip orientation FF as there are not enough pairs
[M::mem_pestat] analyzing insert size distribution for orientation FR...
[M::mem_pestat] (25, 50, 75) percentile: (108, 132, 172)
[M::mem_pestat] low and high boundaries for computing mean and std.dev: (1, 300)
[M::mem_pestat] mean and std.dev: (141.75, 47.32)
[M::mem_pestat] low and high boundaries for proper pairs: (1, 364)
[M::mem_pestat] skip orientation RF as there are not enough pairs
[M::mem_pestat] skip orientation RR as there are not enough pairs
[M::mem_process_seqs] Processed 203188 reads in 6.646 CPU sec, 3.420 real sec
[M::process] read 203522 sequences (20000097 bp)...
[M::mem_pestat] # candidate unique pairs for (FF, FR, RF, RR): (4, 98910, 4, 1)
[M::mem_pestat] skip orientation FF as there are not enough pairs
[M::mem_pestat] analyzing insert size distribution for orientation FR...
[M::mem_pestat] (25, 50, 75) percentile: (108, 132, 172)
[M::mem_pestat] low and high boundaries for computing mean and std.dev: (1, 300)
[M::mem_pestat] mean and std.dev: (141.82, 47.27)
[M::mem_pestat] low and high boundaries for proper pairs: (1, 364)
[M::mem_pestat] skip orientation RF as there are not enough pairs
[M::mem_pestat] skip orientation RR as there are not enough pairs
[M::mem_process_seqs] Processed 203638 reads in 6.697 CPU sec, 3.442 real sec
[M::process] read 203482 sequences (20000199 bp)...
[M::mem_pestat] # candidate unique pairs for (FF, FR, RF, RR): (1, 98744, 2, 0)
[M::mem_pestat] skip orientation FF as there are not enough pairs
[M::mem_pestat] analyzing insert size distribution for orientation FR...
[M::mem_pestat] (25, 50, 75) percentile: (108, 132, 172)
[M::mem_pestat] low and high boundaries for computing mean and std.dev: (1, 300)
[M::mem_pestat] mean and std.dev: (141.80, 47.36)
[M::mem_pestat] low and high boundaries for proper pairs: (1, 364)
[M::mem_pestat] skip orientation RF as there are not enough pairs
[M::mem_pestat] skip orientation RR as there are not enough pairs
[M::mem_process_seqs] Processed 203522 reads in 6.673 CPU sec, 3.438 real sec
[M::process] read 203544 sequences (20000129 bp)...
[M::mem_pestat] # candidate unique pairs for (FF, FR, RF, RR): (3, 98752, 5, 2)
[M::mem_pestat] skip orientation FF as there are not enough pairs
[M::mem_pestat] analyzing insert size distribution for orientation FR...
[M::mem_pestat] (25, 50, 75) percentile: (108, 132, 172)
[M::mem_pestat] low and high boundaries for computing mean and std.dev: (1, 300)
[M::mem_pestat] mean and std.dev: (141.48, 47.34)
[M::mem_pestat] low and high boundaries for proper pairs: (1, 364)
[M::mem_pestat] skip orientation RF as there are not enough pairs
[M::mem_pestat] skip orientation RR as there are not enough pairs
[M::mem_process_seqs] Processed 203482 reads in 6.777 CPU sec, 3.492 real sec
[M::process] read 203500 sequences (20000042 bp)...
[M::mem_pestat] # candidate unique pairs for (FF, FR, RF, RR): (1, 98836, 7, 3)
[M::mem_pestat] skip orientation FF as there are not enough pairs
[M::mem_pestat] analyzing insert size distribution for orientation FR...
[M::mem_pestat] (25, 50, 75) percentile: (108, 132, 171)
[M::mem_pestat] low and high boundaries for computing mean and std.dev: (1, 297)
[M::mem_pestat] mean and std.dev: (141.02, 46.82)
[M::mem_pestat] low and high boundaries for proper pairs: (1, 360)
[M::mem_pestat] skip orientation RF as there are not enough pairs
[M::mem_pestat] skip orientation RR as there are not enough pairs
[M::mem_process_seqs] Processed 203544 reads in 6.672 CPU sec, 3.438 real sec
[M::process] read 203628 sequences (20000191 bp)...
[M::mem_pestat] # candidate unique pairs for (FF, FR, RF, RR): (1, 98751, 4, 6)
[M::mem_pestat] skip orientation FF as there are not enough pairs
[M::mem_pestat] analyzing insert size distribution for orientation FR...
[M::mem_pestat] (25, 50, 75) percentile: (108, 132, 172)
[M::mem_pestat] low and high boundaries for computing mean and std.dev: (1, 300)
[M::mem_pestat] mean and std.dev: (141.48, 47.22)
[M::mem_pestat] low and high boundaries for proper pairs: (1, 364)
[M::mem_pestat] skip orientation RF as there are not enough pairs
[M::mem_pestat] skip orientation RR as there are not enough pairs
[M::mem_process_seqs] Processed 203500 reads in 6.669 CPU sec, 3.447 real sec
[M::process] read 203568 sequences (20000031 bp)...
[M::mem_pestat] # candidate unique pairs for (FF, FR, RF, RR): (1, 98883, 3, 5)
[M::mem_pestat] skip orientation FF as there are not enough pairs
[M::mem_pestat] analyzing insert size distribution for orientation FR...
[M::mem_pestat] (25, 50, 75) percentile: (108, 132, 172)
[M::mem_pestat] low and high boundaries for computing mean and std.dev: (1, 300)
[M::mem_pestat] mean and std.dev: (141.45, 47.28)
[M::mem_pestat] low and high boundaries for proper pairs: (1, 364)
[M::mem_pestat] skip orientation RF as there are not enough pairs
[M::mem_pestat] skip orientation RR as there are not enough pairs
[M::mem_process_seqs] Processed 203628 reads in 6.664 CPU sec, 3.442 real sec
[M::process] read 203824 sequences (20000180 bp)...
[M::mem_pestat] # candidate unique pairs for (FF, FR, RF, RR): (0, 98829, 3, 4)
[M::mem_pestat] skip orientation FF as there are not enough pairs
[M::mem_pestat] analyzing insert size distribution for orientation FR...
[M::mem_pestat] (25, 50, 75) percentile: (108, 132, 171)
[M::mem_pestat] low and high boundaries for computing mean and std.dev: (1, 297)
[M::mem_pestat] mean and std.dev: (141.24, 47.00)
[M::mem_pestat] low and high boundaries for proper pairs: (1, 360)
[M::mem_pestat] skip orientation RF as there are not enough pairs
[M::mem_pestat] skip orientation RR as there are not enough pairs
[M::mem_process_seqs] Processed 203568 reads in 6.700 CPU sec, 3.450 real sec
[M::process] read 203620 sequences (20000153 bp)...
[M::mem_pestat] # candidate unique pairs for (FF, FR, RF, RR): (1, 98953, 7, 2)
[M::mem_pestat] skip orientation FF as there are not enough pairs
[M::mem_pestat] analyzing insert size distribution for orientation FR...
[M::mem_pestat] (25, 50, 75) percentile: (108, 132, 172)
[M::mem_pestat] low and high boundaries for computing mean and std.dev: (1, 300)
[M::mem_pestat] mean and std.dev: (141.47, 47.45)
[M::mem_pestat] low and high boundaries for proper pairs: (1, 364)
[M::mem_pestat] skip orientation RF as there are not enough pairs
[M::mem_pestat] skip orientation RR as there are not enough pairs
[M::mem_process_seqs] Processed 203824 reads in 6.678 CPU sec, 3.441 real sec
[M::process] read 203826 sequences (20000191 bp)...
[M::mem_pestat] # candidate unique pairs for (FF, FR, RF, RR): (1, 98759, 1, 1)
[M::mem_pestat] skip orientation FF as there are not enough pairs
[M::mem_pestat] analyzing insert size distribution for orientation FR...
[M::mem_pestat] (25, 50, 75) percentile: (108, 132, 171)
[M::mem_pestat] low and high boundaries for computing mean and std.dev: (1, 297)
[M::mem_pestat] mean and std.dev: (141.08, 46.72)
[M::mem_pestat] low and high boundaries for proper pairs: (1, 360)
[M::mem_pestat] skip orientation RF as there are not enough pairs
[M::mem_pestat] skip orientation RR as there are not enough pairs
[M::mem_process_seqs] Processed 203620 reads in 6.700 CPU sec, 3.443 real sec
[M::process] read 203720 sequences (20000145 bp)...
[M::mem_pestat] # candidate unique pairs for (FF, FR, RF, RR): (2, 98990, 7, 2)
[M::mem_pestat] skip orientation FF as there are not enough pairs
[M::mem_pestat] analyzing insert size distribution for orientation FR...
[M::mem_pestat] (25, 50, 75) percentile: (107, 131, 171)
[M::mem_pestat] low and high boundaries for computing mean and std.dev: (1, 299)
[M::mem_pestat] mean and std.dev: (141.23, 47.25)
[M::mem_pestat] low and high boundaries for proper pairs: (1, 363)
[M::mem_pestat] skip orientation RF as there are not enough pairs
[M::mem_pestat] skip orientation RR as there are not enough pairs
[M::mem_process_seqs] Processed 203826 reads in 6.705 CPU sec, 3.474 real sec
[M::process] read 203940 sequences (20000139 bp)...
[M::mem_pestat] # candidate unique pairs for (FF, FR, RF, RR): (1, 98954, 5, 1)
[M::mem_pestat] skip orientation FF as there are not enough pairs
[M::mem_pestat] analyzing insert size distribution for orientation FR...
[M::mem_pestat] (25, 50, 75) percentile: (108, 131, 171)
[M::mem_pestat] low and high boundaries for computing mean and std.dev: (1, 297)
[M::mem_pestat] mean and std.dev: (140.99, 46.75)
[M::mem_pestat] low and high boundaries for proper pairs: (1, 360)
[M::mem_pestat] skip orientation RF as there are not enough pairs
[M::mem_pestat] skip orientation RR as there are not enough pairs
[M::mem_process_seqs] Processed 203720 reads in 6.671 CPU sec, 3.427 real sec
[M::process] read 203990 sequences (20000124 bp)...
[M::mem_pestat] # candidate unique pairs for (FF, FR, RF, RR): (1, 99006, 5, 2)
[M::mem_pestat] skip orientation FF as there are not enough pairs
[M::mem_pestat] analyzing insert size distribution for orientation FR...
[M::mem_pestat] (25, 50, 75) percentile: (108, 131, 171)
[M::mem_pestat] low and high boundaries for computing mean and std.dev: (1, 297)
[M::mem_pestat] mean and std.dev: (141.03, 46.87)
[M::mem_pestat] low and high boundaries for proper pairs: (1, 360)
[M::mem_pestat] skip orientation RF as there are not enough pairs
[M::mem_pestat] skip orientation RR as there are not enough pairs
[M::mem_process_seqs] Processed 203940 reads in 6.668 CPU sec, 3.442 real sec
[M::process] read 203884 sequences (20000147 bp)...
[M::mem_pestat] # candidate unique pairs for (FF, FR, RF, RR): (1, 98978, 5, 1)
[M::mem_pestat] skip orientation FF as there are not enough pairs
[M::mem_pestat] analyzing insert size distribution for orientation FR...
[M::mem_pestat] (25, 50, 75) percentile: (108, 132, 170)
[M::mem_pestat] low and high boundaries for computing mean and std.dev: (1, 294)
[M::mem_pestat] mean and std.dev: (140.56, 46.19)
[M::mem_pestat] low and high boundaries for proper pairs: (1, 356)
[M::mem_pestat] skip orientation RF as there are not enough pairs
[M::mem_pestat] skip orientation RR as there are not enough pairs
[M::mem_process_seqs] Processed 203990 reads in 6.658 CPU sec, 3.430 real sec
[M::process] read 204154 sequences (20000038 bp)...
[M::mem_pestat] # candidate unique pairs for (FF, FR, RF, RR): (0, 99033, 2, 2)
[M::mem_pestat] skip orientation FF as there are not enough pairs
[M::mem_pestat] analyzing insert size distribution for orientation FR...
[M::mem_pestat] (25, 50, 75) percentile: (108, 131, 171)
[M::mem_pestat] low and high boundaries for computing mean and std.dev: (1, 297)
[M::mem_pestat] mean and std.dev: (140.83, 46.50)
[M::mem_pestat] low and high boundaries for proper pairs: (1, 360)
[M::mem_pestat] skip orientation RF as there are not enough pairs
[M::mem_pestat] skip orientation RR as there are not enough pairs
[M::mem_process_seqs] Processed 203884 reads in 6.705 CPU sec, 3.453 real sec
[M::mem_pestat] # candidate unique pairs for (FF, FR, RF, RR): (0, 99181, 4, 1)
[M::mem_pestat] skip orientation FF as there are not enough pairs
[M::mem_pestat] analyzing insert size distribution for orientation FR...
[M::mem_pestat] (25, 50, 75) percentile: (107, 131, 170)
[M::mem_pestat] low and high boundaries for computing mean and std.dev: (1, 296)
[M::mem_pestat] mean and std.dev: (140.72, 46.67)
[M::mem_pestat] low and high boundaries for proper pairs: (1, 359)
[M::mem_pestat] skip orientation RF as there are not enough pairs
[M::mem_pestat] skip orientation RR as there are not enough pairs
[M::mem_process_seqs] Processed 204154 reads in 6.389 CPU sec, 6.133 real sec
[M::process] read 204150 sequences (20000002 bp)...
[M::process] read 204222 sequences (20000116 bp)...
[M::mem_pestat] # candidate unique pairs for (FF, FR, RF, RR): (2, 99213, 3, 4)
[M::mem_pestat] skip orientation FF as there are not enough pairs
[M::mem_pestat] analyzing insert size distribution for orientation FR...
[M::mem_pestat] (25, 50, 75) percentile: (107, 131, 170)
[M::mem_pestat] low and high boundaries for computing mean and std.dev: (1, 296)
[M::mem_pestat] mean and std.dev: (140.80, 46.62)
[M::mem_pestat] low and high boundaries for proper pairs: (1, 359)
[M::mem_pestat] skip orientation RF as there are not enough pairs
[M::mem_pestat] skip orientation RR as there are not enough pairs
[M::mem_process_seqs] Processed 204150 reads in 6.620 CPU sec, 3.369 real sec
[M::process] read 204324 sequences (20000061 bp)...
[M::mem_pestat] # candidate unique pairs for (FF, FR, RF, RR): (3, 99071, 5, 2)
[M::mem_pestat] skip orientation FF as there are not enough pairs
[M::mem_pestat] analyzing insert size distribution for orientation FR...
[M::mem_pestat] (25, 50, 75) percentile: (108, 131, 170)
[M::mem_pestat] low and high boundaries for computing mean and std.dev: (1, 294)
[M::mem_pestat] mean and std.dev: (140.55, 46.00)
[M::mem_pestat] low and high boundaries for proper pairs: (1, 356)
[M::mem_pestat] skip orientation RF as there are not enough pairs
[M::mem_pestat] skip orientation RR as there are not enough pairs
[M::mem_process_seqs] Processed 204222 reads in 6.683 CPU sec, 3.439 real sec
[M::process] read 204796 sequences (20000018 bp)...
[M::mem_pestat] # candidate unique pairs for (FF, FR, RF, RR): (0, 99253, 2, 1)
[M::mem_pestat] skip orientation FF as there are not enough pairs
[M::mem_pestat] analyzing insert size distribution for orientation FR...
[M::mem_pestat] (25, 50, 75) percentile: (107, 131, 170)
[M::mem_pestat] low and high boundaries for computing mean and std.dev: (1, 296)
[M::mem_pestat] mean and std.dev: (140.56, 46.59)
[M::mem_pestat] low and high boundaries for proper pairs: (1, 359)
[M::mem_pestat] skip orientation RF as there are not enough pairs
[M::mem_pestat] skip orientation RR as there are not enough pairs
[M::mem_process_seqs] Processed 204324 reads in 6.707 CPU sec, 3.505 real sec
[M::process] read 205602 sequences (20000126 bp)...
[M::mem_pestat] # candidate unique pairs for (FF, FR, RF, RR): (1, 99446, 3, 1)
[M::mem_pestat] skip orientation FF as there are not enough pairs
[M::mem_pestat] analyzing insert size distribution for orientation FR...
[M::mem_pestat] (25, 50, 75) percentile: (107, 131, 170)
[M::mem_pestat] low and high boundaries for computing mean and std.dev: (1, 296)
[M::mem_pestat] mean and std.dev: (140.43, 46.34)
[M::mem_pestat] low and high boundaries for proper pairs: (1, 359)
[M::mem_pestat] skip orientation RF as there are not enough pairs
[M::mem_pestat] skip orientation RR as there are not enough pairs
[M::mem_process_seqs] Processed 204796 reads in 6.681 CPU sec, 3.433 real sec
[M::process] read 204568 sequences (20000100 bp)...
[M::mem_pestat] # candidate unique pairs for (FF, FR, RF, RR): (1, 99739, 3, 3)
[M::mem_pestat] skip orientation FF as there are not enough pairs
[M::mem_pestat] analyzing insert size distribution for orientation FR...
[M::mem_pestat] (25, 50, 75) percentile: (107, 131, 169)
[M::mem_pestat] low and high boundaries for computing mean and std.dev: (1, 293)
[M::mem_pestat] mean and std.dev: (140.04, 45.83)
[M::mem_pestat] low and high boundaries for proper pairs: (1, 355)
[M::mem_pestat] skip orientation RF as there are not enough pairs
[M::mem_pestat] skip orientation RR as there are not enough pairs
[M::mem_process_seqs] Processed 205602 reads in 6.763 CPU sec, 3.495 real sec
[M::process] read 205832 sequences (20000197 bp)...
[M::mem_pestat] # candidate unique pairs for (FF, FR, RF, RR): (2, 99313, 3, 0)
[M::mem_pestat] skip orientation FF as there are not enough pairs
[M::mem_pestat] analyzing insert size distribution for orientation FR...
[M::mem_pestat] (25, 50, 75) percentile: (108, 131, 170)
[M::mem_pestat] low and high boundaries for computing mean and std.dev: (1, 294)
[M::mem_pestat] mean and std.dev: (140.35, 45.95)
[M::mem_pestat] low and high boundaries for proper pairs: (1, 356)
[M::mem_pestat] skip orientation RF as there are not enough pairs
[M::mem_pestat] skip orientation RR as there are not enough pairs
[M::mem_process_seqs] Processed 204568 reads in 6.712 CPU sec, 3.456 real sec
[M::process] read 204070 sequences (20000045 bp)...
[M::mem_pestat] # candidate unique pairs for (FF, FR, RF, RR): (0, 99788, 3, 1)
[M::mem_pestat] skip orientation FF as there are not enough pairs
[M::mem_pestat] analyzing insert size distribution for orientation FR...
[M::mem_pestat] (25, 50, 75) percentile: (107, 131, 169)
[M::mem_pestat] low and high boundaries for computing mean and std.dev: (1, 293)
[M::mem_pestat] mean and std.dev: (140.13, 45.89)
[M::mem_pestat] low and high boundaries for proper pairs: (1, 355)
[M::mem_pestat] skip orientation RF as there are not enough pairs
[M::mem_pestat] skip orientation RR as there are not enough pairs
[M::mem_process_seqs] Processed 205832 reads in 6.749 CPU sec, 3.475 real sec
[M::process] read 203894 sequences (20000022 bp)...
[M::mem_pestat] # candidate unique pairs for (FF, FR, RF, RR): (2, 99150, 6, 0)
[M::mem_pestat] skip orientation FF as there are not enough pairs
[M::mem_pestat] analyzing insert size distribution for orientation FR...
[M::mem_pestat] (25, 50, 75) percentile: (108, 131, 171)
[M::mem_pestat] low and high boundaries for computing mean and std.dev: (1, 297)
[M::mem_pestat] mean and std.dev: (140.94, 46.77)
[M::mem_pestat] low and high boundaries for proper pairs: (1, 360)
[M::mem_pestat] skip orientation RF as there are not enough pairs
[M::mem_pestat] skip orientation RR as there are not enough pairs
[M::mem_process_seqs] Processed 204070 reads in 7.025 CPU sec, 3.618 real sec
[M::process] read 204476 sequences (20000088 bp)...
[M::mem_pestat] # candidate unique pairs for (FF, FR, RF, RR): (2, 99048, 9, 1)
[M::mem_pestat] skip orientation FF as there are not enough pairs
[M::mem_pestat] analyzing insert size distribution for orientation FR...
[M::mem_pestat] (25, 50, 75) percentile: (108, 132, 173)
[M::mem_pestat] low and high boundaries for computing mean and std.dev: (1, 303)
[M::mem_pestat] mean and std.dev: (142.29, 48.04)
[M::mem_pestat] low and high boundaries for proper pairs: (1, 368)
[M::mem_pestat] skip orientation RF as there are not enough pairs
[M::mem_pestat] skip orientation RR as there are not enough pairs
[M::mem_process_seqs] Processed 203894 reads in 8.033 CPU sec, 4.117 real sec
[M::process] read 205722 sequences (20000144 bp)...
[M::mem_pestat] # candidate unique pairs for (FF, FR, RF, RR): (1, 99433, 4, 4)
[M::mem_pestat] skip orientation FF as there are not enough pairs
[M::mem_pestat] analyzing insert size distribution for orientation FR...
[M::mem_pestat] (25, 50, 75) percentile: (108, 132, 173)
[M::mem_pestat] low and high boundaries for computing mean and std.dev: (1, 303)
[M::mem_pestat] mean and std.dev: (142.27, 47.86)
[M::mem_pestat] low and high boundaries for proper pairs: (1, 368)
[M::mem_pestat] skip orientation RF as there are not enough pairs
[M::mem_pestat] skip orientation RR as there are not enough pairs
[M::mem_process_seqs] Processed 204476 reads in 8.112 CPU sec, 4.168 real sec
[M::process] read 203810 sequences (20000157 bp)...
[M::mem_pestat] # candidate unique pairs for (FF, FR, RF, RR): (2, 100091, 0, 2)
[M::mem_pestat] skip orientation FF as there are not enough pairs
[M::mem_pestat] analyzing insert size distribution for orientation FR...
[M::mem_pestat] (25, 50, 75) percentile: (108, 132, 173)
[M::mem_pestat] low and high boundaries for computing mean and std.dev: (1, 303)
[M::mem_pestat] mean and std.dev: (142.57, 47.95)
[M::mem_pestat] low and high boundaries for proper pairs: (1, 368)
[M::mem_pestat] skip orientation RF as there are not enough pairs
[M::mem_pestat] skip orientation RR as there are not enough pairs
[M::mem_process_seqs] Processed 205722 reads in 8.008 CPU sec, 4.122 real sec
[M::process] read 204384 sequences (20000148 bp)...
[M::mem_pestat] # candidate unique pairs for (FF, FR, RF, RR): (1, 98950, 7, 2)
[M::mem_pestat] skip orientation FF as there are not enough pairs
[M::mem_pestat] analyzing insert size distribution for orientation FR...
[M::mem_pestat] (25, 50, 75) percentile: (108, 132, 173)
[M::mem_pestat] low and high boundaries for computing mean and std.dev: (1, 303)
[M::mem_pestat] mean and std.dev: (142.36, 47.72)
[M::mem_pestat] low and high boundaries for proper pairs: (1, 368)
[M::mem_pestat] skip orientation RF as there are not enough pairs
[M::mem_pestat] skip orientation RR as there are not enough pairs
[M::mem_process_seqs] Processed 203810 reads in 7.284 CPU sec, 3.737 real sec
[M::process] read 203896 sequences (20000144 bp)...
[M::mem_pestat] # candidate unique pairs for (FF, FR, RF, RR): (1, 99227, 2, 3)
[M::mem_pestat] skip orientation FF as there are not enough pairs
[M::mem_pestat] analyzing insert size distribution for orientation FR...
[M::mem_pestat] (25, 50, 75) percentile: (108, 132, 173)
[M::mem_pestat] low and high boundaries for computing mean and std.dev: (1, 303)
[M::mem_pestat] mean and std.dev: (142.59, 47.93)
[M::mem_pestat] low and high boundaries for proper pairs: (1, 368)
[M::mem_pestat] skip orientation RF as there are not enough pairs
[M::mem_pestat] skip orientation RR as there are not enough pairs
[M::mem_process_seqs] Processed 204384 reads in 7.701 CPU sec, 3.959 real sec
[M::process] read 203630 sequences (20000060 bp)...
[M::mem_pestat] # candidate unique pairs for (FF, FR, RF, RR): (1, 99176, 2, 0)
[M::mem_pestat] skip orientation FF as there are not enough pairs
[M::mem_pestat] analyzing insert size distribution for orientation FR...
[M::mem_pestat] (25, 50, 75) percentile: (108, 132, 172)
[M::mem_pestat] low and high boundaries for computing mean and std.dev: (1, 300)
[M::mem_pestat] mean and std.dev: (141.60, 47.09)
[M::mem_pestat] low and high boundaries for proper pairs: (1, 364)
[M::mem_pestat] skip orientation RF as there are not enough pairs
[M::mem_pestat] skip orientation RR as there are not enough pairs
[M::mem_process_seqs] Processed 203896 reads in 7.188 CPU sec, 3.695 real sec
[M::process] read 204074 sequences (20000159 bp)...
[M::mem_pestat] # candidate unique pairs for (FF, FR, RF, RR): (3, 98892, 8, 5)
[M::mem_pestat] skip orientation FF as there are not enough pairs
[M::mem_pestat] analyzing insert size distribution for orientation FR...
[M::mem_pestat] (25, 50, 75) percentile: (108, 132, 172)
[M::mem_pestat] low and high boundaries for computing mean and std.dev: (1, 300)
[M::mem_pestat] mean and std.dev: (141.96, 47.58)
[M::mem_pestat] low and high boundaries for proper pairs: (1, 364)
[M::mem_pestat] skip orientation RF as there are not enough pairs
[M::mem_pestat] skip orientation RR as there are not enough pairs
[M::mem_process_seqs] Processed 203630 reads in 6.960 CPU sec, 3.582 real sec
[M::process] read 203466 sequences (20000026 bp)...
[M::mem_pestat] # candidate unique pairs for (FF, FR, RF, RR): (3, 99026, 2, 2)
[M::mem_pestat] skip orientation FF as there are not enough pairs
[M::mem_pestat] analyzing insert size distribution for orientation FR...
[M::mem_pestat] (25, 50, 75) percentile: (108, 132, 172)
[M::mem_pestat] low and high boundaries for computing mean and std.dev: (1, 300)
[M::mem_pestat] mean and std.dev: (142.13, 47.54)
[M::mem_pestat] low and high boundaries for proper pairs: (1, 364)
[M::mem_pestat] skip orientation RF as there are not enough pairs
[M::mem_pestat] skip orientation RR as there are not enough pairs
[M::mem_process_seqs] Processed 204074 reads in 6.905 CPU sec, 3.555 real sec
[M::process] read 203388 sequences (20000027 bp)...
[M::mem_pestat] # candidate unique pairs for (FF, FR, RF, RR): (0, 98821, 6, 4)
[M::mem_pestat] skip orientation FF as there are not enough pairs
[M::mem_pestat] analyzing insert size distribution for orientation FR...
[M::mem_pestat] (25, 50, 75) percentile: (108, 132, 172)
[M::mem_pestat] low and high boundaries for computing mean and std.dev: (1, 300)
[M::mem_pestat] mean and std.dev: (142.02, 47.39)
[M::mem_pestat] low and high boundaries for proper pairs: (1, 364)
[M::mem_pestat] skip orientation RF as there are not enough pairs
[M::mem_pestat] skip orientation RR as there are not enough pairs
[M::mem_process_seqs] Processed 203466 reads in 6.840 CPU sec, 3.525 real sec
[M::process] read 203524 sequences (20000093 bp)...
[M::mem_pestat] # candidate unique pairs for (FF, FR, RF, RR): (1, 98766, 2, 0)
[M::mem_pestat] skip orientation FF as there are not enough pairs
[M::mem_pestat] analyzing insert size distribution for orientation FR...
[M::mem_pestat] (25, 50, 75) percentile: (108, 132, 171)
[M::mem_pestat] low and high boundaries for computing mean and std.dev: (1, 297)
[M::mem_pestat] mean and std.dev: (141.26, 46.62)
[M::mem_pestat] low and high boundaries for proper pairs: (1, 360)
[M::mem_pestat] skip orientation RF as there are not enough pairs
[M::mem_pestat] skip orientation RR as there are not enough pairs
[M::mem_process_seqs] Processed 203388 reads in 6.679 CPU sec, 3.432 real sec
[M::process] read 203556 sequences (20000189 bp)...
[M::mem_pestat] # candidate unique pairs for (FF, FR, RF, RR): (4, 98879, 5, 1)
[M::mem_pestat] skip orientation FF as there are not enough pairs
[M::mem_pestat] analyzing insert size distribution for orientation FR...
[M::mem_pestat] (25, 50, 75) percentile: (108, 132, 172)
[M::mem_pestat] low and high boundaries for computing mean and std.dev: (1, 300)
[M::mem_pestat] mean and std.dev: (141.56, 47.32)
[M::mem_pestat] low and high boundaries for proper pairs: (1, 364)
[M::mem_pestat] skip orientation RF as there are not enough pairs
[M::mem_pestat] skip orientation RR as there are not enough pairs
[M::mem_process_seqs] Processed 203524 reads in 6.684 CPU sec, 3.449 real sec
[M::process] read 203648 sequences (20000018 bp)...
[M::mem_pestat] # candidate unique pairs for (FF, FR, RF, RR): (1, 98843, 7, 2)
[M::mem_pestat] skip orientation FF as there are not enough pairs
[M::mem_pestat] analyzing insert size distribution for orientation FR...
[M::mem_pestat] (25, 50, 75) percentile: (108, 132, 172)
[M::mem_pestat] low and high boundaries for computing mean and std.dev: (1, 300)
[M::mem_pestat] mean and std.dev: (141.54, 47.13)
[M::mem_pestat] low and high boundaries for proper pairs: (1, 364)
[M::mem_pestat] skip orientation RF as there are not enough pairs
[M::mem_pestat] skip orientation RR as there are not enough pairs
[M::mem_process_seqs] Processed 203556 reads in 6.779 CPU sec, 3.484 real sec
[M::process] read 203634 sequences (20000128 bp)...
[M::mem_pestat] # candidate unique pairs for (FF, FR, RF, RR): (2, 98897, 9, 2)
[M::mem_pestat] skip orientation FF as there are not enough pairs
[M::mem_pestat] analyzing insert size distribution for orientation FR...
[M::mem_pestat] (25, 50, 75) percentile: (108, 132, 171)
[M::mem_pestat] low and high boundaries for computing mean and std.dev: (1, 297)
[M::mem_pestat] mean and std.dev: (141.04, 46.83)
[M::mem_pestat] low and high boundaries for proper pairs: (1, 360)
[M::mem_pestat] skip orientation RF as there are not enough pairs
[M::mem_pestat] skip orientation RR as there are not enough pairs
[M::mem_process_seqs] Processed 203648 reads in 6.702 CPU sec, 3.457 real sec
[M::process] read 203634 sequences (20000030 bp)...
[M::mem_pestat] # candidate unique pairs for (FF, FR, RF, RR): (0, 98971, 3, 3)
[M::mem_pestat] skip orientation FF as there are not enough pairs
[M::mem_pestat] analyzing insert size distribution for orientation FR...
[M::mem_pestat] (25, 50, 75) percentile: (108, 132, 172)
[M::mem_pestat] low and high boundaries for computing mean and std.dev: (1, 300)
[M::mem_pestat] mean and std.dev: (141.34, 47.17)
[M::mem_pestat] low and high boundaries for proper pairs: (1, 364)
[M::mem_pestat] skip orientation RF as there are not enough pairs
[M::mem_pestat] skip orientation RR as there are not enough pairs
[M::mem_process_seqs] Processed 203634 reads in 6.637 CPU sec, 3.419 real sec
[M::process] read 203776 sequences (20000062 bp)...
[M::mem_pestat] # candidate unique pairs for (FF, FR, RF, RR): (2, 98876, 5, 3)
[M::mem_pestat] skip orientation FF as there are not enough pairs
[M::mem_pestat] analyzing insert size distribution for orientation FR...
[M::mem_pestat] (25, 50, 75) percentile: (108, 132, 172)
[M::mem_pestat] low and high boundaries for computing mean and std.dev: (1, 300)
[M::mem_pestat] mean and std.dev: (141.28, 47.09)
[M::mem_pestat] low and high boundaries for proper pairs: (1, 364)
[M::mem_pestat] skip orientation RF as there are not enough pairs
[M::mem_pestat] skip orientation RR as there are not enough pairs
[M::mem_process_seqs] Processed 203634 reads in 6.645 CPU sec, 3.437 real sec
[M::process] read 203800 sequences (20000045 bp)...
[M::mem_pestat] # candidate unique pairs for (FF, FR, RF, RR): (2, 98968, 2, 2)
[M::mem_pestat] skip orientation FF as there are not enough pairs
[M::mem_pestat] analyzing insert size distribution for orientation FR...
[M::mem_pestat] (25, 50, 75) percentile: (107, 131, 172)
[M::mem_pestat] low and high boundaries for computing mean and std.dev: (1, 302)
[M::mem_pestat] mean and std.dev: (141.35, 47.57)
[M::mem_pestat] low and high boundaries for proper pairs: (1, 367)
[M::mem_pestat] skip orientation RF as there are not enough pairs
[M::mem_pestat] skip orientation RR as there are not enough pairs
[M::mem_process_seqs] Processed 203776 reads in 6.637 CPU sec, 3.416 real sec
[M::process] read 203618 sequences (20000199 bp)...
[M::mem_pestat] # candidate unique pairs for (FF, FR, RF, RR): (1, 98915, 6, 1)
[M::mem_pestat] skip orientation FF as there are not enough pairs
[M::mem_pestat] analyzing insert size distribution for orientation FR...
[M::mem_pestat] (25, 50, 75) percentile: (108, 132, 171)
[M::mem_pestat] low and high boundaries for computing mean and std.dev: (1, 297)
[M::mem_pestat] mean and std.dev: (141.06, 46.99)
[M::mem_pestat] low and high boundaries for proper pairs: (1, 360)
[M::mem_pestat] skip orientation RF as there are not enough pairs
[M::mem_pestat] skip orientation RR as there are not enough pairs
[M::mem_process_seqs] Processed 203800 reads in 6.702 CPU sec, 3.467 real sec
[M::process] read 203822 sequences (20000103 bp)...
[M::mem_pestat] # candidate unique pairs for (FF, FR, RF, RR): (1, 98870, 6, 3)
[M::mem_pestat] skip orientation FF as there are not enough pairs
[M::mem_pestat] analyzing insert size distribution for orientation FR...
[M::mem_pestat] (25, 50, 75) percentile: (108, 132, 171)
[M::mem_pestat] low and high boundaries for computing mean and std.dev: (1, 297)
[M::mem_pestat] mean and std.dev: (141.04, 46.80)
[M::mem_pestat] low and high boundaries for proper pairs: (1, 360)
[M::mem_pestat] skip orientation RF as there are not enough pairs
[M::mem_pestat] skip orientation RR as there are not enough pairs
[M::mem_process_seqs] Processed 203618 reads in 6.673 CPU sec, 3.437 real sec
[M::process] read 203898 sequences (20000101 bp)...
[M::mem_pestat] # candidate unique pairs for (FF, FR, RF, RR): (2, 98966, 4, 2)
[M::mem_pestat] skip orientation FF as there are not enough pairs
[M::mem_pestat] analyzing insert size distribution for orientation FR...
[M::mem_pestat] (25, 50, 75) percentile: (108, 132, 171)
[M::mem_pestat] low and high boundaries for computing mean and std.dev: (1, 297)
[M::mem_pestat] mean and std.dev: (141.07, 46.78)
[M::mem_pestat] low and high boundaries for proper pairs: (1, 360)
[M::mem_pestat] skip orientation RF as there are not enough pairs
[M::mem_pestat] skip orientation RR as there are not enough pairs
[M::mem_process_seqs] Processed 203822 reads in 6.670 CPU sec, 6.141 real sec
[M::process] read 203784 sequences (20000018 bp)...
[M::mem_pestat] # candidate unique pairs for (FF, FR, RF, RR): (1, 99009, 4, 1)
[M::mem_pestat] skip orientation FF as there are not enough pairs
[M::mem_pestat] analyzing insert size distribution for orientation FR...
[M::mem_pestat] (25, 50, 75) percentile: (107, 131, 171)
[M::mem_pestat] low and high boundaries for computing mean and std.dev: (1, 299)
[M::mem_pestat] mean and std.dev: (140.88, 47.03)
[M::mem_pestat] low and high boundaries for proper pairs: (1, 363)
[M::mem_pestat] skip orientation RF as there are not enough pairs
[M::mem_pestat] skip orientation RR as there are not enough pairs
[M::mem_process_seqs] Processed 203898 reads in 6.699 CPU sec, 4.824 real sec
[M::process] read 203980 sequences (20000052 bp)...
[M::mem_pestat] # candidate unique pairs for (FF, FR, RF, RR): (2, 98838, 3, 2)
[M::mem_pestat] skip orientation FF as there are not enough pairs
[M::mem_pestat] analyzing insert size distribution for orientation FR...
[M::mem_pestat] (25, 50, 75) percentile: (108, 132, 171)
[M::mem_pestat] low and high boundaries for computing mean and std.dev: (1, 297)
[M::mem_pestat] mean and std.dev: (141.17, 46.74)
[M::mem_pestat] low and high boundaries for proper pairs: (1, 360)
[M::mem_pestat] skip orientation RF as there are not enough pairs
[M::mem_pestat] skip orientation RR as there are not enough pairs
[M::mem_process_seqs] Processed 203784 reads in 6.823 CPU sec, 3.512 real sec
[M::process] read 204264 sequences (20000018 bp)...
[M::mem_pestat] # candidate unique pairs for (FF, FR, RF, RR): (0, 99000, 4, 1)
[M::mem_pestat] skip orientation FF as there are not enough pairs
[M::mem_pestat] analyzing insert size distribution for orientation FR...
[M::mem_pestat] (25, 50, 75) percentile: (108, 131, 171)
[M::mem_pestat] low and high boundaries for computing mean and std.dev: (1, 297)
[M::mem_pestat] mean and std.dev: (141.07, 46.70)
[M::mem_pestat] low and high boundaries for proper pairs: (1, 360)
[M::mem_pestat] skip orientation RF as there are not enough pairs
[M::mem_pestat] skip orientation RR as there are not enough pairs
[M::mem_process_seqs] Processed 203980 reads in 6.695 CPU sec, 3.440 real sec
[M::process] read 204094 sequences (20000196 bp)...
[M::mem_pestat] # candidate unique pairs for (FF, FR, RF, RR): (0, 99225, 3, 2)
[M::mem_pestat] skip orientation FF as there are not enough pairs
[M::mem_pestat] analyzing insert size distribution for orientation FR...
[M::mem_pestat] (25, 50, 75) percentile: (107, 131, 171)
[M::mem_pestat] low and high boundaries for computing mean and std.dev: (1, 299)
[M::mem_pestat] mean and std.dev: (140.97, 46.86)
[M::mem_pestat] low and high boundaries for proper pairs: (1, 363)
[M::mem_pestat] skip orientation RF as there are not enough pairs
[M::mem_pestat] skip orientation RR as there are not enough pairs
[M::mem_process_seqs] Processed 204264 reads in 6.650 CPU sec, 3.429 real sec
[M::process] read 204492 sequences (20000062 bp)...
[M::mem_pestat] # candidate unique pairs for (FF, FR, RF, RR): (2, 99103, 4, 1)
[M::mem_pestat] skip orientation FF as there are not enough pairs
[M::mem_pestat] analyzing insert size distribution for orientation FR...
[M::mem_pestat] (25, 50, 75) percentile: (107, 131, 170)
[M::mem_pestat] low and high boundaries for computing mean and std.dev: (1, 296)
[M::mem_pestat] mean and std.dev: (140.54, 46.53)
[M::mem_pestat] low and high boundaries for proper pairs: (1, 359)
[M::mem_pestat] skip orientation RF as there are not enough pairs
[M::mem_pestat] skip orientation RR as there are not enough pairs
[M::mem_process_seqs] Processed 204094 reads in 6.665 CPU sec, 3.448 real sec
[M::process] read 204286 sequences (20000170 bp)...
[M::mem_pestat] # candidate unique pairs for (FF, FR, RF, RR): (1, 99297, 4, 3)
[M::mem_pestat] skip orientation FF as there are not enough pairs
[M::mem_pestat] analyzing insert size distribution for orientation FR...
[M::mem_pestat] (25, 50, 75) percentile: (107, 131, 170)
[M::mem_pestat] low and high boundaries for computing mean and std.dev: (1, 296)
[M::mem_pestat] mean and std.dev: (140.67, 46.60)
[M::mem_pestat] low and high boundaries for proper pairs: (1, 359)
[M::mem_pestat] skip orientation RF as there are not enough pairs
[M::mem_pestat] skip orientation RR as there are not enough pairs
[M::mem_process_seqs] Processed 204492 reads in 6.839 CPU sec, 3.536 real sec
[M::process] read 205872 sequences (20000131 bp)...
[M::mem_pestat] # candidate unique pairs for (FF, FR, RF, RR): (1, 99114, 3, 1)
[M::mem_pestat] skip orientation FF as there are not enough pairs
[M::mem_pestat] analyzing insert size distribution for orientation FR...
[M::mem_pestat] (25, 50, 75) percentile: (107, 131, 170)
[M::mem_pestat] low and high boundaries for computing mean and std.dev: (1, 296)
[M::mem_pestat] mean and std.dev: (140.53, 46.49)
[M::mem_pestat] low and high boundaries for proper pairs: (1, 359)
[M::mem_pestat] skip orientation RF as there are not enough pairs
[M::mem_pestat] skip orientation RR as there are not enough pairs
[M::mem_process_seqs] Processed 204286 reads in 6.689 CPU sec, 3.440 real sec
[M::process] read 205148 sequences (20000052 bp)...
[M::mem_pestat] # candidate unique pairs for (FF, FR, RF, RR): (3, 99954, 3, 0)
[M::mem_pestat] skip orientation FF as there are not enough pairs
[M::mem_pestat] analyzing insert size distribution for orientation FR...
[M::mem_pestat] (25, 50, 75) percentile: (107, 131, 169)
[M::mem_pestat] low and high boundaries for computing mean and std.dev: (1, 293)
[M::mem_pestat] mean and std.dev: (140.01, 46.01)
[M::mem_pestat] low and high boundaries for proper pairs: (1, 355)
[M::mem_pestat] skip orientation RF as there are not enough pairs
[M::mem_pestat] skip orientation RR as there are not enough pairs
[M::mem_process_seqs] Processed 205872 reads in 6.759 CPU sec, 3.479 real sec
[M::process] read 204976 sequences (20000080 bp)...
[M::mem_pestat] # candidate unique pairs for (FF, FR, RF, RR): (0, 99459, 9, 0)
[M::mem_pestat] skip orientation FF as there are not enough pairs
[M::mem_pestat] analyzing insert size distribution for orientation FR...
[M::mem_pestat] (25, 50, 75) percentile: (107, 131, 170)
[M::mem_pestat] low and high boundaries for computing mean and std.dev: (1, 296)
[M::mem_pestat] mean and std.dev: (140.73, 46.49)
[M::mem_pestat] low and high boundaries for proper pairs: (1, 359)
[M::mem_pestat] skip orientation RF as there are not enough pairs
[M::mem_pestat] skip orientation RR as there are not enough pairs
[M::mem_process_seqs] Processed 205148 reads in 6.691 CPU sec, 3.440 real sec
[M::process] read 204998 sequences (20000026 bp)...
[M::mem_pestat] # candidate unique pairs for (FF, FR, RF, RR): (1, 99434, 4, 3)
[M::mem_pestat] skip orientation FF as there are not enough pairs
[M::mem_pestat] analyzing insert size distribution for orientation FR...
[M::mem_pestat] (25, 50, 75) percentile: (107, 131, 170)
[M::mem_pestat] low and high boundaries for computing mean and std.dev: (1, 296)
[M::mem_pestat] mean and std.dev: (140.54, 46.48)
[M::mem_pestat] low and high boundaries for proper pairs: (1, 359)
[M::mem_pestat] skip orientation RF as there are not enough pairs
[M::mem_pestat] skip orientation RR as there are not enough pairs
[M::mem_process_seqs] Processed 204976 reads in 6.771 CPU sec, 3.489 real sec
[M::process] read 31448 sequences (3065899 bp)...
[M::mem_pestat] # candidate unique pairs for (FF, FR, RF, RR): (1, 99405, 4, 2)
[M::mem_pestat] skip orientation FF as there are not enough pairs
[M::mem_pestat] analyzing insert size distribution for orientation FR...
[M::mem_pestat] (25, 50, 75) percentile: (107, 131, 169)
[M::mem_pestat] low and high boundaries for computing mean and std.dev: (1, 293)
[M::mem_pestat] mean and std.dev: (140.23, 46.07)
[M::mem_pestat] low and high boundaries for proper pairs: (1, 355)
[M::mem_pestat] skip orientation RF as there are not enough pairs
[M::mem_pestat] skip orientation RR as there are not enough pairs
[M::mem_process_seqs] Processed 204998 reads in 6.487 CPU sec, 3.340 real sec
[M::mem_pestat] # candidate unique pairs for (FF, FR, RF, RR): (0, 15317, 1, 1)
[M::mem_pestat] skip orientation FF as there are not enough pairs
[M::mem_pestat] analyzing insert size distribution for orientation FR...
[M::mem_pestat] (25, 50, 75) percentile: (107, 131, 170)
[M::mem_pestat] low and high boundaries for computing mean and std.dev: (1, 296)
[M::mem_pestat] mean and std.dev: (140.31, 46.61)
[M::mem_pestat] low and high boundaries for proper pairs: (1, 359)
[M::mem_pestat] skip orientation RF as there are not enough pairs
[M::mem_pestat] skip orientation RR as there are not enough pairs
[M::mem_process_seqs] Processed 31448 reads in 1.082 CPU sec, 0.625 real sec
[main] Version: 0.7.19-r1273
[main] CMD: bwa mem -t 2 /proj/uppmax2026-1-61/nobackup/work/dich3309/canu_pacbio_pilon_r2/efaecium_e745_canu_pacbio_pilon_r2.fasta /home/dich3309/rnaseq-tnseq-enterococcus-analysis/data/trimmed_data/rna_bhi_rep3_R1_paired.fastq.gz /home/dich3309/rnaseq-tnseq-enterococcus-analysis/data/trimmed_data/rna_bhi_rep3_R2_paired.fastq.gz
[main] Real time: 443.441 sec; CPU: 825.590 sec
[bam_sort_core] merging from 4 files and 2 in-memory blocks...
24940485 + 0 in total (QC-passed reads + QC-failed reads)
24919036 + 0 primary
0 + 0 secondary
21449 + 0 supplementary
0 + 0 duplicates
0 + 0 primary duplicates
24656225 + 0 mapped (98.86% : N/A)
24634776 + 0 primary mapped (98.86% : N/A)
24919036 + 0 paired in sequencing
12459518 + 0 read1
12459518 + 0 read2
24178030 + 0 properly paired (97.03% : N/A)
24633114 + 0 with itself and mate mapped
1662 + 0 singletons (0.01% : N/A)
2210 + 0 with mate mapped to a different chr
1094 + 0 with mate mapped to a different chr (mapQ>=5)
[2026-05-11 14:00:14] [sample 3 of 6] rna_bhi_rep3 done (0h 8m 40s)
[2026-05-11 14:00:14] [sample 4 of 6] mapping rna_serum_rep1
[M::bwa_idx_load_from_disk] read 0 ALT contigs
[M::process] read 204114 sequences (20000076 bp)...
[M::process] read 204144 sequences (20000075 bp)...
[M::mem_pestat] # candidate unique pairs for (FF, FR, RF, RR): (1, 97986, 7, 3)
[M::mem_pestat] skip orientation FF as there are not enough pairs
[M::mem_pestat] analyzing insert size distribution for orientation FR...
[M::mem_pestat] (25, 50, 75) percentile: (104, 124, 156)
[M::mem_pestat] low and high boundaries for computing mean and std.dev: (1, 260)
[M::mem_pestat] mean and std.dev: (130.96, 39.32)
[M::mem_pestat] low and high boundaries for proper pairs: (1, 312)
[M::mem_pestat] skip orientation RF as there are not enough pairs
[M::mem_pestat] skip orientation RR as there are not enough pairs
[M::mem_process_seqs] Processed 204114 reads in 6.743 CPU sec, 3.434 real sec
[M::process] read 204284 sequences (20000054 bp)...
[M::mem_pestat] # candidate unique pairs for (FF, FR, RF, RR): (1, 97931, 2, 3)
[M::mem_pestat] skip orientation FF as there are not enough pairs
[M::mem_pestat] analyzing insert size distribution for orientation FR...
[M::mem_pestat] (25, 50, 75) percentile: (104, 124, 156)
[M::mem_pestat] low and high boundaries for computing mean and std.dev: (1, 260)
[M::mem_pestat] mean and std.dev: (131.08, 39.44)
[M::mem_pestat] low and high boundaries for proper pairs: (1, 312)
[M::mem_pestat] skip orientation RF as there are not enough pairs
[M::mem_pestat] skip orientation RR as there are not enough pairs
[M::mem_process_seqs] Processed 204144 reads in 6.755 CPU sec, 3.485 real sec
[M::process] read 204166 sequences (20000022 bp)...
[M::mem_pestat] # candidate unique pairs for (FF, FR, RF, RR): (0, 97950, 5, 2)
[M::mem_pestat] skip orientation FF as there are not enough pairs
[M::mem_pestat] analyzing insert size distribution for orientation FR...
[M::mem_pestat] (25, 50, 75) percentile: (104, 124, 156)
[M::mem_pestat] low and high boundaries for computing mean and std.dev: (1, 260)
[M::mem_pestat] mean and std.dev: (131.25, 39.34)
[M::mem_pestat] low and high boundaries for proper pairs: (1, 312)
[M::mem_pestat] skip orientation RF as there are not enough pairs
[M::mem_pestat] skip orientation RR as there are not enough pairs
[M::mem_process_seqs] Processed 204284 reads in 6.819 CPU sec, 3.517 real sec
[M::process] read 204288 sequences (20000122 bp)...
[M::mem_pestat] # candidate unique pairs for (FF, FR, RF, RR): (0, 97915, 5, 2)
[M::mem_pestat] skip orientation FF as there are not enough pairs
[M::mem_pestat] analyzing insert size distribution for orientation FR...
[M::mem_pestat] (25, 50, 75) percentile: (103, 124, 156)
[M::mem_pestat] low and high boundaries for computing mean and std.dev: (1, 262)
[M::mem_pestat] mean and std.dev: (131.12, 39.61)
[M::mem_pestat] low and high boundaries for proper pairs: (1, 315)
[M::mem_pestat] skip orientation RF as there are not enough pairs
[M::mem_pestat] skip orientation RR as there are not enough pairs
[M::mem_process_seqs] Processed 204166 reads in 6.687 CPU sec, 3.443 real sec
[M::process] read 204250 sequences (20000136 bp)...
[M::mem_pestat] # candidate unique pairs for (FF, FR, RF, RR): (0, 97913, 6, 1)
[M::mem_pestat] skip orientation FF as there are not enough pairs
[M::mem_pestat] analyzing insert size distribution for orientation FR...
[M::mem_pestat] (25, 50, 75) percentile: (104, 124, 156)
[M::mem_pestat] low and high boundaries for computing mean and std.dev: (1, 260)
[M::mem_pestat] mean and std.dev: (131.13, 39.34)
[M::mem_pestat] low and high boundaries for proper pairs: (1, 312)
[M::mem_pestat] skip orientation RF as there are not enough pairs
[M::mem_pestat] skip orientation RR as there are not enough pairs
[M::mem_process_seqs] Processed 204288 reads in 6.704 CPU sec, 3.466 real sec
[M::process] read 204108 sequences (20000060 bp)...
[M::mem_pestat] # candidate unique pairs for (FF, FR, RF, RR): (1, 97899, 7, 2)
[M::mem_pestat] skip orientation FF as there are not enough pairs
[M::mem_pestat] analyzing insert size distribution for orientation FR...
[M::mem_pestat] (25, 50, 75) percentile: (103, 124, 155)
[M::mem_pestat] low and high boundaries for computing mean and std.dev: (1, 259)
[M::mem_pestat] mean and std.dev: (130.65, 39.13)
[M::mem_pestat] low and high boundaries for proper pairs: (1, 311)
[M::mem_pestat] skip orientation RF as there are not enough pairs
[M::mem_pestat] skip orientation RR as there are not enough pairs
[M::mem_process_seqs] Processed 204250 reads in 6.771 CPU sec, 3.487 real sec
[M::process] read 204370 sequences (20000126 bp)...
[M::mem_pestat] # candidate unique pairs for (FF, FR, RF, RR): (1, 97807, 4, 1)
[M::mem_pestat] skip orientation FF as there are not enough pairs
[M::mem_pestat] analyzing insert size distribution for orientation FR...
[M::mem_pestat] (25, 50, 75) percentile: (104, 124, 155)
[M::mem_pestat] low and high boundaries for computing mean and std.dev: (2, 257)
[M::mem_pestat] mean and std.dev: (130.56, 38.64)
[M::mem_pestat] low and high boundaries for proper pairs: (1, 308)
[M::mem_pestat] skip orientation RF as there are not enough pairs
[M::mem_pestat] skip orientation RR as there are not enough pairs
[M::mem_process_seqs] Processed 204108 reads in 6.842 CPU sec, 3.522 real sec
[M::process] read 204558 sequences (20000026 bp)...
[M::mem_pestat] # candidate unique pairs for (FF, FR, RF, RR): (2, 98063, 4, 1)
[M::mem_pestat] skip orientation FF as there are not enough pairs
[M::mem_pestat] analyzing insert size distribution for orientation FR...
[M::mem_pestat] (25, 50, 75) percentile: (103, 124, 155)
[M::mem_pestat] low and high boundaries for computing mean and std.dev: (1, 259)
[M::mem_pestat] mean and std.dev: (130.67, 39.18)
[M::mem_pestat] low and high boundaries for proper pairs: (1, 311)
[M::mem_pestat] skip orientation RF as there are not enough pairs
[M::mem_pestat] skip orientation RR as there are not enough pairs
[M::mem_process_seqs] Processed 204370 reads in 6.843 CPU sec, 3.525 real sec
[M::process] read 204520 sequences (20000032 bp)...
[M::mem_pestat] # candidate unique pairs for (FF, FR, RF, RR): (0, 98056, 4, 0)
[M::mem_pestat] skip orientation FF as there are not enough pairs
[M::mem_pestat] analyzing insert size distribution for orientation FR...
[M::mem_pestat] (25, 50, 75) percentile: (104, 124, 156)
[M::mem_pestat] low and high boundaries for computing mean and std.dev: (1, 260)
[M::mem_pestat] mean and std.dev: (131.02, 39.28)
[M::mem_pestat] low and high boundaries for proper pairs: (1, 312)
[M::mem_pestat] skip orientation RF as there are not enough pairs
[M::mem_pestat] skip orientation RR as there are not enough pairs
[M::mem_process_seqs] Processed 204558 reads in 6.784 CPU sec, 3.530 real sec
[M::process] read 204496 sequences (20000136 bp)...
[M::mem_pestat] # candidate unique pairs for (FF, FR, RF, RR): (0, 97946, 2, 1)
[M::mem_pestat] skip orientation FF as there are not enough pairs
[M::mem_pestat] analyzing insert size distribution for orientation FR...
[M::mem_pestat] (25, 50, 75) percentile: (103, 123, 156)
[M::mem_pestat] low and high boundaries for computing mean and std.dev: (1, 262)
[M::mem_pestat] mean and std.dev: (130.95, 39.54)
[M::mem_pestat] low and high boundaries for proper pairs: (1, 315)
[M::mem_pestat] skip orientation RF as there are not enough pairs
[M::mem_pestat] skip orientation RR as there are not enough pairs
[M::mem_process_seqs] Processed 204520 reads in 6.796 CPU sec, 3.494 real sec
[M::process] read 204510 sequences (20000056 bp)...
[M::mem_pestat] # candidate unique pairs for (FF, FR, RF, RR): (0, 98069, 6, 1)
[M::mem_pestat] skip orientation FF as there are not enough pairs
[M::mem_pestat] analyzing insert size distribution for orientation FR...
[M::mem_pestat] (25, 50, 75) percentile: (103, 124, 156)
[M::mem_pestat] low and high boundaries for computing mean and std.dev: (1, 262)
[M::mem_pestat] mean and std.dev: (130.97, 39.67)
[M::mem_pestat] low and high boundaries for proper pairs: (1, 315)
[M::mem_pestat] skip orientation RF as there are not enough pairs
[M::mem_pestat] skip orientation RR as there are not enough pairs
[M::mem_process_seqs] Processed 204496 reads in 6.778 CPU sec, 3.509 real sec
[M::process] read 204696 sequences (20000019 bp)...
[M::mem_pestat] # candidate unique pairs for (FF, FR, RF, RR): (2, 98002, 2, 3)
[M::mem_pestat] skip orientation FF as there are not enough pairs
[M::mem_pestat] analyzing insert size distribution for orientation FR...
[M::mem_pestat] (25, 50, 75) percentile: (104, 124, 156)
[M::mem_pestat] low and high boundaries for computing mean and std.dev: (1, 260)
[M::mem_pestat] mean and std.dev: (130.85, 39.23)
[M::mem_pestat] low and high boundaries for proper pairs: (1, 312)
[M::mem_pestat] skip orientation RF as there are not enough pairs
[M::mem_pestat] skip orientation RR as there are not enough pairs
[M::mem_process_seqs] Processed 204510 reads in 6.805 CPU sec, 3.502 real sec
[M::process] read 204614 sequences (20000119 bp)...
[M::mem_pestat] # candidate unique pairs for (FF, FR, RF, RR): (1, 98128, 4, 0)
[M::mem_pestat] skip orientation FF as there are not enough pairs
[M::mem_pestat] analyzing insert size distribution for orientation FR...
[M::mem_pestat] (25, 50, 75) percentile: (103, 124, 155)
[M::mem_pestat] low and high boundaries for computing mean and std.dev: (1, 259)
[M::mem_pestat] mean and std.dev: (130.47, 39.04)
[M::mem_pestat] low and high boundaries for proper pairs: (1, 311)
[M::mem_pestat] skip orientation RF as there are not enough pairs
[M::mem_pestat] skip orientation RR as there are not enough pairs
[M::mem_process_seqs] Processed 204696 reads in 6.784 CPU sec, 3.484 real sec
[M::process] read 204660 sequences (20000109 bp)...
[M::mem_pestat] # candidate unique pairs for (FF, FR, RF, RR): (2, 98131, 3, 0)
[M::mem_pestat] skip orientation FF as there are not enough pairs
[M::mem_pestat] analyzing insert size distribution for orientation FR...
[M::mem_pestat] (25, 50, 75) percentile: (103, 124, 155)
[M::mem_pestat] low and high boundaries for computing mean and std.dev: (1, 259)
[M::mem_pestat] mean and std.dev: (130.69, 39.10)
[M::mem_pestat] low and high boundaries for proper pairs: (1, 311)
[M::mem_pestat] skip orientation RF as there are not enough pairs
[M::mem_pestat] skip orientation RR as there are not enough pairs
[M::mem_process_seqs] Processed 204614 reads in 6.836 CPU sec, 3.512 real sec
[M::process] read 204654 sequences (20000144 bp)...
[M::mem_pestat] # candidate unique pairs for (FF, FR, RF, RR): (1, 98202, 6, 0)
[M::mem_pestat] skip orientation FF as there are not enough pairs
[M::mem_pestat] analyzing insert size distribution for orientation FR...
[M::mem_pestat] (25, 50, 75) percentile: (103, 123, 155)
[M::mem_pestat] low and high boundaries for computing mean and std.dev: (1, 259)
[M::mem_pestat] mean and std.dev: (130.36, 38.94)
[M::mem_pestat] low and high boundaries for proper pairs: (1, 311)
[M::mem_pestat] skip orientation RF as there are not enough pairs
[M::mem_pestat] skip orientation RR as there are not enough pairs
[M::mem_process_seqs] Processed 204660 reads in 6.743 CPU sec, 3.492 real sec
[M::process] read 204764 sequences (20000146 bp)...
[M::mem_pestat] # candidate unique pairs for (FF, FR, RF, RR): (0, 98234, 2, 1)
[M::mem_pestat] skip orientation FF as there are not enough pairs
[M::mem_pestat] analyzing insert size distribution for orientation FR...
[M::mem_pestat] (25, 50, 75) percentile: (103, 123, 155)
[M::mem_pestat] low and high boundaries for computing mean and std.dev: (1, 259)
[M::mem_pestat] mean and std.dev: (130.48, 39.04)
[M::mem_pestat] low and high boundaries for proper pairs: (1, 311)
[M::mem_pestat] skip orientation RF as there are not enough pairs
[M::mem_pestat] skip orientation RR as there are not enough pairs
[M::mem_process_seqs] Processed 204654 reads in 6.764 CPU sec, 3.479 real sec
[M::process] read 204846 sequences (20000163 bp)...
[M::mem_pestat] # candidate unique pairs for (FF, FR, RF, RR): (1, 98207, 3, 2)
[M::mem_pestat] skip orientation FF as there are not enough pairs
[M::mem_pestat] analyzing insert size distribution for orientation FR...
[M::mem_pestat] (25, 50, 75) percentile: (103, 123, 155)
[M::mem_pestat] low and high boundaries for computing mean and std.dev: (1, 259)
[M::mem_pestat] mean and std.dev: (130.39, 39.14)
[M::mem_pestat] low and high boundaries for proper pairs: (1, 311)
[M::mem_pestat] skip orientation RF as there are not enough pairs
[M::mem_pestat] skip orientation RR as there are not enough pairs
[M::mem_process_seqs] Processed 204764 reads in 6.752 CPU sec, 3.469 real sec
[M::process] read 204686 sequences (20000195 bp)...
[M::mem_pestat] # candidate unique pairs for (FF, FR, RF, RR): (1, 98147, 5, 2)
[M::mem_pestat] skip orientation FF as there are not enough pairs
[M::mem_pestat] analyzing insert size distribution for orientation FR...
[M::mem_pestat] (25, 50, 75) percentile: (103, 124, 155)
[M::mem_pestat] low and high boundaries for computing mean and std.dev: (1, 259)
[M::mem_pestat] mean and std.dev: (130.50, 39.01)
[M::mem_pestat] low and high boundaries for proper pairs: (1, 311)
[M::mem_pestat] skip orientation RF as there are not enough pairs
[M::mem_pestat] skip orientation RR as there are not enough pairs
[M::mem_process_seqs] Processed 204846 reads in 6.786 CPU sec, 3.489 real sec
[M::process] read 204838 sequences (20000026 bp)...
[M::mem_pestat] # candidate unique pairs for (FF, FR, RF, RR): (4, 98135, 9, 2)
[M::mem_pestat] skip orientation FF as there are not enough pairs
[M::mem_pestat] analyzing insert size distribution for orientation FR...
[M::mem_pestat] (25, 50, 75) percentile: (103, 123, 155)
[M::mem_pestat] low and high boundaries for computing mean and std.dev: (1, 259)
[M::mem_pestat] mean and std.dev: (130.38, 39.05)
[M::mem_pestat] low and high boundaries for proper pairs: (1, 311)
[M::mem_pestat] skip orientation RF as there are not enough pairs
[M::mem_pestat] skip orientation RR as there are not enough pairs
[M::mem_process_seqs] Processed 204686 reads in 6.721 CPU sec, 3.459 real sec
[M::process] read 204800 sequences (20000087 bp)...
[M::mem_pestat] # candidate unique pairs for (FF, FR, RF, RR): (2, 98153, 5, 0)
[M::mem_pestat] skip orientation FF as there are not enough pairs
[M::mem_pestat] analyzing insert size distribution for orientation FR...
[M::mem_pestat] (25, 50, 75) percentile: (103, 123, 155)
[M::mem_pestat] low and high boundaries for computing mean and std.dev: (1, 259)
[M::mem_pestat] mean and std.dev: (130.38, 38.88)
[M::mem_pestat] low and high boundaries for proper pairs: (1, 311)
[M::mem_pestat] skip orientation RF as there are not enough pairs
[M::mem_pestat] skip orientation RR as there are not enough pairs
[M::mem_process_seqs] Processed 204838 reads in 6.752 CPU sec, 3.481 real sec
[M::process] read 204804 sequences (20000083 bp)...
[M::mem_pestat] # candidate unique pairs for (FF, FR, RF, RR): (1, 98171, 2, 4)
[M::mem_pestat] skip orientation FF as there are not enough pairs
[M::mem_pestat] analyzing insert size distribution for orientation FR...
[M::mem_pestat] (25, 50, 75) percentile: (103, 124, 155)
[M::mem_pestat] low and high boundaries for computing mean and std.dev: (1, 259)
[M::mem_pestat] mean and std.dev: (130.56, 39.07)
[M::mem_pestat] low and high boundaries for proper pairs: (1, 311)
[M::mem_pestat] skip orientation RF as there are not enough pairs
[M::mem_pestat] skip orientation RR as there are not enough pairs
[M::mem_process_seqs] Processed 204800 reads in 6.801 CPU sec, 3.522 real sec
[M::process] read 204910 sequences (20000052 bp)...
[M::mem_pestat] # candidate unique pairs for (FF, FR, RF, RR): (1, 98186, 5, 2)
[M::mem_pestat] skip orientation FF as there are not enough pairs
[M::mem_pestat] analyzing insert size distribution for orientation FR...
[M::mem_pestat] (25, 50, 75) percentile: (103, 123, 154)
[M::mem_pestat] low and high boundaries for computing mean and std.dev: (1, 256)
[M::mem_pestat] mean and std.dev: (129.81, 38.32)
[M::mem_pestat] low and high boundaries for proper pairs: (1, 307)
[M::mem_pestat] skip orientation RF as there are not enough pairs
[M::mem_pestat] skip orientation RR as there are not enough pairs
[M::mem_process_seqs] Processed 204804 reads in 6.799 CPU sec, 3.495 real sec
[M::process] read 205200 sequences (20000135 bp)...
[M::mem_pestat] # candidate unique pairs for (FF, FR, RF, RR): (2, 98157, 3, 5)
[M::mem_pestat] skip orientation FF as there are not enough pairs
[M::mem_pestat] analyzing insert size distribution for orientation FR...
[M::mem_pestat] (25, 50, 75) percentile: (103, 123, 155)
[M::mem_pestat] low and high boundaries for computing mean and std.dev: (1, 259)
[M::mem_pestat] mean and std.dev: (130.23, 38.81)
[M::mem_pestat] low and high boundaries for proper pairs: (1, 311)
[M::mem_pestat] skip orientation RF as there are not enough pairs
[M::mem_pestat] skip orientation RR as there are not enough pairs
[M::mem_process_seqs] Processed 204910 reads in 6.762 CPU sec, 3.485 real sec
[M::process] read 205196 sequences (20000141 bp)...
[M::mem_pestat] # candidate unique pairs for (FF, FR, RF, RR): (0, 98366, 8, 1)
[M::mem_pestat] skip orientation FF as there are not enough pairs
[M::mem_pestat] analyzing insert size distribution for orientation FR...
[M::mem_pestat] (25, 50, 75) percentile: (103, 123, 154)
[M::mem_pestat] low and high boundaries for computing mean and std.dev: (1, 256)
[M::mem_pestat] mean and std.dev: (129.79, 38.47)
[M::mem_pestat] low and high boundaries for proper pairs: (1, 307)
[M::mem_pestat] skip orientation RF as there are not enough pairs
[M::mem_pestat] skip orientation RR as there are not enough pairs
[M::mem_process_seqs] Processed 205200 reads in 6.752 CPU sec, 3.472 real sec
[M::process] read 205268 sequences (20000139 bp)...
[M::mem_pestat] # candidate unique pairs for (FF, FR, RF, RR): (1, 98237, 3, 1)
[M::mem_pestat] skip orientation FF as there are not enough pairs
[M::mem_pestat] analyzing insert size distribution for orientation FR...
[M::mem_pestat] (25, 50, 75) percentile: (103, 123, 154)
[M::mem_pestat] low and high boundaries for computing mean and std.dev: (1, 256)
[M::mem_pestat] mean and std.dev: (129.96, 38.54)
[M::mem_pestat] low and high boundaries for proper pairs: (1, 307)
[M::mem_pestat] skip orientation RF as there are not enough pairs
[M::mem_pestat] skip orientation RR as there are not enough pairs
[M::mem_process_seqs] Processed 205196 reads in 6.850 CPU sec, 3.536 real sec
[M::process] read 205312 sequences (20000137 bp)...
[M::mem_pestat] # candidate unique pairs for (FF, FR, RF, RR): (0, 98340, 5, 0)
[M::mem_pestat] skip orientation FF as there are not enough pairs
[M::mem_pestat] analyzing insert size distribution for orientation FR...
[M::mem_pestat] (25, 50, 75) percentile: (103, 123, 155)
[M::mem_pestat] low and high boundaries for computing mean and std.dev: (1, 259)
[M::mem_pestat] mean and std.dev: (130.15, 38.80)
[M::mem_pestat] low and high boundaries for proper pairs: (1, 311)
[M::mem_pestat] skip orientation RF as there are not enough pairs
[M::mem_pestat] skip orientation RR as there are not enough pairs
[M::mem_process_seqs] Processed 205268 reads in 6.800 CPU sec, 3.491 real sec
[M::process] read 206000 sequences (20000104 bp)...
[M::mem_pestat] # candidate unique pairs for (FF, FR, RF, RR): (1, 98286, 7, 2)
[M::mem_pestat] skip orientation FF as there are not enough pairs
[M::mem_pestat] analyzing insert size distribution for orientation FR...
[M::mem_pestat] (25, 50, 75) percentile: (103, 123, 154)
[M::mem_pestat] low and high boundaries for computing mean and std.dev: (1, 256)
[M::mem_pestat] mean and std.dev: (129.72, 38.35)
[M::mem_pestat] low and high boundaries for proper pairs: (1, 307)
[M::mem_pestat] skip orientation RF as there are not enough pairs
[M::mem_pestat] skip orientation RR as there are not enough pairs
[M::mem_process_seqs] Processed 205312 reads in 6.799 CPU sec, 3.499 real sec
[M::process] read 206796 sequences (20000021 bp)...
[M::mem_pestat] # candidate unique pairs for (FF, FR, RF, RR): (1, 98595, 6, 2)
[M::mem_pestat] skip orientation FF as there are not enough pairs
[M::mem_pestat] analyzing insert size distribution for orientation FR...
[M::mem_pestat] (25, 50, 75) percentile: (103, 123, 154)
[M::mem_pestat] low and high boundaries for computing mean and std.dev: (1, 256)
[M::mem_pestat] mean and std.dev: (129.77, 38.25)
[M::mem_pestat] low and high boundaries for proper pairs: (1, 307)
[M::mem_pestat] skip orientation RF as there are not enough pairs
[M::mem_pestat] skip orientation RR as there are not enough pairs
[M::mem_process_seqs] Processed 206000 reads in 6.784 CPU sec, 3.492 real sec
[M::mem_pestat] # candidate unique pairs for (FF, FR, RF, RR): (1, 99020, 3, 0)
[M::mem_pestat] skip orientation FF as there are not enough pairs
[M::mem_pestat] analyzing insert size distribution for orientation FR...
[M::mem_pestat] (25, 50, 75) percentile: (103, 123, 154)
[M::mem_pestat] low and high boundaries for computing mean and std.dev: (1, 256)
[M::mem_pestat] mean and std.dev: (130.06, 38.39)
[M::mem_pestat] low and high boundaries for proper pairs: (1, 307)
[M::mem_pestat] skip orientation RF as there are not enough pairs
[M::mem_pestat] skip orientation RR as there are not enough pairs
[M::mem_process_seqs] Processed 206796 reads in 6.714 CPU sec, 6.716 real sec
[M::process] read 205584 sequences (20000015 bp)...
[M::process] read 206994 sequences (20000074 bp)...
[M::mem_pestat] # candidate unique pairs for (FF, FR, RF, RR): (0, 98479, 10, 1)
[M::mem_pestat] skip orientation FF as there are not enough pairs
[M::mem_pestat] analyzing insert size distribution for orientation FR...
[M::mem_pestat] (25, 50, 75) percentile: (103, 123, 154)
[M::mem_pestat] low and high boundaries for computing mean and std.dev: (1, 256)
[M::mem_pestat] mean and std.dev: (129.76, 38.47)
[M::mem_pestat] low and high boundaries for proper pairs: (1, 307)
[M::mem_pestat] analyzing insert size distribution for orientation RF...
[M::mem_pestat] (25, 50, 75) percentile: (46, 73, 109)
[M::mem_pestat] low and high boundaries for computing mean and std.dev: (1, 235)
[M::mem_pestat] mean and std.dev: (72.80, 39.63)
[M::mem_pestat] low and high boundaries for proper pairs: (1, 298)
[M::mem_pestat] skip orientation RR as there are not enough pairs
[M::mem_pestat] skip orientation RF
[M::mem_process_seqs] Processed 205584 reads in 6.650 CPU sec, 3.396 real sec
[M::process] read 205740 sequences (20000009 bp)...
[M::mem_pestat] # candidate unique pairs for (FF, FR, RF, RR): (1, 99132, 5, 0)
[M::mem_pestat] skip orientation FF as there are not enough pairs
[M::mem_pestat] analyzing insert size distribution for orientation FR...
[M::mem_pestat] (25, 50, 75) percentile: (103, 123, 154)
[M::mem_pestat] low and high boundaries for computing mean and std.dev: (1, 256)
[M::mem_pestat] mean and std.dev: (129.74, 38.30)
[M::mem_pestat] low and high boundaries for proper pairs: (1, 307)
[M::mem_pestat] skip orientation RF as there are not enough pairs
[M::mem_pestat] skip orientation RR as there are not enough pairs
[M::mem_process_seqs] Processed 206994 reads in 6.788 CPU sec, 3.501 real sec
[M::process] read 204122 sequences (20000127 bp)...
[M::mem_pestat] # candidate unique pairs for (FF, FR, RF, RR): (0, 98567, 3, 3)
[M::mem_pestat] skip orientation FF as there are not enough pairs
[M::mem_pestat] analyzing insert size distribution for orientation FR...
[M::mem_pestat] (25, 50, 75) percentile: (103, 123, 154)
[M::mem_pestat] low and high boundaries for computing mean and std.dev: (1, 256)
[M::mem_pestat] mean and std.dev: (129.67, 38.32)
[M::mem_pestat] low and high boundaries for proper pairs: (1, 307)
[M::mem_pestat] skip orientation RF as there are not enough pairs
[M::mem_pestat] skip orientation RR as there are not enough pairs
[M::mem_process_seqs] Processed 205740 reads in 6.698 CPU sec, 3.467 real sec
[M::process] read 204074 sequences (20000094 bp)...
[M::mem_pestat] # candidate unique pairs for (FF, FR, RF, RR): (4, 97925, 3, 3)
[M::mem_pestat] skip orientation FF as there are not enough pairs
[M::mem_pestat] analyzing insert size distribution for orientation FR...
[M::mem_pestat] (25, 50, 75) percentile: (104, 124, 157)
[M::mem_pestat] low and high boundaries for computing mean and std.dev: (1, 263)
[M::mem_pestat] mean and std.dev: (131.60, 39.92)
[M::mem_pestat] low and high boundaries for proper pairs: (1, 316)
[M::mem_pestat] skip orientation RF as there are not enough pairs
[M::mem_pestat] skip orientation RR as there are not enough pairs
[M::mem_process_seqs] Processed 204122 reads in 6.715 CPU sec, 3.454 real sec
[M::process] read 204270 sequences (20000172 bp)...
[M::mem_pestat] # candidate unique pairs for (FF, FR, RF, RR): (0, 97916, 3, 2)
[M::mem_pestat] skip orientation FF as there are not enough pairs
[M::mem_pestat] analyzing insert size distribution for orientation FR...
[M::mem_pestat] (25, 50, 75) percentile: (104, 124, 156)
[M::mem_pestat] low and high boundaries for computing mean and std.dev: (1, 260)
[M::mem_pestat] mean and std.dev: (131.02, 39.18)
[M::mem_pestat] low and high boundaries for proper pairs: (1, 312)
[M::mem_pestat] skip orientation RF as there are not enough pairs
[M::mem_pestat] skip orientation RR as there are not enough pairs
[M::mem_process_seqs] Processed 204074 reads in 6.805 CPU sec, 3.493 real sec
[M::process] read 204082 sequences (20000110 bp)...
[M::mem_pestat] # candidate unique pairs for (FF, FR, RF, RR): (2, 98020, 3, 1)
[M::mem_pestat] skip orientation FF as there are not enough pairs
[M::mem_pestat] analyzing insert size distribution for orientation FR...
[M::mem_pestat] (25, 50, 75) percentile: (104, 124, 156)
[M::mem_pestat] low and high boundaries for computing mean and std.dev: (1, 260)
[M::mem_pestat] mean and std.dev: (131.15, 39.03)
[M::mem_pestat] low and high boundaries for proper pairs: (1, 312)
[M::mem_pestat] skip orientation RF as there are not enough pairs
[M::mem_pestat] skip orientation RR as there are not enough pairs
[M::mem_process_seqs] Processed 204270 reads in 6.775 CPU sec, 3.479 real sec
[M::process] read 204308 sequences (20000166 bp)...
[M::mem_pestat] # candidate unique pairs for (FF, FR, RF, RR): (0, 97882, 10, 1)
[M::mem_pestat] skip orientation FF as there are not enough pairs
[M::mem_pestat] analyzing insert size distribution for orientation FR...
[M::mem_pestat] (25, 50, 75) percentile: (104, 124, 156)
[M::mem_pestat] low and high boundaries for computing mean and std.dev: (1, 260)
[M::mem_pestat] mean and std.dev: (131.21, 39.50)
[M::mem_pestat] low and high boundaries for proper pairs: (1, 312)
[M::mem_pestat] analyzing insert size distribution for orientation RF...
[M::mem_pestat] (25, 50, 75) percentile: (5, 17, 29)
[M::mem_pestat] low and high boundaries for computing mean and std.dev: (1, 77)
[M::mem_pestat] mean and std.dev: (20.20, 15.97)
[M::mem_pestat] low and high boundaries for proper pairs: (1, 101)
[M::mem_pestat] skip orientation RR as there are not enough pairs
[M::mem_pestat] skip orientation RF
[M::mem_process_seqs] Processed 204082 reads in 6.781 CPU sec, 3.504 real sec
[M::process] read 204108 sequences (20000004 bp)...
[M::mem_pestat] # candidate unique pairs for (FF, FR, RF, RR): (1, 97957, 5, 3)
[M::mem_pestat] skip orientation FF as there are not enough pairs
[M::mem_pestat] analyzing insert size distribution for orientation FR...
[M::mem_pestat] (25, 50, 75) percentile: (104, 124, 156)
[M::mem_pestat] low and high boundaries for computing mean and std.dev: (1, 260)
[M::mem_pestat] mean and std.dev: (131.08, 39.18)
[M::mem_pestat] low and high boundaries for proper pairs: (1, 312)
[M::mem_pestat] skip orientation RF as there are not enough pairs
[M::mem_pestat] skip orientation RR as there are not enough pairs
[M::mem_process_seqs] Processed 204308 reads in 6.782 CPU sec, 3.493 real sec
[M::process] read 204088 sequences (20000080 bp)...
[M::mem_pestat] # candidate unique pairs for (FF, FR, RF, RR): (0, 97911, 5, 3)
[M::mem_pestat] skip orientation FF as there are not enough pairs
[M::mem_pestat] analyzing insert size distribution for orientation FR...
[M::mem_pestat] (25, 50, 75) percentile: (104, 124, 155)
[M::mem_pestat] low and high boundaries for computing mean and std.dev: (2, 257)
[M::mem_pestat] mean and std.dev: (130.53, 38.55)
[M::mem_pestat] low and high boundaries for proper pairs: (1, 308)
[M::mem_pestat] skip orientation RF as there are not enough pairs
[M::mem_pestat] skip orientation RR as there are not enough pairs
[M::mem_process_seqs] Processed 204108 reads in 6.769 CPU sec, 3.483 real sec
[M::process] read 204346 sequences (20000061 bp)...
[M::mem_pestat] # candidate unique pairs for (FF, FR, RF, RR): (2, 97927, 4, 2)
[M::mem_pestat] skip orientation FF as there are not enough pairs
[M::mem_pestat] analyzing insert size distribution for orientation FR...
[M::mem_pestat] (25, 50, 75) percentile: (104, 124, 156)
[M::mem_pestat] low and high boundaries for computing mean and std.dev: (1, 260)
[M::mem_pestat] mean and std.dev: (131.19, 39.36)
[M::mem_pestat] low and high boundaries for proper pairs: (1, 312)
[M::mem_pestat] skip orientation RF as there are not enough pairs
[M::mem_pestat] skip orientation RR as there are not enough pairs
[M::mem_process_seqs] Processed 204088 reads in 6.785 CPU sec, 3.492 real sec
[M::process] read 204578 sequences (20000055 bp)...
[M::mem_pestat] # candidate unique pairs for (FF, FR, RF, RR): (1, 97817, 2, 2)
[M::mem_pestat] skip orientation FF as there are not enough pairs
[M::mem_pestat] analyzing insert size distribution for orientation FR...
[M::mem_pestat] (25, 50, 75) percentile: (104, 124, 156)
[M::mem_pestat] low and high boundaries for computing mean and std.dev: (1, 260)
[M::mem_pestat] mean and std.dev: (130.90, 39.27)
[M::mem_pestat] low and high boundaries for proper pairs: (1, 312)
[M::mem_pestat] skip orientation RF as there are not enough pairs
[M::mem_pestat] skip orientation RR as there are not enough pairs
[M::mem_process_seqs] Processed 204346 reads in 6.820 CPU sec, 3.521 real sec
[M::process] read 204310 sequences (20000153 bp)...
[M::mem_pestat] # candidate unique pairs for (FF, FR, RF, RR): (3, 98060, 6, 3)
[M::mem_pestat] skip orientation FF as there are not enough pairs
[M::mem_pestat] analyzing insert size distribution for orientation FR...
[M::mem_pestat] (25, 50, 75) percentile: (104, 124, 156)
[M::mem_pestat] low and high boundaries for computing mean and std.dev: (1, 260)
[M::mem_pestat] mean and std.dev: (131.05, 39.29)
[M::mem_pestat] low and high boundaries for proper pairs: (1, 312)
[M::mem_pestat] skip orientation RF as there are not enough pairs
[M::mem_pestat] skip orientation RR as there are not enough pairs
[M::mem_process_seqs] Processed 204578 reads in 6.849 CPU sec, 3.550 real sec
[M::process] read 204280 sequences (20000117 bp)...
[M::mem_pestat] # candidate unique pairs for (FF, FR, RF, RR): (1, 97889, 2, 3)
[M::mem_pestat] skip orientation FF as there are not enough pairs
[M::mem_pestat] analyzing insert size distribution for orientation FR...
[M::mem_pestat] (25, 50, 75) percentile: (103, 124, 156)
[M::mem_pestat] low and high boundaries for computing mean and std.dev: (1, 262)
[M::mem_pestat] mean and std.dev: (131.19, 39.49)
[M::mem_pestat] low and high boundaries for proper pairs: (1, 315)
[M::mem_pestat] skip orientation RF as there are not enough pairs
[M::mem_pestat] skip orientation RR as there are not enough pairs
[M::mem_process_seqs] Processed 204310 reads in 6.764 CPU sec, 3.476 real sec
[M::process] read 204538 sequences (20000125 bp)...
[M::mem_pestat] # candidate unique pairs for (FF, FR, RF, RR): (1, 97800, 9, 1)
[M::mem_pestat] skip orientation FF as there are not enough pairs
[M::mem_pestat] analyzing insert size distribution for orientation FR...
[M::mem_pestat] (25, 50, 75) percentile: (104, 124, 155)
[M::mem_pestat] low and high boundaries for computing mean and std.dev: (2, 257)
[M::mem_pestat] mean and std.dev: (130.65, 38.74)
[M::mem_pestat] low and high boundaries for proper pairs: (1, 308)
[M::mem_pestat] skip orientation RF as there are not enough pairs
[M::mem_pestat] skip orientation RR as there are not enough pairs
[M::mem_process_seqs] Processed 204280 reads in 6.779 CPU sec, 3.497 real sec
[M::process] read 204380 sequences (20000123 bp)...
[M::mem_pestat] # candidate unique pairs for (FF, FR, RF, RR): (3, 98162, 5, 1)
[M::mem_pestat] skip orientation FF as there are not enough pairs
[M::mem_pestat] analyzing insert size distribution for orientation FR...
[M::mem_pestat] (25, 50, 75) percentile: (104, 124, 155)
[M::mem_pestat] low and high boundaries for computing mean and std.dev: (2, 257)
[M::mem_pestat] mean and std.dev: (130.45, 38.46)
[M::mem_pestat] low and high boundaries for proper pairs: (1, 308)
[M::mem_pestat] skip orientation RF as there are not enough pairs
[M::mem_pestat] skip orientation RR as there are not enough pairs
[M::mem_process_seqs] Processed 204538 reads in 6.766 CPU sec, 3.489 real sec
[M::process] read 204406 sequences (20000048 bp)...
[M::mem_pestat] # candidate unique pairs for (FF, FR, RF, RR): (2, 97917, 2, 1)
[M::mem_pestat] skip orientation FF as there are not enough pairs
[M::mem_pestat] analyzing insert size distribution for orientation FR...
[M::mem_pestat] (25, 50, 75) percentile: (103, 124, 156)
[M::mem_pestat] low and high boundaries for computing mean and std.dev: (1, 262)
[M::mem_pestat] mean and std.dev: (130.97, 39.51)
[M::mem_pestat] low and high boundaries for proper pairs: (1, 315)
[M::mem_pestat] skip orientation RF as there are not enough pairs
[M::mem_pestat] skip orientation RR as there are not enough pairs
[M::mem_process_seqs] Processed 204380 reads in 6.796 CPU sec, 3.509 real sec
[M::process] read 204458 sequences (20000035 bp)...
[M::mem_pestat] # candidate unique pairs for (FF, FR, RF, RR): (0, 97992, 4, 1)
[M::mem_pestat] skip orientation FF as there are not enough pairs
[M::mem_pestat] analyzing insert size distribution for orientation FR...
[M::mem_pestat] (25, 50, 75) percentile: (103, 124, 155)
[M::mem_pestat] low and high boundaries for computing mean and std.dev: (1, 259)
[M::mem_pestat] mean and std.dev: (130.49, 38.87)
[M::mem_pestat] low and high boundaries for proper pairs: (1, 311)
[M::mem_pestat] skip orientation RF as there are not enough pairs
[M::mem_pestat] skip orientation RR as there are not enough pairs
[M::mem_process_seqs] Processed 204406 reads in 6.840 CPU sec, 3.533 real sec
[M::process] read 204734 sequences (20000047 bp)...
[M::mem_pestat] # candidate unique pairs for (FF, FR, RF, RR): (0, 98016, 5, 4)
[M::mem_pestat] skip orientation FF as there are not enough pairs
[M::mem_pestat] analyzing insert size distribution for orientation FR...
[M::mem_pestat] (25, 50, 75) percentile: (104, 124, 156)
[M::mem_pestat] low and high boundaries for computing mean and std.dev: (1, 260)
[M::mem_pestat] mean and std.dev: (130.75, 39.09)
[M::mem_pestat] low and high boundaries for proper pairs: (1, 312)
[M::mem_pestat] skip orientation RF as there are not enough pairs
[M::mem_pestat] skip orientation RR as there are not enough pairs
[M::mem_process_seqs] Processed 204458 reads in 6.856 CPU sec, 3.526 real sec
[M::process] read 204632 sequences (20000176 bp)...
[M::mem_pestat] # candidate unique pairs for (FF, FR, RF, RR): (1, 98204, 4, 3)
[M::mem_pestat] skip orientation FF as there are not enough pairs
[M::mem_pestat] analyzing insert size distribution for orientation FR...
[M::mem_pestat] (25, 50, 75) percentile: (103, 124, 155)
[M::mem_pestat] low and high boundaries for computing mean and std.dev: (1, 259)
[M::mem_pestat] mean and std.dev: (130.48, 39.10)
[M::mem_pestat] low and high boundaries for proper pairs: (1, 311)
[M::mem_pestat] skip orientation RF as there are not enough pairs
[M::mem_pestat] skip orientation RR as there are not enough pairs
[M::mem_process_seqs] Processed 204734 reads in 6.779 CPU sec, 3.481 real sec
[M::process] read 204774 sequences (20000048 bp)...
[M::mem_pestat] # candidate unique pairs for (FF, FR, RF, RR): (1, 98019, 2, 1)
[M::mem_pestat] skip orientation FF as there are not enough pairs
[M::mem_pestat] analyzing insert size distribution for orientation FR...
[M::mem_pestat] (25, 50, 75) percentile: (103, 123, 155)
[M::mem_pestat] low and high boundaries for computing mean and std.dev: (1, 259)
[M::mem_pestat] mean and std.dev: (130.50, 38.93)
[M::mem_pestat] low and high boundaries for proper pairs: (1, 311)
[M::mem_pestat] skip orientation RF as there are not enough pairs
[M::mem_pestat] skip orientation RR as there are not enough pairs
[M::mem_process_seqs] Processed 204632 reads in 6.848 CPU sec, 3.521 real sec
[M::process] read 204560 sequences (20000035 bp)...
[M::mem_pestat] # candidate unique pairs for (FF, FR, RF, RR): (0, 98230, 1, 3)
[M::mem_pestat] skip orientation FF as there are not enough pairs
[M::mem_pestat] analyzing insert size distribution for orientation FR...
[M::mem_pestat] (25, 50, 75) percentile: (103, 124, 155)
[M::mem_pestat] low and high boundaries for computing mean and std.dev: (1, 259)
[M::mem_pestat] mean and std.dev: (130.59, 39.10)
[M::mem_pestat] low and high boundaries for proper pairs: (1, 311)
[M::mem_pestat] skip orientation RF as there are not enough pairs
[M::mem_pestat] skip orientation RR as there are not enough pairs
[M::mem_process_seqs] Processed 204774 reads in 6.814 CPU sec, 3.523 real sec
[M::process] read 204762 sequences (20000001 bp)...
[M::mem_pestat] # candidate unique pairs for (FF, FR, RF, RR): (0, 98122, 5, 3)
[M::mem_pestat] skip orientation FF as there are not enough pairs
[M::mem_pestat] analyzing insert size distribution for orientation FR...
[M::mem_pestat] (25, 50, 75) percentile: (103, 124, 155)
[M::mem_pestat] low and high boundaries for computing mean and std.dev: (1, 259)
[M::mem_pestat] mean and std.dev: (130.51, 39.07)
[M::mem_pestat] low and high boundaries for proper pairs: (1, 311)
[M::mem_pestat] skip orientation RF as there are not enough pairs
[M::mem_pestat] skip orientation RR as there are not enough pairs
[M::mem_process_seqs] Processed 204560 reads in 6.812 CPU sec, 3.524 real sec
[M::process] read 204824 sequences (20000135 bp)...
[M::mem_pestat] # candidate unique pairs for (FF, FR, RF, RR): (2, 98173, 3, 5)
[M::mem_pestat] skip orientation FF as there are not enough pairs
[M::mem_pestat] analyzing insert size distribution for orientation FR...
[M::mem_pestat] (25, 50, 75) percentile: (103, 123, 155)
[M::mem_pestat] low and high boundaries for computing mean and std.dev: (1, 259)
[M::mem_pestat] mean and std.dev: (130.43, 39.07)
[M::mem_pestat] low and high boundaries for proper pairs: (1, 311)
[M::mem_pestat] skip orientation RF as there are not enough pairs
[M::mem_pestat] skip orientation RR as there are not enough pairs
[M::mem_process_seqs] Processed 204762 reads in 6.790 CPU sec, 3.495 real sec
[M::process] read 204728 sequences (20000117 bp)...
[M::mem_pestat] # candidate unique pairs for (FF, FR, RF, RR): (1, 98155, 4, 3)
[M::mem_pestat] skip orientation FF as there are not enough pairs
[M::mem_pestat] analyzing insert size distribution for orientation FR...
[M::mem_pestat] (25, 50, 75) percentile: (103, 123, 155)
[M::mem_pestat] low and high boundaries for computing mean and std.dev: (1, 259)
[M::mem_pestat] mean and std.dev: (130.29, 38.92)
[M::mem_pestat] low and high boundaries for proper pairs: (1, 311)
[M::mem_pestat] skip orientation RF as there are not enough pairs
[M::mem_pestat] skip orientation RR as there are not enough pairs
[M::mem_process_seqs] Processed 204824 reads in 6.855 CPU sec, 3.540 real sec
[M::process] read 204920 sequences (20000059 bp)...
[M::mem_pestat] # candidate unique pairs for (FF, FR, RF, RR): (0, 98063, 3, 4)
[M::mem_pestat] skip orientation FF as there are not enough pairs
[M::mem_pestat] analyzing insert size distribution for orientation FR...
[M::mem_pestat] (25, 50, 75) percentile: (103, 123, 155)
[M::mem_pestat] low and high boundaries for computing mean and std.dev: (1, 259)
[M::mem_pestat] mean and std.dev: (130.22, 38.70)
[M::mem_pestat] low and high boundaries for proper pairs: (1, 311)
[M::mem_pestat] skip orientation RF as there are not enough pairs
[M::mem_pestat] skip orientation RR as there are not enough pairs
[M::mem_process_seqs] Processed 204728 reads in 6.872 CPU sec, 3.545 real sec
[M::process] read 205062 sequences (20000185 bp)...
[M::mem_pestat] # candidate unique pairs for (FF, FR, RF, RR): (0, 98140, 2, 3)
[M::mem_pestat] skip orientation FF as there are not enough pairs
[M::mem_pestat] analyzing insert size distribution for orientation FR...
[M::mem_pestat] (25, 50, 75) percentile: (103, 124, 155)
[M::mem_pestat] low and high boundaries for computing mean and std.dev: (1, 259)
[M::mem_pestat] mean and std.dev: (130.40, 38.81)
[M::mem_pestat] low and high boundaries for proper pairs: (1, 311)
[M::mem_pestat] skip orientation RF as there are not enough pairs
[M::mem_pestat] skip orientation RR as there are not enough pairs
[M::mem_process_seqs] Processed 204920 reads in 6.921 CPU sec, 3.558 real sec
[M::mem_pestat] # candidate unique pairs for (FF, FR, RF, RR): (1, 98209, 1, 2)
[M::mem_pestat] skip orientation FF as there are not enough pairs
[M::mem_pestat] analyzing insert size distribution for orientation FR...
[M::mem_pestat] (25, 50, 75) percentile: (103, 123, 154)
[M::mem_pestat] low and high boundaries for computing mean and std.dev: (1, 256)
[M::mem_pestat] mean and std.dev: (129.92, 38.28)
[M::mem_pestat] low and high boundaries for proper pairs: (1, 307)
[M::mem_pestat] skip orientation RF as there are not enough pairs
[M::mem_pestat] skip orientation RR as there are not enough pairs
[M::mem_process_seqs] Processed 205062 reads in 6.700 CPU sec, 6.130 real sec
[M::process] read 205104 sequences (20000028 bp)...
[M::process] read 205152 sequences (20000011 bp)...
[M::mem_pestat] # candidate unique pairs for (FF, FR, RF, RR): (0, 98235, 1, 2)
[M::mem_pestat] skip orientation FF as there are not enough pairs
[M::mem_pestat] analyzing insert size distribution for orientation FR...
[M::mem_pestat] (25, 50, 75) percentile: (103, 123, 155)
[M::mem_pestat] low and high boundaries for computing mean and std.dev: (1, 259)
[M::mem_pestat] mean and std.dev: (130.11, 38.83)
[M::mem_pestat] low and high boundaries for proper pairs: (1, 311)
[M::mem_pestat] skip orientation RF as there are not enough pairs
[M::mem_pestat] skip orientation RR as there are not enough pairs
[M::mem_process_seqs] Processed 205104 reads in 6.721 CPU sec, 3.418 real sec
[M::process] read 205172 sequences (20000032 bp)...
[M::mem_pestat] # candidate unique pairs for (FF, FR, RF, RR): (5, 98331, 5, 2)
[M::mem_pestat] skip orientation FF as there are not enough pairs
[M::mem_pestat] analyzing insert size distribution for orientation FR...
[M::mem_pestat] (25, 50, 75) percentile: (103, 123, 155)
[M::mem_pestat] low and high boundaries for computing mean and std.dev: (1, 259)
[M::mem_pestat] mean and std.dev: (130.23, 38.84)
[M::mem_pestat] low and high boundaries for proper pairs: (1, 311)
[M::mem_pestat] skip orientation RF as there are not enough pairs
[M::mem_pestat] skip orientation RR as there are not enough pairs
[M::mem_process_seqs] Processed 205152 reads in 6.781 CPU sec, 3.493 real sec
[M::process] read 205460 sequences (20000001 bp)...
[M::mem_pestat] # candidate unique pairs for (FF, FR, RF, RR): (2, 98287, 4, 3)
[M::mem_pestat] skip orientation FF as there are not enough pairs
[M::mem_pestat] analyzing insert size distribution for orientation FR...
[M::mem_pestat] (25, 50, 75) percentile: (103, 123, 154)
[M::mem_pestat] low and high boundaries for computing mean and std.dev: (1, 256)
[M::mem_pestat] mean and std.dev: (129.82, 38.29)
[M::mem_pestat] low and high boundaries for proper pairs: (1, 307)
[M::mem_pestat] skip orientation RF as there are not enough pairs
[M::mem_pestat] skip orientation RR as there are not enough pairs
[M::mem_process_seqs] Processed 205172 reads in 6.808 CPU sec, 3.506 real sec
[M::process] read 208434 sequences (20000013 bp)...
[M::mem_pestat] # candidate unique pairs for (FF, FR, RF, RR): (1, 98359, 5, 0)
[M::mem_pestat] skip orientation FF as there are not enough pairs
[M::mem_pestat] analyzing insert size distribution for orientation FR...
[M::mem_pestat] (25, 50, 75) percentile: (103, 123, 154)
[M::mem_pestat] low and high boundaries for computing mean and std.dev: (1, 256)
[M::mem_pestat] mean and std.dev: (129.72, 38.43)
[M::mem_pestat] low and high boundaries for proper pairs: (1, 307)
[M::mem_pestat] skip orientation RF as there are not enough pairs
[M::mem_pestat] skip orientation RR as there are not enough pairs
[M::mem_process_seqs] Processed 205460 reads in 6.873 CPU sec, 3.535 real sec
[M::process] read 205856 sequences (20000075 bp)...
[M::mem_pestat] # candidate unique pairs for (FF, FR, RF, RR): (2, 99615, 8, 2)
[M::mem_pestat] skip orientation FF as there are not enough pairs
[M::mem_pestat] analyzing insert size distribution for orientation FR...
[M::mem_pestat] (25, 50, 75) percentile: (103, 123, 154)
[M::mem_pestat] low and high boundaries for computing mean and std.dev: (1, 256)
[M::mem_pestat] mean and std.dev: (129.81, 38.19)
[M::mem_pestat] low and high boundaries for proper pairs: (1, 307)
[M::mem_pestat] skip orientation RF as there are not enough pairs
[M::mem_pestat] skip orientation RR as there are not enough pairs
[M::mem_process_seqs] Processed 208434 reads in 6.877 CPU sec, 3.534 real sec
[M::process] read 206090 sequences (20000025 bp)...
[M::mem_pestat] # candidate unique pairs for (FF, FR, RF, RR): (2, 98639, 4, 0)
[M::mem_pestat] skip orientation FF as there are not enough pairs
[M::mem_pestat] analyzing insert size distribution for orientation FR...
[M::mem_pestat] (25, 50, 75) percentile: (103, 123, 154)
[M::mem_pestat] low and high boundaries for computing mean and std.dev: (1, 256)
[M::mem_pestat] mean and std.dev: (130.05, 38.46)
[M::mem_pestat] low and high boundaries for proper pairs: (1, 307)
[M::mem_pestat] skip orientation RF as there are not enough pairs
[M::mem_pestat] skip orientation RR as there are not enough pairs
[M::mem_process_seqs] Processed 205856 reads in 6.905 CPU sec, 3.554 real sec
[M::process] read 206004 sequences (20000058 bp)...
[M::mem_pestat] # candidate unique pairs for (FF, FR, RF, RR): (0, 98681, 8, 1)
[M::mem_pestat] skip orientation FF as there are not enough pairs
[M::mem_pestat] analyzing insert size distribution for orientation FR...
[M::mem_pestat] (25, 50, 75) percentile: (103, 123, 154)
[M::mem_pestat] low and high boundaries for computing mean and std.dev: (1, 256)
[M::mem_pestat] mean and std.dev: (129.98, 38.38)
[M::mem_pestat] low and high boundaries for proper pairs: (1, 307)
[M::mem_pestat] skip orientation RF as there are not enough pairs
[M::mem_pestat] skip orientation RR as there are not enough pairs
[M::mem_process_seqs] Processed 206090 reads in 6.833 CPU sec, 3.513 real sec
[M::process] read 204354 sequences (20000036 bp)...
[M::mem_pestat] # candidate unique pairs for (FF, FR, RF, RR): (2, 98522, 4, 1)
[M::mem_pestat] skip orientation FF as there are not enough pairs
[M::mem_pestat] analyzing insert size distribution for orientation FR...
[M::mem_pestat] (25, 50, 75) percentile: (103, 123, 154)
[M::mem_pestat] low and high boundaries for computing mean and std.dev: (1, 256)
[M::mem_pestat] mean and std.dev: (129.66, 38.21)
[M::mem_pestat] low and high boundaries for proper pairs: (1, 307)
[M::mem_pestat] skip orientation RF as there are not enough pairs
[M::mem_pestat] skip orientation RR as there are not enough pairs
[M::mem_process_seqs] Processed 206004 reads in 6.913 CPU sec, 3.564 real sec
[M::process] read 204028 sequences (20000030 bp)...
[M::mem_pestat] # candidate unique pairs for (FF, FR, RF, RR): (2, 98046, 3, 0)
[M::mem_pestat] skip orientation FF as there are not enough pairs
[M::mem_pestat] analyzing insert size distribution for orientation FR...
[M::mem_pestat] (25, 50, 75) percentile: (104, 124, 156)
[M::mem_pestat] low and high boundaries for computing mean and std.dev: (1, 260)
[M::mem_pestat] mean and std.dev: (131.20, 39.28)
[M::mem_pestat] low and high boundaries for proper pairs: (1, 312)
[M::mem_pestat] skip orientation RF as there are not enough pairs
[M::mem_pestat] skip orientation RR as there are not enough pairs
[M::mem_process_seqs] Processed 204354 reads in 6.842 CPU sec, 3.518 real sec
[M::process] read 204394 sequences (20000192 bp)...
[M::mem_pestat] # candidate unique pairs for (FF, FR, RF, RR): (3, 97929, 3, 1)
[M::mem_pestat] skip orientation FF as there are not enough pairs
[M::mem_pestat] analyzing insert size distribution for orientation FR...
[M::mem_pestat] (25, 50, 75) percentile: (104, 124, 156)
[M::mem_pestat] low and high boundaries for computing mean and std.dev: (1, 260)
[M::mem_pestat] mean and std.dev: (130.96, 39.25)
[M::mem_pestat] low and high boundaries for proper pairs: (1, 312)
[M::mem_pestat] skip orientation RF as there are not enough pairs
[M::mem_pestat] skip orientation RR as there are not enough pairs
[M::mem_process_seqs] Processed 204028 reads in 6.773 CPU sec, 3.500 real sec
[M::process] read 204274 sequences (20000157 bp)...
[M::mem_pestat] # candidate unique pairs for (FF, FR, RF, RR): (0, 98019, 3, 2)
[M::mem_pestat] skip orientation FF as there are not enough pairs
[M::mem_pestat] analyzing insert size distribution for orientation FR...
[M::mem_pestat] (25, 50, 75) percentile: (104, 124, 156)
[M::mem_pestat] low and high boundaries for computing mean and std.dev: (1, 260)
[M::mem_pestat] mean and std.dev: (131.15, 39.26)
[M::mem_pestat] low and high boundaries for proper pairs: (1, 312)
[M::mem_pestat] skip orientation RF as there are not enough pairs
[M::mem_pestat] skip orientation RR as there are not enough pairs
[M::mem_process_seqs] Processed 204394 reads in 6.884 CPU sec, 3.535 real sec
[M::process] read 204094 sequences (20000192 bp)...
[M::mem_pestat] # candidate unique pairs for (FF, FR, RF, RR): (1, 97974, 4, 1)
[M::mem_pestat] skip orientation FF as there are not enough pairs
[M::mem_pestat] analyzing insert size distribution for orientation FR...
[M::mem_pestat] (25, 50, 75) percentile: (104, 124, 157)
[M::mem_pestat] low and high boundaries for computing mean and std.dev: (1, 263)
[M::mem_pestat] mean and std.dev: (131.69, 39.85)
[M::mem_pestat] low and high boundaries for proper pairs: (1, 316)
[M::mem_pestat] skip orientation RF as there are not enough pairs
[M::mem_pestat] skip orientation RR as there are not enough pairs
[M::mem_process_seqs] Processed 204274 reads in 6.777 CPU sec, 3.493 real sec
[M::process] read 203992 sequences (20000035 bp)...
[M::mem_pestat] # candidate unique pairs for (FF, FR, RF, RR): (0, 97957, 5, 2)
[M::mem_pestat] skip orientation FF as there are not enough pairs
[M::mem_pestat] analyzing insert size distribution for orientation FR...
[M::mem_pestat] (25, 50, 75) percentile: (104, 124, 157)
[M::mem_pestat] low and high boundaries for computing mean and std.dev: (1, 263)
[M::mem_pestat] mean and std.dev: (131.46, 39.59)
[M::mem_pestat] low and high boundaries for proper pairs: (1, 316)
[M::mem_pestat] skip orientation RF as there are not enough pairs
[M::mem_pestat] skip orientation RR as there are not enough pairs
[M::mem_process_seqs] Processed 204094 reads in 6.752 CPU sec, 3.475 real sec
[M::process] read 204038 sequences (20000178 bp)...
[M::mem_pestat] # candidate unique pairs for (FF, FR, RF, RR): (1, 97782, 2, 0)
[M::mem_pestat] skip orientation FF as there are not enough pairs
[M::mem_pestat] analyzing insert size distribution for orientation FR...
[M::mem_pestat] (25, 50, 75) percentile: (104, 124, 156)
[M::mem_pestat] low and high boundaries for computing mean and std.dev: (1, 260)
[M::mem_pestat] mean and std.dev: (131.13, 39.04)
[M::mem_pestat] low and high boundaries for proper pairs: (1, 312)
[M::mem_pestat] skip orientation RF as there are not enough pairs
[M::mem_pestat] skip orientation RR as there are not enough pairs
[M::mem_process_seqs] Processed 203992 reads in 6.788 CPU sec, 3.485 real sec
[M::process] read 203982 sequences (20000020 bp)...
[M::mem_pestat] # candidate unique pairs for (FF, FR, RF, RR): (1, 97795, 4, 2)
[M::mem_pestat] skip orientation FF as there are not enough pairs
[M::mem_pestat] analyzing insert size distribution for orientation FR...
[M::mem_pestat] (25, 50, 75) percentile: (104, 124, 156)
[M::mem_pestat] low and high boundaries for computing mean and std.dev: (1, 260)
[M::mem_pestat] mean and std.dev: (131.27, 39.33)
[M::mem_pestat] low and high boundaries for proper pairs: (1, 312)
[M::mem_pestat] skip orientation RF as there are not enough pairs
[M::mem_pestat] skip orientation RR as there are not enough pairs
[M::mem_process_seqs] Processed 204038 reads in 6.975 CPU sec, 3.581 real sec
[M::process] read 204536 sequences (20000173 bp)...
[M::mem_pestat] # candidate unique pairs for (FF, FR, RF, RR): (3, 97976, 2, 1)
[M::mem_pestat] skip orientation FF as there are not enough pairs
[M::mem_pestat] analyzing insert size distribution for orientation FR...
[M::mem_pestat] (25, 50, 75) percentile: (104, 124, 156)
[M::mem_pestat] low and high boundaries for computing mean and std.dev: (1, 260)
[M::mem_pestat] mean and std.dev: (131.39, 39.33)
[M::mem_pestat] low and high boundaries for proper pairs: (1, 312)
[M::mem_pestat] skip orientation RF as there are not enough pairs
[M::mem_pestat] skip orientation RR as there are not enough pairs
[M::mem_process_seqs] Processed 203982 reads in 6.812 CPU sec, 3.508 real sec
[M::process] read 204228 sequences (20000142 bp)...
[M::mem_pestat] # candidate unique pairs for (FF, FR, RF, RR): (0, 98156, 4, 1)
[M::mem_pestat] skip orientation FF as there are not enough pairs
[M::mem_pestat] analyzing insert size distribution for orientation FR...
[M::mem_pestat] (25, 50, 75) percentile: (104, 124, 155)
[M::mem_pestat] low and high boundaries for computing mean and std.dev: (2, 257)
[M::mem_pestat] mean and std.dev: (130.68, 38.80)
[M::mem_pestat] low and high boundaries for proper pairs: (1, 308)
[M::mem_pestat] skip orientation RF as there are not enough pairs
[M::mem_pestat] skip orientation RR as there are not enough pairs
[M::mem_process_seqs] Processed 204536 reads in 6.784 CPU sec, 3.504 real sec
[M::process] read 204292 sequences (20000162 bp)...
[M::mem_pestat] # candidate unique pairs for (FF, FR, RF, RR): (2, 97838, 8, 1)
[M::mem_pestat] skip orientation FF as there are not enough pairs
[M::mem_pestat] analyzing insert size distribution for orientation FR...
[M::mem_pestat] (25, 50, 75) percentile: (104, 124, 157)
[M::mem_pestat] low and high boundaries for computing mean and std.dev: (1, 263)
[M::mem_pestat] mean and std.dev: (131.62, 39.76)
[M::mem_pestat] low and high boundaries for proper pairs: (1, 316)
[M::mem_pestat] skip orientation RF as there are not enough pairs
[M::mem_pestat] skip orientation RR as there are not enough pairs
[M::mem_process_seqs] Processed 204228 reads in 6.835 CPU sec, 3.511 real sec
[M::process] read 204392 sequences (20000119 bp)...
[M::mem_pestat] # candidate unique pairs for (FF, FR, RF, RR): (0, 97885, 5, 8)
[M::mem_pestat] skip orientation FF as there are not enough pairs
[M::mem_pestat] analyzing insert size distribution for orientation FR...
[M::mem_pestat] (25, 50, 75) percentile: (104, 124, 156)
[M::mem_pestat] low and high boundaries for computing mean and std.dev: (1, 260)
[M::mem_pestat] mean and std.dev: (130.77, 39.05)
[M::mem_pestat] low and high boundaries for proper pairs: (1, 312)
[M::mem_pestat] skip orientation RF as there are not enough pairs
[M::mem_pestat] skip orientation RR as there are not enough pairs
[M::mem_process_seqs] Processed 204292 reads in 6.842 CPU sec, 3.518 real sec
[M::process] read 204418 sequences (20000055 bp)...
[M::mem_pestat] # candidate unique pairs for (FF, FR, RF, RR): (4, 97963, 6, 4)
[M::mem_pestat] skip orientation FF as there are not enough pairs
[M::mem_pestat] analyzing insert size distribution for orientation FR...
[M::mem_pestat] (25, 50, 75) percentile: (104, 124, 155)
[M::mem_pestat] low and high boundaries for computing mean and std.dev: (2, 257)
[M::mem_pestat] mean and std.dev: (130.56, 38.79)
[M::mem_pestat] low and high boundaries for proper pairs: (1, 308)
[M::mem_pestat] skip orientation RF as there are not enough pairs
[M::mem_pestat] skip orientation RR as there are not enough pairs
[M::mem_process_seqs] Processed 204392 reads in 6.865 CPU sec, 3.525 real sec
[M::process] read 204424 sequences (20000124 bp)...
[M::mem_pestat] # candidate unique pairs for (FF, FR, RF, RR): (0, 98059, 7, 0)
[M::mem_pestat] skip orientation FF as there are not enough pairs
[M::mem_pestat] analyzing insert size distribution for orientation FR...
[M::mem_pestat] (25, 50, 75) percentile: (103, 124, 156)
[M::mem_pestat] low and high boundaries for computing mean and std.dev: (1, 262)
[M::mem_pestat] mean and std.dev: (130.96, 39.49)
[M::mem_pestat] low and high boundaries for proper pairs: (1, 315)
[M::mem_pestat] skip orientation RF as there are not enough pairs
[M::mem_pestat] skip orientation RR as there are not enough pairs
[M::mem_process_seqs] Processed 204418 reads in 6.829 CPU sec, 3.521 real sec
[M::process] read 204440 sequences (20000093 bp)...
[M::mem_pestat] # candidate unique pairs for (FF, FR, RF, RR): (5, 97939, 8, 1)
[M::mem_pestat] skip orientation FF as there are not enough pairs
[M::mem_pestat] analyzing insert size distribution for orientation FR...
[M::mem_pestat] (25, 50, 75) percentile: (103, 124, 155)
[M::mem_pestat] low and high boundaries for computing mean and std.dev: (1, 259)
[M::mem_pestat] mean and std.dev: (130.62, 39.02)
[M::mem_pestat] low and high boundaries for proper pairs: (1, 311)
[M::mem_pestat] skip orientation RF as there are not enough pairs
[M::mem_pestat] skip orientation RR as there are not enough pairs
[M::mem_process_seqs] Processed 204424 reads in 6.787 CPU sec, 3.490 real sec
[M::process] read 204560 sequences (20000140 bp)...
[M::mem_pestat] # candidate unique pairs for (FF, FR, RF, RR): (1, 97959, 5, 1)
[M::mem_pestat] skip orientation FF as there are not enough pairs
[M::mem_pestat] analyzing insert size distribution for orientation FR...
[M::mem_pestat] (25, 50, 75) percentile: (103, 124, 155)
[M::mem_pestat] low and high boundaries for computing mean and std.dev: (1, 259)
[M::mem_pestat] mean and std.dev: (130.58, 38.99)
[M::mem_pestat] low and high boundaries for proper pairs: (1, 311)
[M::mem_pestat] skip orientation RF as there are not enough pairs
[M::mem_pestat] skip orientation RR as there are not enough pairs
[M::mem_process_seqs] Processed 204440 reads in 6.840 CPU sec, 3.517 real sec
[M::process] read 204510 sequences (20000006 bp)...
[M::mem_pestat] # candidate unique pairs for (FF, FR, RF, RR): (2, 97979, 8, 2)
[M::mem_pestat] skip orientation FF as there are not enough pairs
[M::mem_pestat] analyzing insert size distribution for orientation FR...
[M::mem_pestat] (25, 50, 75) percentile: (104, 124, 155)
[M::mem_pestat] low and high boundaries for computing mean and std.dev: (2, 257)
[M::mem_pestat] mean and std.dev: (130.23, 38.52)
[M::mem_pestat] low and high boundaries for proper pairs: (1, 308)
[M::mem_pestat] skip orientation RF as there are not enough pairs
[M::mem_pestat] skip orientation RR as there are not enough pairs
[M::mem_process_seqs] Processed 204560 reads in 6.838 CPU sec, 3.518 real sec
[M::process] read 204592 sequences (20000173 bp)...
[M::mem_pestat] # candidate unique pairs for (FF, FR, RF, RR): (1, 98051, 7, 1)
[M::mem_pestat] skip orientation FF as there are not enough pairs
[M::mem_pestat] analyzing insert size distribution for orientation FR...
[M::mem_pestat] (25, 50, 75) percentile: (103, 124, 155)
[M::mem_pestat] low and high boundaries for computing mean and std.dev: (1, 259)
[M::mem_pestat] mean and std.dev: (130.49, 38.82)
[M::mem_pestat] low and high boundaries for proper pairs: (1, 311)
[M::mem_pestat] skip orientation RF as there are not enough pairs
[M::mem_pestat] skip orientation RR as there are not enough pairs
[M::mem_process_seqs] Processed 204510 reads in 6.820 CPU sec, 3.513 real sec
[M::process] read 204584 sequences (20000093 bp)...
[M::mem_pestat] # candidate unique pairs for (FF, FR, RF, RR): (2, 98148, 5, 3)
[M::mem_pestat] skip orientation FF as there are not enough pairs
[M::mem_pestat] analyzing insert size distribution for orientation FR...
[M::mem_pestat] (25, 50, 75) percentile: (103, 124, 155)
[M::mem_pestat] low and high boundaries for computing mean and std.dev: (1, 259)
[M::mem_pestat] mean and std.dev: (130.54, 38.85)
[M::mem_pestat] low and high boundaries for proper pairs: (1, 311)
[M::mem_pestat] skip orientation RF as there are not enough pairs
[M::mem_pestat] skip orientation RR as there are not enough pairs
[M::mem_process_seqs] Processed 204592 reads in 6.820 CPU sec, 3.521 real sec
[M::process] read 204628 sequences (20000161 bp)...
[M::mem_pestat] # candidate unique pairs for (FF, FR, RF, RR): (0, 98023, 3, 2)
[M::mem_pestat] skip orientation FF as there are not enough pairs
[M::mem_pestat] analyzing insert size distribution for orientation FR...
[M::mem_pestat] (25, 50, 75) percentile: (103, 124, 155)
[M::mem_pestat] low and high boundaries for computing mean and std.dev: (1, 259)
[M::mem_pestat] mean and std.dev: (130.74, 39.18)
[M::mem_pestat] low and high boundaries for proper pairs: (1, 311)
[M::mem_pestat] skip orientation RF as there are not enough pairs
[M::mem_pestat] skip orientation RR as there are not enough pairs
[M::mem_process_seqs] Processed 204584 reads in 6.827 CPU sec, 3.515 real sec
[M::mem_pestat] # candidate unique pairs for (FF, FR, RF, RR): (5, 98020, 3, 1)
[M::mem_pestat] skip orientation FF as there are not enough pairs
[M::mem_pestat] analyzing insert size distribution for orientation FR...
[M::mem_pestat] (25, 50, 75) percentile: (103, 123, 155)
[M::mem_pestat] low and high boundaries for computing mean and std.dev: (1, 259)
[M::mem_pestat] mean and std.dev: (130.34, 38.97)
[M::mem_pestat] low and high boundaries for proper pairs: (1, 311)
[M::mem_pestat] skip orientation RF as there are not enough pairs
[M::mem_pestat] skip orientation RR as there are not enough pairs
[M::mem_process_seqs] Processed 204628 reads in 6.751 CPU sec, 6.604 real sec
[M::process] read 204910 sequences (20000147 bp)...
[M::process] read 204698 sequences (20000048 bp)...
[M::mem_pestat] # candidate unique pairs for (FF, FR, RF, RR): (2, 98142, 4, 7)
[M::mem_pestat] skip orientation FF as there are not enough pairs
[M::mem_pestat] analyzing insert size distribution for orientation FR...
[M::mem_pestat] (25, 50, 75) percentile: (103, 124, 154)
[M::mem_pestat] low and high boundaries for computing mean and std.dev: (1, 256)
[M::mem_pestat] mean and std.dev: (130.01, 38.24)
[M::mem_pestat] low and high boundaries for proper pairs: (1, 307)
[M::mem_pestat] skip orientation RF as there are not enough pairs
[M::mem_pestat] skip orientation RR as there are not enough pairs
[M::mem_process_seqs] Processed 204910 reads in 6.752 CPU sec, 3.442 real sec
[M::process] read 204800 sequences (20000086 bp)...
[M::mem_pestat] # candidate unique pairs for (FF, FR, RF, RR): (3, 97983, 2, 0)
[M::mem_pestat] skip orientation FF as there are not enough pairs
[M::mem_pestat] analyzing insert size distribution for orientation FR...
[M::mem_pestat] (25, 50, 75) percentile: (103, 123, 155)
[M::mem_pestat] low and high boundaries for computing mean and std.dev: (1, 259)
[M::mem_pestat] mean and std.dev: (130.45, 39.01)
[M::mem_pestat] low and high boundaries for proper pairs: (1, 311)
[M::mem_pestat] skip orientation RF as there are not enough pairs
[M::mem_pestat] skip orientation RR as there are not enough pairs
[M::mem_process_seqs] Processed 204698 reads in 6.821 CPU sec, 3.508 real sec
[M::process] read 204920 sequences (20000019 bp)...
[M::mem_pestat] # candidate unique pairs for (FF, FR, RF, RR): (1, 98068, 6, 2)
[M::mem_pestat] skip orientation FF as there are not enough pairs
[M::mem_pestat] analyzing insert size distribution for orientation FR...
[M::mem_pestat] (25, 50, 75) percentile: (103, 123, 155)
[M::mem_pestat] low and high boundaries for computing mean and std.dev: (1, 259)
[M::mem_pestat] mean and std.dev: (130.23, 38.79)
[M::mem_pestat] low and high boundaries for proper pairs: (1, 311)
[M::mem_pestat] skip orientation RF as there are not enough pairs
[M::mem_pestat] skip orientation RR as there are not enough pairs
[M::mem_process_seqs] Processed 204800 reads in 6.770 CPU sec, 3.493 real sec
[M::process] read 204938 sequences (20000008 bp)...
[M::mem_pestat] # candidate unique pairs for (FF, FR, RF, RR): (2, 98157, 4, 0)
[M::mem_pestat] skip orientation FF as there are not enough pairs
[M::mem_pestat] analyzing insert size distribution for orientation FR...
[M::mem_pestat] (25, 50, 75) percentile: (103, 123, 155)
[M::mem_pestat] low and high boundaries for computing mean and std.dev: (1, 259)
[M::mem_pestat] mean and std.dev: (130.44, 38.89)
[M::mem_pestat] low and high boundaries for proper pairs: (1, 311)
[M::mem_pestat] skip orientation RF as there are not enough pairs
[M::mem_pestat] skip orientation RR as there are not enough pairs
[M::mem_process_seqs] Processed 204920 reads in 6.872 CPU sec, 3.545 real sec
[M::process] read 205260 sequences (20000172 bp)...
[M::mem_pestat] # candidate unique pairs for (FF, FR, RF, RR): (1, 98172, 7, 1)
[M::mem_pestat] skip orientation FF as there are not enough pairs
[M::mem_pestat] analyzing insert size distribution for orientation FR...
[M::mem_pestat] (25, 50, 75) percentile: (103, 123, 155)
[M::mem_pestat] low and high boundaries for computing mean and std.dev: (1, 259)
[M::mem_pestat] mean and std.dev: (130.43, 38.87)
[M::mem_pestat] low and high boundaries for proper pairs: (1, 311)
[M::mem_pestat] skip orientation RF as there are not enough pairs
[M::mem_pestat] skip orientation RR as there are not enough pairs
[M::mem_process_seqs] Processed 204938 reads in 6.821 CPU sec, 3.507 real sec
[M::process] read 204996 sequences (20000019 bp)...
[M::mem_pestat] # candidate unique pairs for (FF, FR, RF, RR): (1, 98304, 4, 2)
[M::mem_pestat] skip orientation FF as there are not enough pairs
[M::mem_pestat] analyzing insert size distribution for orientation FR...
[M::mem_pestat] (25, 50, 75) percentile: (103, 123, 154)
[M::mem_pestat] low and high boundaries for computing mean and std.dev: (1, 256)
[M::mem_pestat] mean and std.dev: (129.88, 38.45)
[M::mem_pestat] low and high boundaries for proper pairs: (1, 307)
[M::mem_pestat] skip orientation RF as there are not enough pairs
[M::mem_pestat] skip orientation RR as there are not enough pairs
[M::mem_process_seqs] Processed 205260 reads in 6.895 CPU sec, 3.573 real sec
[M::process] read 205820 sequences (20000187 bp)...
[M::mem_pestat] # candidate unique pairs for (FF, FR, RF, RR): (0, 98225, 6, 1)
[M::mem_pestat] skip orientation FF as there are not enough pairs
[M::mem_pestat] analyzing insert size distribution for orientation FR...
[M::mem_pestat] (25, 50, 75) percentile: (103, 123, 154)
[M::mem_pestat] low and high boundaries for computing mean and std.dev: (1, 256)
[M::mem_pestat] mean and std.dev: (129.77, 38.27)
[M::mem_pestat] low and high boundaries for proper pairs: (1, 307)
[M::mem_pestat] skip orientation RF as there are not enough pairs
[M::mem_pestat] skip orientation RR as there are not enough pairs
[M::mem_process_seqs] Processed 204996 reads in 6.874 CPU sec, 3.535 real sec
[M::process] read 206578 sequences (20000152 bp)...
[M::mem_pestat] # candidate unique pairs for (FF, FR, RF, RR): (1, 98558, 9, 1)
[M::mem_pestat] skip orientation FF as there are not enough pairs
[M::mem_pestat] analyzing insert size distribution for orientation FR...
[M::mem_pestat] (25, 50, 75) percentile: (103, 123, 155)
[M::mem_pestat] low and high boundaries for computing mean and std.dev: (1, 259)
[M::mem_pestat] mean and std.dev: (130.29, 39.06)
[M::mem_pestat] low and high boundaries for proper pairs: (1, 311)
[M::mem_pestat] skip orientation RF as there are not enough pairs
[M::mem_pestat] skip orientation RR as there are not enough pairs
[M::mem_process_seqs] Processed 205820 reads in 6.851 CPU sec, 3.523 real sec
[M::process] read 205346 sequences (20000185 bp)...
[M::mem_pestat] # candidate unique pairs for (FF, FR, RF, RR): (0, 99112, 5, 0)
[M::mem_pestat] skip orientation FF as there are not enough pairs
[M::mem_pestat] analyzing insert size distribution for orientation FR...
[M::mem_pestat] (25, 50, 75) percentile: (103, 123, 154)
[M::mem_pestat] low and high boundaries for computing mean and std.dev: (1, 256)
[M::mem_pestat] mean and std.dev: (129.95, 38.43)
[M::mem_pestat] low and high boundaries for proper pairs: (1, 307)
[M::mem_pestat] skip orientation RF as there are not enough pairs
[M::mem_pestat] skip orientation RR as there are not enough pairs
[M::mem_process_seqs] Processed 206578 reads in 6.848 CPU sec, 3.522 real sec
[M::process] read 206882 sequences (20000014 bp)...
[M::mem_pestat] # candidate unique pairs for (FF, FR, RF, RR): (2, 98302, 4, 0)
[M::mem_pestat] skip orientation FF as there are not enough pairs
[M::mem_pestat] analyzing insert size distribution for orientation FR...
[M::mem_pestat] (25, 50, 75) percentile: (103, 123, 154)
[M::mem_pestat] low and high boundaries for computing mean and std.dev: (1, 256)
[M::mem_pestat] mean and std.dev: (129.70, 38.46)
[M::mem_pestat] low and high boundaries for proper pairs: (1, 307)
[M::mem_pestat] skip orientation RF as there are not enough pairs
[M::mem_pestat] skip orientation RR as there are not enough pairs
[M::mem_process_seqs] Processed 205346 reads in 6.906 CPU sec, 3.557 real sec
[M::process] read 205792 sequences (20000199 bp)...
[M::mem_pestat] # candidate unique pairs for (FF, FR, RF, RR): (1, 98957, 4, 1)
[M::mem_pestat] skip orientation FF as there are not enough pairs
[M::mem_pestat] analyzing insert size distribution for orientation FR...
[M::mem_pestat] (25, 50, 75) percentile: (103, 123, 154)
[M::mem_pestat] low and high boundaries for computing mean and std.dev: (1, 256)
[M::mem_pestat] mean and std.dev: (129.79, 38.35)
[M::mem_pestat] low and high boundaries for proper pairs: (1, 307)
[M::mem_pestat] skip orientation RF as there are not enough pairs
[M::mem_pestat] skip orientation RR as there are not enough pairs
[M::mem_process_seqs] Processed 206882 reads in 6.867 CPU sec, 3.536 real sec
[M::process] read 204294 sequences (20000139 bp)...
[M::mem_pestat] # candidate unique pairs for (FF, FR, RF, RR): (0, 98610, 3, 0)
[M::mem_pestat] skip orientation FF as there are not enough pairs
[M::mem_pestat] analyzing insert size distribution for orientation FR...
[M::mem_pestat] (25, 50, 75) percentile: (103, 123, 154)
[M::mem_pestat] low and high boundaries for computing mean and std.dev: (1, 256)
[M::mem_pestat] mean and std.dev: (129.92, 38.47)
[M::mem_pestat] low and high boundaries for proper pairs: (1, 307)
[M::mem_pestat] skip orientation RF as there are not enough pairs
[M::mem_pestat] skip orientation RR as there are not enough pairs
[M::mem_process_seqs] Processed 205792 reads in 6.878 CPU sec, 3.551 real sec
[M::process] read 205442 sequences (20000007 bp)...
[M::mem_pestat] # candidate unique pairs for (FF, FR, RF, RR): (1, 97947, 3, 1)
[M::mem_pestat] skip orientation FF as there are not enough pairs
[M::mem_pestat] analyzing insert size distribution for orientation FR...
[M::mem_pestat] (25, 50, 75) percentile: (104, 124, 156)
[M::mem_pestat] low and high boundaries for computing mean and std.dev: (1, 260)
[M::mem_pestat] mean and std.dev: (131.09, 39.44)
[M::mem_pestat] low and high boundaries for proper pairs: (1, 312)
[M::mem_pestat] skip orientation RF as there are not enough pairs
[M::mem_pestat] skip orientation RR as there are not enough pairs
[M::mem_process_seqs] Processed 204294 reads in 7.675 CPU sec, 3.941 real sec
[M::process] read 204818 sequences (20000026 bp)...
[M::mem_pestat] # candidate unique pairs for (FF, FR, RF, RR): (0, 98527, 3, 2)
[M::mem_pestat] skip orientation FF as there are not enough pairs
[M::mem_pestat] analyzing insert size distribution for orientation FR...
[M::mem_pestat] (25, 50, 75) percentile: (103, 124, 156)
[M::mem_pestat] low and high boundaries for computing mean and std.dev: (1, 262)
[M::mem_pestat] mean and std.dev: (131.27, 39.62)
[M::mem_pestat] low and high boundaries for proper pairs: (1, 315)
[M::mem_pestat] skip orientation RF as there are not enough pairs
[M::mem_pestat] skip orientation RR as there are not enough pairs
[M::mem_process_seqs] Processed 205442 reads in 8.300 CPU sec, 4.272 real sec
[M::process] read 206572 sequences (20000006 bp)...
[M::mem_pestat] # candidate unique pairs for (FF, FR, RF, RR): (0, 98278, 4, 2)
[M::mem_pestat] skip orientation FF as there are not enough pairs
[M::mem_pestat] analyzing insert size distribution for orientation FR...
[M::mem_pestat] (25, 50, 75) percentile: (104, 124, 156)
[M::mem_pestat] low and high boundaries for computing mean and std.dev: (1, 260)
[M::mem_pestat] mean and std.dev: (131.24, 39.36)
[M::mem_pestat] low and high boundaries for proper pairs: (1, 312)
[M::mem_pestat] skip orientation RF as there are not enough pairs
[M::mem_pestat] skip orientation RR as there are not enough pairs
[M::mem_process_seqs] Processed 204818 reads in 8.000 CPU sec, 4.091 real sec
[M::process] read 204842 sequences (20000148 bp)...
[M::mem_pestat] # candidate unique pairs for (FF, FR, RF, RR): (2, 99095, 6, 3)
[M::mem_pestat] skip orientation FF as there are not enough pairs
[M::mem_pestat] analyzing insert size distribution for orientation FR...
[M::mem_pestat] (25, 50, 75) percentile: (104, 124, 156)
[M::mem_pestat] low and high boundaries for computing mean and std.dev: (1, 260)
[M::mem_pestat] mean and std.dev: (131.14, 39.25)
[M::mem_pestat] low and high boundaries for proper pairs: (1, 312)
[M::mem_pestat] skip orientation RF as there are not enough pairs
[M::mem_pestat] skip orientation RR as there are not enough pairs
[M::mem_process_seqs] Processed 206572 reads in 8.131 CPU sec, 4.189 real sec
[M::process] read 205128 sequences (20000166 bp)...
[M::mem_pestat] # candidate unique pairs for (FF, FR, RF, RR): (2, 98405, 6, 2)
[M::mem_pestat] skip orientation FF as there are not enough pairs
[M::mem_pestat] analyzing insert size distribution for orientation FR...
[M::mem_pestat] (25, 50, 75) percentile: (104, 124, 156)
[M::mem_pestat] low and high boundaries for computing mean and std.dev: (1, 260)
[M::mem_pestat] mean and std.dev: (131.18, 39.09)
[M::mem_pestat] low and high boundaries for proper pairs: (1, 312)
[M::mem_pestat] skip orientation RF as there are not enough pairs
[M::mem_pestat] skip orientation RR as there are not enough pairs
[M::mem_process_seqs] Processed 204842 reads in 7.424 CPU sec, 3.815 real sec
[M::process] read 204178 sequences (20000117 bp)...
[M::mem_pestat] # candidate unique pairs for (FF, FR, RF, RR): (0, 98443, 3, 2)
[M::mem_pestat] skip orientation FF as there are not enough pairs
[M::mem_pestat] analyzing insert size distribution for orientation FR...
[M::mem_pestat] (25, 50, 75) percentile: (104, 124, 156)
[M::mem_pestat] low and high boundaries for computing mean and std.dev: (1, 260)
[M::mem_pestat] mean and std.dev: (131.08, 39.01)
[M::mem_pestat] low and high boundaries for proper pairs: (1, 312)
[M::mem_pestat] skip orientation RF as there are not enough pairs
[M::mem_pestat] skip orientation RR as there are not enough pairs
[M::mem_process_seqs] Processed 205128 reads in 7.598 CPU sec, 3.900 real sec
[M::process] read 204856 sequences (20000059 bp)...
[M::mem_pestat] # candidate unique pairs for (FF, FR, RF, RR): (1, 97957, 2, 2)
[M::mem_pestat] skip orientation FF as there are not enough pairs
[M::mem_pestat] analyzing insert size distribution for orientation FR...
[M::mem_pestat] (25, 50, 75) percentile: (104, 124, 156)
[M::mem_pestat] low and high boundaries for computing mean and std.dev: (1, 260)
[M::mem_pestat] mean and std.dev: (131.03, 39.10)
[M::mem_pestat] low and high boundaries for proper pairs: (1, 312)
[M::mem_pestat] skip orientation RF as there are not enough pairs
[M::mem_pestat] skip orientation RR as there are not enough pairs
[M::mem_process_seqs] Processed 204178 reads in 6.973 CPU sec, 3.580 real sec
[M::process] read 204704 sequences (20000032 bp)...
[M::mem_pestat] # candidate unique pairs for (FF, FR, RF, RR): (2, 98174, 4, 4)
[M::mem_pestat] skip orientation FF as there are not enough pairs
[M::mem_pestat] analyzing insert size distribution for orientation FR...
[M::mem_pestat] (25, 50, 75) percentile: (104, 124, 156)
[M::mem_pestat] low and high boundaries for computing mean and std.dev: (1, 260)
[M::mem_pestat] mean and std.dev: (131.12, 39.21)
[M::mem_pestat] low and high boundaries for proper pairs: (1, 312)
[M::mem_pestat] skip orientation RF as there are not enough pairs
[M::mem_pestat] skip orientation RR as there are not enough pairs
[M::mem_process_seqs] Processed 204856 reads in 7.211 CPU sec, 3.701 real sec
[M::process] read 204344 sequences (20000002 bp)...
[M::mem_pestat] # candidate unique pairs for (FF, FR, RF, RR): (3, 98025, 4, 1)
[M::mem_pestat] skip orientation FF as there are not enough pairs
[M::mem_pestat] analyzing insert size distribution for orientation FR...
[M::mem_pestat] (25, 50, 75) percentile: (104, 124, 156)
[M::mem_pestat] low and high boundaries for computing mean and std.dev: (1, 260)
[M::mem_pestat] mean and std.dev: (130.88, 38.93)
[M::mem_pestat] low and high boundaries for proper pairs: (1, 312)
[M::mem_pestat] skip orientation RF as there are not enough pairs
[M::mem_pestat] skip orientation RR as there are not enough pairs
[M::mem_process_seqs] Processed 204704 reads in 6.928 CPU sec, 3.560 real sec
[M::process] read 204456 sequences (20000190 bp)...
[M::mem_pestat] # candidate unique pairs for (FF, FR, RF, RR): (1, 98071, 3, 1)
[M::mem_pestat] skip orientation FF as there are not enough pairs
[M::mem_pestat] analyzing insert size distribution for orientation FR...
[M::mem_pestat] (25, 50, 75) percentile: (104, 124, 156)
[M::mem_pestat] low and high boundaries for computing mean and std.dev: (1, 260)
[M::mem_pestat] mean and std.dev: (131.03, 39.32)
[M::mem_pestat] low and high boundaries for proper pairs: (1, 312)
[M::mem_pestat] skip orientation RF as there are not enough pairs
[M::mem_pestat] skip orientation RR as there are not enough pairs
[M::mem_process_seqs] Processed 204344 reads in 7.011 CPU sec, 3.603 real sec
[M::process] read 204404 sequences (20000149 bp)...
[M::mem_pestat] # candidate unique pairs for (FF, FR, RF, RR): (1, 98065, 3, 1)
[M::mem_pestat] skip orientation FF as there are not enough pairs
[M::mem_pestat] analyzing insert size distribution for orientation FR...
[M::mem_pestat] (25, 50, 75) percentile: (103, 124, 155)
[M::mem_pestat] low and high boundaries for computing mean and std.dev: (1, 259)
[M::mem_pestat] mean and std.dev: (130.63, 39.11)
[M::mem_pestat] low and high boundaries for proper pairs: (1, 311)
[M::mem_pestat] skip orientation RF as there are not enough pairs
[M::mem_pestat] skip orientation RR as there are not enough pairs
[M::mem_process_seqs] Processed 204456 reads in 6.808 CPU sec, 3.497 real sec
[M::process] read 204452 sequences (20000154 bp)...
[M::mem_pestat] # candidate unique pairs for (FF, FR, RF, RR): (0, 97904, 5, 1)
[M::mem_pestat] skip orientation FF as there are not enough pairs
[M::mem_pestat] analyzing insert size distribution for orientation FR...
[M::mem_pestat] (25, 50, 75) percentile: (104, 124, 156)
[M::mem_pestat] low and high boundaries for computing mean and std.dev: (1, 260)
[M::mem_pestat] mean and std.dev: (130.87, 39.26)
[M::mem_pestat] low and high boundaries for proper pairs: (1, 312)
[M::mem_pestat] skip orientation RF as there are not enough pairs
[M::mem_pestat] skip orientation RR as there are not enough pairs
[M::mem_process_seqs] Processed 204404 reads in 6.829 CPU sec, 3.511 real sec
[M::process] read 204546 sequences (20000092 bp)...
[M::mem_pestat] # candidate unique pairs for (FF, FR, RF, RR): (2, 98058, 5, 1)
[M::mem_pestat] skip orientation FF as there are not enough pairs
[M::mem_pestat] analyzing insert size distribution for orientation FR...
[M::mem_pestat] (25, 50, 75) percentile: (103, 124, 156)
[M::mem_pestat] low and high boundaries for computing mean and std.dev: (1, 262)
[M::mem_pestat] mean and std.dev: (131.09, 39.60)
[M::mem_pestat] low and high boundaries for proper pairs: (1, 315)
[M::mem_pestat] skip orientation RF as there are not enough pairs
[M::mem_pestat] skip orientation RR as there are not enough pairs
[M::mem_process_seqs] Processed 204452 reads in 6.926 CPU sec, 3.566 real sec
[M::process] read 204360 sequences (20000044 bp)...
[M::mem_pestat] # candidate unique pairs for (FF, FR, RF, RR): (1, 98191, 4, 3)
[M::mem_pestat] skip orientation FF as there are not enough pairs
[M::mem_pestat] analyzing insert size distribution for orientation FR...
[M::mem_pestat] (25, 50, 75) percentile: (103, 124, 156)
[M::mem_pestat] low and high boundaries for computing mean and std.dev: (1, 262)
[M::mem_pestat] mean and std.dev: (130.97, 39.47)
[M::mem_pestat] low and high boundaries for proper pairs: (1, 315)
[M::mem_pestat] skip orientation RF as there are not enough pairs
[M::mem_pestat] skip orientation RR as there are not enough pairs
[M::mem_process_seqs] Processed 204546 reads in 6.819 CPU sec, 3.518 real sec
[M::mem_pestat] # candidate unique pairs for (FF, FR, RF, RR): (2, 97961, 8, 4)
[M::mem_pestat] skip orientation FF as there are not enough pairs
[M::mem_pestat] analyzing insert size distribution for orientation FR...
[M::mem_pestat] (25, 50, 75) percentile: (104, 124, 156)
[M::mem_pestat] low and high boundaries for computing mean and std.dev: (1, 260)
[M::mem_pestat] mean and std.dev: (130.89, 39.21)
[M::mem_pestat] low and high boundaries for proper pairs: (1, 312)
[M::mem_pestat] skip orientation RF as there are not enough pairs
[M::mem_pestat] skip orientation RR as there are not enough pairs
[M::mem_process_seqs] Processed 204360 reads in 6.734 CPU sec, 6.561 real sec
[M::process] read 204630 sequences (20000108 bp)...
[M::process] read 204474 sequences (20000199 bp)...
[M::mem_pestat] # candidate unique pairs for (FF, FR, RF, RR): (1, 98112, 3, 2)
[M::mem_pestat] skip orientation FF as there are not enough pairs
[M::mem_pestat] analyzing insert size distribution for orientation FR...
[M::mem_pestat] (25, 50, 75) percentile: (103, 124, 155)
[M::mem_pestat] low and high boundaries for computing mean and std.dev: (1, 259)
[M::mem_pestat] mean and std.dev: (130.79, 39.17)
[M::mem_pestat] low and high boundaries for proper pairs: (1, 311)
[M::mem_pestat] skip orientation RF as there are not enough pairs
[M::mem_pestat] skip orientation RR as there are not enough pairs
[M::mem_process_seqs] Processed 204630 reads in 6.644 CPU sec, 3.364 real sec
[M::process] read 204604 sequences (20000184 bp)...
[M::mem_pestat] # candidate unique pairs for (FF, FR, RF, RR): (1, 97936, 5, 2)
[M::mem_pestat] skip orientation FF as there are not enough pairs
[M::mem_pestat] analyzing insert size distribution for orientation FR...
[M::mem_pestat] (25, 50, 75) percentile: (103, 124, 155)
[M::mem_pestat] low and high boundaries for computing mean and std.dev: (1, 259)
[M::mem_pestat] mean and std.dev: (130.66, 39.03)
[M::mem_pestat] low and high boundaries for proper pairs: (1, 311)
[M::mem_pestat] skip orientation RF as there are not enough pairs
[M::mem_pestat] skip orientation RR as there are not enough pairs
[M::mem_process_seqs] Processed 204474 reads in 6.829 CPU sec, 3.520 real sec
[M::process] read 204428 sequences (20000001 bp)...
[M::mem_pestat] # candidate unique pairs for (FF, FR, RF, RR): (3, 98132, 2, 0)
[M::mem_pestat] skip orientation FF as there are not enough pairs
[M::mem_pestat] analyzing insert size distribution for orientation FR...
[M::mem_pestat] (25, 50, 75) percentile: (103, 124, 155)
[M::mem_pestat] low and high boundaries for computing mean and std.dev: (1, 259)
[M::mem_pestat] mean and std.dev: (130.46, 38.97)
[M::mem_pestat] low and high boundaries for proper pairs: (1, 311)
[M::mem_pestat] skip orientation RF as there are not enough pairs
[M::mem_pestat] skip orientation RR as there are not enough pairs
[M::mem_process_seqs] Processed 204604 reads in 6.793 CPU sec, 3.514 real sec
[M::process] read 204606 sequences (20000126 bp)...
[M::mem_pestat] # candidate unique pairs for (FF, FR, RF, RR): (1, 98106, 1, 4)
[M::mem_pestat] skip orientation FF as there are not enough pairs
[M::mem_pestat] analyzing insert size distribution for orientation FR...
[M::mem_pestat] (25, 50, 75) percentile: (103, 124, 155)
[M::mem_pestat] low and high boundaries for computing mean and std.dev: (1, 259)
[M::mem_pestat] mean and std.dev: (130.54, 38.91)
[M::mem_pestat] low and high boundaries for proper pairs: (1, 311)
[M::mem_pestat] skip orientation RF as there are not enough pairs
[M::mem_pestat] skip orientation RR as there are not enough pairs
[M::mem_process_seqs] Processed 204428 reads in 6.809 CPU sec, 3.527 real sec
[M::process] read 204712 sequences (20000019 bp)...
[M::mem_pestat] # candidate unique pairs for (FF, FR, RF, RR): (0, 98100, 4, 0)
[M::mem_pestat] skip orientation FF as there are not enough pairs
[M::mem_pestat] analyzing insert size distribution for orientation FR...
[M::mem_pestat] (25, 50, 75) percentile: (103, 123, 155)
[M::mem_pestat] low and high boundaries for computing mean and std.dev: (1, 259)
[M::mem_pestat] mean and std.dev: (130.53, 39.04)
[M::mem_pestat] low and high boundaries for proper pairs: (1, 311)
[M::mem_pestat] skip orientation RF as there are not enough pairs
[M::mem_pestat] skip orientation RR as there are not enough pairs
[M::mem_process_seqs] Processed 204606 reads in 6.822 CPU sec, 3.518 real sec
[M::process] read 204674 sequences (20000166 bp)...
[M::mem_pestat] # candidate unique pairs for (FF, FR, RF, RR): (1, 98031, 5, 4)
[M::mem_pestat] skip orientation FF as there are not enough pairs
[M::mem_pestat] analyzing insert size distribution for orientation FR...
[M::mem_pestat] (25, 50, 75) percentile: (103, 124, 155)
[M::mem_pestat] low and high boundaries for computing mean and std.dev: (1, 259)
[M::mem_pestat] mean and std.dev: (130.53, 38.89)
[M::mem_pestat] low and high boundaries for proper pairs: (1, 311)
[M::mem_pestat] skip orientation RF as there are not enough pairs
[M::mem_pestat] skip orientation RR as there are not enough pairs
[M::mem_process_seqs] Processed 204712 reads in 6.865 CPU sec, 3.533 real sec
[M::process] read 204724 sequences (20000107 bp)...
[M::mem_pestat] # candidate unique pairs for (FF, FR, RF, RR): (0, 98250, 1, 1)
[M::mem_pestat] skip orientation FF as there are not enough pairs
[M::mem_pestat] analyzing insert size distribution for orientation FR...
[M::mem_pestat] (25, 50, 75) percentile: (103, 124, 155)
[M::mem_pestat] low and high boundaries for computing mean and std.dev: (1, 259)
[M::mem_pestat] mean and std.dev: (130.62, 39.05)
[M::mem_pestat] low and high boundaries for proper pairs: (1, 311)
[M::mem_pestat] skip orientation RF as there are not enough pairs
[M::mem_pestat] skip orientation RR as there are not enough pairs
[M::mem_process_seqs] Processed 204674 reads in 6.898 CPU sec, 3.555 real sec
[M::process] read 204998 sequences (20000140 bp)...
[M::mem_pestat] # candidate unique pairs for (FF, FR, RF, RR): (0, 98185, 8, 2)
[M::mem_pestat] skip orientation FF as there are not enough pairs
[M::mem_pestat] analyzing insert size distribution for orientation FR...
[M::mem_pestat] (25, 50, 75) percentile: (103, 123, 155)
[M::mem_pestat] low and high boundaries for computing mean and std.dev: (1, 259)
[M::mem_pestat] mean and std.dev: (130.44, 38.98)
[M::mem_pestat] low and high boundaries for proper pairs: (1, 311)
[M::mem_pestat] skip orientation RF as there are not enough pairs
[M::mem_pestat] skip orientation RR as there are not enough pairs
[M::mem_process_seqs] Processed 204724 reads in 6.870 CPU sec, 3.544 real sec
[M::process] read 204986 sequences (20000125 bp)...
[M::mem_pestat] # candidate unique pairs for (FF, FR, RF, RR): (1, 98177, 11, 3)
[M::mem_pestat] skip orientation FF as there are not enough pairs
[M::mem_pestat] analyzing insert size distribution for orientation FR...
[M::mem_pestat] (25, 50, 75) percentile: (103, 123, 155)
[M::mem_pestat] low and high boundaries for computing mean and std.dev: (1, 259)
[M::mem_pestat] mean and std.dev: (130.48, 38.91)
[M::mem_pestat] low and high boundaries for proper pairs: (1, 311)
[M::mem_pestat] analyzing insert size distribution for orientation RF...
[M::mem_pestat] (25, 50, 75) percentile: (25, 61, 113)
[M::mem_pestat] low and high boundaries for computing mean and std.dev: (1, 289)
[M::mem_pestat] mean and std.dev: (73.40, 64.14)
[M::mem_pestat] low and high boundaries for proper pairs: (1, 377)
[M::mem_pestat] skip orientation RR as there are not enough pairs
[M::mem_pestat] skip orientation RF
[M::mem_process_seqs] Processed 204998 reads in 6.808 CPU sec, 3.519 real sec
[M::process] read 205336 sequences (20000014 bp)...
[M::mem_pestat] # candidate unique pairs for (FF, FR, RF, RR): (2, 98203, 5, 2)
[M::mem_pestat] skip orientation FF as there are not enough pairs
[M::mem_pestat] analyzing insert size distribution for orientation FR...
[M::mem_pestat] (25, 50, 75) percentile: (103, 123, 155)
[M::mem_pestat] low and high boundaries for computing mean and std.dev: (1, 259)
[M::mem_pestat] mean and std.dev: (130.34, 39.02)
[M::mem_pestat] low and high boundaries for proper pairs: (1, 311)
[M::mem_pestat] skip orientation RF as there are not enough pairs
[M::mem_pestat] skip orientation RR as there are not enough pairs
[M::mem_process_seqs] Processed 204986 reads in 6.809 CPU sec, 3.500 real sec
[M::process] read 205150 sequences (20000008 bp)...
[M::mem_pestat] # candidate unique pairs for (FF, FR, RF, RR): (1, 98528, 6, 0)
[M::mem_pestat] skip orientation FF as there are not enough pairs
[M::mem_pestat] analyzing insert size distribution for orientation FR...
[M::mem_pestat] (25, 50, 75) percentile: (103, 123, 155)
[M::mem_pestat] low and high boundaries for computing mean and std.dev: (1, 259)
[M::mem_pestat] mean and std.dev: (130.32, 38.90)
[M::mem_pestat] low and high boundaries for proper pairs: (1, 311)
[M::mem_pestat] skip orientation RF as there are not enough pairs
[M::mem_pestat] skip orientation RR as there are not enough pairs
[M::mem_process_seqs] Processed 205336 reads in 6.965 CPU sec, 3.604 real sec
[M::process] read 205632 sequences (20000014 bp)...
[M::mem_pestat] # candidate unique pairs for (FF, FR, RF, RR): (1, 98243, 2, 0)
[M::mem_pestat] skip orientation FF as there are not enough pairs
[M::mem_pestat] analyzing insert size distribution for orientation FR...
[M::mem_pestat] (25, 50, 75) percentile: (103, 123, 155)
[M::mem_pestat] low and high boundaries for computing mean and std.dev: (1, 259)
[M::mem_pestat] mean and std.dev: (130.47, 39.02)
[M::mem_pestat] low and high boundaries for proper pairs: (1, 311)
[M::mem_pestat] skip orientation RF as there are not enough pairs
[M::mem_pestat] skip orientation RR as there are not enough pairs
[M::mem_process_seqs] Processed 205150 reads in 6.835 CPU sec, 3.521 real sec
[M::process] read 207264 sequences (20000189 bp)...
[M::mem_pestat] # candidate unique pairs for (FF, FR, RF, RR): (2, 98455, 7, 0)
[M::mem_pestat] skip orientation FF as there are not enough pairs
[M::mem_pestat] analyzing insert size distribution for orientation FR...
[M::mem_pestat] (25, 50, 75) percentile: (103, 123, 154)
[M::mem_pestat] low and high boundaries for computing mean and std.dev: (1, 256)
[M::mem_pestat] mean and std.dev: (129.93, 38.42)
[M::mem_pestat] low and high boundaries for proper pairs: (1, 307)
[M::mem_pestat] skip orientation RF as there are not enough pairs
[M::mem_pestat] skip orientation RR as there are not enough pairs
[M::mem_process_seqs] Processed 205632 reads in 6.828 CPU sec, 3.514 real sec
[M::process] read 205394 sequences (20000095 bp)...
[M::mem_pestat] # candidate unique pairs for (FF, FR, RF, RR): (1, 99221, 5, 2)
[M::mem_pestat] skip orientation FF as there are not enough pairs
[M::mem_pestat] analyzing insert size distribution for orientation FR...
[M::mem_pestat] (25, 50, 75) percentile: (103, 124, 155)
[M::mem_pestat] low and high boundaries for computing mean and std.dev: (1, 259)
[M::mem_pestat] mean and std.dev: (130.47, 38.81)
[M::mem_pestat] low and high boundaries for proper pairs: (1, 311)
[M::mem_pestat] skip orientation RF as there are not enough pairs
[M::mem_pestat] skip orientation RR as there are not enough pairs
[M::mem_process_seqs] Processed 207264 reads in 6.830 CPU sec, 3.556 real sec
[M::process] read 206074 sequences (20000132 bp)...
[M::mem_pestat] # candidate unique pairs for (FF, FR, RF, RR): (1, 98471, 3, 1)
[M::mem_pestat] skip orientation FF as there are not enough pairs
[M::mem_pestat] analyzing insert size distribution for orientation FR...
[M::mem_pestat] (25, 50, 75) percentile: (103, 123, 155)
[M::mem_pestat] low and high boundaries for computing mean and std.dev: (1, 259)
[M::mem_pestat] mean and std.dev: (130.30, 38.91)
[M::mem_pestat] low and high boundaries for proper pairs: (1, 311)
[M::mem_pestat] skip orientation RF as there are not enough pairs
[M::mem_pestat] skip orientation RR as there are not enough pairs
[M::mem_process_seqs] Processed 205394 reads in 6.874 CPU sec, 3.554 real sec
[M::process] read 189582 sequences (18415603 bp)...
[M::mem_pestat] # candidate unique pairs for (FF, FR, RF, RR): (1, 98655, 8, 2)
[M::mem_pestat] skip orientation FF as there are not enough pairs
[M::mem_pestat] analyzing insert size distribution for orientation FR...
[M::mem_pestat] (25, 50, 75) percentile: (103, 124, 155)
[M::mem_pestat] low and high boundaries for computing mean and std.dev: (1, 259)
[M::mem_pestat] mean and std.dev: (130.41, 38.94)
[M::mem_pestat] low and high boundaries for proper pairs: (1, 311)
[M::mem_pestat] skip orientation RF as there are not enough pairs
[M::mem_pestat] skip orientation RR as there are not enough pairs
[M::mem_process_seqs] Processed 206074 reads in 6.916 CPU sec, 3.558 real sec
[M::mem_pestat] # candidate unique pairs for (FF, FR, RF, RR): (0, 90793, 2, 2)
[M::mem_pestat] skip orientation FF as there are not enough pairs
[M::mem_pestat] analyzing insert size distribution for orientation FR...
[M::mem_pestat] (25, 50, 75) percentile: (103, 123, 154)
[M::mem_pestat] low and high boundaries for computing mean and std.dev: (1, 256)
[M::mem_pestat] mean and std.dev: (129.76, 38.38)
[M::mem_pestat] low and high boundaries for proper pairs: (1, 307)
[M::mem_pestat] skip orientation RF as there are not enough pairs
[M::mem_pestat] skip orientation RR as there are not enough pairs
[M::mem_process_seqs] Processed 189582 reads in 6.104 CPU sec, 3.150 real sec
[main] Version: 0.7.19-r1273
[main] CMD: bwa mem -t 2 /proj/uppmax2026-1-61/nobackup/work/dich3309/canu_pacbio_pilon_r2/efaecium_e745_canu_pacbio_pilon_r2.fasta /home/dich3309/rnaseq-tnseq-enterococcus-analysis/data/trimmed_data/rna_serum_rep1_R1_paired.fastq.gz /home/dich3309/rnaseq-tnseq-enterococcus-analysis/data/trimmed_data/rna_serum_rep1_R2_paired.fastq.gz
[main] Real time: 471.378 sec; CPU: 880.323 sec
[bam_sort_core] merging from 4 files and 2 in-memory blocks...
26235183 + 0 in total (QC-passed reads + QC-failed reads)
26205150 + 0 primary
0 + 0 secondary
30033 + 0 supplementary
0 + 0 duplicates
0 + 0 primary duplicates
25829649 + 0 mapped (98.45% : N/A)
25799616 + 0 primary mapped (98.45% : N/A)
26205150 + 0 paired in sequencing
13102575 + 0 read1
13102575 + 0 read2
25217342 + 0 properly paired (96.23% : N/A)
25797338 + 0 with itself and mate mapped
2278 + 0 singletons (0.01% : N/A)
5592 + 0 with mate mapped to a different chr
2278 + 0 with mate mapped to a different chr (mapQ>=5)
[2026-05-11 14:09:25] [sample 4 of 6] rna_serum_rep1 done (0h 9m 11s)
[2026-05-11 14:09:25] [sample 5 of 6] mapping rna_serum_rep2
[M::bwa_idx_load_from_disk] read 0 ALT contigs
[M::process] read 203180 sequences (20000064 bp)...
[M::process] read 203284 sequences (20000161 bp)...
[M::mem_pestat] # candidate unique pairs for (FF, FR, RF, RR): (1, 97488, 8, 3)
[M::mem_pestat] skip orientation FF as there are not enough pairs
[M::mem_pestat] analyzing insert size distribution for orientation FR...
[M::mem_pestat] (25, 50, 75) percentile: (107, 129, 164)
[M::mem_pestat] low and high boundaries for computing mean and std.dev: (1, 278)
[M::mem_pestat] mean and std.dev: (137.43, 42.23)
[M::mem_pestat] low and high boundaries for proper pairs: (1, 335)
[M::mem_pestat] skip orientation RF as there are not enough pairs
[M::mem_pestat] skip orientation RR as there are not enough pairs
[M::mem_process_seqs] Processed 203180 reads in 6.067 CPU sec, 3.091 real sec
[M::process] read 203398 sequences (20000028 bp)...
[M::mem_pestat] # candidate unique pairs for (FF, FR, RF, RR): (0, 97440, 6, 1)
[M::mem_pestat] skip orientation FF as there are not enough pairs
[M::mem_pestat] analyzing insert size distribution for orientation FR...
[M::mem_pestat] (25, 50, 75) percentile: (107, 129, 165)
[M::mem_pestat] low and high boundaries for computing mean and std.dev: (1, 281)
[M::mem_pestat] mean and std.dev: (137.75, 42.79)
[M::mem_pestat] low and high boundaries for proper pairs: (1, 339)
[M::mem_pestat] skip orientation RF as there are not enough pairs
[M::mem_pestat] skip orientation RR as there are not enough pairs
[M::mem_process_seqs] Processed 203284 reads in 5.951 CPU sec, 3.074 real sec
[M::process] read 203522 sequences (20000196 bp)...
[M::mem_pestat] # candidate unique pairs for (FF, FR, RF, RR): (2, 97539, 4, 6)
[M::mem_pestat] skip orientation FF as there are not enough pairs
[M::mem_pestat] analyzing insert size distribution for orientation FR...
[M::mem_pestat] (25, 50, 75) percentile: (107, 130, 165)
[M::mem_pestat] low and high boundaries for computing mean and std.dev: (1, 281)
[M::mem_pestat] mean and std.dev: (137.88, 42.86)
[M::mem_pestat] low and high boundaries for proper pairs: (1, 339)
[M::mem_pestat] skip orientation RF as there are not enough pairs
[M::mem_pestat] skip orientation RR as there are not enough pairs
[M::mem_process_seqs] Processed 203398 reads in 6.009 CPU sec, 3.124 real sec
[M::process] read 203344 sequences (20000158 bp)...
[M::mem_pestat] # candidate unique pairs for (FF, FR, RF, RR): (0, 97556, 3, 0)
[M::mem_pestat] skip orientation FF as there are not enough pairs
[M::mem_pestat] analyzing insert size distribution for orientation FR...
[M::mem_pestat] (25, 50, 75) percentile: (107, 129, 165)
[M::mem_pestat] low and high boundaries for computing mean and std.dev: (1, 281)
[M::mem_pestat] mean and std.dev: (137.78, 42.70)
[M::mem_pestat] low and high boundaries for proper pairs: (1, 339)
[M::mem_pestat] skip orientation RF as there are not enough pairs
[M::mem_pestat] skip orientation RR as there are not enough pairs
[M::mem_process_seqs] Processed 203522 reads in 6.066 CPU sec, 3.132 real sec
[M::process] read 203472 sequences (20000090 bp)...
[M::mem_pestat] # candidate unique pairs for (FF, FR, RF, RR): (0, 97529, 3, 2)
[M::mem_pestat] skip orientation FF as there are not enough pairs
[M::mem_pestat] analyzing insert size distribution for orientation FR...
[M::mem_pestat] (25, 50, 75) percentile: (107, 129, 165)
[M::mem_pestat] low and high boundaries for computing mean and std.dev: (1, 281)
[M::mem_pestat] mean and std.dev: (137.87, 42.75)
[M::mem_pestat] low and high boundaries for proper pairs: (1, 339)
[M::mem_pestat] skip orientation RF as there are not enough pairs
[M::mem_pestat] skip orientation RR as there are not enough pairs
[M::mem_process_seqs] Processed 203344 reads in 5.944 CPU sec, 3.072 real sec
[M::process] read 203292 sequences (20000143 bp)...
[M::mem_pestat] # candidate unique pairs for (FF, FR, RF, RR): (2, 97488, 1, 1)
[M::mem_pestat] skip orientation FF as there are not enough pairs
[M::mem_pestat] analyzing insert size distribution for orientation FR...
[M::mem_pestat] (25, 50, 75) percentile: (107, 129, 164)
[M::mem_pestat] low and high boundaries for computing mean and std.dev: (1, 278)
[M::mem_pestat] mean and std.dev: (137.38, 42.18)
[M::mem_pestat] low and high boundaries for proper pairs: (1, 335)
[M::mem_pestat] skip orientation RF as there are not enough pairs
[M::mem_pestat] skip orientation RR as there are not enough pairs
[M::mem_process_seqs] Processed 203472 reads in 5.966 CPU sec, 3.097 real sec
[M::process] read 203392 sequences (20000187 bp)...
[M::mem_pestat] # candidate unique pairs for (FF, FR, RF, RR): (2, 97393, 8, 0)
[M::mem_pestat] skip orientation FF as there are not enough pairs
[M::mem_pestat] analyzing insert size distribution for orientation FR...
[M::mem_pestat] (25, 50, 75) percentile: (107, 129, 164)
[M::mem_pestat] low and high boundaries for computing mean and std.dev: (1, 278)
[M::mem_pestat] mean and std.dev: (137.25, 42.14)
[M::mem_pestat] low and high boundaries for proper pairs: (1, 335)
[M::mem_pestat] skip orientation RF as there are not enough pairs
[M::mem_pestat] skip orientation RR as there are not enough pairs
[M::mem_process_seqs] Processed 203292 reads in 5.970 CPU sec, 3.086 real sec
[M::process] read 203454 sequences (20000166 bp)...
[M::mem_pestat] # candidate unique pairs for (FF, FR, RF, RR): (2, 97377, 6, 5)
[M::mem_pestat] skip orientation FF as there are not enough pairs
[M::mem_pestat] analyzing insert size distribution for orientation FR...
[M::mem_pestat] (25, 50, 75) percentile: (107, 129, 164)
[M::mem_pestat] low and high boundaries for computing mean and std.dev: (1, 278)
[M::mem_pestat] mean and std.dev: (137.26, 42.16)
[M::mem_pestat] low and high boundaries for proper pairs: (1, 335)
[M::mem_pestat] skip orientation RF as there are not enough pairs
[M::mem_pestat] skip orientation RR as there are not enough pairs
[M::mem_process_seqs] Processed 203392 reads in 5.973 CPU sec, 3.080 real sec
[M::process] read 203718 sequences (20000020 bp)...
[M::mem_pestat] # candidate unique pairs for (FF, FR, RF, RR): (0, 97662, 2, 1)
[M::mem_pestat] skip orientation FF as there are not enough pairs
[M::mem_pestat] analyzing insert size distribution for orientation FR...
[M::mem_pestat] (25, 50, 75) percentile: (107, 129, 164)
[M::mem_pestat] low and high boundaries for computing mean and std.dev: (1, 278)
[M::mem_pestat] mean and std.dev: (137.14, 42.19)
[M::mem_pestat] low and high boundaries for proper pairs: (1, 335)
[M::mem_pestat] skip orientation RF as there are not enough pairs
[M::mem_pestat] skip orientation RR as there are not enough pairs
[M::mem_process_seqs] Processed 203454 reads in 5.983 CPU sec, 3.092 real sec
[M::process] read 203612 sequences (20000032 bp)...
[M::mem_pestat] # candidate unique pairs for (FF, FR, RF, RR): (1, 97605, 3, 1)
[M::mem_pestat] skip orientation FF as there are not enough pairs
[M::mem_pestat] analyzing insert size distribution for orientation FR...
[M::mem_pestat] (25, 50, 75) percentile: (107, 129, 164)
[M::mem_pestat] low and high boundaries for computing mean and std.dev: (1, 278)
[M::mem_pestat] mean and std.dev: (137.15, 42.18)
[M::mem_pestat] low and high boundaries for proper pairs: (1, 335)
[M::mem_pestat] skip orientation RF as there are not enough pairs
[M::mem_pestat] skip orientation RR as there are not enough pairs
[M::mem_process_seqs] Processed 203718 reads in 5.997 CPU sec, 3.094 real sec
[M::process] read 203670 sequences (20000073 bp)...
[M::mem_pestat] # candidate unique pairs for (FF, FR, RF, RR): (1, 97632, 2, 0)
[M::mem_pestat] skip orientation FF as there are not enough pairs
[M::mem_pestat] analyzing insert size distribution for orientation FR...
[M::mem_pestat] (25, 50, 75) percentile: (107, 129, 165)
[M::mem_pestat] low and high boundaries for computing mean and std.dev: (1, 281)
[M::mem_pestat] mean and std.dev: (137.63, 42.82)
[M::mem_pestat] low and high boundaries for proper pairs: (1, 339)
[M::mem_pestat] skip orientation RF as there are not enough pairs
[M::mem_pestat] skip orientation RR as there are not enough pairs
[M::mem_process_seqs] Processed 203612 reads in 5.949 CPU sec, 3.068 real sec
[M::process] read 203586 sequences (20000035 bp)...
[M::mem_pestat] # candidate unique pairs for (FF, FR, RF, RR): (2, 97471, 1, 1)
[M::mem_pestat] skip orientation FF as there are not enough pairs
[M::mem_pestat] analyzing insert size distribution for orientation FR...
[M::mem_pestat] (25, 50, 75) percentile: (107, 128, 164)
[M::mem_pestat] low and high boundaries for computing mean and std.dev: (1, 278)
[M::mem_pestat] mean and std.dev: (137.00, 42.23)
[M::mem_pestat] low and high boundaries for proper pairs: (1, 335)
[M::mem_pestat] skip orientation RF as there are not enough pairs
[M::mem_pestat] skip orientation RR as there are not enough pairs
[M::mem_process_seqs] Processed 203670 reads in 6.033 CPU sec, 3.112 real sec
[M::process] read 203618 sequences (20000147 bp)...
[M::mem_pestat] # candidate unique pairs for (FF, FR, RF, RR): (3, 97588, 5, 2)
[M::mem_pestat] skip orientation FF as there are not enough pairs
[M::mem_pestat] analyzing insert size distribution for orientation FR...
[M::mem_pestat] (25, 50, 75) percentile: (107, 129, 164)
[M::mem_pestat] low and high boundaries for computing mean and std.dev: (1, 278)
[M::mem_pestat] mean and std.dev: (137.29, 42.31)
[M::mem_pestat] low and high boundaries for proper pairs: (1, 335)
[M::mem_pestat] skip orientation RF as there are not enough pairs
[M::mem_pestat] skip orientation RR as there are not enough pairs
[M::mem_process_seqs] Processed 203586 reads in 5.960 CPU sec, 3.076 real sec
[M::process] read 203758 sequences (20000055 bp)...
[M::mem_pestat] # candidate unique pairs for (FF, FR, RF, RR): (1, 97482, 3, 0)
[M::mem_pestat] skip orientation FF as there are not enough pairs
[M::mem_pestat] analyzing insert size distribution for orientation FR...
[M::mem_pestat] (25, 50, 75) percentile: (107, 129, 163)
[M::mem_pestat] low and high boundaries for computing mean and std.dev: (1, 275)
[M::mem_pestat] mean and std.dev: (136.66, 41.74)
[M::mem_pestat] low and high boundaries for proper pairs: (1, 331)
[M::mem_pestat] skip orientation RF as there are not enough pairs
[M::mem_pestat] skip orientation RR as there are not enough pairs
[M::mem_process_seqs] Processed 203618 reads in 6.011 CPU sec, 3.101 real sec
[M::process] read 203832 sequences (20000179 bp)...
[M::mem_pestat] # candidate unique pairs for (FF, FR, RF, RR): (1, 97507, 5, 0)
[M::mem_pestat] skip orientation FF as there are not enough pairs
[M::mem_pestat] analyzing insert size distribution for orientation FR...
[M::mem_pestat] (25, 50, 75) percentile: (107, 129, 164)
[M::mem_pestat] low and high boundaries for computing mean and std.dev: (1, 278)
[M::mem_pestat] mean and std.dev: (137.11, 42.30)
[M::mem_pestat] low and high boundaries for proper pairs: (1, 335)
[M::mem_pestat] skip orientation RF as there are not enough pairs
[M::mem_pestat] skip orientation RR as there are not enough pairs
[M::mem_process_seqs] Processed 203758 reads in 5.983 CPU sec, 3.102 real sec
[M::process] read 203854 sequences (20000149 bp)...
[M::mem_pestat] # candidate unique pairs for (FF, FR, RF, RR): (0, 97633, 3, 3)
[M::mem_pestat] skip orientation FF as there are not enough pairs
[M::mem_pestat] analyzing insert size distribution for orientation FR...
[M::mem_pestat] (25, 50, 75) percentile: (107, 129, 163)
[M::mem_pestat] low and high boundaries for computing mean and std.dev: (1, 275)
[M::mem_pestat] mean and std.dev: (136.74, 42.04)
[M::mem_pestat] low and high boundaries for proper pairs: (1, 331)
[M::mem_pestat] skip orientation RF as there are not enough pairs
[M::mem_pestat] skip orientation RR as there are not enough pairs
[M::mem_process_seqs] Processed 203832 reads in 5.975 CPU sec, 3.079 real sec
[M::process] read 203724 sequences (20000083 bp)...
[M::mem_pestat] # candidate unique pairs for (FF, FR, RF, RR): (1, 97801, 2, 2)
[M::mem_pestat] skip orientation FF as there are not enough pairs
[M::mem_pestat] analyzing insert size distribution for orientation FR...
[M::mem_pestat] (25, 50, 75) percentile: (107, 128, 164)
[M::mem_pestat] low and high boundaries for computing mean and std.dev: (1, 278)
[M::mem_pestat] mean and std.dev: (137.00, 42.28)
[M::mem_pestat] low and high boundaries for proper pairs: (1, 335)
[M::mem_pestat] skip orientation RF as there are not enough pairs
[M::mem_pestat] skip orientation RR as there are not enough pairs
[M::mem_process_seqs] Processed 203854 reads in 6.013 CPU sec, 3.106 real sec
[M::process] read 203864 sequences (20000171 bp)...
[M::mem_pestat] # candidate unique pairs for (FF, FR, RF, RR): (1, 97444, 3, 0)
[M::mem_pestat] skip orientation FF as there are not enough pairs
[M::mem_pestat] analyzing insert size distribution for orientation FR...
[M::mem_pestat] (25, 50, 75) percentile: (107, 128, 163)
[M::mem_pestat] low and high boundaries for computing mean and std.dev: (1, 275)
[M::mem_pestat] mean and std.dev: (136.67, 41.81)
[M::mem_pestat] low and high boundaries for proper pairs: (1, 331)
[M::mem_pestat] skip orientation RF as there are not enough pairs
[M::mem_pestat] skip orientation RR as there are not enough pairs
[M::mem_process_seqs] Processed 203724 reads in 6.055 CPU sec, 3.123 real sec
[M::process] read 204092 sequences (20000068 bp)...
[M::mem_pestat] # candidate unique pairs for (FF, FR, RF, RR): (2, 97585, 4, 4)
[M::mem_pestat] skip orientation FF as there are not enough pairs
[M::mem_pestat] analyzing insert size distribution for orientation FR...
[M::mem_pestat] (25, 50, 75) percentile: (107, 129, 164)
[M::mem_pestat] low and high boundaries for computing mean and std.dev: (1, 278)
[M::mem_pestat] mean and std.dev: (137.08, 42.39)
[M::mem_pestat] low and high boundaries for proper pairs: (1, 335)
[M::mem_pestat] skip orientation RF as there are not enough pairs
[M::mem_pestat] skip orientation RR as there are not enough pairs
[M::mem_process_seqs] Processed 203864 reads in 5.947 CPU sec, 3.080 real sec
[M::process] read 203818 sequences (20000071 bp)...
[M::mem_pestat] # candidate unique pairs for (FF, FR, RF, RR): (0, 97735, 6, 2)
[M::mem_pestat] skip orientation FF as there are not enough pairs
[M::mem_pestat] analyzing insert size distribution for orientation FR...
[M::mem_pestat] (25, 50, 75) percentile: (107, 128, 163)
[M::mem_pestat] low and high boundaries for computing mean and std.dev: (1, 275)
[M::mem_pestat] mean and std.dev: (136.37, 41.78)
[M::mem_pestat] low and high boundaries for proper pairs: (1, 331)
[M::mem_pestat] skip orientation RF as there are not enough pairs
[M::mem_pestat] skip orientation RR as there are not enough pairs
[M::mem_process_seqs] Processed 204092 reads in 5.978 CPU sec, 3.081 real sec
[M::process] read 203894 sequences (20000170 bp)...
[M::mem_pestat] # candidate unique pairs for (FF, FR, RF, RR): (1, 97578, 4, 1)
[M::mem_pestat] skip orientation FF as there are not enough pairs
[M::mem_pestat] analyzing insert size distribution for orientation FR...
[M::mem_pestat] (25, 50, 75) percentile: (107, 128, 163)
[M::mem_pestat] low and high boundaries for computing mean and std.dev: (1, 275)
[M::mem_pestat] mean and std.dev: (136.65, 41.77)
[M::mem_pestat] low and high boundaries for proper pairs: (1, 331)
[M::mem_pestat] skip orientation RF as there are not enough pairs
[M::mem_pestat] skip orientation RR as there are not enough pairs
[M::mem_process_seqs] Processed 203818 reads in 5.959 CPU sec, 3.080 real sec
[M::process] read 204226 sequences (20000049 bp)...
[M::mem_pestat] # candidate unique pairs for (FF, FR, RF, RR): (1, 97622, 0, 1)
[M::mem_pestat] skip orientation FF as there are not enough pairs
[M::mem_pestat] analyzing insert size distribution for orientation FR...
[M::mem_pestat] (25, 50, 75) percentile: (107, 129, 163)
[M::mem_pestat] low and high boundaries for computing mean and std.dev: (1, 275)
[M::mem_pestat] mean and std.dev: (136.65, 41.75)
[M::mem_pestat] low and high boundaries for proper pairs: (1, 331)
[M::mem_pestat] skip orientation RF as there are not enough pairs
[M::mem_pestat] skip orientation RR as there are not enough pairs
[M::mem_process_seqs] Processed 203894 reads in 5.947 CPU sec, 3.068 real sec
[M::process] read 204044 sequences (20000167 bp)...
[M::mem_pestat] # candidate unique pairs for (FF, FR, RF, RR): (0, 97736, 8, 3)
[M::mem_pestat] skip orientation FF as there are not enough pairs
[M::mem_pestat] analyzing insert size distribution for orientation FR...
[M::mem_pestat] (25, 50, 75) percentile: (107, 129, 163)
[M::mem_pestat] low and high boundaries for computing mean and std.dev: (1, 275)
[M::mem_pestat] mean and std.dev: (136.62, 41.79)
[M::mem_pestat] low and high boundaries for proper pairs: (1, 331)
[M::mem_pestat] skip orientation RF as there are not enough pairs
[M::mem_pestat] skip orientation RR as there are not enough pairs
[M::mem_process_seqs] Processed 204226 reads in 6.074 CPU sec, 3.156 real sec
[M::process] read 204044 sequences (20000178 bp)...
[M::mem_pestat] # candidate unique pairs for (FF, FR, RF, RR): (0, 97762, 4, 3)
[M::mem_pestat] skip orientation FF as there are not enough pairs
[M::mem_pestat] analyzing insert size distribution for orientation FR...
[M::mem_pestat] (25, 50, 75) percentile: (107, 128, 163)
[M::mem_pestat] low and high boundaries for computing mean and std.dev: (1, 275)
[M::mem_pestat] mean and std.dev: (136.31, 41.66)
[M::mem_pestat] low and high boundaries for proper pairs: (1, 331)
[M::mem_pestat] skip orientation RF as there are not enough pairs
[M::mem_pestat] skip orientation RR as there are not enough pairs
[M::mem_process_seqs] Processed 204044 reads in 6.001 CPU sec, 3.099 real sec
[M::process] read 204092 sequences (20000169 bp)...
[M::mem_pestat] # candidate unique pairs for (FF, FR, RF, RR): (2, 97749, 6, 1)
[M::mem_pestat] skip orientation FF as there are not enough pairs
[M::mem_pestat] analyzing insert size distribution for orientation FR...
[M::mem_pestat] (25, 50, 75) percentile: (107, 128, 162)
[M::mem_pestat] low and high boundaries for computing mean and std.dev: (1, 272)
[M::mem_pestat] mean and std.dev: (136.17, 41.27)
[M::mem_pestat] low and high boundaries for proper pairs: (1, 327)
[M::mem_pestat] skip orientation RF as there are not enough pairs
[M::mem_pestat] skip orientation RR as there are not enough pairs
[M::mem_process_seqs] Processed 204044 reads in 6.036 CPU sec, 3.140 real sec
[M::process] read 204208 sequences (20000004 bp)...
[M::mem_pestat] # candidate unique pairs for (FF, FR, RF, RR): (0, 97682, 1, 0)
[M::mem_pestat] skip orientation FF as there are not enough pairs
[M::mem_pestat] analyzing insert size distribution for orientation FR...
[M::mem_pestat] (25, 50, 75) percentile: (107, 128, 162)
[M::mem_pestat] low and high boundaries for computing mean and std.dev: (1, 272)
[M::mem_pestat] mean and std.dev: (136.06, 41.14)
[M::mem_pestat] low and high boundaries for proper pairs: (1, 327)
[M::mem_pestat] skip orientation RF as there are not enough pairs
[M::mem_pestat] skip orientation RR as there are not enough pairs
[M::mem_process_seqs] Processed 204092 reads in 6.029 CPU sec, 3.111 real sec
[M::process] read 204490 sequences (20000014 bp)...
[M::mem_pestat] # candidate unique pairs for (FF, FR, RF, RR): (0, 97896, 2, 0)
[M::mem_pestat] skip orientation FF as there are not enough pairs
[M::mem_pestat] analyzing insert size distribution for orientation FR...
[M::mem_pestat] (25, 50, 75) percentile: (107, 128, 163)
[M::mem_pestat] low and high boundaries for computing mean and std.dev: (1, 275)
[M::mem_pestat] mean and std.dev: (136.53, 41.61)
[M::mem_pestat] low and high boundaries for proper pairs: (1, 331)
[M::mem_pestat] skip orientation RF as there are not enough pairs
[M::mem_pestat] skip orientation RR as there are not enough pairs
[M::mem_process_seqs] Processed 204208 reads in 6.085 CPU sec, 3.170 real sec
[M::process] read 204326 sequences (20000167 bp)...
[M::mem_pestat] # candidate unique pairs for (FF, FR, RF, RR): (3, 97968, 7, 0)
[M::mem_pestat] skip orientation FF as there are not enough pairs
[M::mem_pestat] analyzing insert size distribution for orientation FR...
[M::mem_pestat] (25, 50, 75) percentile: (107, 128, 163)
[M::mem_pestat] low and high boundaries for computing mean and std.dev: (1, 275)
[M::mem_pestat] mean and std.dev: (136.39, 41.74)
[M::mem_pestat] low and high boundaries for proper pairs: (1, 331)
[M::mem_pestat] skip orientation RF as there are not enough pairs
[M::mem_pestat] skip orientation RR as there are not enough pairs
[M::mem_process_seqs] Processed 204490 reads in 6.053 CPU sec, 3.124 real sec
[M::mem_pestat] # candidate unique pairs for (FF, FR, RF, RR): (2, 97958, 6, 4)
[M::mem_pestat] skip orientation FF as there are not enough pairs
[M::mem_pestat] analyzing insert size distribution for orientation FR...
[M::mem_pestat] (25, 50, 75) percentile: (107, 128, 163)
[M::mem_pestat] low and high boundaries for computing mean and std.dev: (1, 275)
[M::mem_pestat] mean and std.dev: (136.42, 41.69)
[M::mem_pestat] low and high boundaries for proper pairs: (1, 331)
[M::mem_pestat] skip orientation RF as there are not enough pairs
[M::mem_pestat] skip orientation RR as there are not enough pairs
[M::mem_process_seqs] Processed 204326 reads in 6.086 CPU sec, 6.129 real sec
[M::process] read 204470 sequences (20000008 bp)...
[M::process] read 204440 sequences (20000103 bp)...
[M::mem_pestat] # candidate unique pairs for (FF, FR, RF, RR): (1, 98033, 11, 3)
[M::mem_pestat] skip orientation FF as there are not enough pairs
[M::mem_pestat] analyzing insert size distribution for orientation FR...
[M::mem_pestat] (25, 50, 75) percentile: (107, 128, 162)
[M::mem_pestat] low and high boundaries for computing mean and std.dev: (1, 272)
[M::mem_pestat] mean and std.dev: (136.12, 41.06)
[M::mem_pestat] low and high boundaries for proper pairs: (1, 327)
[M::mem_pestat] analyzing insert size distribution for orientation RF...
[M::mem_pestat] (25, 50, 75) percentile: (41, 69, 86)
[M::mem_pestat] low and high boundaries for computing mean and std.dev: (1, 176)
[M::mem_pestat] mean and std.dev: (57.80, 44.20)
[M::mem_pestat] low and high boundaries for proper pairs: (1, 235)
[M::mem_pestat] skip orientation RR as there are not enough pairs
[M::mem_pestat] skip orientation RF
[M::mem_process_seqs] Processed 204470 reads in 5.922 CPU sec, 3.016 real sec
[M::process] read 206230 sequences (20000040 bp)...
[M::mem_pestat] # candidate unique pairs for (FF, FR, RF, RR): (1, 97900, 5, 1)
[M::mem_pestat] skip orientation FF as there are not enough pairs
[M::mem_pestat] analyzing insert size distribution for orientation FR...
[M::mem_pestat] (25, 50, 75) percentile: (106, 128, 162)
[M::mem_pestat] low and high boundaries for computing mean and std.dev: (1, 274)
[M::mem_pestat] mean and std.dev: (135.94, 41.31)
[M::mem_pestat] low and high boundaries for proper pairs: (1, 330)
[M::mem_pestat] skip orientation RF as there are not enough pairs
[M::mem_pestat] skip orientation RR as there are not enough pairs
[M::mem_process_seqs] Processed 204440 reads in 6.064 CPU sec, 3.132 real sec
[M::process] read 205208 sequences (20000012 bp)...
[M::mem_pestat] # candidate unique pairs for (FF, FR, RF, RR): (0, 98777, 2, 1)
[M::mem_pestat] skip orientation FF as there are not enough pairs
[M::mem_pestat] analyzing insert size distribution for orientation FR...
[M::mem_pestat] (25, 50, 75) percentile: (107, 128, 162)
[M::mem_pestat] low and high boundaries for computing mean and std.dev: (1, 272)
[M::mem_pestat] mean and std.dev: (135.82, 41.02)
[M::mem_pestat] low and high boundaries for proper pairs: (1, 327)
[M::mem_pestat] skip orientation RF as there are not enough pairs
[M::mem_pestat] skip orientation RR as there are not enough pairs
[M::mem_process_seqs] Processed 206230 reads in 5.974 CPU sec, 3.095 real sec
[M::process] read 204832 sequences (20000061 bp)...
[M::mem_pestat] # candidate unique pairs for (FF, FR, RF, RR): (3, 98098, 4, 2)
[M::mem_pestat] skip orientation FF as there are not enough pairs
[M::mem_pestat] analyzing insert size distribution for orientation FR...
[M::mem_pestat] (25, 50, 75) percentile: (106, 128, 161)
[M::mem_pestat] low and high boundaries for computing mean and std.dev: (1, 271)
[M::mem_pestat] mean and std.dev: (135.51, 40.85)
[M::mem_pestat] low and high boundaries for proper pairs: (1, 326)
[M::mem_pestat] skip orientation RF as there are not enough pairs
[M::mem_pestat] skip orientation RR as there are not enough pairs
[M::mem_process_seqs] Processed 205208 reads in 5.971 CPU sec, 3.081 real sec
[M::process] read 205894 sequences (20000175 bp)...
[M::mem_pestat] # candidate unique pairs for (FF, FR, RF, RR): (6, 98172, 10, 1)
[M::mem_pestat] skip orientation FF as there are not enough pairs
[M::mem_pestat] analyzing insert size distribution for orientation FR...
[M::mem_pestat] (25, 50, 75) percentile: (107, 128, 162)
[M::mem_pestat] low and high boundaries for computing mean and std.dev: (1, 272)
[M::mem_pestat] mean and std.dev: (135.92, 40.97)
[M::mem_pestat] low and high boundaries for proper pairs: (1, 327)
[M::mem_pestat] analyzing insert size distribution for orientation RF...
[M::mem_pestat] (25, 50, 75) percentile: (14, 26, 63)
[M::mem_pestat] low and high boundaries for computing mean and std.dev: (1, 161)
[M::mem_pestat] mean and std.dev: (44.40, 47.91)
[M::mem_pestat] low and high boundaries for proper pairs: (1, 236)
[M::mem_pestat] skip orientation RR as there are not enough pairs
[M::mem_pestat] skip orientation RF
[M::mem_process_seqs] Processed 204832 reads in 6.031 CPU sec, 3.131 real sec
[M::process] read 205028 sequences (20000057 bp)...
[M::mem_pestat] # candidate unique pairs for (FF, FR, RF, RR): (1, 98546, 2, 0)
[M::mem_pestat] skip orientation FF as there are not enough pairs
[M::mem_pestat] analyzing insert size distribution for orientation FR...
[M::mem_pestat] (25, 50, 75) percentile: (106, 128, 161)
[M::mem_pestat] low and high boundaries for computing mean and std.dev: (1, 271)
[M::mem_pestat] mean and std.dev: (135.61, 40.80)
[M::mem_pestat] low and high boundaries for proper pairs: (1, 326)
[M::mem_pestat] skip orientation RF as there are not enough pairs
[M::mem_pestat] skip orientation RR as there are not enough pairs
[M::mem_process_seqs] Processed 205894 reads in 6.025 CPU sec, 3.108 real sec
[M::process] read 203544 sequences (20000076 bp)...
[M::mem_pestat] # candidate unique pairs for (FF, FR, RF, RR): (1, 98409, 3, 4)
[M::mem_pestat] skip orientation FF as there are not enough pairs
[M::mem_pestat] analyzing insert size distribution for orientation FR...
[M::mem_pestat] (25, 50, 75) percentile: (106, 128, 161)
[M::mem_pestat] low and high boundaries for computing mean and std.dev: (1, 271)
[M::mem_pestat] mean and std.dev: (135.41, 40.69)
[M::mem_pestat] low and high boundaries for proper pairs: (1, 326)
[M::mem_pestat] skip orientation RF as there are not enough pairs
[M::mem_pestat] skip orientation RR as there are not enough pairs
[M::mem_process_seqs] Processed 205028 reads in 5.963 CPU sec, 3.089 real sec
[M::process] read 203300 sequences (20000056 bp)...
[M::mem_pestat] # candidate unique pairs for (FF, FR, RF, RR): (1, 97555, 4, 0)
[M::mem_pestat] skip orientation FF as there are not enough pairs
[M::mem_pestat] analyzing insert size distribution for orientation FR...
[M::mem_pestat] (25, 50, 75) percentile: (107, 129, 164)
[M::mem_pestat] low and high boundaries for computing mean and std.dev: (1, 278)
[M::mem_pestat] mean and std.dev: (137.37, 42.34)
[M::mem_pestat] low and high boundaries for proper pairs: (1, 335)
[M::mem_pestat] skip orientation RF as there are not enough pairs
[M::mem_pestat] skip orientation RR as there are not enough pairs
[M::mem_process_seqs] Processed 203544 reads in 6.017 CPU sec, 3.117 real sec
[M::process] read 203412 sequences (20000152 bp)...
[M::mem_pestat] # candidate unique pairs for (FF, FR, RF, RR): (1, 97463, 3, 0)
[M::mem_pestat] skip orientation FF as there are not enough pairs
[M::mem_pestat] analyzing insert size distribution for orientation FR...
[M::mem_pestat] (25, 50, 75) percentile: (107, 129, 164)
[M::mem_pestat] low and high boundaries for computing mean and std.dev: (1, 278)
[M::mem_pestat] mean and std.dev: (137.45, 42.34)
[M::mem_pestat] low and high boundaries for proper pairs: (1, 335)
[M::mem_pestat] skip orientation RF as there are not enough pairs
[M::mem_pestat] skip orientation RR as there are not enough pairs
[M::mem_process_seqs] Processed 203300 reads in 5.964 CPU sec, 3.080 real sec
[M::process] read 203564 sequences (20000113 bp)...
[M::mem_pestat] # candidate unique pairs for (FF, FR, RF, RR): (1, 97391, 2, 3)
[M::mem_pestat] skip orientation FF as there are not enough pairs
[M::mem_pestat] analyzing insert size distribution for orientation FR...
[M::mem_pestat] (25, 50, 75) percentile: (107, 129, 165)
[M::mem_pestat] low and high boundaries for computing mean and std.dev: (1, 281)
[M::mem_pestat] mean and std.dev: (137.86, 42.91)
[M::mem_pestat] low and high boundaries for proper pairs: (1, 339)
[M::mem_pestat] skip orientation RF as there are not enough pairs
[M::mem_pestat] skip orientation RR as there are not enough pairs
[M::mem_process_seqs] Processed 203412 reads in 6.002 CPU sec, 3.099 real sec
[M::process] read 203354 sequences (20000033 bp)...
[M::mem_pestat] # candidate unique pairs for (FF, FR, RF, RR): (3, 97608, 3, 0)
[M::mem_pestat] skip orientation FF as there are not enough pairs
[M::mem_pestat] analyzing insert size distribution for orientation FR...
[M::mem_pestat] (25, 50, 75) percentile: (107, 129, 165)
[M::mem_pestat] low and high boundaries for computing mean and std.dev: (1, 281)
[M::mem_pestat] mean and std.dev: (137.94, 42.85)
[M::mem_pestat] low and high boundaries for proper pairs: (1, 339)
[M::mem_pestat] skip orientation RF as there are not enough pairs
[M::mem_pestat] skip orientation RR as there are not enough pairs
[M::mem_process_seqs] Processed 203564 reads in 5.963 CPU sec, 3.074 real sec
[M::process] read 203420 sequences (20000193 bp)...
[M::mem_pestat] # candidate unique pairs for (FF, FR, RF, RR): (2, 97608, 3, 2)
[M::mem_pestat] skip orientation FF as there are not enough pairs
[M::mem_pestat] analyzing insert size distribution for orientation FR...
[M::mem_pestat] (25, 50, 75) percentile: (107, 129, 165)
[M::mem_pestat] low and high boundaries for computing mean and std.dev: (1, 281)
[M::mem_pestat] mean and std.dev: (138.04, 42.79)
[M::mem_pestat] low and high boundaries for proper pairs: (1, 339)
[M::mem_pestat] skip orientation RF as there are not enough pairs
[M::mem_pestat] skip orientation RR as there are not enough pairs
[M::mem_process_seqs] Processed 203354 reads in 5.910 CPU sec, 3.053 real sec
[M::process] read 203288 sequences (20000121 bp)...
[M::mem_pestat] # candidate unique pairs for (FF, FR, RF, RR): (2, 97488, 4, 1)
[M::mem_pestat] skip orientation FF as there are not enough pairs
[M::mem_pestat] analyzing insert size distribution for orientation FR...
[M::mem_pestat] (25, 50, 75) percentile: (107, 129, 164)
[M::mem_pestat] low and high boundaries for computing mean and std.dev: (1, 278)
[M::mem_pestat] mean and std.dev: (137.36, 42.09)
[M::mem_pestat] low and high boundaries for proper pairs: (1, 335)
[M::mem_pestat] skip orientation RF as there are not enough pairs
[M::mem_pestat] skip orientation RR as there are not enough pairs
[M::mem_process_seqs] Processed 203420 reads in 6.001 CPU sec, 3.112 real sec
[M::process] read 203340 sequences (20000135 bp)...
[M::mem_pestat] # candidate unique pairs for (FF, FR, RF, RR): (0, 97428, 3, 2)
[M::mem_pestat] skip orientation FF as there are not enough pairs
[M::mem_pestat] analyzing insert size distribution for orientation FR...
[M::mem_pestat] (25, 50, 75) percentile: (107, 129, 165)
[M::mem_pestat] low and high boundaries for computing mean and std.dev: (1, 281)
[M::mem_pestat] mean and std.dev: (137.95, 42.69)
[M::mem_pestat] low and high boundaries for proper pairs: (1, 339)
[M::mem_pestat] skip orientation RF as there are not enough pairs
[M::mem_pestat] skip orientation RR as there are not enough pairs
[M::mem_process_seqs] Processed 203288 reads in 5.972 CPU sec, 3.084 real sec
[M::process] read 203372 sequences (20000131 bp)...
[M::mem_pestat] # candidate unique pairs for (FF, FR, RF, RR): (0, 97446, 5, 0)
[M::mem_pestat] skip orientation FF as there are not enough pairs
[M::mem_pestat] analyzing insert size distribution for orientation FR...
[M::mem_pestat] (25, 50, 75) percentile: (107, 129, 164)
[M::mem_pestat] low and high boundaries for computing mean and std.dev: (1, 278)
[M::mem_pestat] mean and std.dev: (137.49, 42.47)
[M::mem_pestat] low and high boundaries for proper pairs: (1, 335)
[M::mem_pestat] skip orientation RF as there are not enough pairs
[M::mem_pestat] skip orientation RR as there are not enough pairs
[M::mem_process_seqs] Processed 203340 reads in 5.951 CPU sec, 3.074 real sec
[M::process] read 203800 sequences (20000019 bp)...
[M::mem_pestat] # candidate unique pairs for (FF, FR, RF, RR): (1, 97456, 5, 1)
[M::mem_pestat] skip orientation FF as there are not enough pairs
[M::mem_pestat] analyzing insert size distribution for orientation FR...
[M::mem_pestat] (25, 50, 75) percentile: (107, 129, 164)
[M::mem_pestat] low and high boundaries for computing mean and std.dev: (1, 278)
[M::mem_pestat] mean and std.dev: (137.41, 42.31)
[M::mem_pestat] low and high boundaries for proper pairs: (1, 335)
[M::mem_pestat] skip orientation RF as there are not enough pairs
[M::mem_pestat] skip orientation RR as there are not enough pairs
[M::mem_process_seqs] Processed 203372 reads in 6.001 CPU sec, 3.099 real sec
[M::process] read 203458 sequences (20000109 bp)...
[M::mem_pestat] # candidate unique pairs for (FF, FR, RF, RR): (1, 97560, 4, 2)
[M::mem_pestat] skip orientation FF as there are not enough pairs
[M::mem_pestat] analyzing insert size distribution for orientation FR...
[M::mem_pestat] (25, 50, 75) percentile: (107, 129, 164)
[M::mem_pestat] low and high boundaries for computing mean and std.dev: (1, 278)
[M::mem_pestat] mean and std.dev: (137.15, 42.27)
[M::mem_pestat] low and high boundaries for proper pairs: (1, 335)
[M::mem_pestat] skip orientation RF as there are not enough pairs
[M::mem_pestat] skip orientation RR as there are not enough pairs
[M::mem_process_seqs] Processed 203800 reads in 5.927 CPU sec, 3.058 real sec
[M::process] read 203594 sequences (20000170 bp)...
[M::mem_pestat] # candidate unique pairs for (FF, FR, RF, RR): (0, 97453, 5, 1)
[M::mem_pestat] skip orientation FF as there are not enough pairs
[M::mem_pestat] analyzing insert size distribution for orientation FR...
[M::mem_pestat] (25, 50, 75) percentile: (107, 129, 164)
[M::mem_pestat] low and high boundaries for computing mean and std.dev: (1, 278)
[M::mem_pestat] mean and std.dev: (137.24, 42.19)
[M::mem_pestat] low and high boundaries for proper pairs: (1, 335)
[M::mem_pestat] skip orientation RF as there are not enough pairs
[M::mem_pestat] skip orientation RR as there are not enough pairs
[M::mem_process_seqs] Processed 203458 reads in 5.954 CPU sec, 3.073 real sec
[M::process] read 203440 sequences (20000121 bp)...
[M::mem_pestat] # candidate unique pairs for (FF, FR, RF, RR): (2, 97560, 6, 2)
[M::mem_pestat] skip orientation FF as there are not enough pairs
[M::mem_pestat] analyzing insert size distribution for orientation FR...
[M::mem_pestat] (25, 50, 75) percentile: (107, 129, 165)
[M::mem_pestat] low and high boundaries for computing mean and std.dev: (1, 281)
[M::mem_pestat] mean and std.dev: (137.85, 42.80)
[M::mem_pestat] low and high boundaries for proper pairs: (1, 339)
[M::mem_pestat] skip orientation RF as there are not enough pairs
[M::mem_pestat] skip orientation RR as there are not enough pairs
[M::mem_process_seqs] Processed 203594 reads in 5.985 CPU sec, 3.087 real sec
[M::process] read 204008 sequences (20000045 bp)...
[M::mem_pestat] # candidate unique pairs for (FF, FR, RF, RR): (2, 97564, 6, 3)
[M::mem_pestat] skip orientation FF as there are not enough pairs
[M::mem_pestat] analyzing insert size distribution for orientation FR...
[M::mem_pestat] (25, 50, 75) percentile: (107, 129, 163)
[M::mem_pestat] low and high boundaries for computing mean and std.dev: (1, 275)
[M::mem_pestat] mean and std.dev: (136.88, 41.62)
[M::mem_pestat] low and high boundaries for proper pairs: (1, 331)
[M::mem_pestat] skip orientation RF as there are not enough pairs
[M::mem_pestat] skip orientation RR as there are not enough pairs
[M::mem_process_seqs] Processed 203440 reads in 5.987 CPU sec, 3.085 real sec
[M::process] read 203588 sequences (20000160 bp)...
[M::mem_pestat] # candidate unique pairs for (FF, FR, RF, RR): (1, 97744, 2, 2)
[M::mem_pestat] skip orientation FF as there are not enough pairs
[M::mem_pestat] analyzing insert size distribution for orientation FR...
[M::mem_pestat] (25, 50, 75) percentile: (107, 129, 164)
[M::mem_pestat] low and high boundaries for computing mean and std.dev: (1, 278)
[M::mem_pestat] mean and std.dev: (137.17, 42.22)
[M::mem_pestat] low and high boundaries for proper pairs: (1, 335)
[M::mem_pestat] skip orientation RF as there are not enough pairs
[M::mem_pestat] skip orientation RR as there are not enough pairs
[M::mem_process_seqs] Processed 204008 reads in 6.015 CPU sec, 3.103 real sec
[M::process] read 203558 sequences (20000046 bp)...
[M::mem_pestat] # candidate unique pairs for (FF, FR, RF, RR): (1, 97611, 2, 1)
[M::mem_pestat] skip orientation FF as there are not enough pairs
[M::mem_pestat] analyzing insert size distribution for orientation FR...
[M::mem_pestat] (25, 50, 75) percentile: (107, 129, 164)
[M::mem_pestat] low and high boundaries for computing mean and std.dev: (1, 278)
[M::mem_pestat] mean and std.dev: (137.32, 42.21)
[M::mem_pestat] low and high boundaries for proper pairs: (1, 335)
[M::mem_pestat] skip orientation RF as there are not enough pairs
[M::mem_pestat] skip orientation RR as there are not enough pairs
[M::mem_process_seqs] Processed 203588 reads in 5.971 CPU sec, 3.083 real sec
[M::process] read 203694 sequences (20000104 bp)...
[M::mem_pestat] # candidate unique pairs for (FF, FR, RF, RR): (1, 97523, 3, 5)
[M::mem_pestat] skip orientation FF as there are not enough pairs
[M::mem_pestat] analyzing insert size distribution for orientation FR...
[M::mem_pestat] (25, 50, 75) percentile: (107, 129, 164)
[M::mem_pestat] low and high boundaries for computing mean and std.dev: (1, 278)
[M::mem_pestat] mean and std.dev: (137.13, 42.12)
[M::mem_pestat] low and high boundaries for proper pairs: (1, 335)
[M::mem_pestat] skip orientation RF as there are not enough pairs
[M::mem_pestat] skip orientation RR as there are not enough pairs
[M::mem_process_seqs] Processed 203558 reads in 5.956 CPU sec, 3.072 real sec
[M::process] read 203814 sequences (20000107 bp)...
[M::mem_pestat] # candidate unique pairs for (FF, FR, RF, RR): (2, 97494, 4, 2)
[M::mem_pestat] skip orientation FF as there are not enough pairs
[M::mem_pestat] analyzing insert size distribution for orientation FR...
[M::mem_pestat] (25, 50, 75) percentile: (107, 129, 164)
[M::mem_pestat] low and high boundaries for computing mean and std.dev: (1, 278)
[M::mem_pestat] mean and std.dev: (137.20, 42.28)
[M::mem_pestat] low and high boundaries for proper pairs: (1, 335)
[M::mem_pestat] skip orientation RF as there are not enough pairs
[M::mem_pestat] skip orientation RR as there are not enough pairs
[M::mem_process_seqs] Processed 203694 reads in 6.022 CPU sec, 3.115 real sec
[M::process] read 203846 sequences (20000054 bp)...
[M::mem_pestat] # candidate unique pairs for (FF, FR, RF, RR): (2, 97542, 4, 4)
[M::mem_pestat] skip orientation FF as there are not enough pairs
[M::mem_pestat] analyzing insert size distribution for orientation FR...
[M::mem_pestat] (25, 50, 75) percentile: (107, 128, 163)
[M::mem_pestat] low and high boundaries for computing mean and std.dev: (1, 275)
[M::mem_pestat] mean and std.dev: (136.48, 41.68)
[M::mem_pestat] low and high boundaries for proper pairs: (1, 331)
[M::mem_pestat] skip orientation RF as there are not enough pairs
[M::mem_pestat] skip orientation RR as there are not enough pairs
[M::mem_process_seqs] Processed 203814 reads in 5.999 CPU sec, 3.096 real sec
[M::process] read 203830 sequences (20000019 bp)...
[M::mem_pestat] # candidate unique pairs for (FF, FR, RF, RR): (1, 97678, 7, 1)
[M::mem_pestat] skip orientation FF as there are not enough pairs
[M::mem_pestat] analyzing insert size distribution for orientation FR...
[M::mem_pestat] (25, 50, 75) percentile: (107, 129, 163)
[M::mem_pestat] low and high boundaries for computing mean and std.dev: (1, 275)
[M::mem_pestat] mean and std.dev: (136.75, 41.86)
[M::mem_pestat] low and high boundaries for proper pairs: (1, 331)
[M::mem_pestat] skip orientation RF as there are not enough pairs
[M::mem_pestat] skip orientation RR as there are not enough pairs
[M::mem_process_seqs] Processed 203846 reads in 5.953 CPU sec, 3.084 real sec
[M::mem_pestat] # candidate unique pairs for (FF, FR, RF, RR): (2, 97691, 4, 2)
[M::mem_pestat] skip orientation FF as there are not enough pairs
[M::mem_pestat] analyzing insert size distribution for orientation FR...
[M::mem_pestat] (25, 50, 75) percentile: (107, 128, 163)
[M::mem_pestat] low and high boundaries for computing mean and std.dev: (1, 275)
[M::mem_pestat] mean and std.dev: (136.51, 41.83)
[M::mem_pestat] low and high boundaries for proper pairs: (1, 331)
[M::mem_pestat] skip orientation RF as there are not enough pairs
[M::mem_pestat] skip orientation RR as there are not enough pairs
[M::mem_process_seqs] Processed 203830 reads in 5.855 CPU sec, 5.577 real sec
[M::process] read 203868 sequences (20000113 bp)...
[M::process] read 203906 sequences (20000025 bp)...
[M::mem_pestat] # candidate unique pairs for (FF, FR, RF, RR): (1, 97676, 1, 2)
[M::mem_pestat] skip orientation FF as there are not enough pairs
[M::mem_pestat] analyzing insert size distribution for orientation FR...
[M::mem_pestat] (25, 50, 75) percentile: (107, 128, 163)
[M::mem_pestat] low and high boundaries for computing mean and std.dev: (1, 275)
[M::mem_pestat] mean and std.dev: (136.52, 41.77)
[M::mem_pestat] low and high boundaries for proper pairs: (1, 331)
[M::mem_pestat] skip orientation RF as there are not enough pairs
[M::mem_pestat] skip orientation RR as there are not enough pairs
[M::mem_process_seqs] Processed 203868 reads in 5.902 CPU sec, 3.009 real sec
[M::process] read 204024 sequences (20000136 bp)...
[M::mem_pestat] # candidate unique pairs for (FF, FR, RF, RR): (2, 97686, 8, 1)
[M::mem_pestat] skip orientation FF as there are not enough pairs
[M::mem_pestat] analyzing insert size distribution for orientation FR...
[M::mem_pestat] (25, 50, 75) percentile: (107, 129, 164)
[M::mem_pestat] low and high boundaries for computing mean and std.dev: (1, 278)
[M::mem_pestat] mean and std.dev: (137.08, 42.26)
[M::mem_pestat] low and high boundaries for proper pairs: (1, 335)
[M::mem_pestat] skip orientation RF as there are not enough pairs
[M::mem_pestat] skip orientation RR as there are not enough pairs
[M::mem_process_seqs] Processed 203906 reads in 5.978 CPU sec, 3.087 real sec
[M::process] read 204060 sequences (20000176 bp)...
[M::mem_pestat] # candidate unique pairs for (FF, FR, RF, RR): (1, 97593, 10, 2)
[M::mem_pestat] skip orientation FF as there are not enough pairs
[M::mem_pestat] analyzing insert size distribution for orientation FR...
[M::mem_pestat] (25, 50, 75) percentile: (107, 128, 163)
[M::mem_pestat] low and high boundaries for computing mean and std.dev: (1, 275)
[M::mem_pestat] mean and std.dev: (136.47, 41.72)
[M::mem_pestat] low and high boundaries for proper pairs: (1, 331)
[M::mem_pestat] analyzing insert size distribution for orientation RF...
[M::mem_pestat] (25, 50, 75) percentile: (28, 43, 47)
[M::mem_pestat] low and high boundaries for computing mean and std.dev: (1, 85)
[M::mem_pestat] mean and std.dev: (33.50, 11.51)
[M::mem_pestat] low and high boundaries for proper pairs: (1, 104)
[M::mem_pestat] skip orientation RR as there are not enough pairs
[M::mem_pestat] skip orientation RF
[M::mem_process_seqs] Processed 204024 reads in 6.032 CPU sec, 3.130 real sec
[M::process] read 204032 sequences (20000069 bp)...
[M::mem_pestat] # candidate unique pairs for (FF, FR, RF, RR): (2, 97708, 5, 2)
[M::mem_pestat] skip orientation FF as there are not enough pairs
[M::mem_pestat] analyzing insert size distribution for orientation FR...
[M::mem_pestat] (25, 50, 75) percentile: (107, 128, 162)
[M::mem_pestat] low and high boundaries for computing mean and std.dev: (1, 272)
[M::mem_pestat] mean and std.dev: (136.12, 41.29)
[M::mem_pestat] low and high boundaries for proper pairs: (1, 327)
[M::mem_pestat] skip orientation RF as there are not enough pairs
[M::mem_pestat] skip orientation RR as there are not enough pairs
[M::mem_process_seqs] Processed 204060 reads in 6.040 CPU sec, 3.121 real sec
[M::process] read 204200 sequences (20000015 bp)...
[M::mem_pestat] # candidate unique pairs for (FF, FR, RF, RR): (4, 97650, 6, 1)
[M::mem_pestat] skip orientation FF as there are not enough pairs
[M::mem_pestat] analyzing insert size distribution for orientation FR...
[M::mem_pestat] (25, 50, 75) percentile: (107, 128, 163)
[M::mem_pestat] low and high boundaries for computing mean and std.dev: (1, 275)
[M::mem_pestat] mean and std.dev: (136.66, 41.79)
[M::mem_pestat] low and high boundaries for proper pairs: (1, 331)
[M::mem_pestat] skip orientation RF as there are not enough pairs
[M::mem_pestat] skip orientation RR as there are not enough pairs
[M::mem_process_seqs] Processed 204032 reads in 6.137 CPU sec, 3.218 real sec
[M::process] read 204202 sequences (20000071 bp)...
[M::mem_pestat] # candidate unique pairs for (FF, FR, RF, RR): (1, 97736, 4, 1)
[M::mem_pestat] skip orientation FF as there are not enough pairs
[M::mem_pestat] analyzing insert size distribution for orientation FR...
[M::mem_pestat] (25, 50, 75) percentile: (107, 128, 162)
[M::mem_pestat] low and high boundaries for computing mean and std.dev: (1, 272)
[M::mem_pestat] mean and std.dev: (136.13, 41.28)
[M::mem_pestat] low and high boundaries for proper pairs: (1, 327)
[M::mem_pestat] skip orientation RF as there are not enough pairs
[M::mem_pestat] skip orientation RR as there are not enough pairs
[M::mem_process_seqs] Processed 204200 reads in 6.011 CPU sec, 3.100 real sec
[M::process] read 204250 sequences (20000031 bp)...
[M::mem_pestat] # candidate unique pairs for (FF, FR, RF, RR): (0, 97687, 7, 3)
[M::mem_pestat] skip orientation FF as there are not enough pairs
[M::mem_pestat] analyzing insert size distribution for orientation FR...
[M::mem_pestat] (25, 50, 75) percentile: (107, 128, 162)
[M::mem_pestat] low and high boundaries for computing mean and std.dev: (1, 272)
[M::mem_pestat] mean and std.dev: (135.90, 41.08)
[M::mem_pestat] low and high boundaries for proper pairs: (1, 327)
[M::mem_pestat] skip orientation RF as there are not enough pairs
[M::mem_pestat] skip orientation RR as there are not enough pairs
[M::mem_process_seqs] Processed 204202 reads in 6.016 CPU sec, 3.106 real sec
[M::process] read 204036 sequences (20000151 bp)...
[M::mem_pestat] # candidate unique pairs for (FF, FR, RF, RR): (1, 97805, 5, 0)
[M::mem_pestat] skip orientation FF as there are not enough pairs
[M::mem_pestat] analyzing insert size distribution for orientation FR...
[M::mem_pestat] (25, 50, 75) percentile: (107, 128, 162)
[M::mem_pestat] low and high boundaries for computing mean and std.dev: (1, 272)
[M::mem_pestat] mean and std.dev: (136.01, 41.13)
[M::mem_pestat] low and high boundaries for proper pairs: (1, 327)
[M::mem_pestat] skip orientation RF as there are not enough pairs
[M::mem_pestat] skip orientation RR as there are not enough pairs
[M::mem_process_seqs] Processed 204250 reads in 5.983 CPU sec, 3.115 real sec
[M::process] read 204484 sequences (20000049 bp)...
[M::mem_pestat] # candidate unique pairs for (FF, FR, RF, RR): (4, 97739, 1, 2)
[M::mem_pestat] skip orientation FF as there are not enough pairs
[M::mem_pestat] analyzing insert size distribution for orientation FR...
[M::mem_pestat] (25, 50, 75) percentile: (107, 128, 163)
[M::mem_pestat] low and high boundaries for computing mean and std.dev: (1, 275)
[M::mem_pestat] mean and std.dev: (136.46, 41.52)
[M::mem_pestat] low and high boundaries for proper pairs: (1, 331)
[M::mem_pestat] skip orientation RF as there are not enough pairs
[M::mem_pestat] skip orientation RR as there are not enough pairs
[M::mem_process_seqs] Processed 204036 reads in 5.988 CPU sec, 3.096 real sec
[M::process] read 204322 sequences (20000191 bp)...
[M::mem_pestat] # candidate unique pairs for (FF, FR, RF, RR): (4, 97891, 3, 3)
[M::mem_pestat] skip orientation FF as there are not enough pairs
[M::mem_pestat] analyzing insert size distribution for orientation FR...
[M::mem_pestat] (25, 50, 75) percentile: (107, 128, 162)
[M::mem_pestat] low and high boundaries for computing mean and std.dev: (1, 272)
[M::mem_pestat] mean and std.dev: (136.29, 41.29)
[M::mem_pestat] low and high boundaries for proper pairs: (1, 327)
[M::mem_pestat] skip orientation RF as there are not enough pairs
[M::mem_pestat] skip orientation RR as there are not enough pairs
[M::mem_process_seqs] Processed 204484 reads in 6.016 CPU sec, 3.105 real sec
[M::process] read 205488 sequences (20000038 bp)...
[M::mem_pestat] # candidate unique pairs for (FF, FR, RF, RR): (3, 97853, 4, 2)
[M::mem_pestat] skip orientation FF as there are not enough pairs
[M::mem_pestat] analyzing insert size distribution for orientation FR...
[M::mem_pestat] (25, 50, 75) percentile: (107, 128, 162)
[M::mem_pestat] low and high boundaries for computing mean and std.dev: (1, 272)
[M::mem_pestat] mean and std.dev: (136.00, 41.11)
[M::mem_pestat] low and high boundaries for proper pairs: (1, 327)
[M::mem_pestat] skip orientation RF as there are not enough pairs
[M::mem_pestat] skip orientation RR as there are not enough pairs
[M::mem_process_seqs] Processed 204322 reads in 5.982 CPU sec, 3.092 real sec
[M::process] read 207272 sequences (20000011 bp)...
[M::mem_pestat] # candidate unique pairs for (FF, FR, RF, RR): (1, 98355, 3, 2)
[M::mem_pestat] skip orientation FF as there are not enough pairs
[M::mem_pestat] analyzing insert size distribution for orientation FR...
[M::mem_pestat] (25, 50, 75) percentile: (107, 128, 162)
[M::mem_pestat] low and high boundaries for computing mean and std.dev: (1, 272)
[M::mem_pestat] mean and std.dev: (136.10, 41.29)
[M::mem_pestat] low and high boundaries for proper pairs: (1, 327)
[M::mem_pestat] skip orientation RF as there are not enough pairs
[M::mem_pestat] skip orientation RR as there are not enough pairs
[M::mem_process_seqs] Processed 205488 reads in 5.983 CPU sec, 3.096 real sec
[M::process] read 204892 sequences (20000034 bp)...
[M::mem_pestat] # candidate unique pairs for (FF, FR, RF, RR): (3, 99115, 7, 1)
[M::mem_pestat] skip orientation FF as there are not enough pairs
[M::mem_pestat] analyzing insert size distribution for orientation FR...
[M::mem_pestat] (25, 50, 75) percentile: (107, 128, 162)
[M::mem_pestat] low and high boundaries for computing mean and std.dev: (1, 272)
[M::mem_pestat] mean and std.dev: (136.02, 40.95)
[M::mem_pestat] low and high boundaries for proper pairs: (1, 327)
[M::mem_pestat] skip orientation RF as there are not enough pairs
[M::mem_pestat] skip orientation RR as there are not enough pairs
[M::mem_process_seqs] Processed 207272 reads in 5.982 CPU sec, 3.099 real sec
[M::process] read 205296 sequences (20000156 bp)...
[M::mem_pestat] # candidate unique pairs for (FF, FR, RF, RR): (1, 97924, 2, 3)
[M::mem_pestat] skip orientation FF as there are not enough pairs
[M::mem_pestat] analyzing insert size distribution for orientation FR...
[M::mem_pestat] (25, 50, 75) percentile: (107, 128, 162)
[M::mem_pestat] low and high boundaries for computing mean and std.dev: (1, 272)
[M::mem_pestat] mean and std.dev: (136.19, 41.20)
[M::mem_pestat] low and high boundaries for proper pairs: (1, 327)
[M::mem_pestat] skip orientation RF as there are not enough pairs
[M::mem_pestat] skip orientation RR as there are not enough pairs
[M::mem_process_seqs] Processed 204892 reads in 5.972 CPU sec, 3.083 real sec
[M::process] read 205112 sequences (20000087 bp)...
[M::mem_pestat] # candidate unique pairs for (FF, FR, RF, RR): (0, 98208, 5, 3)
[M::mem_pestat] skip orientation FF as there are not enough pairs
[M::mem_pestat] analyzing insert size distribution for orientation FR...
[M::mem_pestat] (25, 50, 75) percentile: (107, 128, 162)
[M::mem_pestat] low and high boundaries for computing mean and std.dev: (1, 272)
[M::mem_pestat] mean and std.dev: (136.09, 41.10)
[M::mem_pestat] low and high boundaries for proper pairs: (1, 327)
[M::mem_pestat] skip orientation RF as there are not enough pairs
[M::mem_pestat] skip orientation RR as there are not enough pairs
[M::mem_process_seqs] Processed 205296 reads in 6.070 CPU sec, 3.129 real sec
[M::process] read 204094 sequences (20000028 bp)...
[M::mem_pestat] # candidate unique pairs for (FF, FR, RF, RR): (1, 98195, 3, 2)
[M::mem_pestat] skip orientation FF as there are not enough pairs
[M::mem_pestat] analyzing insert size distribution for orientation FR...
[M::mem_pestat] (25, 50, 75) percentile: (107, 128, 162)
[M::mem_pestat] low and high boundaries for computing mean and std.dev: (1, 272)
[M::mem_pestat] mean and std.dev: (135.91, 41.08)
[M::mem_pestat] low and high boundaries for proper pairs: (1, 327)
[M::mem_pestat] skip orientation RF as there are not enough pairs
[M::mem_pestat] skip orientation RR as there are not enough pairs
[M::mem_process_seqs] Processed 205112 reads in 6.027 CPU sec, 3.117 real sec
[M::process] read 203302 sequences (20000035 bp)...
[M::mem_pestat] # candidate unique pairs for (FF, FR, RF, RR): (1, 97799, 1, 1)
[M::mem_pestat] skip orientation FF as there are not enough pairs
[M::mem_pestat] analyzing insert size distribution for orientation FR...
[M::mem_pestat] (25, 50, 75) percentile: (107, 129, 164)
[M::mem_pestat] low and high boundaries for computing mean and std.dev: (1, 278)
[M::mem_pestat] mean and std.dev: (137.11, 42.24)
[M::mem_pestat] low and high boundaries for proper pairs: (1, 335)
[M::mem_pestat] skip orientation RF as there are not enough pairs
[M::mem_pestat] skip orientation RR as there are not enough pairs
[M::mem_process_seqs] Processed 204094 reads in 5.971 CPU sec, 3.077 real sec
[M::process] read 203288 sequences (20000077 bp)...
[M::mem_pestat] # candidate unique pairs for (FF, FR, RF, RR): (2, 97358, 3, 0)
[M::mem_pestat] skip orientation FF as there are not enough pairs
[M::mem_pestat] analyzing insert size distribution for orientation FR...
[M::mem_pestat] (25, 50, 75) percentile: (107, 129, 165)
[M::mem_pestat] low and high boundaries for computing mean and std.dev: (1, 281)
[M::mem_pestat] mean and std.dev: (137.90, 43.03)
[M::mem_pestat] low and high boundaries for proper pairs: (1, 339)
[M::mem_pestat] skip orientation RF as there are not enough pairs
[M::mem_pestat] skip orientation RR as there are not enough pairs
[M::mem_process_seqs] Processed 203302 reads in 5.973 CPU sec, 3.096 real sec
[M::process] read 203686 sequences (20000026 bp)...
[M::mem_pestat] # candidate unique pairs for (FF, FR, RF, RR): (2, 97446, 5, 3)
[M::mem_pestat] skip orientation FF as there are not enough pairs
[M::mem_pestat] analyzing insert size distribution for orientation FR...
[M::mem_pestat] (25, 50, 75) percentile: (107, 129, 165)
[M::mem_pestat] low and high boundaries for computing mean and std.dev: (1, 281)
[M::mem_pestat] mean and std.dev: (137.74, 42.72)
[M::mem_pestat] low and high boundaries for proper pairs: (1, 339)
[M::mem_pestat] skip orientation RF as there are not enough pairs
[M::mem_pestat] skip orientation RR as there are not enough pairs
[M::mem_process_seqs] Processed 203288 reads in 5.961 CPU sec, 3.078 real sec
[M::process] read 203246 sequences (20000178 bp)...
[M::mem_pestat] # candidate unique pairs for (FF, FR, RF, RR): (2, 97579, 8, 3)
[M::mem_pestat] skip orientation FF as there are not enough pairs
[M::mem_pestat] analyzing insert size distribution for orientation FR...
[M::mem_pestat] (25, 50, 75) percentile: (107, 129, 164)
[M::mem_pestat] low and high boundaries for computing mean and std.dev: (1, 278)
[M::mem_pestat] mean and std.dev: (137.48, 42.11)
[M::mem_pestat] low and high boundaries for proper pairs: (1, 335)
[M::mem_pestat] skip orientation RF as there are not enough pairs
[M::mem_pestat] skip orientation RR as there are not enough pairs
[M::mem_process_seqs] Processed 203686 reads in 6.060 CPU sec, 3.132 real sec
[M::process] read 203370 sequences (20000074 bp)...
[M::mem_pestat] # candidate unique pairs for (FF, FR, RF, RR): (2, 97355, 6, 4)
[M::mem_pestat] skip orientation FF as there are not enough pairs
[M::mem_pestat] analyzing insert size distribution for orientation FR...
[M::mem_pestat] (25, 50, 75) percentile: (107, 129, 165)
[M::mem_pestat] low and high boundaries for computing mean and std.dev: (1, 281)
[M::mem_pestat] mean and std.dev: (137.82, 42.80)
[M::mem_pestat] low and high boundaries for proper pairs: (1, 339)
[M::mem_pestat] skip orientation RF as there are not enough pairs
[M::mem_pestat] skip orientation RR as there are not enough pairs
[M::mem_process_seqs] Processed 203246 reads in 5.975 CPU sec, 3.101 real sec
[M::process] read 203274 sequences (20000038 bp)...
[M::mem_pestat] # candidate unique pairs for (FF, FR, RF, RR): (4, 97446, 6, 1)
[M::mem_pestat] skip orientation FF as there are not enough pairs
[M::mem_pestat] analyzing insert size distribution for orientation FR...
[M::mem_pestat] (25, 50, 75) percentile: (107, 129, 166)
[M::mem_pestat] low and high boundaries for computing mean and std.dev: (1, 284)
[M::mem_pestat] mean and std.dev: (138.35, 43.33)
[M::mem_pestat] low and high boundaries for proper pairs: (1, 343)
[M::mem_pestat] skip orientation RF as there are not enough pairs
[M::mem_pestat] skip orientation RR as there are not enough pairs
[M::mem_process_seqs] Processed 203370 reads in 5.973 CPU sec, 3.085 real sec
[M::process] read 203318 sequences (20000093 bp)...
[M::mem_pestat] # candidate unique pairs for (FF, FR, RF, RR): (3, 97386, 7, 2)
[M::mem_pestat] skip orientation FF as there are not enough pairs
[M::mem_pestat] analyzing insert size distribution for orientation FR...
[M::mem_pestat] (25, 50, 75) percentile: (107, 129, 165)
[M::mem_pestat] low and high boundaries for computing mean and std.dev: (1, 281)
[M::mem_pestat] mean and std.dev: (137.84, 42.73)
[M::mem_pestat] low and high boundaries for proper pairs: (1, 339)
[M::mem_pestat] skip orientation RF as there are not enough pairs
[M::mem_pestat] skip orientation RR as there are not enough pairs
[M::mem_process_seqs] Processed 203274 reads in 5.956 CPU sec, 3.074 real sec
[M::process] read 203252 sequences (20000051 bp)...
[M::mem_pestat] # candidate unique pairs for (FF, FR, RF, RR): (2, 97498, 4, 2)
[M::mem_pestat] skip orientation FF as there are not enough pairs
[M::mem_pestat] analyzing insert size distribution for orientation FR...
[M::mem_pestat] (25, 50, 75) percentile: (107, 129, 164)
[M::mem_pestat] low and high boundaries for computing mean and std.dev: (1, 278)
[M::mem_pestat] mean and std.dev: (137.24, 42.14)
[M::mem_pestat] low and high boundaries for proper pairs: (1, 335)
[M::mem_pestat] skip orientation RF as there are not enough pairs
[M::mem_pestat] skip orientation RR as there are not enough pairs
[M::mem_process_seqs] Processed 203318 reads in 6.124 CPU sec, 3.168 real sec
[M::process] read 203790 sequences (20000167 bp)...
[M::mem_pestat] # candidate unique pairs for (FF, FR, RF, RR): (1, 97389, 4, 0)
[M::mem_pestat] skip orientation FF as there are not enough pairs
[M::mem_pestat] analyzing insert size distribution for orientation FR...
[M::mem_pestat] (25, 50, 75) percentile: (107, 129, 164)
[M::mem_pestat] low and high boundaries for computing mean and std.dev: (1, 278)
[M::mem_pestat] mean and std.dev: (137.11, 41.97)
[M::mem_pestat] low and high boundaries for proper pairs: (1, 335)
[M::mem_pestat] skip orientation RF as there are not enough pairs
[M::mem_pestat] skip orientation RR as there are not enough pairs
[M::mem_process_seqs] Processed 203252 reads in 5.980 CPU sec, 3.085 real sec
[M::process] read 203496 sequences (20000024 bp)...
[M::mem_pestat] # candidate unique pairs for (FF, FR, RF, RR): (1, 97640, 5, 1)
[M::mem_pestat] skip orientation FF as there are not enough pairs
[M::mem_pestat] analyzing insert size distribution for orientation FR...
[M::mem_pestat] (25, 50, 75) percentile: (107, 129, 165)
[M::mem_pestat] low and high boundaries for computing mean and std.dev: (1, 281)
[M::mem_pestat] mean and std.dev: (137.85, 43.00)
[M::mem_pestat] low and high boundaries for proper pairs: (1, 339)
[M::mem_pestat] skip orientation RF as there are not enough pairs
[M::mem_pestat] skip orientation RR as there are not enough pairs
[M::mem_process_seqs] Processed 203790 reads in 6.028 CPU sec, 3.123 real sec
[M::process] read 203498 sequences (20000116 bp)...
[M::mem_pestat] # candidate unique pairs for (FF, FR, RF, RR): (1, 97585, 5, 2)
[M::mem_pestat] skip orientation FF as there are not enough pairs
[M::mem_pestat] analyzing insert size distribution for orientation FR...
[M::mem_pestat] (25, 50, 75) percentile: (107, 129, 164)
[M::mem_pestat] low and high boundaries for computing mean and std.dev: (1, 278)
[M::mem_pestat] mean and std.dev: (137.35, 42.24)
[M::mem_pestat] low and high boundaries for proper pairs: (1, 335)
[M::mem_pestat] skip orientation RF as there are not enough pairs
[M::mem_pestat] skip orientation RR as there are not enough pairs
[M::mem_process_seqs] Processed 203496 reads in 5.944 CPU sec, 3.073 real sec
[M::mem_pestat] # candidate unique pairs for (FF, FR, RF, RR): (1, 97452, 9, 0)
[M::mem_pestat] skip orientation FF as there are not enough pairs
[M::mem_pestat] analyzing insert size distribution for orientation FR...
[M::mem_pestat] (25, 50, 75) percentile: (107, 129, 165)
[M::mem_pestat] low and high boundaries for computing mean and std.dev: (1, 281)
[M::mem_pestat] mean and std.dev: (137.83, 42.77)
[M::mem_pestat] low and high boundaries for proper pairs: (1, 339)
[M::mem_pestat] skip orientation RF as there are not enough pairs
[M::mem_pestat] skip orientation RR as there are not enough pairs
[M::mem_process_seqs] Processed 203498 reads in 5.928 CPU sec, 5.789 real sec
[M::process] read 203568 sequences (20000152 bp)...
[M::process] read 203590 sequences (20000196 bp)...
[M::mem_pestat] # candidate unique pairs for (FF, FR, RF, RR): (3, 97407, 4, 2)
[M::mem_pestat] skip orientation FF as there are not enough pairs
[M::mem_pestat] analyzing insert size distribution for orientation FR...
[M::mem_pestat] (25, 50, 75) percentile: (107, 129, 164)
[M::mem_pestat] low and high boundaries for computing mean and std.dev: (1, 278)
[M::mem_pestat] mean and std.dev: (137.09, 42.35)
[M::mem_pestat] low and high boundaries for proper pairs: (1, 335)
[M::mem_pestat] skip orientation RF as there are not enough pairs
[M::mem_pestat] skip orientation RR as there are not enough pairs
[M::mem_process_seqs] Processed 203568 reads in 5.872 CPU sec, 2.981 real sec
[M::process] read 203554 sequences (20000196 bp)...
[M::mem_pestat] # candidate unique pairs for (FF, FR, RF, RR): (1, 97632, 2, 5)
[M::mem_pestat] skip orientation FF as there are not enough pairs
[M::mem_pestat] analyzing insert size distribution for orientation FR...
[M::mem_pestat] (25, 50, 75) percentile: (107, 129, 164)
[M::mem_pestat] low and high boundaries for computing mean and std.dev: (1, 278)
[M::mem_pestat] mean and std.dev: (137.09, 42.30)
[M::mem_pestat] low and high boundaries for proper pairs: (1, 335)
[M::mem_pestat] skip orientation RF as there are not enough pairs
[M::mem_pestat] skip orientation RR as there are not enough pairs
[M::mem_process_seqs] Processed 203590 reads in 5.975 CPU sec, 3.091 real sec
[M::process] read 203642 sequences (20000192 bp)...
[M::mem_pestat] # candidate unique pairs for (FF, FR, RF, RR): (2, 97421, 6, 4)
[M::mem_pestat] skip orientation FF as there are not enough pairs
[M::mem_pestat] analyzing insert size distribution for orientation FR...
[M::mem_pestat] (25, 50, 75) percentile: (107, 129, 164)
[M::mem_pestat] low and high boundaries for computing mean and std.dev: (1, 278)
[M::mem_pestat] mean and std.dev: (137.25, 42.37)
[M::mem_pestat] low and high boundaries for proper pairs: (1, 335)
[M::mem_pestat] skip orientation RF as there are not enough pairs
[M::mem_pestat] skip orientation RR as there are not enough pairs
[M::mem_process_seqs] Processed 203554 reads in 6.024 CPU sec, 3.104 real sec
[M::process] read 203636 sequences (20000171 bp)...
[M::mem_pestat] # candidate unique pairs for (FF, FR, RF, RR): (1, 97653, 6, 4)
[M::mem_pestat] skip orientation FF as there are not enough pairs
[M::mem_pestat] analyzing insert size distribution for orientation FR...
[M::mem_pestat] (25, 50, 75) percentile: (107, 129, 164)
[M::mem_pestat] low and high boundaries for computing mean and std.dev: (1, 278)
[M::mem_pestat] mean and std.dev: (136.99, 42.14)
[M::mem_pestat] low and high boundaries for proper pairs: (1, 335)
[M::mem_pestat] skip orientation RF as there are not enough pairs
[M::mem_pestat] skip orientation RR as there are not enough pairs
[M::mem_process_seqs] Processed 203642 reads in 5.979 CPU sec, 3.099 real sec
[M::process] read 203756 sequences (20000136 bp)...
[M::mem_pestat] # candidate unique pairs for (FF, FR, RF, RR): (3, 97611, 9, 2)
[M::mem_pestat] skip orientation FF as there are not enough pairs
[M::mem_pestat] analyzing insert size distribution for orientation FR...
[M::mem_pestat] (25, 50, 75) percentile: (107, 129, 163)
[M::mem_pestat] low and high boundaries for computing mean and std.dev: (1, 275)
[M::mem_pestat] mean and std.dev: (136.82, 41.67)
[M::mem_pestat] low and high boundaries for proper pairs: (1, 331)
[M::mem_pestat] skip orientation RF as there are not enough pairs
[M::mem_pestat] skip orientation RR as there are not enough pairs
[M::mem_process_seqs] Processed 203636 reads in 6.018 CPU sec, 3.128 real sec
[M::process] read 203722 sequences (20000152 bp)...
[M::mem_pestat] # candidate unique pairs for (FF, FR, RF, RR): (1, 97487, 3, 1)
[M::mem_pestat] skip orientation FF as there are not enough pairs
[M::mem_pestat] analyzing insert size distribution for orientation FR...
[M::mem_pestat] (25, 50, 75) percentile: (107, 129, 164)
[M::mem_pestat] low and high boundaries for computing mean and std.dev: (1, 278)
[M::mem_pestat] mean and std.dev: (137.04, 42.03)
[M::mem_pestat] low and high boundaries for proper pairs: (1, 335)
[M::mem_pestat] skip orientation RF as there are not enough pairs
[M::mem_pestat] skip orientation RR as there are not enough pairs
[M::mem_process_seqs] Processed 203756 reads in 5.962 CPU sec, 3.079 real sec
[M::process] read 203746 sequences (20000073 bp)...
[M::mem_pestat] # candidate unique pairs for (FF, FR, RF, RR): (1, 97624, 6, 4)
[M::mem_pestat] skip orientation FF as there are not enough pairs
[M::mem_pestat] analyzing insert size distribution for orientation FR...
[M::mem_pestat] (25, 50, 75) percentile: (107, 129, 163)
[M::mem_pestat] low and high boundaries for computing mean and std.dev: (1, 275)
[M::mem_pestat] mean and std.dev: (136.66, 41.74)
[M::mem_pestat] low and high boundaries for proper pairs: (1, 331)
[M::mem_pestat] skip orientation RF as there are not enough pairs
[M::mem_pestat] skip orientation RR as there are not enough pairs
[M::mem_process_seqs] Processed 203722 reads in 5.996 CPU sec, 3.103 real sec
[M::process] read 203824 sequences (20000171 bp)...
[M::mem_pestat] # candidate unique pairs for (FF, FR, RF, RR): (1, 97598, 2, 2)
[M::mem_pestat] skip orientation FF as there are not enough pairs
[M::mem_pestat] analyzing insert size distribution for orientation FR...
[M::mem_pestat] (25, 50, 75) percentile: (107, 129, 163)
[M::mem_pestat] low and high boundaries for computing mean and std.dev: (1, 275)
[M::mem_pestat] mean and std.dev: (136.78, 41.82)
[M::mem_pestat] low and high boundaries for proper pairs: (1, 331)
[M::mem_pestat] skip orientation RF as there are not enough pairs
[M::mem_pestat] skip orientation RR as there are not enough pairs
[M::mem_process_seqs] Processed 203746 reads in 5.942 CPU sec, 3.093 real sec
[M::process] read 203700 sequences (20000015 bp)...
[M::mem_pestat] # candidate unique pairs for (FF, FR, RF, RR): (0, 97472, 0, 4)
[M::mem_pestat] skip orientation FF as there are not enough pairs
[M::mem_pestat] analyzing insert size distribution for orientation FR...
[M::mem_pestat] (25, 50, 75) percentile: (107, 129, 164)
[M::mem_pestat] low and high boundaries for computing mean and std.dev: (1, 278)
[M::mem_pestat] mean and std.dev: (137.00, 42.30)
[M::mem_pestat] low and high boundaries for proper pairs: (1, 335)
[M::mem_pestat] skip orientation RF as there are not enough pairs
[M::mem_pestat] skip orientation RR as there are not enough pairs
[M::mem_process_seqs] Processed 203824 reads in 6.045 CPU sec, 3.125 real sec
[M::process] read 203880 sequences (20000104 bp)...
[M::mem_pestat] # candidate unique pairs for (FF, FR, RF, RR): (2, 97535, 2, 1)
[M::mem_pestat] skip orientation FF as there are not enough pairs
[M::mem_pestat] analyzing insert size distribution for orientation FR...
[M::mem_pestat] (25, 50, 75) percentile: (107, 129, 163)
[M::mem_pestat] low and high boundaries for computing mean and std.dev: (1, 275)
[M::mem_pestat] mean and std.dev: (136.74, 41.59)
[M::mem_pestat] low and high boundaries for proper pairs: (1, 331)
[M::mem_pestat] skip orientation RF as there are not enough pairs
[M::mem_pestat] skip orientation RR as there are not enough pairs
[M::mem_process_seqs] Processed 203700 reads in 5.981 CPU sec, 3.094 real sec
[M::process] read 204104 sequences (20000009 bp)...
[M::mem_pestat] # candidate unique pairs for (FF, FR, RF, RR): (0, 97468, 3, 2)
[M::mem_pestat] skip orientation FF as there are not enough pairs
[M::mem_pestat] analyzing insert size distribution for orientation FR...
[M::mem_pestat] (25, 50, 75) percentile: (107, 128, 163)
[M::mem_pestat] low and high boundaries for computing mean and std.dev: (1, 275)
[M::mem_pestat] mean and std.dev: (136.76, 41.81)
[M::mem_pestat] low and high boundaries for proper pairs: (1, 331)
[M::mem_pestat] skip orientation RF as there are not enough pairs
[M::mem_pestat] skip orientation RR as there are not enough pairs
[M::mem_process_seqs] Processed 203880 reads in 6.011 CPU sec, 3.106 real sec
[M::process] read 203804 sequences (20000010 bp)...
[M::mem_pestat] # candidate unique pairs for (FF, FR, RF, RR): (3, 97650, 5, 2)
[M::mem_pestat] skip orientation FF as there are not enough pairs
[M::mem_pestat] analyzing insert size distribution for orientation FR...
[M::mem_pestat] (25, 50, 75) percentile: (107, 128, 163)
[M::mem_pestat] low and high boundaries for computing mean and std.dev: (1, 275)
[M::mem_pestat] mean and std.dev: (136.47, 41.61)
[M::mem_pestat] low and high boundaries for proper pairs: (1, 331)
[M::mem_pestat] skip orientation RF as there are not enough pairs
[M::mem_pestat] skip orientation RR as there are not enough pairs
[M::mem_process_seqs] Processed 204104 reads in 5.975 CPU sec, 3.102 real sec
[M::process] read 203956 sequences (20000092 bp)...
[M::mem_pestat] # candidate unique pairs for (FF, FR, RF, RR): (0, 97500, 2, 1)
[M::mem_pestat] skip orientation FF as there are not enough pairs
[M::mem_pestat] analyzing insert size distribution for orientation FR...
[M::mem_pestat] (25, 50, 75) percentile: (107, 129, 164)
[M::mem_pestat] low and high boundaries for computing mean and std.dev: (1, 278)
[M::mem_pestat] mean and std.dev: (137.07, 42.09)
[M::mem_pestat] low and high boundaries for proper pairs: (1, 335)
[M::mem_pestat] skip orientation RF as there are not enough pairs
[M::mem_pestat] skip orientation RR as there are not enough pairs
[M::mem_process_seqs] Processed 203804 reads in 5.951 CPU sec, 3.071 real sec
[M::process] read 204196 sequences (20000143 bp)...
[M::mem_pestat] # candidate unique pairs for (FF, FR, RF, RR): (0, 97771, 3, 3)
[M::mem_pestat] skip orientation FF as there are not enough pairs
[M::mem_pestat] analyzing insert size distribution for orientation FR...
[M::mem_pestat] (25, 50, 75) percentile: (107, 128, 163)
[M::mem_pestat] low and high boundaries for computing mean and std.dev: (1, 275)
[M::mem_pestat] mean and std.dev: (136.64, 41.64)
[M::mem_pestat] low and high boundaries for proper pairs: (1, 331)
[M::mem_pestat] skip orientation RF as there are not enough pairs
[M::mem_pestat] skip orientation RR as there are not enough pairs
[M::mem_process_seqs] Processed 203956 reads in 6.018 CPU sec, 3.102 real sec
[M::process] read 204060 sequences (20000181 bp)...
[M::mem_pestat] # candidate unique pairs for (FF, FR, RF, RR): (1, 97768, 6, 3)
[M::mem_pestat] skip orientation FF as there are not enough pairs
[M::mem_pestat] analyzing insert size distribution for orientation FR...
[M::mem_pestat] (25, 50, 75) percentile: (107, 128, 163)
[M::mem_pestat] low and high boundaries for computing mean and std.dev: (1, 275)
[M::mem_pestat] mean and std.dev: (136.64, 41.78)
[M::mem_pestat] low and high boundaries for proper pairs: (1, 331)
[M::mem_pestat] skip orientation RF as there are not enough pairs
[M::mem_pestat] skip orientation RR as there are not enough pairs
[M::mem_process_seqs] Processed 204196 reads in 6.018 CPU sec, 3.106 real sec
[M::process] read 204184 sequences (20000056 bp)...
[M::mem_pestat] # candidate unique pairs for (FF, FR, RF, RR): (0, 97778, 5, 1)
[M::mem_pestat] skip orientation FF as there are not enough pairs
[M::mem_pestat] analyzing insert size distribution for orientation FR...
[M::mem_pestat] (25, 50, 75) percentile: (107, 129, 163)
[M::mem_pestat] low and high boundaries for computing mean and std.dev: (1, 275)
[M::mem_pestat] mean and std.dev: (136.68, 41.58)
[M::mem_pestat] low and high boundaries for proper pairs: (1, 331)
[M::mem_pestat] skip orientation RF as there are not enough pairs
[M::mem_pestat] skip orientation RR as there are not enough pairs
[M::mem_process_seqs] Processed 204060 reads in 5.954 CPU sec, 3.075 real sec
[M::process] read 204372 sequences (20000081 bp)...
[M::mem_pestat] # candidate unique pairs for (FF, FR, RF, RR): (2, 97717, 5, 3)
[M::mem_pestat] skip orientation FF as there are not enough pairs
[M::mem_pestat] analyzing insert size distribution for orientation FR...
[M::mem_pestat] (25, 50, 75) percentile: (107, 128, 163)
[M::mem_pestat] low and high boundaries for computing mean and std.dev: (1, 275)
[M::mem_pestat] mean and std.dev: (136.55, 41.78)
[M::mem_pestat] low and high boundaries for proper pairs: (1, 331)
[M::mem_pestat] skip orientation RF as there are not enough pairs
[M::mem_pestat] skip orientation RR as there are not enough pairs
[M::mem_process_seqs] Processed 204184 reads in 6.056 CPU sec, 3.159 real sec
[M::process] read 204158 sequences (20000048 bp)...
[M::mem_pestat] # candidate unique pairs for (FF, FR, RF, RR): (0, 97836, 6, 3)
[M::mem_pestat] skip orientation FF as there are not enough pairs
[M::mem_pestat] analyzing insert size distribution for orientation FR...
[M::mem_pestat] (25, 50, 75) percentile: (107, 128, 163)
[M::mem_pestat] low and high boundaries for computing mean and std.dev: (1, 275)
[M::mem_pestat] mean and std.dev: (136.67, 41.70)
[M::mem_pestat] low and high boundaries for proper pairs: (1, 331)
[M::mem_pestat] skip orientation RF as there are not enough pairs
[M::mem_pestat] skip orientation RR as there are not enough pairs
[M::mem_process_seqs] Processed 204372 reads in 5.998 CPU sec, 3.108 real sec
[M::process] read 205370 sequences (20000148 bp)...
[M::mem_pestat] # candidate unique pairs for (FF, FR, RF, RR): (0, 97843, 9, 1)
[M::mem_pestat] skip orientation FF as there are not enough pairs
[M::mem_pestat] analyzing insert size distribution for orientation FR...
[M::mem_pestat] (25, 50, 75) percentile: (107, 128, 162)
[M::mem_pestat] low and high boundaries for computing mean and std.dev: (1, 272)
[M::mem_pestat] mean and std.dev: (135.94, 41.08)
[M::mem_pestat] low and high boundaries for proper pairs: (1, 327)
[M::mem_pestat] skip orientation RF as there are not enough pairs
[M::mem_pestat] skip orientation RR as there are not enough pairs
[M::mem_process_seqs] Processed 204158 reads in 6.127 CPU sec, 3.183 real sec
[M::process] read 205608 sequences (20000138 bp)...
[M::mem_pestat] # candidate unique pairs for (FF, FR, RF, RR): (3, 98267, 1, 0)
[M::mem_pestat] skip orientation FF as there are not enough pairs
[M::mem_pestat] analyzing insert size distribution for orientation FR...
[M::mem_pestat] (25, 50, 75) percentile: (107, 128, 162)
[M::mem_pestat] low and high boundaries for computing mean and std.dev: (1, 272)
[M::mem_pestat] mean and std.dev: (136.06, 41.15)
[M::mem_pestat] low and high boundaries for proper pairs: (1, 327)
[M::mem_pestat] skip orientation RF as there are not enough pairs
[M::mem_pestat] skip orientation RR as there are not enough pairs
[M::mem_process_seqs] Processed 205370 reads in 6.001 CPU sec, 3.121 real sec
[M::process] read 204302 sequences (20000179 bp)...
[M::mem_pestat] # candidate unique pairs for (FF, FR, RF, RR): (2, 98407, 8, 5)
[M::mem_pestat] skip orientation FF as there are not enough pairs
[M::mem_pestat] analyzing insert size distribution for orientation FR...
[M::mem_pestat] (25, 50, 75) percentile: (107, 128, 162)
[M::mem_pestat] low and high boundaries for computing mean and std.dev: (1, 272)
[M::mem_pestat] mean and std.dev: (136.07, 41.22)
[M::mem_pestat] low and high boundaries for proper pairs: (1, 327)
[M::mem_pestat] skip orientation RF as there are not enough pairs
[M::mem_pestat] skip orientation RR as there are not enough pairs
[M::mem_process_seqs] Processed 205608 reads in 6.051 CPU sec, 3.129 real sec
[M::process] read 205918 sequences (20000002 bp)...
[M::mem_pestat] # candidate unique pairs for (FF, FR, RF, RR): (2, 97792, 7, 3)
[M::mem_pestat] skip orientation FF as there are not enough pairs
[M::mem_pestat] analyzing insert size distribution for orientation FR...
[M::mem_pestat] (25, 50, 75) percentile: (107, 128, 162)
[M::mem_pestat] low and high boundaries for computing mean and std.dev: (1, 272)
[M::mem_pestat] mean and std.dev: (136.18, 41.35)
[M::mem_pestat] low and high boundaries for proper pairs: (1, 327)
[M::mem_pestat] skip orientation RF as there are not enough pairs
[M::mem_pestat] skip orientation RR as there are not enough pairs
[M::mem_process_seqs] Processed 204302 reads in 6.040 CPU sec, 3.120 real sec
[M::process] read 205386 sequences (20000004 bp)...
[M::mem_pestat] # candidate unique pairs for (FF, FR, RF, RR): (1, 98422, 6, 2)
[M::mem_pestat] skip orientation FF as there are not enough pairs
[M::mem_pestat] analyzing insert size distribution for orientation FR...
[M::mem_pestat] (25, 50, 75) percentile: (107, 128, 162)
[M::mem_pestat] low and high boundaries for computing mean and std.dev: (1, 272)
[M::mem_pestat] mean and std.dev: (136.09, 41.10)
[M::mem_pestat] low and high boundaries for proper pairs: (1, 327)
[M::mem_pestat] skip orientation RF as there are not enough pairs
[M::mem_pestat] skip orientation RR as there are not enough pairs
[M::mem_process_seqs] Processed 205918 reads in 6.025 CPU sec, 3.109 real sec
[M::process] read 203858 sequences (20000129 bp)...
[M::mem_pestat] # candidate unique pairs for (FF, FR, RF, RR): (0, 98249, 6, 1)
[M::mem_pestat] skip orientation FF as there are not enough pairs
[M::mem_pestat] analyzing insert size distribution for orientation FR...
[M::mem_pestat] (25, 50, 75) percentile: (107, 128, 161)
[M::mem_pestat] low and high boundaries for computing mean and std.dev: (1, 269)
[M::mem_pestat] mean and std.dev: (135.49, 40.62)
[M::mem_pestat] low and high boundaries for proper pairs: (1, 323)
[M::mem_pestat] skip orientation RF as there are not enough pairs
[M::mem_pestat] skip orientation RR as there are not enough pairs
[M::mem_process_seqs] Processed 205386 reads in 6.076 CPU sec, 3.160 real sec
[M::process] read 204052 sequences (20000088 bp)...
[M::mem_pestat] # candidate unique pairs for (FF, FR, RF, RR): (3, 97703, 3, 3)
[M::mem_pestat] skip orientation FF as there are not enough pairs
[M::mem_pestat] analyzing insert size distribution for orientation FR...
[M::mem_pestat] (25, 50, 75) percentile: (107, 129, 164)
[M::mem_pestat] low and high boundaries for computing mean and std.dev: (1, 278)
[M::mem_pestat] mean and std.dev: (137.09, 42.12)
[M::mem_pestat] low and high boundaries for proper pairs: (1, 335)
[M::mem_pestat] skip orientation RF as there are not enough pairs
[M::mem_pestat] skip orientation RR as there are not enough pairs
[M::mem_process_seqs] Processed 203858 reads in 6.372 CPU sec, 3.285 real sec
[M::process] read 204614 sequences (20000153 bp)...
[M::mem_pestat] # candidate unique pairs for (FF, FR, RF, RR): (0, 97840, 5, 1)
[M::mem_pestat] skip orientation FF as there are not enough pairs
[M::mem_pestat] analyzing insert size distribution for orientation FR...
[M::mem_pestat] (25, 50, 75) percentile: (107, 129, 165)
[M::mem_pestat] low and high boundaries for computing mean and std.dev: (1, 281)
[M::mem_pestat] mean and std.dev: (137.74, 42.68)
[M::mem_pestat] low and high boundaries for proper pairs: (1, 339)
[M::mem_pestat] skip orientation RF as there are not enough pairs
[M::mem_pestat] skip orientation RR as there are not enough pairs
[M::mem_process_seqs] Processed 204052 reads in 7.254 CPU sec, 3.732 real sec
[M::mem_pestat] # candidate unique pairs for (FF, FR, RF, RR): (1, 98010, 6, 1)
[M::mem_pestat] skip orientation FF as there are not enough pairs
[M::mem_pestat] analyzing insert size distribution for orientation FR...
[M::mem_pestat] (25, 50, 75) percentile: (107, 130, 165)
[M::mem_pestat] low and high boundaries for computing mean and std.dev: (1, 281)
[M::mem_pestat] mean and std.dev: (137.87, 42.79)
[M::mem_pestat] low and high boundaries for proper pairs: (1, 339)
[M::mem_pestat] skip orientation RF as there are not enough pairs
[M::mem_pestat] skip orientation RR as there are not enough pairs
[M::mem_process_seqs] Processed 204614 reads in 7.265 CPU sec, 7.064 real sec
[M::process] read 203940 sequences (20000148 bp)...
[M::process] read 206012 sequences (20000100 bp)...
[M::mem_pestat] # candidate unique pairs for (FF, FR, RF, RR): (2, 97703, 1, 4)
[M::mem_pestat] skip orientation FF as there are not enough pairs
[M::mem_pestat] analyzing insert size distribution for orientation FR...
[M::mem_pestat] (25, 50, 75) percentile: (107, 130, 165)
[M::mem_pestat] low and high boundaries for computing mean and std.dev: (1, 281)
[M::mem_pestat] mean and std.dev: (138.10, 42.73)
[M::mem_pestat] low and high boundaries for proper pairs: (1, 339)
[M::mem_pestat] skip orientation RF as there are not enough pairs
[M::mem_pestat] skip orientation RR as there are not enough pairs
[M::mem_process_seqs] Processed 203940 reads in 6.596 CPU sec, 3.344 real sec
[M::process] read 204320 sequences (20000160 bp)...
[M::mem_pestat] # candidate unique pairs for (FF, FR, RF, RR): (3, 98747, 4, 3)
[M::mem_pestat] skip orientation FF as there are not enough pairs
[M::mem_pestat] analyzing insert size distribution for orientation FR...
[M::mem_pestat] (25, 50, 75) percentile: (107, 129, 165)
[M::mem_pestat] low and high boundaries for computing mean and std.dev: (1, 281)
[M::mem_pestat] mean and std.dev: (137.93, 42.92)
[M::mem_pestat] low and high boundaries for proper pairs: (1, 339)
[M::mem_pestat] skip orientation RF as there are not enough pairs
[M::mem_pestat] skip orientation RR as there are not enough pairs
[M::mem_process_seqs] Processed 206012 reads in 7.265 CPU sec, 3.770 real sec
[M::process] read 204724 sequences (20000068 bp)...
[M::mem_pestat] # candidate unique pairs for (FF, FR, RF, RR): (2, 97884, 8, 2)
[M::mem_pestat] skip orientation FF as there are not enough pairs
[M::mem_pestat] analyzing insert size distribution for orientation FR...
[M::mem_pestat] (25, 50, 75) percentile: (107, 129, 164)
[M::mem_pestat] low and high boundaries for computing mean and std.dev: (1, 278)
[M::mem_pestat] mean and std.dev: (137.47, 42.47)
[M::mem_pestat] low and high boundaries for proper pairs: (1, 335)
[M::mem_pestat] skip orientation RF as there are not enough pairs
[M::mem_pestat] skip orientation RR as there are not enough pairs
[M::mem_process_seqs] Processed 204320 reads in 6.594 CPU sec, 3.407 real sec
[M::process] read 203544 sequences (20000144 bp)...
[M::mem_pestat] # candidate unique pairs for (FF, FR, RF, RR): (1, 98104, 2, 3)
[M::mem_pestat] skip orientation FF as there are not enough pairs
[M::mem_pestat] analyzing insert size distribution for orientation FR...
[M::mem_pestat] (25, 50, 75) percentile: (107, 129, 165)
[M::mem_pestat] low and high boundaries for computing mean and std.dev: (1, 281)
[M::mem_pestat] mean and std.dev: (137.89, 42.75)
[M::mem_pestat] low and high boundaries for proper pairs: (1, 339)
[M::mem_pestat] skip orientation RF as there are not enough pairs
[M::mem_pestat] skip orientation RR as there are not enough pairs
[M::mem_process_seqs] Processed 204724 reads in 6.547 CPU sec, 3.376 real sec
[M::process] read 203794 sequences (20000070 bp)...
[M::mem_pestat] # candidate unique pairs for (FF, FR, RF, RR): (2, 97577, 2, 1)
[M::mem_pestat] skip orientation FF as there are not enough pairs
[M::mem_pestat] analyzing insert size distribution for orientation FR...
[M::mem_pestat] (25, 50, 75) percentile: (107, 129, 165)
[M::mem_pestat] low and high boundaries for computing mean and std.dev: (1, 281)
[M::mem_pestat] mean and std.dev: (137.78, 42.64)
[M::mem_pestat] low and high boundaries for proper pairs: (1, 339)
[M::mem_pestat] skip orientation RF as there are not enough pairs
[M::mem_pestat] skip orientation RR as there are not enough pairs
[M::mem_process_seqs] Processed 203544 reads in 6.477 CPU sec, 3.368 real sec
[M::process] read 204158 sequences (20000022 bp)...
[M::mem_pestat] # candidate unique pairs for (FF, FR, RF, RR): (0, 97651, 6, 1)
[M::mem_pestat] skip orientation FF as there are not enough pairs
[M::mem_pestat] analyzing insert size distribution for orientation FR...
[M::mem_pestat] (25, 50, 75) percentile: (107, 129, 165)
[M::mem_pestat] low and high boundaries for computing mean and std.dev: (1, 281)
[M::mem_pestat] mean and std.dev: (137.63, 42.67)
[M::mem_pestat] low and high boundaries for proper pairs: (1, 339)
[M::mem_pestat] skip orientation RF as there are not enough pairs
[M::mem_pestat] skip orientation RR as there are not enough pairs
[M::mem_process_seqs] Processed 203794 reads in 6.200 CPU sec, 3.309 real sec
[M::process] read 203566 sequences (20000170 bp)...
[M::mem_pestat] # candidate unique pairs for (FF, FR, RF, RR): (1, 97647, 2, 0)
[M::mem_pestat] skip orientation FF as there are not enough pairs
[M::mem_pestat] analyzing insert size distribution for orientation FR...
[M::mem_pestat] (25, 50, 75) percentile: (107, 129, 165)
[M::mem_pestat] low and high boundaries for computing mean and std.dev: (1, 281)
[M::mem_pestat] mean and std.dev: (137.82, 42.64)
[M::mem_pestat] low and high boundaries for proper pairs: (1, 339)
[M::mem_pestat] skip orientation RF as there are not enough pairs
[M::mem_pestat] skip orientation RR as there are not enough pairs
[M::mem_process_seqs] Processed 204158 reads in 6.267 CPU sec, 3.252 real sec
[M::process] read 203562 sequences (20000033 bp)...
[M::mem_pestat] # candidate unique pairs for (FF, FR, RF, RR): (2, 97519, 1, 2)
[M::mem_pestat] skip orientation FF as there are not enough pairs
[M::mem_pestat] analyzing insert size distribution for orientation FR...
[M::mem_pestat] (25, 50, 75) percentile: (107, 129, 164)
[M::mem_pestat] low and high boundaries for computing mean and std.dev: (1, 278)
[M::mem_pestat] mean and std.dev: (137.35, 42.31)
[M::mem_pestat] low and high boundaries for proper pairs: (1, 335)
[M::mem_pestat] skip orientation RF as there are not enough pairs
[M::mem_pestat] skip orientation RR as there are not enough pairs
[M::mem_process_seqs] Processed 203566 reads in 6.150 CPU sec, 3.182 real sec
[M::process] read 203632 sequences (20000106 bp)...
[M::mem_pestat] # candidate unique pairs for (FF, FR, RF, RR): (0, 97401, 3, 2)
[M::mem_pestat] skip orientation FF as there are not enough pairs
[M::mem_pestat] analyzing insert size distribution for orientation FR...
[M::mem_pestat] (25, 50, 75) percentile: (107, 129, 164)
[M::mem_pestat] low and high boundaries for computing mean and std.dev: (1, 278)
[M::mem_pestat] mean and std.dev: (137.29, 42.20)
[M::mem_pestat] low and high boundaries for proper pairs: (1, 335)
[M::mem_pestat] skip orientation RF as there are not enough pairs
[M::mem_pestat] skip orientation RR as there are not enough pairs
[M::mem_process_seqs] Processed 203562 reads in 6.073 CPU sec, 3.137 real sec
[M::process] read 203650 sequences (20000008 bp)...
[M::mem_pestat] # candidate unique pairs for (FF, FR, RF, RR): (0, 97437, 2, 3)
[M::mem_pestat] skip orientation FF as there are not enough pairs
[M::mem_pestat] analyzing insert size distribution for orientation FR...
[M::mem_pestat] (25, 50, 75) percentile: (107, 129, 164)
[M::mem_pestat] low and high boundaries for computing mean and std.dev: (1, 278)
[M::mem_pestat] mean and std.dev: (137.48, 42.55)
[M::mem_pestat] low and high boundaries for proper pairs: (1, 335)
[M::mem_pestat] skip orientation RF as there are not enough pairs
[M::mem_pestat] skip orientation RR as there are not enough pairs
[M::mem_process_seqs] Processed 203632 reads in 6.014 CPU sec, 3.103 real sec
[M::process] read 203606 sequences (20000071 bp)...
[M::mem_pestat] # candidate unique pairs for (FF, FR, RF, RR): (1, 97521, 8, 0)
[M::mem_pestat] skip orientation FF as there are not enough pairs
[M::mem_pestat] analyzing insert size distribution for orientation FR...
[M::mem_pestat] (25, 50, 75) percentile: (107, 129, 164)
[M::mem_pestat] low and high boundaries for computing mean and std.dev: (1, 278)
[M::mem_pestat] mean and std.dev: (137.16, 42.13)
[M::mem_pestat] low and high boundaries for proper pairs: (1, 335)
[M::mem_pestat] skip orientation RF as there are not enough pairs
[M::mem_pestat] skip orientation RR as there are not enough pairs
[M::mem_process_seqs] Processed 203650 reads in 5.953 CPU sec, 3.250 real sec
[M::process] read 203760 sequences (20000001 bp)...
[M::mem_pestat] # candidate unique pairs for (FF, FR, RF, RR): (2, 97580, 8, 3)
[M::mem_pestat] skip orientation FF as there are not enough pairs
[M::mem_pestat] analyzing insert size distribution for orientation FR...
[M::mem_pestat] (25, 50, 75) percentile: (107, 129, 164)
[M::mem_pestat] low and high boundaries for computing mean and std.dev: (1, 278)
[M::mem_pestat] mean and std.dev: (137.19, 42.19)
[M::mem_pestat] low and high boundaries for proper pairs: (1, 335)
[M::mem_pestat] skip orientation RF as there are not enough pairs
[M::mem_pestat] skip orientation RR as there are not enough pairs
[M::mem_process_seqs] Processed 203606 reads in 6.103 CPU sec, 3.154 real sec
[M::process] read 203594 sequences (20000152 bp)...
[M::mem_pestat] # candidate unique pairs for (FF, FR, RF, RR): (4, 97591, 6, 1)
[M::mem_pestat] skip orientation FF as there are not enough pairs
[M::mem_pestat] analyzing insert size distribution for orientation FR...
[M::mem_pestat] (25, 50, 75) percentile: (107, 129, 164)
[M::mem_pestat] low and high boundaries for computing mean and std.dev: (1, 278)
[M::mem_pestat] mean and std.dev: (137.36, 42.43)
[M::mem_pestat] low and high boundaries for proper pairs: (1, 335)
[M::mem_pestat] skip orientation RF as there are not enough pairs
[M::mem_pestat] skip orientation RR as there are not enough pairs
[M::mem_process_seqs] Processed 203760 reads in 5.968 CPU sec, 3.082 real sec
[M::process] read 203672 sequences (20000093 bp)...
[M::mem_pestat] # candidate unique pairs for (FF, FR, RF, RR): (2, 97492, 4, 2)
[M::mem_pestat] skip orientation FF as there are not enough pairs
[M::mem_pestat] analyzing insert size distribution for orientation FR...
[M::mem_pestat] (25, 50, 75) percentile: (107, 129, 164)
[M::mem_pestat] low and high boundaries for computing mean and std.dev: (1, 278)
[M::mem_pestat] mean and std.dev: (137.22, 42.36)
[M::mem_pestat] low and high boundaries for proper pairs: (1, 335)
[M::mem_pestat] skip orientation RF as there are not enough pairs
[M::mem_pestat] skip orientation RR as there are not enough pairs
[M::mem_process_seqs] Processed 203594 reads in 5.982 CPU sec, 3.103 real sec
[M::process] read 203810 sequences (20000039 bp)...
[M::mem_pestat] # candidate unique pairs for (FF, FR, RF, RR): (0, 97541, 6, 0)
[M::mem_pestat] skip orientation FF as there are not enough pairs
[M::mem_pestat] analyzing insert size distribution for orientation FR...
[M::mem_pestat] (25, 50, 75) percentile: (107, 128, 163)
[M::mem_pestat] low and high boundaries for computing mean and std.dev: (1, 275)
[M::mem_pestat] mean and std.dev: (136.67, 41.77)
[M::mem_pestat] low and high boundaries for proper pairs: (1, 331)
[M::mem_pestat] skip orientation RF as there are not enough pairs
[M::mem_pestat] skip orientation RR as there are not enough pairs
[M::mem_process_seqs] Processed 203672 reads in 5.993 CPU sec, 3.093 real sec
[M::process] read 203746 sequences (20000179 bp)...
[M::mem_pestat] # candidate unique pairs for (FF, FR, RF, RR): (3, 97683, 3, 4)
[M::mem_pestat] skip orientation FF as there are not enough pairs
[M::mem_pestat] analyzing insert size distribution for orientation FR...
[M::mem_pestat] (25, 50, 75) percentile: (107, 129, 164)
[M::mem_pestat] low and high boundaries for computing mean and std.dev: (1, 278)
[M::mem_pestat] mean and std.dev: (137.31, 42.37)
[M::mem_pestat] low and high boundaries for proper pairs: (1, 335)
[M::mem_pestat] skip orientation RF as there are not enough pairs
[M::mem_pestat] skip orientation RR as there are not enough pairs
[M::mem_process_seqs] Processed 203810 reads in 5.959 CPU sec, 3.077 real sec
[M::process] read 203808 sequences (20000165 bp)...
[M::mem_pestat] # candidate unique pairs for (FF, FR, RF, RR): (1, 97641, 4, 2)
[M::mem_pestat] skip orientation FF as there are not enough pairs
[M::mem_pestat] analyzing insert size distribution for orientation FR...
[M::mem_pestat] (25, 50, 75) percentile: (107, 129, 164)
[M::mem_pestat] low and high boundaries for computing mean and std.dev: (1, 278)
[M::mem_pestat] mean and std.dev: (137.04, 42.20)
[M::mem_pestat] low and high boundaries for proper pairs: (1, 335)
[M::mem_pestat] skip orientation RF as there are not enough pairs
[M::mem_pestat] skip orientation RR as there are not enough pairs
[M::mem_process_seqs] Processed 203746 reads in 5.952 CPU sec, 3.245 real sec
[M::process] read 203610 sequences (20000107 bp)...
[M::mem_pestat] # candidate unique pairs for (FF, FR, RF, RR): (1, 97572, 1, 0)
[M::mem_pestat] skip orientation FF as there are not enough pairs
[M::mem_pestat] analyzing insert size distribution for orientation FR...
[M::mem_pestat] (25, 50, 75) percentile: (107, 129, 164)
[M::mem_pestat] low and high boundaries for computing mean and std.dev: (1, 278)
[M::mem_pestat] mean and std.dev: (137.13, 42.35)
[M::mem_pestat] low and high boundaries for proper pairs: (1, 335)
[M::mem_pestat] skip orientation RF as there are not enough pairs
[M::mem_pestat] skip orientation RR as there are not enough pairs
[M::mem_process_seqs] Processed 203808 reads in 6.035 CPU sec, 3.113 real sec
[M::process] read 203842 sequences (20000187 bp)...
[M::mem_pestat] # candidate unique pairs for (FF, FR, RF, RR): (1, 97582, 3, 1)
[M::mem_pestat] skip orientation FF as there are not enough pairs
[M::mem_pestat] analyzing insert size distribution for orientation FR...
[M::mem_pestat] (25, 50, 75) percentile: (107, 129, 163)
[M::mem_pestat] low and high boundaries for computing mean and std.dev: (1, 275)
[M::mem_pestat] mean and std.dev: (136.64, 41.67)
[M::mem_pestat] low and high boundaries for proper pairs: (1, 331)
[M::mem_pestat] skip orientation RF as there are not enough pairs
[M::mem_pestat] skip orientation RR as there are not enough pairs
[M::mem_process_seqs] Processed 203610 reads in 6.108 CPU sec, 3.495 real sec
[M::process] read 203904 sequences (20000099 bp)...
[M::mem_pestat] # candidate unique pairs for (FF, FR, RF, RR): (1, 97646, 3, 3)
[M::mem_pestat] skip orientation FF as there are not enough pairs
[M::mem_pestat] analyzing insert size distribution for orientation FR...
[M::mem_pestat] (25, 50, 75) percentile: (107, 128, 163)
[M::mem_pestat] low and high boundaries for computing mean and std.dev: (1, 275)
[M::mem_pestat] mean and std.dev: (136.57, 41.80)
[M::mem_pestat] low and high boundaries for proper pairs: (1, 331)
[M::mem_pestat] skip orientation RF as there are not enough pairs
[M::mem_pestat] skip orientation RR as there are not enough pairs
[M::mem_process_seqs] Processed 203842 reads in 6.076 CPU sec, 3.140 real sec
[M::process] read 203826 sequences (20000142 bp)...
[M::mem_pestat] # candidate unique pairs for (FF, FR, RF, RR): (0, 97502, 7, 0)
[M::mem_pestat] skip orientation FF as there are not enough pairs
[M::mem_pestat] analyzing insert size distribution for orientation FR...
[M::mem_pestat] (25, 50, 75) percentile: (107, 129, 163)
[M::mem_pestat] low and high boundaries for computing mean and std.dev: (1, 275)
[M::mem_pestat] mean and std.dev: (136.80, 41.72)
[M::mem_pestat] low and high boundaries for proper pairs: (1, 331)
[M::mem_pestat] skip orientation RF as there are not enough pairs
[M::mem_pestat] skip orientation RR as there are not enough pairs
[M::mem_process_seqs] Processed 203904 reads in 6.064 CPU sec, 3.160 real sec
[M::process] read 203936 sequences (20000144 bp)...
[M::mem_pestat] # candidate unique pairs for (FF, FR, RF, RR): (1, 97548, 6, 2)
[M::mem_pestat] skip orientation FF as there are not enough pairs
[M::mem_pestat] analyzing insert size distribution for orientation FR...
[M::mem_pestat] (25, 50, 75) percentile: (107, 129, 163)
[M::mem_pestat] low and high boundaries for computing mean and std.dev: (1, 275)
[M::mem_pestat] mean and std.dev: (136.70, 41.62)
[M::mem_pestat] low and high boundaries for proper pairs: (1, 331)
[M::mem_pestat] skip orientation RF as there are not enough pairs
[M::mem_pestat] skip orientation RR as there are not enough pairs
[M::mem_process_seqs] Processed 203826 reads in 6.174 CPU sec, 3.324 real sec
[M::process] read 204148 sequences (20000125 bp)...
[M::mem_pestat] # candidate unique pairs for (FF, FR, RF, RR): (2, 97633, 5, 2)
[M::mem_pestat] skip orientation FF as there are not enough pairs
[M::mem_pestat] analyzing insert size distribution for orientation FR...
[M::mem_pestat] (25, 50, 75) percentile: (107, 128, 163)
[M::mem_pestat] low and high boundaries for computing mean and std.dev: (1, 275)
[M::mem_pestat] mean and std.dev: (136.66, 41.83)
[M::mem_pestat] low and high boundaries for proper pairs: (1, 331)
[M::mem_pestat] skip orientation RF as there are not enough pairs
[M::mem_pestat] skip orientation RR as there are not enough pairs
[M::mem_process_seqs] Processed 203936 reads in 5.986 CPU sec, 3.095 real sec
[M::process] read 204344 sequences (20000158 bp)...
[M::mem_pestat] # candidate unique pairs for (FF, FR, RF, RR): (3, 97726, 6, 0)
[M::mem_pestat] skip orientation FF as there are not enough pairs
[M::mem_pestat] analyzing insert size distribution for orientation FR...
[M::mem_pestat] (25, 50, 75) percentile: (107, 128, 162)
[M::mem_pestat] low and high boundaries for computing mean and std.dev: (1, 272)
[M::mem_pestat] mean and std.dev: (136.22, 41.17)
[M::mem_pestat] low and high boundaries for proper pairs: (1, 327)
[M::mem_pestat] skip orientation RF as there are not enough pairs
[M::mem_pestat] skip orientation RR as there are not enough pairs
[M::mem_process_seqs] Processed 204148 reads in 6.058 CPU sec, 3.127 real sec
[M::process] read 204098 sequences (20000051 bp)...
[M::mem_pestat] # candidate unique pairs for (FF, FR, RF, RR): (0, 97696, 6, 0)
[M::mem_pestat] skip orientation FF as there are not enough pairs
[M::mem_pestat] analyzing insert size distribution for orientation FR...
[M::mem_pestat] (25, 50, 75) percentile: (107, 129, 163)
[M::mem_pestat] low and high boundaries for computing mean and std.dev: (1, 275)
[M::mem_pestat] mean and std.dev: (136.75, 41.73)
[M::mem_pestat] low and high boundaries for proper pairs: (1, 331)
[M::mem_pestat] skip orientation RF as there are not enough pairs
[M::mem_pestat] skip orientation RR as there are not enough pairs
[M::mem_process_seqs] Processed 204344 reads in 6.028 CPU sec, 3.115 real sec
[M::process] read 204430 sequences (20000098 bp)...
[M::mem_pestat] # candidate unique pairs for (FF, FR, RF, RR): (2, 97654, 6, 2)
[M::mem_pestat] skip orientation FF as there are not enough pairs
[M::mem_pestat] analyzing insert size distribution for orientation FR...
[M::mem_pestat] (25, 50, 75) percentile: (107, 128, 162)
[M::mem_pestat] low and high boundaries for computing mean and std.dev: (1, 272)
[M::mem_pestat] mean and std.dev: (136.13, 41.17)
[M::mem_pestat] low and high boundaries for proper pairs: (1, 327)
[M::mem_pestat] skip orientation RF as there are not enough pairs
[M::mem_pestat] skip orientation RR as there are not enough pairs
[M::mem_process_seqs] Processed 204098 reads in 6.134 CPU sec, 3.170 real sec
[M::process] read 204260 sequences (20000135 bp)...
[M::mem_pestat] # candidate unique pairs for (FF, FR, RF, RR): (2, 97802, 8, 0)
[M::mem_pestat] skip orientation FF as there are not enough pairs
[M::mem_pestat] analyzing insert size distribution for orientation FR...
[M::mem_pestat] (25, 50, 75) percentile: (107, 129, 163)
[M::mem_pestat] low and high boundaries for computing mean and std.dev: (1, 275)
[M::mem_pestat] mean and std.dev: (136.55, 41.54)
[M::mem_pestat] low and high boundaries for proper pairs: (1, 331)
[M::mem_pestat] skip orientation RF as there are not enough pairs
[M::mem_pestat] skip orientation RR as there are not enough pairs
[M::mem_process_seqs] Processed 204430 reads in 6.075 CPU sec, 3.150 real sec
[M::mem_pestat] # candidate unique pairs for (FF, FR, RF, RR): (2, 97778, 7, 0)
[M::mem_pestat] skip orientation FF as there are not enough pairs
[M::mem_pestat] analyzing insert size distribution for orientation FR...
[M::mem_pestat] (25, 50, 75) percentile: (107, 128, 162)
[M::mem_pestat] low and high boundaries for computing mean and std.dev: (1, 272)
[M::mem_pestat] mean and std.dev: (136.10, 40.98)
[M::mem_pestat] low and high boundaries for proper pairs: (1, 327)
[M::mem_pestat] skip orientation RF as there are not enough pairs
[M::mem_pestat] skip orientation RR as there are not enough pairs
[M::mem_process_seqs] Processed 204260 reads in 6.134 CPU sec, 6.100 real sec
[M::process] read 204888 sequences (20000056 bp)...
[M::process] read 206654 sequences (20000084 bp)...
[M::mem_pestat] # candidate unique pairs for (FF, FR, RF, RR): (2, 98066, 3, 0)
[M::mem_pestat] skip orientation FF as there are not enough pairs
[M::mem_pestat] analyzing insert size distribution for orientation FR...
[M::mem_pestat] (25, 50, 75) percentile: (107, 128, 162)
[M::mem_pestat] low and high boundaries for computing mean and std.dev: (1, 272)
[M::mem_pestat] mean and std.dev: (136.11, 41.28)
[M::mem_pestat] low and high boundaries for proper pairs: (1, 327)
[M::mem_pestat] skip orientation RF as there are not enough pairs
[M::mem_pestat] skip orientation RR as there are not enough pairs
[M::mem_process_seqs] Processed 204888 reads in 5.904 CPU sec, 2.993 real sec
[M::process] read 204440 sequences (20000125 bp)...
[M::mem_pestat] # candidate unique pairs for (FF, FR, RF, RR): (0, 98923, 3, 1)
[M::mem_pestat] skip orientation FF as there are not enough pairs
[M::mem_pestat] analyzing insert size distribution for orientation FR...
[M::mem_pestat] (25, 50, 75) percentile: (107, 128, 162)
[M::mem_pestat] low and high boundaries for computing mean and std.dev: (1, 272)
[M::mem_pestat] mean and std.dev: (136.18, 40.99)
[M::mem_pestat] low and high boundaries for proper pairs: (1, 327)
[M::mem_pestat] skip orientation RF as there are not enough pairs
[M::mem_pestat] skip orientation RR as there are not enough pairs
[M::mem_process_seqs] Processed 206654 reads in 6.053 CPU sec, 3.122 real sec
[M::process] read 205132 sequences (20000108 bp)...
[M::mem_pestat] # candidate unique pairs for (FF, FR, RF, RR): (1, 97715, 5, 0)
[M::mem_pestat] skip orientation FF as there are not enough pairs
[M::mem_pestat] analyzing insert size distribution for orientation FR...
[M::mem_pestat] (25, 50, 75) percentile: (106, 128, 162)
[M::mem_pestat] low and high boundaries for computing mean and std.dev: (1, 274)
[M::mem_pestat] mean and std.dev: (136.00, 41.43)
[M::mem_pestat] low and high boundaries for proper pairs: (1, 330)
[M::mem_pestat] skip orientation RF as there are not enough pairs
[M::mem_pestat] skip orientation RR as there are not enough pairs
[M::mem_process_seqs] Processed 204440 reads in 6.008 CPU sec, 3.103 real sec
[M::process] read 205258 sequences (20000129 bp)...
[M::mem_pestat] # candidate unique pairs for (FF, FR, RF, RR): (2, 98233, 6, 3)
[M::mem_pestat] skip orientation FF as there are not enough pairs
[M::mem_pestat] analyzing insert size distribution for orientation FR...
[M::mem_pestat] (25, 50, 75) percentile: (107, 128, 162)
[M::mem_pestat] low and high boundaries for computing mean and std.dev: (1, 272)
[M::mem_pestat] mean and std.dev: (136.20, 41.11)
[M::mem_pestat] low and high boundaries for proper pairs: (1, 327)
[M::mem_pestat] skip orientation RF as there are not enough pairs
[M::mem_pestat] skip orientation RR as there are not enough pairs
[M::mem_process_seqs] Processed 205132 reads in 6.061 CPU sec, 3.156 real sec
[M::process] read 95276 sequences (9293174 bp)...
[M::mem_pestat] # candidate unique pairs for (FF, FR, RF, RR): (0, 98289, 5, 0)
[M::mem_pestat] skip orientation FF as there are not enough pairs
[M::mem_pestat] analyzing insert size distribution for orientation FR...
[M::mem_pestat] (25, 50, 75) percentile: (107, 128, 162)
[M::mem_pestat] low and high boundaries for computing mean and std.dev: (1, 272)
[M::mem_pestat] mean and std.dev: (136.07, 41.37)
[M::mem_pestat] low and high boundaries for proper pairs: (1, 327)
[M::mem_pestat] skip orientation RF as there are not enough pairs
[M::mem_pestat] skip orientation RR as there are not enough pairs
[M::mem_process_seqs] Processed 205258 reads in 5.840 CPU sec, 3.037 real sec
[M::mem_pestat] # candidate unique pairs for (FF, FR, RF, RR): (1, 45534, 4, 0)
[M::mem_pestat] skip orientation FF as there are not enough pairs
[M::mem_pestat] analyzing insert size distribution for orientation FR...
[M::mem_pestat] (25, 50, 75) percentile: (107, 128, 162)
[M::mem_pestat] low and high boundaries for computing mean and std.dev: (1, 272)
[M::mem_pestat] mean and std.dev: (135.57, 41.06)
[M::mem_pestat] low and high boundaries for proper pairs: (1, 327)
[M::mem_pestat] skip orientation RF as there are not enough pairs
[M::mem_pestat] skip orientation RR as there are not enough pairs
[M::mem_process_seqs] Processed 95276 reads in 2.795 CPU sec, 1.487 real sec
[main] Version: 0.7.19-r1273
[main] CMD: bwa mem -t 2 /proj/uppmax2026-1-61/nobackup/work/dich3309/canu_pacbio_pilon_r2/efaecium_e745_canu_pacbio_pilon_r2.fasta /home/dich3309/rnaseq-tnseq-enterococcus-analysis/data/trimmed_data/rna_serum_rep2_R1_paired.fastq.gz /home/dich3309/rnaseq-tnseq-enterococcus-analysis/data/trimmed_data/rna_serum_rep2_R2_paired.fastq.gz
[main] Real time: 476.423 sec; CPU: 876.602 sec
[bam_sort_core] merging from 5 files and 2 in-memory blocks...
29512989 + 0 in total (QC-passed reads + QC-failed reads)
29476696 + 0 primary
0 + 0 secondary
36293 + 0 supplementary
0 + 0 duplicates
0 + 0 primary duplicates
29091907 + 0 mapped (98.57% : N/A)
29055614 + 0 primary mapped (98.57% : N/A)
29476696 + 0 paired in sequencing
14738348 + 0 read1
14738348 + 0 read2
28427214 + 0 properly paired (96.44% : N/A)
29052994 + 0 with itself and mate mapped
2620 + 0 singletons (0.01% : N/A)
7284 + 0 with mate mapped to a different chr
3294 + 0 with mate mapped to a different chr (mapQ>=5)
[2026-05-11 14:18:50] [sample 5 of 6] rna_serum_rep2 done (0h 9m 26s)
[2026-05-11 14:18:51] [sample 6 of 6] mapping rna_serum_rep3
[M::bwa_idx_load_from_disk] read 0 ALT contigs
[M::process] read 203930 sequences (20000074 bp)...
[M::process] read 203886 sequences (20000187 bp)...
[M::mem_pestat] # candidate unique pairs for (FF, FR, RF, RR): (2, 97925, 5, 2)
[M::mem_pestat] skip orientation FF as there are not enough pairs
[M::mem_pestat] analyzing insert size distribution for orientation FR...
[M::mem_pestat] (25, 50, 75) percentile: (105, 127, 159)
[M::mem_pestat] low and high boundaries for computing mean and std.dev: (1, 267)
[M::mem_pestat] mean and std.dev: (134.24, 40.40)
[M::mem_pestat] low and high boundaries for proper pairs: (1, 321)
[M::mem_pestat] skip orientation RF as there are not enough pairs
[M::mem_pestat] skip orientation RR as there are not enough pairs
[M::mem_process_seqs] Processed 203930 reads in 6.015 CPU sec, 3.055 real sec
[M::process] read 203994 sequences (20000084 bp)...
[M::mem_pestat] # candidate unique pairs for (FF, FR, RF, RR): (2, 98044, 4, 3)
[M::mem_pestat] skip orientation FF as there are not enough pairs
[M::mem_pestat] analyzing insert size distribution for orientation FR...
[M::mem_pestat] (25, 50, 75) percentile: (105, 127, 159)
[M::mem_pestat] low and high boundaries for computing mean and std.dev: (1, 267)
[M::mem_pestat] mean and std.dev: (133.97, 40.26)
[M::mem_pestat] low and high boundaries for proper pairs: (1, 321)
[M::mem_pestat] skip orientation RF as there are not enough pairs
[M::mem_pestat] skip orientation RR as there are not enough pairs
[M::mem_process_seqs] Processed 203886 reads in 6.015 CPU sec, 3.103 real sec
[M::process] read 203880 sequences (20000110 bp)...
[M::mem_pestat] # candidate unique pairs for (FF, FR, RF, RR): (2, 97960, 3, 2)
[M::mem_pestat] skip orientation FF as there are not enough pairs
[M::mem_pestat] analyzing insert size distribution for orientation FR...
[M::mem_pestat] (25, 50, 75) percentile: (106, 127, 159)
[M::mem_pestat] low and high boundaries for computing mean and std.dev: (1, 265)
[M::mem_pestat] mean and std.dev: (134.24, 40.05)
[M::mem_pestat] low and high boundaries for proper pairs: (1, 318)
[M::mem_pestat] skip orientation RF as there are not enough pairs
[M::mem_pestat] skip orientation RR as there are not enough pairs
[M::mem_process_seqs] Processed 203994 reads in 6.015 CPU sec, 3.103 real sec
[M::process] read 203968 sequences (20000164 bp)...
[M::mem_pestat] # candidate unique pairs for (FF, FR, RF, RR): (0, 97923, 1, 0)
[M::mem_pestat] skip orientation FF as there are not enough pairs
[M::mem_pestat] analyzing insert size distribution for orientation FR...
[M::mem_pestat] (25, 50, 75) percentile: (105, 127, 159)
[M::mem_pestat] low and high boundaries for computing mean and std.dev: (1, 267)
[M::mem_pestat] mean and std.dev: (134.27, 40.22)
[M::mem_pestat] low and high boundaries for proper pairs: (1, 321)
[M::mem_pestat] skip orientation RF as there are not enough pairs
[M::mem_pestat] skip orientation RR as there are not enough pairs
[M::mem_process_seqs] Processed 203880 reads in 6.059 CPU sec, 3.129 real sec
[M::process] read 203884 sequences (20000187 bp)...
[M::mem_pestat] # candidate unique pairs for (FF, FR, RF, RR): (2, 97906, 4, 2)
[M::mem_pestat] skip orientation FF as there are not enough pairs
[M::mem_pestat] analyzing insert size distribution for orientation FR...
[M::mem_pestat] (25, 50, 75) percentile: (105, 127, 159)
[M::mem_pestat] low and high boundaries for computing mean and std.dev: (1, 267)
[M::mem_pestat] mean and std.dev: (134.14, 40.14)
[M::mem_pestat] low and high boundaries for proper pairs: (1, 321)
[M::mem_pestat] skip orientation RF as there are not enough pairs
[M::mem_pestat] skip orientation RR as there are not enough pairs
[M::mem_process_seqs] Processed 203968 reads in 6.066 CPU sec, 3.131 real sec
[M::process] read 203864 sequences (20000080 bp)...
[M::mem_pestat] # candidate unique pairs for (FF, FR, RF, RR): (2, 97765, 6, 2)
[M::mem_pestat] skip orientation FF as there are not enough pairs
[M::mem_pestat] analyzing insert size distribution for orientation FR...
[M::mem_pestat] (25, 50, 75) percentile: (105, 127, 159)
[M::mem_pestat] low and high boundaries for computing mean and std.dev: (1, 267)
[M::mem_pestat] mean and std.dev: (134.06, 40.06)
[M::mem_pestat] low and high boundaries for proper pairs: (1, 321)
[M::mem_pestat] skip orientation RF as there are not enough pairs
[M::mem_pestat] skip orientation RR as there are not enough pairs
[M::mem_process_seqs] Processed 203884 reads in 6.053 CPU sec, 3.128 real sec
[M::process] read 204004 sequences (20000003 bp)...
[M::mem_pestat] # candidate unique pairs for (FF, FR, RF, RR): (0, 97887, 6, 3)
[M::mem_pestat] skip orientation FF as there are not enough pairs
[M::mem_pestat] analyzing insert size distribution for orientation FR...
[M::mem_pestat] (25, 50, 75) percentile: (105, 127, 159)
[M::mem_pestat] low and high boundaries for computing mean and std.dev: (1, 267)
[M::mem_pestat] mean and std.dev: (134.18, 40.21)
[M::mem_pestat] low and high boundaries for proper pairs: (1, 321)
[M::mem_pestat] skip orientation RF as there are not enough pairs
[M::mem_pestat] skip orientation RR as there are not enough pairs
[M::mem_process_seqs] Processed 203864 reads in 6.033 CPU sec, 3.120 real sec
[M::process] read 204038 sequences (20000014 bp)...
[M::mem_pestat] # candidate unique pairs for (FF, FR, RF, RR): (3, 97921, 2, 1)
[M::mem_pestat] skip orientation FF as there are not enough pairs
[M::mem_pestat] analyzing insert size distribution for orientation FR...
[M::mem_pestat] (25, 50, 75) percentile: (105, 127, 159)
[M::mem_pestat] low and high boundaries for computing mean and std.dev: (1, 267)
[M::mem_pestat] mean and std.dev: (133.84, 40.03)
[M::mem_pestat] low and high boundaries for proper pairs: (1, 321)
[M::mem_pestat] skip orientation RF as there are not enough pairs
[M::mem_pestat] skip orientation RR as there are not enough pairs
[M::mem_process_seqs] Processed 204004 reads in 6.016 CPU sec, 3.118 real sec
[M::process] read 204272 sequences (20000188 bp)...
[M::mem_pestat] # candidate unique pairs for (FF, FR, RF, RR): (2, 97934, 5, 1)
[M::mem_pestat] skip orientation FF as there are not enough pairs
[M::mem_pestat] analyzing insert size distribution for orientation FR...
[M::mem_pestat] (25, 50, 75) percentile: (105, 127, 159)
[M::mem_pestat] low and high boundaries for computing mean and std.dev: (1, 267)
[M::mem_pestat] mean and std.dev: (134.18, 40.24)
[M::mem_pestat] low and high boundaries for proper pairs: (1, 321)
[M::mem_pestat] skip orientation RF as there are not enough pairs
[M::mem_pestat] skip orientation RR as there are not enough pairs
[M::mem_process_seqs] Processed 204038 reads in 5.982 CPU sec, 3.091 real sec
[M::process] read 204286 sequences (20000024 bp)...
[M::mem_pestat] # candidate unique pairs for (FF, FR, RF, RR): (1, 98042, 8, 1)
[M::mem_pestat] skip orientation FF as there are not enough pairs
[M::mem_pestat] analyzing insert size distribution for orientation FR...
[M::mem_pestat] (25, 50, 75) percentile: (105, 127, 159)
[M::mem_pestat] low and high boundaries for computing mean and std.dev: (1, 267)
[M::mem_pestat] mean and std.dev: (133.97, 40.25)
[M::mem_pestat] low and high boundaries for proper pairs: (1, 321)
[M::mem_pestat] skip orientation RF as there are not enough pairs
[M::mem_pestat] skip orientation RR as there are not enough pairs
[M::mem_process_seqs] Processed 204272 reads in 6.049 CPU sec, 3.140 real sec
[M::process] read 204182 sequences (20000036 bp)...
[M::mem_pestat] # candidate unique pairs for (FF, FR, RF, RR): (1, 97943, 4, 3)
[M::mem_pestat] skip orientation FF as there are not enough pairs
[M::mem_pestat] analyzing insert size distribution for orientation FR...
[M::mem_pestat] (25, 50, 75) percentile: (105, 127, 159)
[M::mem_pestat] low and high boundaries for computing mean and std.dev: (1, 267)
[M::mem_pestat] mean and std.dev: (133.96, 40.14)
[M::mem_pestat] low and high boundaries for proper pairs: (1, 321)
[M::mem_pestat] skip orientation RF as there are not enough pairs
[M::mem_pestat] skip orientation RR as there are not enough pairs
[M::mem_process_seqs] Processed 204286 reads in 6.043 CPU sec, 3.130 real sec
[M::process] read 204300 sequences (20000115 bp)...
[M::mem_pestat] # candidate unique pairs for (FF, FR, RF, RR): (0, 97970, 4, 0)
[M::mem_pestat] skip orientation FF as there are not enough pairs
[M::mem_pestat] analyzing insert size distribution for orientation FR...
[M::mem_pestat] (25, 50, 75) percentile: (105, 127, 159)
[M::mem_pestat] low and high boundaries for computing mean and std.dev: (1, 267)
[M::mem_pestat] mean and std.dev: (133.96, 40.07)
[M::mem_pestat] low and high boundaries for proper pairs: (1, 321)
[M::mem_pestat] skip orientation RF as there are not enough pairs
[M::mem_pestat] skip orientation RR as there are not enough pairs
[M::mem_process_seqs] Processed 204182 reads in 5.984 CPU sec, 3.092 real sec
[M::process] read 204350 sequences (20000063 bp)...
[M::mem_pestat] # candidate unique pairs for (FF, FR, RF, RR): (0, 98019, 6, 1)
[M::mem_pestat] skip orientation FF as there are not enough pairs
[M::mem_pestat] analyzing insert size distribution for orientation FR...
[M::mem_pestat] (25, 50, 75) percentile: (105, 127, 158)
[M::mem_pestat] low and high boundaries for computing mean and std.dev: (1, 264)
[M::mem_pestat] mean and std.dev: (133.42, 39.72)
[M::mem_pestat] low and high boundaries for proper pairs: (1, 317)
[M::mem_pestat] skip orientation RF as there are not enough pairs
[M::mem_pestat] skip orientation RR as there are not enough pairs
[M::mem_process_seqs] Processed 204300 reads in 6.038 CPU sec, 3.118 real sec
[M::process] read 204336 sequences (20000010 bp)...
[M::mem_pestat] # candidate unique pairs for (FF, FR, RF, RR): (0, 97962, 3, 3)
[M::mem_pestat] skip orientation FF as there are not enough pairs
[M::mem_pestat] analyzing insert size distribution for orientation FR...
[M::mem_pestat] (25, 50, 75) percentile: (105, 127, 159)
[M::mem_pestat] low and high boundaries for computing mean and std.dev: (1, 267)
[M::mem_pestat] mean and std.dev: (133.85, 40.17)
[M::mem_pestat] low and high boundaries for proper pairs: (1, 321)
[M::mem_pestat] skip orientation RF as there are not enough pairs
[M::mem_pestat] skip orientation RR as there are not enough pairs
[M::mem_process_seqs] Processed 204350 reads in 6.003 CPU sec, 3.101 real sec
[M::process] read 204594 sequences (20000186 bp)...
[M::mem_pestat] # candidate unique pairs for (FF, FR, RF, RR): (1, 98123, 3, 0)
[M::mem_pestat] skip orientation FF as there are not enough pairs
[M::mem_pestat] analyzing insert size distribution for orientation FR...
[M::mem_pestat] (25, 50, 75) percentile: (105, 127, 159)
[M::mem_pestat] low and high boundaries for computing mean and std.dev: (1, 267)
[M::mem_pestat] mean and std.dev: (133.75, 40.08)
[M::mem_pestat] low and high boundaries for proper pairs: (1, 321)
[M::mem_pestat] skip orientation RF as there are not enough pairs
[M::mem_pestat] skip orientation RR as there are not enough pairs
[M::mem_process_seqs] Processed 204336 reads in 6.004 CPU sec, 3.106 real sec
[M::process] read 204346 sequences (20000177 bp)...
[M::mem_pestat] # candidate unique pairs for (FF, FR, RF, RR): (2, 98147, 4, 1)
[M::mem_pestat] skip orientation FF as there are not enough pairs
[M::mem_pestat] analyzing insert size distribution for orientation FR...
[M::mem_pestat] (25, 50, 75) percentile: (105, 126, 158)
[M::mem_pestat] low and high boundaries for computing mean and std.dev: (1, 264)
[M::mem_pestat] mean and std.dev: (133.33, 39.70)
[M::mem_pestat] low and high boundaries for proper pairs: (1, 317)
[M::mem_pestat] skip orientation RF as there are not enough pairs
[M::mem_pestat] skip orientation RR as there are not enough pairs
[M::mem_process_seqs] Processed 204594 reads in 6.043 CPU sec, 3.121 real sec
[M::process] read 204418 sequences (20000070 bp)...
[M::mem_pestat] # candidate unique pairs for (FF, FR, RF, RR): (2, 98068, 3, 2)
[M::mem_pestat] skip orientation FF as there are not enough pairs
[M::mem_pestat] analyzing insert size distribution for orientation FR...
[M::mem_pestat] (25, 50, 75) percentile: (105, 126, 158)
[M::mem_pestat] low and high boundaries for computing mean and std.dev: (1, 264)
[M::mem_pestat] mean and std.dev: (133.35, 39.71)
[M::mem_pestat] low and high boundaries for proper pairs: (1, 317)
[M::mem_pestat] skip orientation RF as there are not enough pairs
[M::mem_pestat] skip orientation RR as there are not enough pairs
[M::mem_process_seqs] Processed 204346 reads in 5.968 CPU sec, 3.079 real sec
[M::process] read 204656 sequences (20000029 bp)...
[M::mem_pestat] # candidate unique pairs for (FF, FR, RF, RR): (0, 98112, 3, 3)
[M::mem_pestat] skip orientation FF as there are not enough pairs
[M::mem_pestat] analyzing insert size distribution for orientation FR...
[M::mem_pestat] (25, 50, 75) percentile: (105, 127, 158)
[M::mem_pestat] low and high boundaries for computing mean and std.dev: (1, 264)
[M::mem_pestat] mean and std.dev: (133.53, 39.87)
[M::mem_pestat] low and high boundaries for proper pairs: (1, 317)
[M::mem_pestat] skip orientation RF as there are not enough pairs
[M::mem_pestat] skip orientation RR as there are not enough pairs
[M::mem_process_seqs] Processed 204418 reads in 6.011 CPU sec, 3.110 real sec
[M::process] read 204412 sequences (20000039 bp)...
[M::mem_pestat] # candidate unique pairs for (FF, FR, RF, RR): (1, 98100, 10, 1)
[M::mem_pestat] skip orientation FF as there are not enough pairs
[M::mem_pestat] analyzing insert size distribution for orientation FR...
[M::mem_pestat] (25, 50, 75) percentile: (105, 126, 158)
[M::mem_pestat] low and high boundaries for computing mean and std.dev: (1, 264)
[M::mem_pestat] mean and std.dev: (133.40, 39.85)
[M::mem_pestat] low and high boundaries for proper pairs: (1, 317)
[M::mem_pestat] analyzing insert size distribution for orientation RF...
[M::mem_pestat] (25, 50, 75) percentile: (12, 39, 130)
[M::mem_pestat] low and high boundaries for computing mean and std.dev: (1, 366)
[M::mem_pestat] mean and std.dev: (76.60, 92.37)
[M::mem_pestat] low and high boundaries for proper pairs: (1, 484)
[M::mem_pestat] skip orientation RR as there are not enough pairs
[M::mem_pestat] skip orientation RF
[M::mem_process_seqs] Processed 204656 reads in 6.036 CPU sec, 3.136 real sec
[M::process] read 204512 sequences (20000131 bp)...
[M::mem_pestat] # candidate unique pairs for (FF, FR, RF, RR): (2, 98016, 7, 1)
[M::mem_pestat] skip orientation FF as there are not enough pairs
[M::mem_pestat] analyzing insert size distribution for orientation FR...
[M::mem_pestat] (25, 50, 75) percentile: (105, 127, 159)
[M::mem_pestat] low and high boundaries for computing mean and std.dev: (1, 267)
[M::mem_pestat] mean and std.dev: (133.84, 40.20)
[M::mem_pestat] low and high boundaries for proper pairs: (1, 321)
[M::mem_pestat] skip orientation RF as there are not enough pairs
[M::mem_pestat] skip orientation RR as there are not enough pairs
[M::mem_process_seqs] Processed 204412 reads in 6.017 CPU sec, 3.111 real sec
[M::process] read 204834 sequences (20000161 bp)...
[M::mem_pestat] # candidate unique pairs for (FF, FR, RF, RR): (2, 97975, 8, 2)
[M::mem_pestat] skip orientation FF as there are not enough pairs
[M::mem_pestat] analyzing insert size distribution for orientation FR...
[M::mem_pestat] (25, 50, 75) percentile: (105, 126, 158)
[M::mem_pestat] low and high boundaries for computing mean and std.dev: (1, 264)
[M::mem_pestat] mean and std.dev: (133.30, 39.67)
[M::mem_pestat] low and high boundaries for proper pairs: (1, 317)
[M::mem_pestat] skip orientation RF as there are not enough pairs
[M::mem_pestat] skip orientation RR as there are not enough pairs
[M::mem_process_seqs] Processed 204512 reads in 6.021 CPU sec, 3.114 real sec
[M::process] read 204546 sequences (20000074 bp)...
[M::mem_pestat] # candidate unique pairs for (FF, FR, RF, RR): (1, 98148, 2, 2)
[M::mem_pestat] skip orientation FF as there are not enough pairs
[M::mem_pestat] analyzing insert size distribution for orientation FR...
[M::mem_pestat] (25, 50, 75) percentile: (105, 126, 158)
[M::mem_pestat] low and high boundaries for computing mean and std.dev: (1, 264)
[M::mem_pestat] mean and std.dev: (133.18, 39.60)
[M::mem_pestat] low and high boundaries for proper pairs: (1, 317)
[M::mem_pestat] skip orientation RF as there are not enough pairs
[M::mem_pestat] skip orientation RR as there are not enough pairs
[M::mem_process_seqs] Processed 204834 reads in 6.071 CPU sec, 3.135 real sec
[M::process] read 204604 sequences (20000127 bp)...
[M::mem_pestat] # candidate unique pairs for (FF, FR, RF, RR): (0, 98098, 7, 0)
[M::mem_pestat] skip orientation FF as there are not enough pairs
[M::mem_pestat] analyzing insert size distribution for orientation FR...
[M::mem_pestat] (25, 50, 75) percentile: (105, 126, 158)
[M::mem_pestat] low and high boundaries for computing mean and std.dev: (1, 264)
[M::mem_pestat] mean and std.dev: (133.32, 39.64)
[M::mem_pestat] low and high boundaries for proper pairs: (1, 317)
[M::mem_pestat] skip orientation RF as there are not enough pairs
[M::mem_pestat] skip orientation RR as there are not enough pairs
[M::mem_process_seqs] Processed 204546 reads in 6.015 CPU sec, 3.129 real sec
[M::process] read 204774 sequences (20000041 bp)...
[M::mem_pestat] # candidate unique pairs for (FF, FR, RF, RR): (0, 98179, 3, 1)
[M::mem_pestat] skip orientation FF as there are not enough pairs
[M::mem_pestat] analyzing insert size distribution for orientation FR...
[M::mem_pestat] (25, 50, 75) percentile: (105, 126, 158)
[M::mem_pestat] low and high boundaries for computing mean and std.dev: (1, 264)
[M::mem_pestat] mean and std.dev: (133.32, 39.77)
[M::mem_pestat] low and high boundaries for proper pairs: (1, 317)
[M::mem_pestat] skip orientation RF as there are not enough pairs
[M::mem_pestat] skip orientation RR as there are not enough pairs
[M::mem_process_seqs] Processed 204604 reads in 6.018 CPU sec, 3.104 real sec
[M::process] read 204882 sequences (20000050 bp)...
[M::mem_pestat] # candidate unique pairs for (FF, FR, RF, RR): (3, 98222, 6, 3)
[M::mem_pestat] skip orientation FF as there are not enough pairs
[M::mem_pestat] analyzing insert size distribution for orientation FR...
[M::mem_pestat] (25, 50, 75) percentile: (105, 126, 158)
[M::mem_pestat] low and high boundaries for computing mean and std.dev: (1, 264)
[M::mem_pestat] mean and std.dev: (133.16, 39.50)
[M::mem_pestat] low and high boundaries for proper pairs: (1, 317)
[M::mem_pestat] skip orientation RF as there are not enough pairs
[M::mem_pestat] skip orientation RR as there are not enough pairs
[M::mem_process_seqs] Processed 204774 reads in 6.061 CPU sec, 3.127 real sec
[M::process] read 205068 sequences (20000094 bp)...
[M::mem_pestat] # candidate unique pairs for (FF, FR, RF, RR): (1, 98103, 4, 1)
[M::mem_pestat] skip orientation FF as there are not enough pairs
[M::mem_pestat] analyzing insert size distribution for orientation FR...
[M::mem_pestat] (25, 50, 75) percentile: (105, 126, 158)
[M::mem_pestat] low and high boundaries for computing mean and std.dev: (1, 264)
[M::mem_pestat] mean and std.dev: (133.25, 39.56)
[M::mem_pestat] low and high boundaries for proper pairs: (1, 317)
[M::mem_pestat] skip orientation RF as there are not enough pairs
[M::mem_pestat] skip orientation RR as there are not enough pairs
[M::mem_process_seqs] Processed 204882 reads in 6.042 CPU sec, 3.114 real sec
[M::process] read 205126 sequences (20000122 bp)...
[M::mem_pestat] # candidate unique pairs for (FF, FR, RF, RR): (0, 98283, 8, 4)
[M::mem_pestat] skip orientation FF as there are not enough pairs
[M::mem_pestat] analyzing insert size distribution for orientation FR...
[M::mem_pestat] (25, 50, 75) percentile: (105, 126, 158)
[M::mem_pestat] low and high boundaries for computing mean and std.dev: (1, 264)
[M::mem_pestat] mean and std.dev: (133.00, 39.71)
[M::mem_pestat] low and high boundaries for proper pairs: (1, 317)
[M::mem_pestat] skip orientation RF as there are not enough pairs
[M::mem_pestat] skip orientation RR as there are not enough pairs
[M::mem_process_seqs] Processed 205068 reads in 6.023 CPU sec, 3.110 real sec
[M::process] read 205138 sequences (20000193 bp)...
[M::mem_pestat] # candidate unique pairs for (FF, FR, RF, RR): (2, 98424, 7, 1)
[M::mem_pestat] skip orientation FF as there are not enough pairs
[M::mem_pestat] analyzing insert size distribution for orientation FR...
[M::mem_pestat] (25, 50, 75) percentile: (105, 126, 157)
[M::mem_pestat] low and high boundaries for computing mean and std.dev: (1, 261)
[M::mem_pestat] mean and std.dev: (132.74, 39.19)
[M::mem_pestat] low and high boundaries for proper pairs: (1, 313)
[M::mem_pestat] skip orientation RF as there are not enough pairs
[M::mem_pestat] skip orientation RR as there are not enough pairs
[M::mem_process_seqs] Processed 205126 reads in 6.016 CPU sec, 3.140 real sec
[M::mem_pestat] # candidate unique pairs for (FF, FR, RF, RR): (0, 98330, 4, 2)
[M::mem_pestat] skip orientation FF as there are not enough pairs
[M::mem_pestat] analyzing insert size distribution for orientation FR...
[M::mem_pestat] (25, 50, 75) percentile: (105, 126, 158)
[M::mem_pestat] low and high boundaries for computing mean and std.dev: (1, 264)
[M::mem_pestat] mean and std.dev: (133.16, 39.68)
[M::mem_pestat] low and high boundaries for proper pairs: (1, 317)
[M::mem_pestat] skip orientation RF as there are not enough pairs
[M::mem_pestat] skip orientation RR as there are not enough pairs
[M::mem_process_seqs] Processed 205138 reads in 6.069 CPU sec, 5.717 real sec
[M::process] read 205616 sequences (20000104 bp)...
[M::process] read 206902 sequences (20000128 bp)...
[M::mem_pestat] # candidate unique pairs for (FF, FR, RF, RR): (0, 98548, 4, 1)
[M::mem_pestat] skip orientation FF as there are not enough pairs
[M::mem_pestat] analyzing insert size distribution for orientation FR...
[M::mem_pestat] (25, 50, 75) percentile: (105, 126, 158)
[M::mem_pestat] low and high boundaries for computing mean and std.dev: (1, 264)
[M::mem_pestat] mean and std.dev: (133.12, 39.67)
[M::mem_pestat] low and high boundaries for proper pairs: (1, 317)
[M::mem_pestat] skip orientation RF as there are not enough pairs
[M::mem_pestat] skip orientation RR as there are not enough pairs
[M::mem_process_seqs] Processed 205616 reads in 5.912 CPU sec, 2.999 real sec
[M::process] read 205194 sequences (20000001 bp)...
[M::mem_pestat] # candidate unique pairs for (FF, FR, RF, RR): (2, 99029, 7, 2)
[M::mem_pestat] skip orientation FF as there are not enough pairs
[M::mem_pestat] analyzing insert size distribution for orientation FR...
[M::mem_pestat] (25, 50, 75) percentile: (105, 126, 158)
[M::mem_pestat] low and high boundaries for computing mean and std.dev: (1, 264)
[M::mem_pestat] mean and std.dev: (133.19, 39.52)
[M::mem_pestat] low and high boundaries for proper pairs: (1, 317)
[M::mem_pestat] skip orientation RF as there are not enough pairs
[M::mem_pestat] skip orientation RR as there are not enough pairs
[M::mem_process_seqs] Processed 206902 reads in 5.999 CPU sec, 3.090 real sec
[M::process] read 206552 sequences (20000144 bp)...
[M::mem_pestat] # candidate unique pairs for (FF, FR, RF, RR): (3, 98254, 4, 1)
[M::mem_pestat] skip orientation FF as there are not enough pairs
[M::mem_pestat] analyzing insert size distribution for orientation FR...
[M::mem_pestat] (25, 50, 75) percentile: (105, 126, 157)
[M::mem_pestat] low and high boundaries for computing mean and std.dev: (1, 261)
[M::mem_pestat] mean and std.dev: (132.66, 39.11)
[M::mem_pestat] low and high boundaries for proper pairs: (1, 313)
[M::mem_pestat] skip orientation RF as there are not enough pairs
[M::mem_pestat] skip orientation RR as there are not enough pairs
[M::mem_process_seqs] Processed 205194 reads in 6.048 CPU sec, 3.116 real sec
[M::process] read 205678 sequences (20000117 bp)...
[M::mem_pestat] # candidate unique pairs for (FF, FR, RF, RR): (2, 98882, 3, 6)
[M::mem_pestat] skip orientation FF as there are not enough pairs
[M::mem_pestat] analyzing insert size distribution for orientation FR...
[M::mem_pestat] (25, 50, 75) percentile: (105, 126, 157)
[M::mem_pestat] low and high boundaries for computing mean and std.dev: (1, 261)
[M::mem_pestat] mean and std.dev: (132.50, 38.89)
[M::mem_pestat] low and high boundaries for proper pairs: (1, 313)
[M::mem_pestat] skip orientation RF as there are not enough pairs
[M::mem_pestat] skip orientation RR as there are not enough pairs
[M::mem_process_seqs] Processed 206552 reads in 6.083 CPU sec, 3.156 real sec
[M::process] read 204426 sequences (20000064 bp)...
[M::mem_pestat] # candidate unique pairs for (FF, FR, RF, RR): (2, 98677, 3, 1)
[M::mem_pestat] skip orientation FF as there are not enough pairs
[M::mem_pestat] analyzing insert size distribution for orientation FR...
[M::mem_pestat] (25, 50, 75) percentile: (105, 126, 157)
[M::mem_pestat] low and high boundaries for computing mean and std.dev: (1, 261)
[M::mem_pestat] mean and std.dev: (132.75, 39.14)
[M::mem_pestat] low and high boundaries for proper pairs: (1, 313)
[M::mem_pestat] skip orientation RF as there are not enough pairs
[M::mem_pestat] skip orientation RR as there are not enough pairs
[M::mem_process_seqs] Processed 205678 reads in 6.036 CPU sec, 3.132 real sec
[M::process] read 203934 sequences (20000170 bp)...
[M::mem_pestat] # candidate unique pairs for (FF, FR, RF, RR): (1, 98190, 4, 1)
[M::mem_pestat] skip orientation FF as there are not enough pairs
[M::mem_pestat] analyzing insert size distribution for orientation FR...
[M::mem_pestat] (25, 50, 75) percentile: (105, 127, 159)
[M::mem_pestat] low and high boundaries for computing mean and std.dev: (1, 267)
[M::mem_pestat] mean and std.dev: (133.75, 40.06)
[M::mem_pestat] low and high boundaries for proper pairs: (1, 321)
[M::mem_pestat] skip orientation RF as there are not enough pairs
[M::mem_pestat] skip orientation RR as there are not enough pairs
[M::mem_process_seqs] Processed 204426 reads in 6.101 CPU sec, 3.162 real sec
[M::process] read 203774 sequences (20000188 bp)...
[M::mem_pestat] # candidate unique pairs for (FF, FR, RF, RR): (1, 97831, 5, 0)
[M::mem_pestat] skip orientation FF as there are not enough pairs
[M::mem_pestat] analyzing insert size distribution for orientation FR...
[M::mem_pestat] (25, 50, 75) percentile: (105, 127, 159)
[M::mem_pestat] low and high boundaries for computing mean and std.dev: (1, 267)
[M::mem_pestat] mean and std.dev: (134.12, 40.25)
[M::mem_pestat] low and high boundaries for proper pairs: (1, 321)
[M::mem_pestat] skip orientation RF as there are not enough pairs
[M::mem_pestat] skip orientation RR as there are not enough pairs
[M::mem_process_seqs] Processed 203934 reads in 6.363 CPU sec, 3.283 real sec
[M::process] read 204012 sequences (20000092 bp)...
[M::mem_pestat] # candidate unique pairs for (FF, FR, RF, RR): (5, 97818, 1, 3)
[M::mem_pestat] skip orientation FF as there are not enough pairs
[M::mem_pestat] analyzing insert size distribution for orientation FR...
[M::mem_pestat] (25, 50, 75) percentile: (106, 127, 159)
[M::mem_pestat] low and high boundaries for computing mean and std.dev: (1, 265)
[M::mem_pestat] mean and std.dev: (134.14, 39.82)
[M::mem_pestat] low and high boundaries for proper pairs: (1, 318)
[M::mem_pestat] skip orientation RF as there are not enough pairs
[M::mem_pestat] skip orientation RR as there are not enough pairs
[M::mem_process_seqs] Processed 203774 reads in 6.095 CPU sec, 3.141 real sec
[M::process] read 203904 sequences (20000033 bp)...
[M::mem_pestat] # candidate unique pairs for (FF, FR, RF, RR): (1, 97899, 4, 4)
[M::mem_pestat] skip orientation FF as there are not enough pairs
[M::mem_pestat] analyzing insert size distribution for orientation FR...
[M::mem_pestat] (25, 50, 75) percentile: (106, 127, 159)
[M::mem_pestat] low and high boundaries for computing mean and std.dev: (1, 265)
[M::mem_pestat] mean and std.dev: (134.06, 39.75)
[M::mem_pestat] low and high boundaries for proper pairs: (1, 318)
[M::mem_pestat] skip orientation RF as there are not enough pairs
[M::mem_pestat] skip orientation RR as there are not enough pairs
[M::mem_process_seqs] Processed 204012 reads in 6.125 CPU sec, 3.169 real sec
[M::process] read 204040 sequences (20000059 bp)...
[M::mem_pestat] # candidate unique pairs for (FF, FR, RF, RR): (1, 97902, 3, 1)
[M::mem_pestat] skip orientation FF as there are not enough pairs
[M::mem_pestat] analyzing insert size distribution for orientation FR...
[M::mem_pestat] (25, 50, 75) percentile: (106, 127, 159)
[M::mem_pestat] low and high boundaries for computing mean and std.dev: (1, 265)
[M::mem_pestat] mean and std.dev: (134.16, 39.98)
[M::mem_pestat] low and high boundaries for proper pairs: (1, 318)
[M::mem_pestat] skip orientation RF as there are not enough pairs
[M::mem_pestat] skip orientation RR as there are not enough pairs
[M::mem_process_seqs] Processed 203904 reads in 6.562 CPU sec, 3.385 real sec
[M::process] read 203882 sequences (20000085 bp)...
[M::mem_pestat] # candidate unique pairs for (FF, FR, RF, RR): (2, 98004, 5, 2)
[M::mem_pestat] skip orientation FF as there are not enough pairs
[M::mem_pestat] analyzing insert size distribution for orientation FR...
[M::mem_pestat] (25, 50, 75) percentile: (105, 127, 159)
[M::mem_pestat] low and high boundaries for computing mean and std.dev: (1, 267)
[M::mem_pestat] mean and std.dev: (134.03, 40.18)
[M::mem_pestat] low and high boundaries for proper pairs: (1, 321)
[M::mem_pestat] skip orientation RF as there are not enough pairs
[M::mem_pestat] skip orientation RR as there are not enough pairs
[M::mem_process_seqs] Processed 204040 reads in 6.376 CPU sec, 3.291 real sec
[M::process] read 203968 sequences (20000167 bp)...
[M::mem_pestat] # candidate unique pairs for (FF, FR, RF, RR): (1, 97851, 3, 2)
[M::mem_pestat] skip orientation FF as there are not enough pairs
[M::mem_pestat] analyzing insert size distribution for orientation FR...
[M::mem_pestat] (25, 50, 75) percentile: (105, 127, 159)
[M::mem_pestat] low and high boundaries for computing mean and std.dev: (1, 267)
[M::mem_pestat] mean and std.dev: (134.18, 40.19)
[M::mem_pestat] low and high boundaries for proper pairs: (1, 321)
[M::mem_pestat] skip orientation RF as there are not enough pairs
[M::mem_pestat] skip orientation RR as there are not enough pairs
[M::mem_process_seqs] Processed 203882 reads in 6.256 CPU sec, 3.235 real sec
[M::process] read 204038 sequences (20000187 bp)...
[M::mem_pestat] # candidate unique pairs for (FF, FR, RF, RR): (2, 97913, 1, 0)
[M::mem_pestat] skip orientation FF as there are not enough pairs
[M::mem_pestat] analyzing insert size distribution for orientation FR...
[M::mem_pestat] (25, 50, 75) percentile: (105, 127, 159)
[M::mem_pestat] low and high boundaries for computing mean and std.dev: (1, 267)
[M::mem_pestat] mean and std.dev: (133.92, 40.32)
[M::mem_pestat] low and high boundaries for proper pairs: (1, 321)
[M::mem_pestat] skip orientation RF as there are not enough pairs
[M::mem_pestat] skip orientation RR as there are not enough pairs
[M::mem_process_seqs] Processed 203968 reads in 6.278 CPU sec, 3.258 real sec
[M::process] read 204278 sequences (20000189 bp)...
[M::mem_pestat] # candidate unique pairs for (FF, FR, RF, RR): (1, 97935, 2, 1)
[M::mem_pestat] skip orientation FF as there are not enough pairs
[M::mem_pestat] analyzing insert size distribution for orientation FR...
[M::mem_pestat] (25, 50, 75) percentile: (105, 127, 159)
[M::mem_pestat] low and high boundaries for computing mean and std.dev: (1, 267)
[M::mem_pestat] mean and std.dev: (134.13, 40.28)
[M::mem_pestat] low and high boundaries for proper pairs: (1, 321)
[M::mem_pestat] skip orientation RF as there are not enough pairs
[M::mem_pestat] skip orientation RR as there are not enough pairs
[M::mem_process_seqs] Processed 204038 reads in 6.237 CPU sec, 3.228 real sec
[M::process] read 204114 sequences (20000064 bp)...
[M::mem_pestat] # candidate unique pairs for (FF, FR, RF, RR): (0, 97940, 6, 3)
[M::mem_pestat] skip orientation FF as there are not enough pairs
[M::mem_pestat] analyzing insert size distribution for orientation FR...
[M::mem_pestat] (25, 50, 75) percentile: (105, 127, 159)
[M::mem_pestat] low and high boundaries for computing mean and std.dev: (1, 267)
[M::mem_pestat] mean and std.dev: (134.32, 40.35)
[M::mem_pestat] low and high boundaries for proper pairs: (1, 321)
[M::mem_pestat] skip orientation RF as there are not enough pairs
[M::mem_pestat] skip orientation RR as there are not enough pairs
[M::mem_process_seqs] Processed 204278 reads in 6.416 CPU sec, 3.328 real sec
[M::process] read 204110 sequences (20000015 bp)...
[M::mem_pestat] # candidate unique pairs for (FF, FR, RF, RR): (0, 97905, 3, 1)
[M::mem_pestat] skip orientation FF as there are not enough pairs
[M::mem_pestat] analyzing insert size distribution for orientation FR...
[M::mem_pestat] (25, 50, 75) percentile: (105, 127, 159)
[M::mem_pestat] low and high boundaries for computing mean and std.dev: (1, 267)
[M::mem_pestat] mean and std.dev: (134.14, 40.27)
[M::mem_pestat] low and high boundaries for proper pairs: (1, 321)
[M::mem_pestat] skip orientation RF as there are not enough pairs
[M::mem_pestat] skip orientation RR as there are not enough pairs
[M::mem_process_seqs] Processed 204114 reads in 6.486 CPU sec, 3.360 real sec
[M::process] read 204126 sequences (20000132 bp)...
[M::mem_pestat] # candidate unique pairs for (FF, FR, RF, RR): (0, 97984, 2, 1)
[M::mem_pestat] skip orientation FF as there are not enough pairs
[M::mem_pestat] analyzing insert size distribution for orientation FR...
[M::mem_pestat] (25, 50, 75) percentile: (105, 127, 159)
[M::mem_pestat] low and high boundaries for computing mean and std.dev: (1, 267)
[M::mem_pestat] mean and std.dev: (134.03, 40.26)
[M::mem_pestat] low and high boundaries for proper pairs: (1, 321)
[M::mem_pestat] skip orientation RF as there are not enough pairs
[M::mem_pestat] skip orientation RR as there are not enough pairs
[M::mem_process_seqs] Processed 204110 reads in 6.423 CPU sec, 3.314 real sec
[M::process] read 204578 sequences (20000108 bp)...
[M::mem_pestat] # candidate unique pairs for (FF, FR, RF, RR): (2, 97848, 3, 1)
[M::mem_pestat] skip orientation FF as there are not enough pairs
[M::mem_pestat] analyzing insert size distribution for orientation FR...
[M::mem_pestat] (25, 50, 75) percentile: (105, 127, 159)
[M::mem_pestat] low and high boundaries for computing mean and std.dev: (1, 267)
[M::mem_pestat] mean and std.dev: (133.99, 40.23)
[M::mem_pestat] low and high boundaries for proper pairs: (1, 321)
[M::mem_pestat] skip orientation RF as there are not enough pairs
[M::mem_pestat] skip orientation RR as there are not enough pairs
[M::mem_process_seqs] Processed 204126 reads in 6.250 CPU sec, 3.239 real sec
[M::process] read 204078 sequences (20000092 bp)...
[M::mem_pestat] # candidate unique pairs for (FF, FR, RF, RR): (0, 98078, 8, 2)
[M::mem_pestat] skip orientation FF as there are not enough pairs
[M::mem_pestat] analyzing insert size distribution for orientation FR...
[M::mem_pestat] (25, 50, 75) percentile: (105, 126, 159)
[M::mem_pestat] low and high boundaries for computing mean and std.dev: (1, 267)
[M::mem_pestat] mean and std.dev: (133.66, 40.01)
[M::mem_pestat] low and high boundaries for proper pairs: (1, 321)
[M::mem_pestat] skip orientation RF as there are not enough pairs
[M::mem_pestat] skip orientation RR as there are not enough pairs
[M::mem_process_seqs] Processed 204578 reads in 6.233 CPU sec, 3.226 real sec
[M::process] read 204294 sequences (20000160 bp)...
[M::mem_pestat] # candidate unique pairs for (FF, FR, RF, RR): (2, 97913, 3, 0)
[M::mem_pestat] skip orientation FF as there are not enough pairs
[M::mem_pestat] analyzing insert size distribution for orientation FR...
[M::mem_pestat] (25, 50, 75) percentile: (105, 127, 159)
[M::mem_pestat] low and high boundaries for computing mean and std.dev: (1, 267)
[M::mem_pestat] mean and std.dev: (134.03, 40.05)
[M::mem_pestat] low and high boundaries for proper pairs: (1, 321)
[M::mem_pestat] skip orientation RF as there are not enough pairs
[M::mem_pestat] skip orientation RR as there are not enough pairs
[M::mem_process_seqs] Processed 204078 reads in 6.231 CPU sec, 3.222 real sec
[M::process] read 204424 sequences (20000041 bp)...
[M::mem_pestat] # candidate unique pairs for (FF, FR, RF, RR): (0, 97819, 3, 2)
[M::mem_pestat] skip orientation FF as there are not enough pairs
[M::mem_pestat] analyzing insert size distribution for orientation FR...
[M::mem_pestat] (25, 50, 75) percentile: (105, 127, 159)
[M::mem_pestat] low and high boundaries for computing mean and std.dev: (1, 267)
[M::mem_pestat] mean and std.dev: (133.83, 40.05)
[M::mem_pestat] low and high boundaries for proper pairs: (1, 321)
[M::mem_pestat] skip orientation RF as there are not enough pairs
[M::mem_pestat] skip orientation RR as there are not enough pairs
[M::mem_process_seqs] Processed 204294 reads in 6.252 CPU sec, 3.248 real sec
[M::process] read 204384 sequences (20000176 bp)...
[M::mem_pestat] # candidate unique pairs for (FF, FR, RF, RR): (1, 97995, 3, 1)
[M::mem_pestat] skip orientation FF as there are not enough pairs
[M::mem_pestat] analyzing insert size distribution for orientation FR...
[M::mem_pestat] (25, 50, 75) percentile: (105, 127, 159)
[M::mem_pestat] low and high boundaries for computing mean and std.dev: (1, 267)
[M::mem_pestat] mean and std.dev: (133.83, 40.35)
[M::mem_pestat] low and high boundaries for proper pairs: (1, 321)
[M::mem_pestat] skip orientation RF as there are not enough pairs
[M::mem_pestat] skip orientation RR as there are not enough pairs
[M::mem_process_seqs] Processed 204424 reads in 6.393 CPU sec, 3.304 real sec
[M::process] read 204426 sequences (20000072 bp)...
[M::mem_pestat] # candidate unique pairs for (FF, FR, RF, RR): (1, 97936, 5, 0)
[M::mem_pestat] skip orientation FF as there are not enough pairs
[M::mem_pestat] analyzing insert size distribution for orientation FR...
[M::mem_pestat] (25, 50, 75) percentile: (105, 127, 158)
[M::mem_pestat] low and high boundaries for computing mean and std.dev: (1, 264)
[M::mem_pestat] mean and std.dev: (133.49, 39.81)
[M::mem_pestat] low and high boundaries for proper pairs: (1, 317)
[M::mem_pestat] skip orientation RF as there are not enough pairs
[M::mem_pestat] skip orientation RR as there are not enough pairs
[M::mem_process_seqs] Processed 204384 reads in 6.426 CPU sec, 3.326 real sec
[M::process] read 204436 sequences (20000015 bp)...
[M::mem_pestat] # candidate unique pairs for (FF, FR, RF, RR): (1, 98074, 7, 2)
[M::mem_pestat] skip orientation FF as there are not enough pairs
[M::mem_pestat] analyzing insert size distribution for orientation FR...
[M::mem_pestat] (25, 50, 75) percentile: (105, 126, 158)
[M::mem_pestat] low and high boundaries for computing mean and std.dev: (1, 264)
[M::mem_pestat] mean and std.dev: (133.33, 39.77)
[M::mem_pestat] low and high boundaries for proper pairs: (1, 317)
[M::mem_pestat] skip orientation RF as there are not enough pairs
[M::mem_pestat] skip orientation RR as there are not enough pairs
[M::mem_process_seqs] Processed 204426 reads in 6.365 CPU sec, 3.281 real sec
[M::process] read 204412 sequences (20000135 bp)...
[M::mem_pestat] # candidate unique pairs for (FF, FR, RF, RR): (1, 98075, 8, 2)
[M::mem_pestat] skip orientation FF as there are not enough pairs
[M::mem_pestat] analyzing insert size distribution for orientation FR...
[M::mem_pestat] (25, 50, 75) percentile: (105, 126, 158)
[M::mem_pestat] low and high boundaries for computing mean and std.dev: (1, 264)
[M::mem_pestat] mean and std.dev: (133.48, 39.90)
[M::mem_pestat] low and high boundaries for proper pairs: (1, 317)
[M::mem_pestat] skip orientation RF as there are not enough pairs
[M::mem_pestat] skip orientation RR as there are not enough pairs
[M::mem_process_seqs] Processed 204436 reads in 6.393 CPU sec, 3.309 real sec
[M::process] read 204526 sequences (20000188 bp)...
[M::mem_pestat] # candidate unique pairs for (FF, FR, RF, RR): (0, 98115, 2, 3)
[M::mem_pestat] skip orientation FF as there are not enough pairs
[M::mem_pestat] analyzing insert size distribution for orientation FR...
[M::mem_pestat] (25, 50, 75) percentile: (105, 126, 158)
[M::mem_pestat] low and high boundaries for computing mean and std.dev: (1, 264)
[M::mem_pestat] mean and std.dev: (133.34, 39.86)
[M::mem_pestat] low and high boundaries for proper pairs: (1, 317)
[M::mem_pestat] skip orientation RF as there are not enough pairs
[M::mem_pestat] skip orientation RR as there are not enough pairs
[M::mem_process_seqs] Processed 204412 reads in 6.317 CPU sec, 3.257 real sec
[M::mem_pestat] # candidate unique pairs for (FF, FR, RF, RR): (0, 98081, 5, 2)
[M::mem_pestat] skip orientation FF as there are not enough pairs
[M::mem_pestat] analyzing insert size distribution for orientation FR...
[M::mem_pestat] (25, 50, 75) percentile: (105, 127, 159)
[M::mem_pestat] low and high boundaries for computing mean and std.dev: (1, 267)
[M::mem_pestat] mean and std.dev: (133.84, 40.22)
[M::mem_pestat] low and high boundaries for proper pairs: (1, 321)
[M::mem_pestat] skip orientation RF as there are not enough pairs
[M::mem_pestat] skip orientation RR as there are not enough pairs
[M::mem_process_seqs] Processed 204526 reads in 6.384 CPU sec, 6.172 real sec
[M::process] read 204566 sequences (20000110 bp)...
[M::process] read 204598 sequences (20000016 bp)...
[M::mem_pestat] # candidate unique pairs for (FF, FR, RF, RR): (1, 98009, 7, 2)
[M::mem_pestat] skip orientation FF as there are not enough pairs
[M::mem_pestat] analyzing insert size distribution for orientation FR...
[M::mem_pestat] (25, 50, 75) percentile: (105, 126, 158)
[M::mem_pestat] low and high boundaries for computing mean and std.dev: (1, 264)
[M::mem_pestat] mean and std.dev: (133.24, 39.44)
[M::mem_pestat] low and high boundaries for proper pairs: (1, 317)
[M::mem_pestat] skip orientation RF as there are not enough pairs
[M::mem_pestat] skip orientation RR as there are not enough pairs
[M::mem_process_seqs] Processed 204566 reads in 6.354 CPU sec, 3.222 real sec
[M::process] read 204768 sequences (20000196 bp)...
[M::mem_pestat] # candidate unique pairs for (FF, FR, RF, RR): (1, 98103, 5, 1)
[M::mem_pestat] skip orientation FF as there are not enough pairs
[M::mem_pestat] analyzing insert size distribution for orientation FR...
[M::mem_pestat] (25, 50, 75) percentile: (105, 126, 158)
[M::mem_pestat] low and high boundaries for computing mean and std.dev: (1, 264)
[M::mem_pestat] mean and std.dev: (133.29, 39.72)
[M::mem_pestat] low and high boundaries for proper pairs: (1, 317)
[M::mem_pestat] skip orientation RF as there are not enough pairs
[M::mem_pestat] skip orientation RR as there are not enough pairs
[M::mem_process_seqs] Processed 204598 reads in 6.454 CPU sec, 3.337 real sec
[M::process] read 204754 sequences (20000044 bp)...
[M::mem_pestat] # candidate unique pairs for (FF, FR, RF, RR): (1, 98049, 5, 0)
[M::mem_pestat] skip orientation FF as there are not enough pairs
[M::mem_pestat] analyzing insert size distribution for orientation FR...
[M::mem_pestat] (25, 50, 75) percentile: (105, 126, 158)
[M::mem_pestat] low and high boundaries for computing mean and std.dev: (1, 264)
[M::mem_pestat] mean and std.dev: (133.33, 39.73)
[M::mem_pestat] low and high boundaries for proper pairs: (1, 317)
[M::mem_pestat] skip orientation RF as there are not enough pairs
[M::mem_pestat] skip orientation RR as there are not enough pairs
[M::mem_process_seqs] Processed 204768 reads in 6.529 CPU sec, 3.364 real sec
[M::process] read 204950 sequences (20000132 bp)...
[M::mem_pestat] # candidate unique pairs for (FF, FR, RF, RR): (1, 98222, 4, 1)
[M::mem_pestat] skip orientation FF as there are not enough pairs
[M::mem_pestat] analyzing insert size distribution for orientation FR...
[M::mem_pestat] (25, 50, 75) percentile: (105, 126, 158)
[M::mem_pestat] low and high boundaries for computing mean and std.dev: (1, 264)
[M::mem_pestat] mean and std.dev: (133.38, 39.42)
[M::mem_pestat] low and high boundaries for proper pairs: (1, 317)
[M::mem_pestat] skip orientation RF as there are not enough pairs
[M::mem_pestat] skip orientation RR as there are not enough pairs
[M::mem_process_seqs] Processed 204754 reads in 6.389 CPU sec, 3.307 real sec
[M::process] read 204726 sequences (20000010 bp)...
[M::mem_pestat] # candidate unique pairs for (FF, FR, RF, RR): (1, 98121, 9, 0)
[M::mem_pestat] skip orientation FF as there are not enough pairs
[M::mem_pestat] analyzing insert size distribution for orientation FR...
[M::mem_pestat] (25, 50, 75) percentile: (105, 126, 158)
[M::mem_pestat] low and high boundaries for computing mean and std.dev: (1, 264)
[M::mem_pestat] mean and std.dev: (133.26, 39.58)
[M::mem_pestat] low and high boundaries for proper pairs: (1, 317)
[M::mem_pestat] skip orientation RF as there are not enough pairs
[M::mem_pestat] skip orientation RR as there are not enough pairs
[M::mem_process_seqs] Processed 204950 reads in 6.346 CPU sec, 3.275 real sec
[M::process] read 205114 sequences (20000134 bp)...
[M::mem_pestat] # candidate unique pairs for (FF, FR, RF, RR): (0, 98152, 3, 1)
[M::mem_pestat] skip orientation FF as there are not enough pairs
[M::mem_pestat] analyzing insert size distribution for orientation FR...
[M::mem_pestat] (25, 50, 75) percentile: (105, 126, 158)
[M::mem_pestat] low and high boundaries for computing mean and std.dev: (1, 264)
[M::mem_pestat] mean and std.dev: (133.14, 39.42)
[M::mem_pestat] low and high boundaries for proper pairs: (1, 317)
[M::mem_pestat] skip orientation RF as there are not enough pairs
[M::mem_pestat] skip orientation RR as there are not enough pairs
[M::mem_process_seqs] Processed 204726 reads in 6.357 CPU sec, 3.282 real sec
[M::process] read 204902 sequences (20000121 bp)...
[M::mem_pestat] # candidate unique pairs for (FF, FR, RF, RR): (2, 98335, 1, 1)
[M::mem_pestat] skip orientation FF as there are not enough pairs
[M::mem_pestat] analyzing insert size distribution for orientation FR...
[M::mem_pestat] (25, 50, 75) percentile: (105, 126, 158)
[M::mem_pestat] low and high boundaries for computing mean and std.dev: (1, 264)
[M::mem_pestat] mean and std.dev: (133.00, 39.55)
[M::mem_pestat] low and high boundaries for proper pairs: (1, 317)
[M::mem_pestat] skip orientation RF as there are not enough pairs
[M::mem_pestat] skip orientation RR as there are not enough pairs
[M::mem_process_seqs] Processed 205114 reads in 6.344 CPU sec, 3.282 real sec
[M::process] read 207266 sequences (20000054 bp)...
[M::mem_pestat] # candidate unique pairs for (FF, FR, RF, RR): (4, 98351, 3, 0)
[M::mem_pestat] skip orientation FF as there are not enough pairs
[M::mem_pestat] analyzing insert size distribution for orientation FR...
[M::mem_pestat] (25, 50, 75) percentile: (105, 126, 158)
[M::mem_pestat] low and high boundaries for computing mean and std.dev: (1, 264)
[M::mem_pestat] mean and std.dev: (133.40, 39.70)
[M::mem_pestat] low and high boundaries for proper pairs: (1, 317)
[M::mem_pestat] skip orientation RF as there are not enough pairs
[M::mem_pestat] skip orientation RR as there are not enough pairs
[M::mem_process_seqs] Processed 204902 reads in 6.316 CPU sec, 3.265 real sec
[M::process] read 206724 sequences (20000121 bp)...
[M::mem_pestat] # candidate unique pairs for (FF, FR, RF, RR): (1, 99217, 7, 2)
[M::mem_pestat] skip orientation FF as there are not enough pairs
[M::mem_pestat] analyzing insert size distribution for orientation FR...
[M::mem_pestat] (25, 50, 75) percentile: (105, 126, 157)
[M::mem_pestat] low and high boundaries for computing mean and std.dev: (1, 261)
[M::mem_pestat] mean and std.dev: (132.80, 39.02)
[M::mem_pestat] low and high boundaries for proper pairs: (1, 313)
[M::mem_pestat] skip orientation RF as there are not enough pairs
[M::mem_pestat] skip orientation RR as there are not enough pairs
[M::mem_process_seqs] Processed 207266 reads in 6.435 CPU sec, 3.340 real sec
[M::process] read 205624 sequences (20000008 bp)...
[M::mem_pestat] # candidate unique pairs for (FF, FR, RF, RR): (1, 98965, 8, 1)
[M::mem_pestat] skip orientation FF as there are not enough pairs
[M::mem_pestat] analyzing insert size distribution for orientation FR...
[M::mem_pestat] (25, 50, 75) percentile: (105, 126, 158)
[M::mem_pestat] low and high boundaries for computing mean and std.dev: (1, 264)
[M::mem_pestat] mean and std.dev: (133.27, 39.60)
[M::mem_pestat] low and high boundaries for proper pairs: (1, 317)
[M::mem_pestat] skip orientation RF as there are not enough pairs
[M::mem_pestat] skip orientation RR as there are not enough pairs
[M::mem_process_seqs] Processed 206724 reads in 6.286 CPU sec, 3.245 real sec
[M::process] read 205754 sequences (20000144 bp)...
[M::mem_pestat] # candidate unique pairs for (FF, FR, RF, RR): (4, 98529, 5, 1)
[M::mem_pestat] skip orientation FF as there are not enough pairs
[M::mem_pestat] analyzing insert size distribution for orientation FR...
[M::mem_pestat] (25, 50, 75) percentile: (105, 126, 157)
[M::mem_pestat] low and high boundaries for computing mean and std.dev: (1, 261)
[M::mem_pestat] mean and std.dev: (132.99, 39.37)
[M::mem_pestat] low and high boundaries for proper pairs: (1, 313)
[M::mem_pestat] skip orientation RF as there are not enough pairs
[M::mem_pestat] skip orientation RR as there are not enough pairs
[M::mem_process_seqs] Processed 205624 reads in 6.274 CPU sec, 3.235 real sec
[M::process] read 205324 sequences (20000013 bp)...
[M::mem_pestat] # candidate unique pairs for (FF, FR, RF, RR): (2, 98510, 3, 0)
[M::mem_pestat] skip orientation FF as there are not enough pairs
[M::mem_pestat] analyzing insert size distribution for orientation FR...
[M::mem_pestat] (25, 50, 75) percentile: (105, 126, 157)
[M::mem_pestat] low and high boundaries for computing mean and std.dev: (1, 261)
[M::mem_pestat] mean and std.dev: (132.87, 39.04)
[M::mem_pestat] low and high boundaries for proper pairs: (1, 313)
[M::mem_pestat] skip orientation RF as there are not enough pairs
[M::mem_pestat] skip orientation RR as there are not enough pairs
[M::mem_process_seqs] Processed 205754 reads in 6.347 CPU sec, 3.280 real sec
[M::process] read 203758 sequences (20000065 bp)...
[M::mem_pestat] # candidate unique pairs for (FF, FR, RF, RR): (1, 98497, 5, 3)
[M::mem_pestat] skip orientation FF as there are not enough pairs
[M::mem_pestat] analyzing insert size distribution for orientation FR...
[M::mem_pestat] (25, 50, 75) percentile: (105, 126, 157)
[M::mem_pestat] low and high boundaries for computing mean and std.dev: (1, 261)
[M::mem_pestat] mean and std.dev: (132.76, 39.05)
[M::mem_pestat] low and high boundaries for proper pairs: (1, 313)
[M::mem_pestat] skip orientation RF as there are not enough pairs
[M::mem_pestat] skip orientation RR as there are not enough pairs
[M::mem_process_seqs] Processed 205324 reads in 6.302 CPU sec, 3.259 real sec
[M::process] read 203742 sequences (20000081 bp)...
[M::mem_pestat] # candidate unique pairs for (FF, FR, RF, RR): (1, 97776, 4, 1)
[M::mem_pestat] skip orientation FF as there are not enough pairs
[M::mem_pestat] analyzing insert size distribution for orientation FR...
[M::mem_pestat] (25, 50, 75) percentile: (105, 127, 159)
[M::mem_pestat] low and high boundaries for computing mean and std.dev: (1, 267)
[M::mem_pestat] mean and std.dev: (134.16, 40.16)
[M::mem_pestat] low and high boundaries for proper pairs: (1, 321)
[M::mem_pestat] skip orientation RF as there are not enough pairs
[M::mem_pestat] skip orientation RR as there are not enough pairs
[M::mem_process_seqs] Processed 203758 reads in 6.258 CPU sec, 3.241 real sec
[M::process] read 204246 sequences (20000083 bp)...
[M::mem_pestat] # candidate unique pairs for (FF, FR, RF, RR): (2, 97917, 7, 1)
[M::mem_pestat] skip orientation FF as there are not enough pairs
[M::mem_pestat] analyzing insert size distribution for orientation FR...
[M::mem_pestat] (25, 50, 75) percentile: (106, 127, 159)
[M::mem_pestat] low and high boundaries for computing mean and std.dev: (1, 265)
[M::mem_pestat] mean and std.dev: (134.17, 39.91)
[M::mem_pestat] low and high boundaries for proper pairs: (1, 318)
[M::mem_pestat] skip orientation RF as there are not enough pairs
[M::mem_pestat] skip orientation RR as there are not enough pairs
[M::mem_process_seqs] Processed 203742 reads in 6.180 CPU sec, 3.190 real sec
[M::process] read 203928 sequences (20000138 bp)...
[M::mem_pestat] # candidate unique pairs for (FF, FR, RF, RR): (1, 97973, 3, 2)
[M::mem_pestat] skip orientation FF as there are not enough pairs
[M::mem_pestat] analyzing insert size distribution for orientation FR...
[M::mem_pestat] (25, 50, 75) percentile: (105, 127, 159)
[M::mem_pestat] low and high boundaries for computing mean and std.dev: (1, 267)
[M::mem_pestat] mean and std.dev: (134.11, 40.12)
[M::mem_pestat] low and high boundaries for proper pairs: (1, 321)
[M::mem_pestat] skip orientation RF as there are not enough pairs
[M::mem_pestat] skip orientation RR as there are not enough pairs
[M::mem_process_seqs] Processed 204246 reads in 6.189 CPU sec, 3.200 real sec
[M::process] read 203838 sequences (20000042 bp)...
[M::mem_pestat] # candidate unique pairs for (FF, FR, RF, RR): (0, 97828, 5, 2)
[M::mem_pestat] skip orientation FF as there are not enough pairs
[M::mem_pestat] analyzing insert size distribution for orientation FR...
[M::mem_pestat] (25, 50, 75) percentile: (105, 127, 159)
[M::mem_pestat] low and high boundaries for computing mean and std.dev: (1, 267)
[M::mem_pestat] mean and std.dev: (134.09, 40.15)
[M::mem_pestat] low and high boundaries for proper pairs: (1, 321)
[M::mem_pestat] skip orientation RF as there are not enough pairs
[M::mem_pestat] skip orientation RR as there are not enough pairs
[M::mem_process_seqs] Processed 203928 reads in 6.720 CPU sec, 3.490 real sec
[M::process] read 203734 sequences (20000029 bp)...
[M::mem_pestat] # candidate unique pairs for (FF, FR, RF, RR): (2, 97820, 1, 2)
[M::mem_pestat] skip orientation FF as there are not enough pairs
[M::mem_pestat] analyzing insert size distribution for orientation FR...
[M::mem_pestat] (25, 50, 75) percentile: (105, 127, 159)
[M::mem_pestat] low and high boundaries for computing mean and std.dev: (1, 267)
[M::mem_pestat] mean and std.dev: (134.24, 40.03)
[M::mem_pestat] low and high boundaries for proper pairs: (1, 321)
[M::mem_pestat] skip orientation RF as there are not enough pairs
[M::mem_pestat] skip orientation RR as there are not enough pairs
[M::mem_process_seqs] Processed 203838 reads in 6.260 CPU sec, 3.244 real sec
[M::process] read 203756 sequences (20000193 bp)...
[M::mem_pestat] # candidate unique pairs for (FF, FR, RF, RR): (0, 97809, 4, 2)
[M::mem_pestat] skip orientation FF as there are not enough pairs
[M::mem_pestat] analyzing insert size distribution for orientation FR...
[M::mem_pestat] (25, 50, 75) percentile: (106, 127, 159)
[M::mem_pestat] low and high boundaries for computing mean and std.dev: (1, 265)
[M::mem_pestat] mean and std.dev: (134.09, 39.76)
[M::mem_pestat] low and high boundaries for proper pairs: (1, 318)
[M::mem_pestat] skip orientation RF as there are not enough pairs
[M::mem_pestat] skip orientation RR as there are not enough pairs
[M::mem_process_seqs] Processed 203734 reads in 6.239 CPU sec, 3.220 real sec
[M::process] read 203856 sequences (20000060 bp)...
[M::mem_pestat] # candidate unique pairs for (FF, FR, RF, RR): (1, 97698, 3, 0)
[M::mem_pestat] skip orientation FF as there are not enough pairs
[M::mem_pestat] analyzing insert size distribution for orientation FR...
[M::mem_pestat] (25, 50, 75) percentile: (106, 127, 159)
[M::mem_pestat] low and high boundaries for computing mean and std.dev: (1, 265)
[M::mem_pestat] mean and std.dev: (134.24, 39.94)
[M::mem_pestat] low and high boundaries for proper pairs: (1, 318)
[M::mem_pestat] skip orientation RF as there are not enough pairs
[M::mem_pestat] skip orientation RR as there are not enough pairs
[M::mem_process_seqs] Processed 203756 reads in 6.843 CPU sec, 3.524 real sec
[M::process] read 204200 sequences (20000174 bp)...
[M::mem_pestat] # candidate unique pairs for (FF, FR, RF, RR): (0, 97725, 4, 2)
[M::mem_pestat] skip orientation FF as there are not enough pairs
[M::mem_pestat] analyzing insert size distribution for orientation FR...
[M::mem_pestat] (25, 50, 75) percentile: (105, 127, 159)
[M::mem_pestat] low and high boundaries for computing mean and std.dev: (1, 267)
[M::mem_pestat] mean and std.dev: (134.30, 40.35)
[M::mem_pestat] low and high boundaries for proper pairs: (1, 321)
[M::mem_pestat] skip orientation RF as there are not enough pairs
[M::mem_pestat] skip orientation RR as there are not enough pairs
[M::mem_process_seqs] Processed 203856 reads in 6.563 CPU sec, 3.383 real sec
[M::process] read 204026 sequences (20000028 bp)...
[M::mem_pestat] # candidate unique pairs for (FF, FR, RF, RR): (0, 97899, 3, 1)
[M::mem_pestat] skip orientation FF as there are not enough pairs
[M::mem_pestat] analyzing insert size distribution for orientation FR...
[M::mem_pestat] (25, 50, 75) percentile: (105, 127, 159)
[M::mem_pestat] low and high boundaries for computing mean and std.dev: (1, 267)
[M::mem_pestat] mean and std.dev: (134.32, 40.31)
[M::mem_pestat] low and high boundaries for proper pairs: (1, 321)
[M::mem_pestat] skip orientation RF as there are not enough pairs
[M::mem_pestat] skip orientation RR as there are not enough pairs
[M::mem_process_seqs] Processed 204200 reads in 6.626 CPU sec, 3.421 real sec
[M::process] read 204100 sequences (20000122 bp)...
[M::mem_pestat] # candidate unique pairs for (FF, FR, RF, RR): (1, 97942, 6, 1)
[M::mem_pestat] skip orientation FF as there are not enough pairs
[M::mem_pestat] analyzing insert size distribution for orientation FR...
[M::mem_pestat] (25, 50, 75) percentile: (105, 127, 159)
[M::mem_pestat] low and high boundaries for computing mean and std.dev: (1, 267)
[M::mem_pestat] mean and std.dev: (133.90, 40.05)
[M::mem_pestat] low and high boundaries for proper pairs: (1, 321)
[M::mem_pestat] skip orientation RF as there are not enough pairs
[M::mem_pestat] skip orientation RR as there are not enough pairs
[M::mem_process_seqs] Processed 204026 reads in 6.110 CPU sec, 3.157 real sec
[M::process] read 203954 sequences (20000163 bp)...
[M::mem_pestat] # candidate unique pairs for (FF, FR, RF, RR): (2, 97831, 5, 2)
[M::mem_pestat] skip orientation FF as there are not enough pairs
[M::mem_pestat] analyzing insert size distribution for orientation FR...
[M::mem_pestat] (25, 50, 75) percentile: (105, 127, 159)
[M::mem_pestat] low and high boundaries for computing mean and std.dev: (1, 267)
[M::mem_pestat] mean and std.dev: (133.91, 40.15)
[M::mem_pestat] low and high boundaries for proper pairs: (1, 321)
[M::mem_pestat] skip orientation RF as there are not enough pairs
[M::mem_pestat] skip orientation RR as there are not enough pairs
[M::mem_process_seqs] Processed 204100 reads in 6.140 CPU sec, 3.190 real sec
[M::process] read 204174 sequences (20000039 bp)...
[M::mem_pestat] # candidate unique pairs for (FF, FR, RF, RR): (0, 97826, 1, 1)
[M::mem_pestat] skip orientation FF as there are not enough pairs
[M::mem_pestat] analyzing insert size distribution for orientation FR...
[M::mem_pestat] (25, 50, 75) percentile: (105, 127, 159)
[M::mem_pestat] low and high boundaries for computing mean and std.dev: (1, 267)
[M::mem_pestat] mean and std.dev: (134.11, 40.11)
[M::mem_pestat] low and high boundaries for proper pairs: (1, 321)
[M::mem_pestat] skip orientation RF as there are not enough pairs
[M::mem_pestat] skip orientation RR as there are not enough pairs
[M::mem_process_seqs] Processed 203954 reads in 6.051 CPU sec, 3.120 real sec
[M::process] read 204120 sequences (20000177 bp)...
[M::mem_pestat] # candidate unique pairs for (FF, FR, RF, RR): (1, 97895, 4, 1)
[M::mem_pestat] skip orientation FF as there are not enough pairs
[M::mem_pestat] analyzing insert size distribution for orientation FR...
[M::mem_pestat] (25, 50, 75) percentile: (105, 127, 159)
[M::mem_pestat] low and high boundaries for computing mean and std.dev: (1, 267)
[M::mem_pestat] mean and std.dev: (133.98, 40.35)
[M::mem_pestat] low and high boundaries for proper pairs: (1, 321)
[M::mem_pestat] skip orientation RF as there are not enough pairs
[M::mem_pestat] skip orientation RR as there are not enough pairs
[M::mem_process_seqs] Processed 204174 reads in 6.197 CPU sec, 3.240 real sec
[M::process] read 204262 sequences (20000048 bp)...
[M::mem_pestat] # candidate unique pairs for (FF, FR, RF, RR): (1, 97827, 6, 3)
[M::mem_pestat] skip orientation FF as there are not enough pairs
[M::mem_pestat] analyzing insert size distribution for orientation FR...
[M::mem_pestat] (25, 50, 75) percentile: (105, 127, 159)
[M::mem_pestat] low and high boundaries for computing mean and std.dev: (1, 267)
[M::mem_pestat] mean and std.dev: (134.07, 40.16)
[M::mem_pestat] low and high boundaries for proper pairs: (1, 321)
[M::mem_pestat] skip orientation RF as there are not enough pairs
[M::mem_pestat] skip orientation RR as there are not enough pairs
[M::mem_process_seqs] Processed 204120 reads in 6.126 CPU sec, 3.161 real sec
[M::mem_pestat] # candidate unique pairs for (FF, FR, RF, RR): (2, 97955, 5, 2)
[M::mem_pestat] skip orientation FF as there are not enough pairs
[M::mem_pestat] analyzing insert size distribution for orientation FR...
[M::mem_pestat] (25, 50, 75) percentile: (105, 127, 159)
[M::mem_pestat] low and high boundaries for computing mean and std.dev: (1, 267)
[M::mem_pestat] mean and std.dev: (133.93, 40.18)
[M::mem_pestat] low and high boundaries for proper pairs: (1, 321)
[M::mem_pestat] skip orientation RF as there are not enough pairs
[M::mem_pestat] skip orientation RR as there are not enough pairs
[M::mem_process_seqs] Processed 204262 reads in 6.064 CPU sec, 5.841 real sec
[M::process] read 204290 sequences (20000119 bp)...
[M::process] read 204460 sequences (20000141 bp)...
[M::mem_pestat] # candidate unique pairs for (FF, FR, RF, RR): (2, 98045, 6, 0)
[M::mem_pestat] skip orientation FF as there are not enough pairs
[M::mem_pestat] analyzing insert size distribution for orientation FR...
[M::mem_pestat] (25, 50, 75) percentile: (105, 126, 159)
[M::mem_pestat] low and high boundaries for computing mean and std.dev: (1, 267)
[M::mem_pestat] mean and std.dev: (133.62, 40.09)
[M::mem_pestat] low and high boundaries for proper pairs: (1, 321)
[M::mem_pestat] skip orientation RF as there are not enough pairs
[M::mem_pestat] skip orientation RR as there are not enough pairs
[M::mem_process_seqs] Processed 204290 reads in 6.152 CPU sec, 3.128 real sec
[M::process] read 204232 sequences (20000132 bp)...
[M::mem_pestat] # candidate unique pairs for (FF, FR, RF, RR): (3, 97969, 4, 0)
[M::mem_pestat] skip orientation FF as there are not enough pairs
[M::mem_pestat] analyzing insert size distribution for orientation FR...
[M::mem_pestat] (25, 50, 75) percentile: (105, 126, 159)
[M::mem_pestat] low and high boundaries for computing mean and std.dev: (1, 267)
[M::mem_pestat] mean and std.dev: (133.62, 40.18)
[M::mem_pestat] low and high boundaries for proper pairs: (1, 321)
[M::mem_pestat] skip orientation RF as there are not enough pairs
[M::mem_pestat] skip orientation RR as there are not enough pairs
[M::mem_process_seqs] Processed 204460 reads in 6.159 CPU sec, 3.180 real sec
[M::process] read 204476 sequences (20000186 bp)...
[M::mem_pestat] # candidate unique pairs for (FF, FR, RF, RR): (1, 97993, 3, 1)
[M::mem_pestat] skip orientation FF as there are not enough pairs
[M::mem_pestat] analyzing insert size distribution for orientation FR...
[M::mem_pestat] (25, 50, 75) percentile: (105, 127, 159)
[M::mem_pestat] low and high boundaries for computing mean and std.dev: (1, 267)
[M::mem_pestat] mean and std.dev: (133.83, 40.09)
[M::mem_pestat] low and high boundaries for proper pairs: (1, 321)
[M::mem_pestat] skip orientation RF as there are not enough pairs
[M::mem_pestat] skip orientation RR as there are not enough pairs
[M::mem_process_seqs] Processed 204232 reads in 6.440 CPU sec, 3.339 real sec
[M::process] read 204402 sequences (20000058 bp)...
[M::mem_pestat] # candidate unique pairs for (FF, FR, RF, RR): (2, 98003, 2, 3)
[M::mem_pestat] skip orientation FF as there are not enough pairs
[M::mem_pestat] analyzing insert size distribution for orientation FR...
[M::mem_pestat] (25, 50, 75) percentile: (105, 126, 158)
[M::mem_pestat] low and high boundaries for computing mean and std.dev: (1, 264)
[M::mem_pestat] mean and std.dev: (133.52, 39.80)
[M::mem_pestat] low and high boundaries for proper pairs: (1, 317)
[M::mem_pestat] skip orientation RF as there are not enough pairs
[M::mem_pestat] skip orientation RR as there are not enough pairs
[M::mem_process_seqs] Processed 204476 reads in 6.347 CPU sec, 3.311 real sec
[M::process] read 204344 sequences (20000032 bp)...
[M::mem_pestat] # candidate unique pairs for (FF, FR, RF, RR): (1, 98006, 2, 2)
[M::mem_pestat] skip orientation FF as there are not enough pairs
[M::mem_pestat] analyzing insert size distribution for orientation FR...
[M::mem_pestat] (25, 50, 75) percentile: (105, 127, 159)
[M::mem_pestat] low and high boundaries for computing mean and std.dev: (1, 267)
[M::mem_pestat] mean and std.dev: (133.84, 40.17)
[M::mem_pestat] low and high boundaries for proper pairs: (1, 321)
[M::mem_pestat] skip orientation RF as there are not enough pairs
[M::mem_pestat] skip orientation RR as there are not enough pairs
[M::mem_process_seqs] Processed 204402 reads in 6.472 CPU sec, 3.332 real sec
[M::process] read 204322 sequences (20000012 bp)...
[M::mem_pestat] # candidate unique pairs for (FF, FR, RF, RR): (2, 98062, 5, 3)
[M::mem_pestat] skip orientation FF as there are not enough pairs
[M::mem_pestat] analyzing insert size distribution for orientation FR...
[M::mem_pestat] (25, 50, 75) percentile: (105, 126, 158)
[M::mem_pestat] low and high boundaries for computing mean and std.dev: (1, 264)
[M::mem_pestat] mean and std.dev: (133.18, 39.67)
[M::mem_pestat] low and high boundaries for proper pairs: (1, 317)
[M::mem_pestat] skip orientation RF as there are not enough pairs
[M::mem_pestat] skip orientation RR as there are not enough pairs
[M::mem_process_seqs] Processed 204344 reads in 6.367 CPU sec, 3.295 real sec
[M::process] read 204602 sequences (20000003 bp)...
[M::mem_pestat] # candidate unique pairs for (FF, FR, RF, RR): (2, 97979, 5, 1)
[M::mem_pestat] skip orientation FF as there are not enough pairs
[M::mem_pestat] analyzing insert size distribution for orientation FR...
[M::mem_pestat] (25, 50, 75) percentile: (105, 126, 158)
[M::mem_pestat] low and high boundaries for computing mean and std.dev: (1, 264)
[M::mem_pestat] mean and std.dev: (133.34, 39.69)
[M::mem_pestat] low and high boundaries for proper pairs: (1, 317)
[M::mem_pestat] skip orientation RF as there are not enough pairs
[M::mem_pestat] skip orientation RR as there are not enough pairs
[M::mem_process_seqs] Processed 204322 reads in 6.286 CPU sec, 3.248 real sec
[M::process] read 204612 sequences (20000187 bp)...
[M::mem_pestat] # candidate unique pairs for (FF, FR, RF, RR): (0, 98160, 4, 2)
[M::mem_pestat] skip orientation FF as there are not enough pairs
[M::mem_pestat] analyzing insert size distribution for orientation FR...
[M::mem_pestat] (25, 50, 75) percentile: (105, 126, 158)
[M::mem_pestat] low and high boundaries for computing mean and std.dev: (1, 264)
[M::mem_pestat] mean and std.dev: (133.38, 39.77)
[M::mem_pestat] low and high boundaries for proper pairs: (1, 317)
[M::mem_pestat] skip orientation RF as there are not enough pairs
[M::mem_pestat] skip orientation RR as there are not enough pairs
[M::mem_process_seqs] Processed 204602 reads in 6.169 CPU sec, 3.184 real sec
[M::process] read 204692 sequences (20000055 bp)...
[M::mem_pestat] # candidate unique pairs for (FF, FR, RF, RR): (0, 98023, 1, 1)
[M::mem_pestat] skip orientation FF as there are not enough pairs
[M::mem_pestat] analyzing insert size distribution for orientation FR...
[M::mem_pestat] (25, 50, 75) percentile: (105, 126, 158)
[M::mem_pestat] low and high boundaries for computing mean and std.dev: (1, 264)
[M::mem_pestat] mean and std.dev: (133.29, 39.59)
[M::mem_pestat] low and high boundaries for proper pairs: (1, 317)
[M::mem_pestat] skip orientation RF as there are not enough pairs
[M::mem_pestat] skip orientation RR as there are not enough pairs
[M::mem_process_seqs] Processed 204612 reads in 6.290 CPU sec, 3.240 real sec
[M::process] read 204714 sequences (20000077 bp)...
[M::mem_pestat] # candidate unique pairs for (FF, FR, RF, RR): (2, 98140, 5, 0)
[M::mem_pestat] skip orientation FF as there are not enough pairs
[M::mem_pestat] analyzing insert size distribution for orientation FR...
[M::mem_pestat] (25, 50, 75) percentile: (105, 126, 158)
[M::mem_pestat] low and high boundaries for computing mean and std.dev: (1, 264)
[M::mem_pestat] mean and std.dev: (133.19, 39.63)
[M::mem_pestat] low and high boundaries for proper pairs: (1, 317)
[M::mem_pestat] skip orientation RF as there are not enough pairs
[M::mem_pestat] skip orientation RR as there are not enough pairs
[M::mem_process_seqs] Processed 204692 reads in 6.208 CPU sec, 3.204 real sec
[M::process] read 204778 sequences (20000123 bp)...
[M::mem_pestat] # candidate unique pairs for (FF, FR, RF, RR): (1, 98174, 6, 2)
[M::mem_pestat] skip orientation FF as there are not enough pairs
[M::mem_pestat] analyzing insert size distribution for orientation FR...
[M::mem_pestat] (25, 50, 75) percentile: (105, 126, 158)
[M::mem_pestat] low and high boundaries for computing mean and std.dev: (1, 264)
[M::mem_pestat] mean and std.dev: (133.18, 39.58)
[M::mem_pestat] low and high boundaries for proper pairs: (1, 317)
[M::mem_pestat] skip orientation RF as there are not enough pairs
[M::mem_pestat] skip orientation RR as there are not enough pairs
[M::mem_process_seqs] Processed 204714 reads in 6.255 CPU sec, 3.224 real sec
[M::process] read 204968 sequences (20000026 bp)...
[M::mem_pestat] # candidate unique pairs for (FF, FR, RF, RR): (1, 98090, 2, 0)
[M::mem_pestat] skip orientation FF as there are not enough pairs
[M::mem_pestat] analyzing insert size distribution for orientation FR...
[M::mem_pestat] (25, 50, 75) percentile: (105, 126, 158)
[M::mem_pestat] low and high boundaries for computing mean and std.dev: (1, 264)
[M::mem_pestat] mean and std.dev: (133.18, 39.55)
[M::mem_pestat] low and high boundaries for proper pairs: (1, 317)
[M::mem_pestat] skip orientation RF as there are not enough pairs
[M::mem_pestat] skip orientation RR as there are not enough pairs
[M::mem_process_seqs] Processed 204778 reads in 6.281 CPU sec, 3.246 real sec
[M::process] read 204826 sequences (20000025 bp)...
[M::mem_pestat] # candidate unique pairs for (FF, FR, RF, RR): (1, 98204, 3, 1)
[M::mem_pestat] skip orientation FF as there are not enough pairs
[M::mem_pestat] analyzing insert size distribution for orientation FR...
[M::mem_pestat] (25, 50, 75) percentile: (105, 126, 157)
[M::mem_pestat] low and high boundaries for computing mean and std.dev: (1, 261)
[M::mem_pestat] mean and std.dev: (132.83, 39.12)
[M::mem_pestat] low and high boundaries for proper pairs: (1, 313)
[M::mem_pestat] skip orientation RF as there are not enough pairs
[M::mem_pestat] skip orientation RR as there are not enough pairs
[M::mem_process_seqs] Processed 204968 reads in 6.245 CPU sec, 3.227 real sec
[M::process] read 206056 sequences (20000047 bp)...
[M::mem_pestat] # candidate unique pairs for (FF, FR, RF, RR): (1, 98230, 4, 2)
[M::mem_pestat] skip orientation FF as there are not enough pairs
[M::mem_pestat] analyzing insert size distribution for orientation FR...
[M::mem_pestat] (25, 50, 75) percentile: (105, 126, 158)
[M::mem_pestat] low and high boundaries for computing mean and std.dev: (1, 264)
[M::mem_pestat] mean and std.dev: (133.17, 39.74)
[M::mem_pestat] low and high boundaries for proper pairs: (1, 317)
[M::mem_pestat] skip orientation RF as there are not enough pairs
[M::mem_pestat] skip orientation RR as there are not enough pairs
[M::mem_process_seqs] Processed 204826 reads in 6.175 CPU sec, 3.187 real sec
[M::process] read 205890 sequences (20000081 bp)...
[M::mem_pestat] # candidate unique pairs for (FF, FR, RF, RR): (0, 98739, 3, 2)
[M::mem_pestat] skip orientation FF as there are not enough pairs
[M::mem_pestat] analyzing insert size distribution for orientation FR...
[M::mem_pestat] (25, 50, 75) percentile: (105, 126, 157)
[M::mem_pestat] low and high boundaries for computing mean and std.dev: (1, 261)
[M::mem_pestat] mean and std.dev: (132.88, 39.09)
[M::mem_pestat] low and high boundaries for proper pairs: (1, 313)
[M::mem_pestat] skip orientation RF as there are not enough pairs
[M::mem_pestat] skip orientation RR as there are not enough pairs
[M::mem_process_seqs] Processed 206056 reads in 6.277 CPU sec, 3.260 real sec
[M::process] read 205052 sequences (20000090 bp)...
[M::mem_pestat] # candidate unique pairs for (FF, FR, RF, RR): (1, 98624, 5, 1)
[M::mem_pestat] skip orientation FF as there are not enough pairs
[M::mem_pestat] analyzing insert size distribution for orientation FR...
[M::mem_pestat] (25, 50, 75) percentile: (105, 126, 158)
[M::mem_pestat] low and high boundaries for computing mean and std.dev: (1, 264)
[M::mem_pestat] mean and std.dev: (133.18, 39.45)
[M::mem_pestat] low and high boundaries for proper pairs: (1, 317)
[M::mem_pestat] skip orientation RF as there are not enough pairs
[M::mem_pestat] skip orientation RR as there are not enough pairs
[M::mem_process_seqs] Processed 205890 reads in 6.416 CPU sec, 3.309 real sec
[M::process] read 206580 sequences (20000039 bp)...
[M::mem_pestat] # candidate unique pairs for (FF, FR, RF, RR): (2, 98113, 2, 1)
[M::mem_pestat] skip orientation FF as there are not enough pairs
[M::mem_pestat] analyzing insert size distribution for orientation FR...
[M::mem_pestat] (25, 50, 75) percentile: (105, 126, 157)
[M::mem_pestat] low and high boundaries for computing mean and std.dev: (1, 261)
[M::mem_pestat] mean and std.dev: (132.88, 39.14)
[M::mem_pestat] low and high boundaries for proper pairs: (1, 313)
[M::mem_pestat] skip orientation RF as there are not enough pairs
[M::mem_pestat] skip orientation RR as there are not enough pairs
[M::mem_process_seqs] Processed 205052 reads in 6.300 CPU sec, 3.261 real sec
[M::process] read 205686 sequences (20000043 bp)...
[M::mem_pestat] # candidate unique pairs for (FF, FR, RF, RR): (2, 98859, 4, 0)
[M::mem_pestat] skip orientation FF as there are not enough pairs
[M::mem_pestat] analyzing insert size distribution for orientation FR...
[M::mem_pestat] (25, 50, 75) percentile: (105, 126, 158)
[M::mem_pestat] low and high boundaries for computing mean and std.dev: (1, 264)
[M::mem_pestat] mean and std.dev: (133.37, 39.69)
[M::mem_pestat] low and high boundaries for proper pairs: (1, 317)
[M::mem_pestat] skip orientation RF as there are not enough pairs
[M::mem_pestat] skip orientation RR as there are not enough pairs
[M::mem_process_seqs] Processed 206580 reads in 6.257 CPU sec, 3.235 real sec
[M::process] read 203964 sequences (20000163 bp)...
[M::mem_pestat] # candidate unique pairs for (FF, FR, RF, RR): (1, 98591, 4, 2)
[M::mem_pestat] skip orientation FF as there are not enough pairs
[M::mem_pestat] analyzing insert size distribution for orientation FR...
[M::mem_pestat] (25, 50, 75) percentile: (105, 126, 157)
[M::mem_pestat] low and high boundaries for computing mean and std.dev: (1, 261)
[M::mem_pestat] mean and std.dev: (132.61, 39.14)
[M::mem_pestat] low and high boundaries for proper pairs: (1, 313)
[M::mem_pestat] skip orientation RF as there are not enough pairs
[M::mem_pestat] skip orientation RR as there are not enough pairs
[M::mem_process_seqs] Processed 205686 reads in 6.325 CPU sec, 3.267 real sec
[M::process] read 205056 sequences (20000196 bp)...
[M::mem_pestat] # candidate unique pairs for (FF, FR, RF, RR): (1, 97959, 3, 1)
[M::mem_pestat] skip orientation FF as there are not enough pairs
[M::mem_pestat] analyzing insert size distribution for orientation FR...
[M::mem_pestat] (25, 50, 75) percentile: (106, 127, 160)
[M::mem_pestat] low and high boundaries for computing mean and std.dev: (1, 268)
[M::mem_pestat] mean and std.dev: (134.55, 40.44)
[M::mem_pestat] low and high boundaries for proper pairs: (1, 322)
[M::mem_pestat] skip orientation RF as there are not enough pairs
[M::mem_pestat] skip orientation RR as there are not enough pairs
[M::mem_process_seqs] Processed 203964 reads in 7.213 CPU sec, 3.722 real sec
[M::process] read 204770 sequences (20000012 bp)...
[M::mem_pestat] # candidate unique pairs for (FF, FR, RF, RR): (2, 98358, 5, 4)
[M::mem_pestat] skip orientation FF as there are not enough pairs
[M::mem_pestat] analyzing insert size distribution for orientation FR...
[M::mem_pestat] (25, 50, 75) percentile: (106, 127, 160)
[M::mem_pestat] low and high boundaries for computing mean and std.dev: (1, 268)
[M::mem_pestat] mean and std.dev: (134.58, 40.47)
[M::mem_pestat] low and high boundaries for proper pairs: (1, 322)
[M::mem_pestat] skip orientation RF as there are not enough pairs
[M::mem_pestat] skip orientation RR as there are not enough pairs
[M::mem_process_seqs] Processed 205056 reads in 7.538 CPU sec, 3.887 real sec
[M::process] read 206364 sequences (20000155 bp)...
[M::mem_pestat] # candidate unique pairs for (FF, FR, RF, RR): (3, 98306, 4, 1)
[M::mem_pestat] skip orientation FF as there are not enough pairs
[M::mem_pestat] analyzing insert size distribution for orientation FR...
[M::mem_pestat] (25, 50, 75) percentile: (106, 127, 159)
[M::mem_pestat] low and high boundaries for computing mean and std.dev: (1, 265)
[M::mem_pestat] mean and std.dev: (134.17, 40.02)
[M::mem_pestat] low and high boundaries for proper pairs: (1, 318)
[M::mem_pestat] skip orientation RF as there are not enough pairs
[M::mem_pestat] skip orientation RR as there are not enough pairs
[M::mem_process_seqs] Processed 204770 reads in 8.145 CPU sec, 4.177 real sec
[M::process] read 204444 sequences (20000011 bp)...
[M::mem_pestat] # candidate unique pairs for (FF, FR, RF, RR): (0, 99019, 7, 4)
[M::mem_pestat] skip orientation FF as there are not enough pairs
[M::mem_pestat] analyzing insert size distribution for orientation FR...
[M::mem_pestat] (25, 50, 75) percentile: (105, 127, 159)
[M::mem_pestat] low and high boundaries for computing mean and std.dev: (1, 267)
[M::mem_pestat] mean and std.dev: (134.30, 40.19)
[M::mem_pestat] low and high boundaries for proper pairs: (1, 321)
[M::mem_pestat] skip orientation RF as there are not enough pairs
[M::mem_pestat] skip orientation RR as there are not enough pairs
[M::mem_process_seqs] Processed 206364 reads in 7.602 CPU sec, 3.916 real sec
[M::process] read 205052 sequences (20000010 bp)...
[M::mem_pestat] # candidate unique pairs for (FF, FR, RF, RR): (0, 98165, 7, 4)
[M::mem_pestat] skip orientation FF as there are not enough pairs
[M::mem_pestat] analyzing insert size distribution for orientation FR...
[M::mem_pestat] (25, 50, 75) percentile: (106, 127, 159)
[M::mem_pestat] low and high boundaries for computing mean and std.dev: (1, 265)
[M::mem_pestat] mean and std.dev: (134.35, 39.98)
[M::mem_pestat] low and high boundaries for proper pairs: (1, 318)
[M::mem_pestat] skip orientation RF as there are not enough pairs
[M::mem_pestat] skip orientation RR as there are not enough pairs
[M::mem_process_seqs] Processed 204444 reads in 7.123 CPU sec, 3.681 real sec
[M::process] read 204638 sequences (20000170 bp)...
[M::mem_pestat] # candidate unique pairs for (FF, FR, RF, RR): (0, 98293, 4, 3)
[M::mem_pestat] skip orientation FF as there are not enough pairs
[M::mem_pestat] analyzing insert size distribution for orientation FR...
[M::mem_pestat] (25, 50, 75) percentile: (106, 127, 159)
[M::mem_pestat] low and high boundaries for computing mean and std.dev: (1, 265)
[M::mem_pestat] mean and std.dev: (134.19, 39.87)
[M::mem_pestat] low and high boundaries for proper pairs: (1, 318)
[M::mem_pestat] skip orientation RF as there are not enough pairs
[M::mem_pestat] skip orientation RR as there are not enough pairs
[M::mem_process_seqs] Processed 205052 reads in 6.949 CPU sec, 3.574 real sec
[M::process] read 203886 sequences (20000127 bp)...
[M::mem_pestat] # candidate unique pairs for (FF, FR, RF, RR): (3, 98291, 0, 1)
[M::mem_pestat] skip orientation FF as there are not enough pairs
[M::mem_pestat] analyzing insert size distribution for orientation FR...
[M::mem_pestat] (25, 50, 75) percentile: (105, 127, 159)
[M::mem_pestat] low and high boundaries for computing mean and std.dev: (1, 267)
[M::mem_pestat] mean and std.dev: (134.26, 40.18)
[M::mem_pestat] low and high boundaries for proper pairs: (1, 321)
[M::mem_pestat] skip orientation RF as there are not enough pairs
[M::mem_pestat] skip orientation RR as there are not enough pairs
[M::mem_process_seqs] Processed 204638 reads in 6.433 CPU sec, 3.312 real sec
[M::mem_pestat] # candidate unique pairs for (FF, FR, RF, RR): (4, 97872, 6, 1)
[M::mem_pestat] skip orientation FF as there are not enough pairs
[M::mem_pestat] analyzing insert size distribution for orientation FR...
[M::mem_pestat] (25, 50, 75) percentile: (105, 127, 159)
[M::mem_pestat] low and high boundaries for computing mean and std.dev: (1, 267)
[M::mem_pestat] mean and std.dev: (134.29, 40.31)
[M::mem_pestat] low and high boundaries for proper pairs: (1, 321)
[M::mem_pestat] skip orientation RF as there are not enough pairs
[M::mem_pestat] skip orientation RR as there are not enough pairs
[M::mem_process_seqs] Processed 203886 reads in 6.137 CPU sec, 5.921 real sec
[M::process] read 204962 sequences (20000107 bp)...
[M::process] read 204258 sequences (20000137 bp)...
[M::mem_pestat] # candidate unique pairs for (FF, FR, RF, RR): (1, 98150, 6, 3)
[M::mem_pestat] skip orientation FF as there are not enough pairs
[M::mem_pestat] analyzing insert size distribution for orientation FR...
[M::mem_pestat] (25, 50, 75) percentile: (105, 127, 159)
[M::mem_pestat] low and high boundaries for computing mean and std.dev: (1, 267)
[M::mem_pestat] mean and std.dev: (134.18, 40.18)
[M::mem_pestat] low and high boundaries for proper pairs: (1, 321)
[M::mem_pestat] skip orientation RF as there are not enough pairs
[M::mem_pestat] skip orientation RR as there are not enough pairs
[M::mem_process_seqs] Processed 204962 reads in 6.304 CPU sec, 3.212 real sec
[M::process] read 204170 sequences (20000109 bp)...
[M::mem_pestat] # candidate unique pairs for (FF, FR, RF, RR): (4, 97837, 6, 4)
[M::mem_pestat] skip orientation FF as there are not enough pairs
[M::mem_pestat] analyzing insert size distribution for orientation FR...
[M::mem_pestat] (25, 50, 75) percentile: (105, 127, 159)
[M::mem_pestat] low and high boundaries for computing mean and std.dev: (1, 267)
[M::mem_pestat] mean and std.dev: (133.95, 40.05)
[M::mem_pestat] low and high boundaries for proper pairs: (1, 321)
[M::mem_pestat] skip orientation RF as there are not enough pairs
[M::mem_pestat] skip orientation RR as there are not enough pairs
[M::mem_process_seqs] Processed 204258 reads in 6.042 CPU sec, 3.120 real sec
[M::process] read 204086 sequences (20000110 bp)...
[M::mem_pestat] # candidate unique pairs for (FF, FR, RF, RR): (0, 97879, 5, 0)
[M::mem_pestat] skip orientation FF as there are not enough pairs
[M::mem_pestat] analyzing insert size distribution for orientation FR...
[M::mem_pestat] (25, 50, 75) percentile: (105, 127, 159)
[M::mem_pestat] low and high boundaries for computing mean and std.dev: (1, 267)
[M::mem_pestat] mean and std.dev: (134.08, 40.24)
[M::mem_pestat] low and high boundaries for proper pairs: (1, 321)
[M::mem_pestat] skip orientation RF as there are not enough pairs
[M::mem_pestat] skip orientation RR as there are not enough pairs
[M::mem_process_seqs] Processed 204170 reads in 6.668 CPU sec, 3.447 real sec
[M::process] read 204216 sequences (20000136 bp)...
[M::mem_pestat] # candidate unique pairs for (FF, FR, RF, RR): (1, 97883, 5, 2)
[M::mem_pestat] skip orientation FF as there are not enough pairs
[M::mem_pestat] analyzing insert size distribution for orientation FR...
[M::mem_pestat] (25, 50, 75) percentile: (105, 127, 159)
[M::mem_pestat] low and high boundaries for computing mean and std.dev: (1, 267)
[M::mem_pestat] mean and std.dev: (133.88, 40.06)
[M::mem_pestat] low and high boundaries for proper pairs: (1, 321)
[M::mem_pestat] skip orientation RF as there are not enough pairs
[M::mem_pestat] skip orientation RR as there are not enough pairs
[M::mem_process_seqs] Processed 204086 reads in 6.226 CPU sec, 3.238 real sec
[M::process] read 204210 sequences (20000073 bp)...
[M::mem_pestat] # candidate unique pairs for (FF, FR, RF, RR): (0, 97912, 3, 1)
[M::mem_pestat] skip orientation FF as there are not enough pairs
[M::mem_pestat] analyzing insert size distribution for orientation FR...
[M::mem_pestat] (25, 50, 75) percentile: (105, 127, 159)
[M::mem_pestat] low and high boundaries for computing mean and std.dev: (1, 267)
[M::mem_pestat] mean and std.dev: (133.95, 40.14)
[M::mem_pestat] low and high boundaries for proper pairs: (1, 321)
[M::mem_pestat] skip orientation RF as there are not enough pairs
[M::mem_pestat] skip orientation RR as there are not enough pairs
[M::mem_process_seqs] Processed 204216 reads in 6.402 CPU sec, 3.312 real sec
[M::process] read 204344 sequences (20000146 bp)...
[M::mem_pestat] # candidate unique pairs for (FF, FR, RF, RR): (1, 97861, 4, 0)
[M::mem_pestat] skip orientation FF as there are not enough pairs
[M::mem_pestat] analyzing insert size distribution for orientation FR...
[M::mem_pestat] (25, 50, 75) percentile: (105, 127, 159)
[M::mem_pestat] low and high boundaries for computing mean and std.dev: (1, 267)
[M::mem_pestat] mean and std.dev: (134.00, 40.39)
[M::mem_pestat] low and high boundaries for proper pairs: (1, 321)
[M::mem_pestat] skip orientation RF as there are not enough pairs
[M::mem_pestat] skip orientation RR as there are not enough pairs
[M::mem_process_seqs] Processed 204210 reads in 6.492 CPU sec, 3.348 real sec
[M::process] read 204284 sequences (20000112 bp)...
[M::mem_pestat] # candidate unique pairs for (FF, FR, RF, RR): (3, 97964, 4, 1)
[M::mem_pestat] skip orientation FF as there are not enough pairs
[M::mem_pestat] analyzing insert size distribution for orientation FR...
[M::mem_pestat] (25, 50, 75) percentile: (105, 127, 159)
[M::mem_pestat] low and high boundaries for computing mean and std.dev: (1, 267)
[M::mem_pestat] mean and std.dev: (133.88, 40.24)
[M::mem_pestat] low and high boundaries for proper pairs: (1, 321)
[M::mem_pestat] skip orientation RF as there are not enough pairs
[M::mem_pestat] skip orientation RR as there are not enough pairs
[M::mem_process_seqs] Processed 204344 reads in 6.375 CPU sec, 3.304 real sec
[M::process] read 204402 sequences (20000104 bp)...
[M::mem_pestat] # candidate unique pairs for (FF, FR, RF, RR): (3, 97984, 7, 1)
[M::mem_pestat] skip orientation FF as there are not enough pairs
[M::mem_pestat] analyzing insert size distribution for orientation FR...
[M::mem_pestat] (25, 50, 75) percentile: (105, 127, 159)
[M::mem_pestat] low and high boundaries for computing mean and std.dev: (1, 267)
[M::mem_pestat] mean and std.dev: (134.00, 40.41)
[M::mem_pestat] low and high boundaries for proper pairs: (1, 321)
[M::mem_pestat] skip orientation RF as there are not enough pairs
[M::mem_pestat] skip orientation RR as there are not enough pairs
[M::mem_process_seqs] Processed 204284 reads in 6.380 CPU sec, 3.312 real sec
[M::process] read 204334 sequences (20000146 bp)...
[M::mem_pestat] # candidate unique pairs for (FF, FR, RF, RR): (1, 97917, 6, 1)
[M::mem_pestat] skip orientation FF as there are not enough pairs
[M::mem_pestat] analyzing insert size distribution for orientation FR...
[M::mem_pestat] (25, 50, 75) percentile: (105, 127, 159)
[M::mem_pestat] low and high boundaries for computing mean and std.dev: (1, 267)
[M::mem_pestat] mean and std.dev: (133.74, 40.30)
[M::mem_pestat] low and high boundaries for proper pairs: (1, 321)
[M::mem_pestat] skip orientation RF as there are not enough pairs
[M::mem_pestat] skip orientation RR as there are not enough pairs
[M::mem_process_seqs] Processed 204402 reads in 6.210 CPU sec, 3.209 real sec
[M::process] read 204280 sequences (20000042 bp)...
[M::mem_pestat] # candidate unique pairs for (FF, FR, RF, RR): (0, 98122, 2, 1)
[M::mem_pestat] skip orientation FF as there are not enough pairs
[M::mem_pestat] analyzing insert size distribution for orientation FR...
[M::mem_pestat] (25, 50, 75) percentile: (105, 126, 158)
[M::mem_pestat] low and high boundaries for computing mean and std.dev: (1, 264)
[M::mem_pestat] mean and std.dev: (133.52, 39.88)
[M::mem_pestat] low and high boundaries for proper pairs: (1, 317)
[M::mem_pestat] skip orientation RF as there are not enough pairs
[M::mem_pestat] skip orientation RR as there are not enough pairs
[M::mem_process_seqs] Processed 204334 reads in 6.225 CPU sec, 3.219 real sec
[M::process] read 204304 sequences (20000137 bp)...
[M::mem_pestat] # candidate unique pairs for (FF, FR, RF, RR): (3, 97963, 1, 1)
[M::mem_pestat] skip orientation FF as there are not enough pairs
[M::mem_pestat] analyzing insert size distribution for orientation FR...
[M::mem_pestat] (25, 50, 75) percentile: (105, 126, 159)
[M::mem_pestat] low and high boundaries for computing mean and std.dev: (1, 267)
[M::mem_pestat] mean and std.dev: (133.67, 40.13)
[M::mem_pestat] low and high boundaries for proper pairs: (1, 321)
[M::mem_pestat] skip orientation RF as there are not enough pairs
[M::mem_pestat] skip orientation RR as there are not enough pairs
[M::mem_process_seqs] Processed 204280 reads in 6.265 CPU sec, 3.241 real sec
[M::process] read 204388 sequences (20000127 bp)...
[M::mem_pestat] # candidate unique pairs for (FF, FR, RF, RR): (0, 98053, 3, 2)
[M::mem_pestat] skip orientation FF as there are not enough pairs
[M::mem_pestat] analyzing insert size distribution for orientation FR...
[M::mem_pestat] (25, 50, 75) percentile: (105, 126, 159)
[M::mem_pestat] low and high boundaries for computing mean and std.dev: (1, 267)
[M::mem_pestat] mean and std.dev: (133.69, 40.15)
[M::mem_pestat] low and high boundaries for proper pairs: (1, 321)
[M::mem_pestat] skip orientation RF as there are not enough pairs
[M::mem_pestat] skip orientation RR as there are not enough pairs
[M::mem_process_seqs] Processed 204304 reads in 6.186 CPU sec, 3.200 real sec
[M::process] read 204370 sequences (20000194 bp)...
[M::mem_pestat] # candidate unique pairs for (FF, FR, RF, RR): (4, 98068, 2, 2)
[M::mem_pestat] skip orientation FF as there are not enough pairs
[M::mem_pestat] analyzing insert size distribution for orientation FR...
[M::mem_pestat] (25, 50, 75) percentile: (105, 126, 158)
[M::mem_pestat] low and high boundaries for computing mean and std.dev: (1, 264)
[M::mem_pestat] mean and std.dev: (133.45, 39.71)
[M::mem_pestat] low and high boundaries for proper pairs: (1, 317)
[M::mem_pestat] skip orientation RF as there are not enough pairs
[M::mem_pestat] skip orientation RR as there are not enough pairs
[M::mem_process_seqs] Processed 204388 reads in 6.304 CPU sec, 3.283 real sec
[M::process] read 204444 sequences (20000112 bp)...
[M::mem_pestat] # candidate unique pairs for (FF, FR, RF, RR): (1, 97935, 2, 0)
[M::mem_pestat] skip orientation FF as there are not enough pairs
[M::mem_pestat] analyzing insert size distribution for orientation FR...
[M::mem_pestat] (25, 50, 75) percentile: (105, 127, 159)
[M::mem_pestat] low and high boundaries for computing mean and std.dev: (1, 267)
[M::mem_pestat] mean and std.dev: (133.84, 40.12)
[M::mem_pestat] low and high boundaries for proper pairs: (1, 321)
[M::mem_pestat] skip orientation RF as there are not enough pairs
[M::mem_pestat] skip orientation RR as there are not enough pairs
[M::mem_process_seqs] Processed 204370 reads in 6.266 CPU sec, 3.251 real sec
[M::process] read 204372 sequences (20000100 bp)...
[M::mem_pestat] # candidate unique pairs for (FF, FR, RF, RR): (1, 97932, 3, 1)
[M::mem_pestat] skip orientation FF as there are not enough pairs
[M::mem_pestat] analyzing insert size distribution for orientation FR...
[M::mem_pestat] (25, 50, 75) percentile: (105, 126, 158)
[M::mem_pestat] low and high boundaries for computing mean and std.dev: (1, 264)
[M::mem_pestat] mean and std.dev: (133.30, 39.60)
[M::mem_pestat] low and high boundaries for proper pairs: (1, 317)
[M::mem_pestat] skip orientation RF as there are not enough pairs
[M::mem_pestat] skip orientation RR as there are not enough pairs
[M::mem_process_seqs] Processed 204444 reads in 6.271 CPU sec, 3.251 real sec
[M::process] read 204576 sequences (20000183 bp)...
[M::mem_pestat] # candidate unique pairs for (FF, FR, RF, RR): (2, 97971, 5, 0)
[M::mem_pestat] skip orientation FF as there are not enough pairs
[M::mem_pestat] analyzing insert size distribution for orientation FR...
[M::mem_pestat] (25, 50, 75) percentile: (105, 126, 158)
[M::mem_pestat] low and high boundaries for computing mean and std.dev: (1, 264)
[M::mem_pestat] mean and std.dev: (133.41, 39.49)
[M::mem_pestat] low and high boundaries for proper pairs: (1, 317)
[M::mem_pestat] skip orientation RF as there are not enough pairs
[M::mem_pestat] skip orientation RR as there are not enough pairs
[M::mem_process_seqs] Processed 204372 reads in 6.265 CPU sec, 3.238 real sec
[M::process] read 204800 sequences (20000087 bp)...
[M::mem_pestat] # candidate unique pairs for (FF, FR, RF, RR): (0, 98140, 7, 2)
[M::mem_pestat] skip orientation FF as there are not enough pairs
[M::mem_pestat] analyzing insert size distribution for orientation FR...
[M::mem_pestat] (25, 50, 75) percentile: (105, 127, 158)
[M::mem_pestat] low and high boundaries for computing mean and std.dev: (1, 264)
[M::mem_pestat] mean and std.dev: (133.54, 39.75)
[M::mem_pestat] low and high boundaries for proper pairs: (1, 317)
[M::mem_pestat] skip orientation RF as there are not enough pairs
[M::mem_pestat] skip orientation RR as there are not enough pairs
[M::mem_process_seqs] Processed 204576 reads in 6.148 CPU sec, 3.174 real sec
[M::process] read 204726 sequences (20000031 bp)...
[M::mem_pestat] # candidate unique pairs for (FF, FR, RF, RR): (0, 98193, 3, 3)
[M::mem_pestat] skip orientation FF as there are not enough pairs
[M::mem_pestat] analyzing insert size distribution for orientation FR...
[M::mem_pestat] (25, 50, 75) percentile: (105, 126, 158)
[M::mem_pestat] low and high boundaries for computing mean and std.dev: (1, 264)
[M::mem_pestat] mean and std.dev: (133.48, 39.76)
[M::mem_pestat] low and high boundaries for proper pairs: (1, 317)
[M::mem_pestat] skip orientation RF as there are not enough pairs
[M::mem_pestat] skip orientation RR as there are not enough pairs
[M::mem_process_seqs] Processed 204800 reads in 6.225 CPU sec, 3.221 real sec
[M::process] read 205084 sequences (20000135 bp)...
[M::mem_pestat] # candidate unique pairs for (FF, FR, RF, RR): (2, 98089, 6, 0)
[M::mem_pestat] skip orientation FF as there are not enough pairs
[M::mem_pestat] analyzing insert size distribution for orientation FR...
[M::mem_pestat] (25, 50, 75) percentile: (105, 126, 158)
[M::mem_pestat] low and high boundaries for computing mean and std.dev: (1, 264)
[M::mem_pestat] mean and std.dev: (133.43, 39.89)
[M::mem_pestat] low and high boundaries for proper pairs: (1, 317)
[M::mem_pestat] skip orientation RF as there are not enough pairs
[M::mem_pestat] skip orientation RR as there are not enough pairs
[M::mem_process_seqs] Processed 204726 reads in 6.179 CPU sec, 3.206 real sec
[M::process] read 204978 sequences (20000193 bp)...
[M::mem_pestat] # candidate unique pairs for (FF, FR, RF, RR): (1, 98146, 2, 0)
[M::mem_pestat] skip orientation FF as there are not enough pairs
[M::mem_pestat] analyzing insert size distribution for orientation FR...
[M::mem_pestat] (25, 50, 75) percentile: (105, 126, 158)
[M::mem_pestat] low and high boundaries for computing mean and std.dev: (1, 264)
[M::mem_pestat] mean and std.dev: (133.22, 39.60)
[M::mem_pestat] low and high boundaries for proper pairs: (1, 317)
[M::mem_pestat] skip orientation RF as there are not enough pairs
[M::mem_pestat] skip orientation RR as there are not enough pairs
[M::mem_process_seqs] Processed 205084 reads in 6.441 CPU sec, 3.335 real sec
[M::process] read 205060 sequences (20000079 bp)...
[M::mem_pestat] # candidate unique pairs for (FF, FR, RF, RR): (2, 98119, 3, 3)
[M::mem_pestat] skip orientation FF as there are not enough pairs
[M::mem_pestat] analyzing insert size distribution for orientation FR...
[M::mem_pestat] (25, 50, 75) percentile: (105, 126, 158)
[M::mem_pestat] low and high boundaries for computing mean and std.dev: (1, 264)
[M::mem_pestat] mean and std.dev: (133.10, 39.68)
[M::mem_pestat] low and high boundaries for proper pairs: (1, 317)
[M::mem_pestat] skip orientation RF as there are not enough pairs
[M::mem_pestat] skip orientation RR as there are not enough pairs
[M::mem_process_seqs] Processed 204978 reads in 6.270 CPU sec, 3.242 real sec
[M::process] read 207252 sequences (20000171 bp)...
[M::mem_pestat] # candidate unique pairs for (FF, FR, RF, RR): (0, 98273, 8, 3)
[M::mem_pestat] skip orientation FF as there are not enough pairs
[M::mem_pestat] analyzing insert size distribution for orientation FR...
[M::mem_pestat] (25, 50, 75) percentile: (105, 126, 158)
[M::mem_pestat] low and high boundaries for computing mean and std.dev: (1, 264)
[M::mem_pestat] mean and std.dev: (133.14, 39.59)
[M::mem_pestat] low and high boundaries for proper pairs: (1, 317)
[M::mem_pestat] skip orientation RF as there are not enough pairs
[M::mem_pestat] skip orientation RR as there are not enough pairs
[M::mem_process_seqs] Processed 205060 reads in 6.276 CPU sec, 3.258 real sec
[M::process] read 205210 sequences (20000043 bp)...
[M::mem_pestat] # candidate unique pairs for (FF, FR, RF, RR): (4, 99314, 2, 1)
[M::mem_pestat] skip orientation FF as there are not enough pairs
[M::mem_pestat] analyzing insert size distribution for orientation FR...
[M::mem_pestat] (25, 50, 75) percentile: (105, 126, 158)
[M::mem_pestat] low and high boundaries for computing mean and std.dev: (1, 264)
[M::mem_pestat] mean and std.dev: (133.50, 39.61)
[M::mem_pestat] low and high boundaries for proper pairs: (1, 317)
[M::mem_pestat] skip orientation RF as there are not enough pairs
[M::mem_pestat] skip orientation RR as there are not enough pairs
[M::mem_process_seqs] Processed 207252 reads in 6.453 CPU sec, 3.336 real sec
[M::process] read 205768 sequences (20000093 bp)...
[M::mem_pestat] # candidate unique pairs for (FF, FR, RF, RR): (1, 98298, 4, 1)
[M::mem_pestat] skip orientation FF as there are not enough pairs
[M::mem_pestat] analyzing insert size distribution for orientation FR...
[M::mem_pestat] (25, 50, 75) percentile: (105, 126, 157)
[M::mem_pestat] low and high boundaries for computing mean and std.dev: (1, 261)
[M::mem_pestat] mean and std.dev: (132.75, 39.07)
[M::mem_pestat] low and high boundaries for proper pairs: (1, 313)
[M::mem_pestat] skip orientation RF as there are not enough pairs
[M::mem_pestat] skip orientation RR as there are not enough pairs
[M::mem_process_seqs] Processed 205210 reads in 6.267 CPU sec, 3.236 real sec
[M::process] read 205768 sequences (20000033 bp)...
[M::mem_pestat] # candidate unique pairs for (FF, FR, RF, RR): (1, 98522, 4, 3)
[M::mem_pestat] skip orientation FF as there are not enough pairs
[M::mem_pestat] analyzing insert size distribution for orientation FR...
[M::mem_pestat] (25, 50, 75) percentile: (105, 126, 158)
[M::mem_pestat] low and high boundaries for computing mean and std.dev: (1, 264)
[M::mem_pestat] mean and std.dev: (133.39, 39.60)
[M::mem_pestat] low and high boundaries for proper pairs: (1, 317)
[M::mem_pestat] skip orientation RF as there are not enough pairs
[M::mem_pestat] skip orientation RR as there are not enough pairs
[M::mem_process_seqs] Processed 205768 reads in 6.078 CPU sec, 3.149 real sec
[M::process] read 82938 sequences (8061701 bp)...
[M::mem_pestat] # candidate unique pairs for (FF, FR, RF, RR): (1, 98375, 6, 1)
[M::mem_pestat] skip orientation FF as there are not enough pairs
[M::mem_pestat] analyzing insert size distribution for orientation FR...
[M::mem_pestat] (25, 50, 75) percentile: (105, 126, 157)
[M::mem_pestat] low and high boundaries for computing mean and std.dev: (1, 261)
[M::mem_pestat] mean and std.dev: (132.98, 39.28)
[M::mem_pestat] low and high boundaries for proper pairs: (1, 313)
[M::mem_pestat] skip orientation RF as there are not enough pairs
[M::mem_pestat] skip orientation RR as there are not enough pairs
[M::mem_process_seqs] Processed 205768 reads in 6.422 CPU sec, 3.316 real sec
[M::mem_pestat] # candidate unique pairs for (FF, FR, RF, RR): (0, 39700, 4, 1)
[M::mem_pestat] skip orientation FF as there are not enough pairs
[M::mem_pestat] analyzing insert size distribution for orientation FR...
[M::mem_pestat] (25, 50, 75) percentile: (105, 126, 157)
[M::mem_pestat] low and high boundaries for computing mean and std.dev: (1, 261)
[M::mem_pestat] mean and std.dev: (132.83, 39.48)
[M::mem_pestat] low and high boundaries for proper pairs: (1, 313)
[M::mem_pestat] skip orientation RF as there are not enough pairs
[M::mem_pestat] skip orientation RR as there are not enough pairs
[M::mem_process_seqs] Processed 82938 reads in 2.613 CPU sec, 1.401 real sec
[main] Version: 0.7.19-r1273
[main] CMD: bwa[bam_sort_core] merging from 5 files and 2 in-memory blocks...
 mem -t 2 /proj/uppmax2026-1-61/nobackup/work/dich3309/canu_pacbio_pilon_r2/efaecium_e745_canu_pacbio_pilon_r2.fasta /home/dich3309/rnaseq-tnseq-enterococcus-analysis/data/trimmed_data/rna_serum_rep3_R1_paired.fastq.gz /home/dich3309/rnaseq-tnseq-enterococcus-analysis/data/trimmed_data/rna_serum_rep3_R2_paired.fastq.gz
[main] Real time: 471.436 sec; CPU: 866.162 sec
28148272 + 0 in total (QC-passed reads + QC-failed reads)
28114694 + 0 primary
0 + 0 secondary
33578 + 0 supplementary
0 + 0 duplicates
0 + 0 primary duplicates
27749398 + 0 mapped (98.58% : N/A)
27715820 + 0 primary mapped (98.58% : N/A)
28114694 + 0 paired in sequencing
14057347 + 0 read1
14057347 + 0 read2
27173814 + 0 properly paired (96.65% : N/A)
27713348 + 0 with itself and mate mapped
2472 + 0 singletons (0.01% : N/A)
6290 + 0 with mate mapped to a different chr
2909 + 0 with mate mapped to a different chr (mapQ>=5)
[2026-05-11 14:28:11] [sample 6 of 6] rna_serum_rep3 done (0h 9m 20s)
[2026-05-11 14:28:11] RNA mapping complete (total: 0h 53m 48s)
[2026-05-11 14:28:11] script finished (exit code 0)
