	rna_bhi_rep1	rna_bhi_rep2	rna_bhi_rep3	rna_serum_rep1	rna_serum_rep2	rna_serum_rep3
EFM745_00026	9620.38025449896	8722.96245750199	8665.12101627615	9617.80240571641	9543.62092018695	9744.39243702179
EFM745_00027	4580.87294082104	3860.95365322697	4048.2873865117	4449.61548080558	4381.1157003446	4445.12782385264
EFM745_00028	21586.8166548444	20176.1577590308	20008.2635169138	13064.4119124584	12463.7061536072	12135.5499742366
EFM745_00029	2028.75045647429	1910.52826382086	2140.23428742788	1096.28207498109	994.765165782865	1099.84737254454
EFM745_00030	21400.8098714193	20491.707752296	22640.6425454471	5453.77301167061	5664.33312869806	5451.37116469127
EFM745_00031	198.771954836582	239.382753511489	229.204506442207	449.107152565781	420.824191284509	419.09077831968
EFM745_00032	72521.6741827395	62002.8534180383	66262.9235897119	25708.5055923873	27375.3051382073	24994.4038298371
EFM745_00033	62387.0398799477	56400.9342847278	58686.275922211	23023.0751314042	22387.649406293	21539.564114146
EFM745_00034	4116.76778021636	4132.97950949003	4211.01266381266	8455.88159305263	7876.12975847744	7670.21218899292
EFM745_00035	593.580470635847	646.514785051862	641.971063498302	1045.61357571725	1129.11279492534	1178.55985375179
EFM745_00036	2904.07649612162	2815.46761232263	2716.71834908555	3135.68917035031	3098.88612220541	3234.65750474656
EFM745_00038	1530.90877142487	1321.13890858424	1259.13644448121	26706.9053392451	27849.4732410631	26528.2335312
EFM745_00039	2767.30680242672	2504.45138332853	2673.06034785846	3064.29264866037	3104.81322349111	3040.00366608539
EFM745_00041	7312.61962288709	7126.17068123785	7181.74120185581	8959.1119152866	9088.22197140254	8856.21781799404
EFM745_00042	874.414241689366	799.756017413384	873.160024541739	1197.61907350875	1134.05204599675	1153.03148146836
EFM745_00043	16444.2761719163	16438.5224939765	16199.1029098505	4734.05001076391	4714.02122255793	4339.82328818349
EFM745_00044	1291.10590847982	1300.28359293741	1409.95499417479	1089.37273417238	1097.50158806829	974.332875484332
EFM745_00045	1402.34525935166	1330.20643712634	1279.97321779414	626.446899989192	583.819476641185	622.254074408661
EFM745_00046	4622.81564688747	4842.9669943366	4769.63663405925	4101.84532676746	4065.99148198835	3964.34347918134
EFM745_00047	442.222009613496	511.408609774545	490.160286504113	1080.16027976078	1203.20156099655	1095.59264383063
EFM745_00049	15010.0179840358	14751.0554322913	14547.0444543255	2980.22900215446	2796.60395663485	2897.47025416956
EFM745_00050	8208.91701556764	7986.67913988332	7781.04649142764	989.187292446168	912.773597997386	923.276130917467
EFM745_00051	13458.1378595777	13139.7556103598	13278.9779641387	2399.8443742233	2347.13210913613	2330.52765304167
EFM745_00052	7392.85784318809	7754.55040920551	7712.58280768516	1272.47026560305	1321.7435867105	1266.84547456533
EFM745_00053	11157.6716116296	11640.8931423504	11068.2955383672	2153.41121871285	2170.3069207795	2060.35237970868
EFM745_00054	13054.2113641988	10988.9378401732	10654.5367540105	1845.9455527255	1856.17055263754	1838.04280440712
EFM745_00055	2243.02297659629	2312.21977823597	2421.0346135021	359.285722052625	336.856923070464	322.295700078332
EFM745_00056	17981.5675290469	17831.2948780433	17134.773254331	2322.6900685261	2227.60223320791	2237.98730351423
EFM745_00057	12109.5886797461	12904.9066211194	12303.6185276336	960.3983724099	1008.59506878283	912.639309132704
EFM745_00058	29286.950409867	27591.5826007617	27373.5667693835	1013.36998527663	1032.30347392561	833.926827925454
EFM745_00059	27576.4174407228	26808.1481347241	26488.5000172344	956.943702005548	1004.64366792569	823.290006140691
EFM745_00060	52788.5427764399	55090.676410394	52466.0029746518	1457.87091063661	1524.25288063849	1343.43059141562
EFM745_00061	17521.1095602741	14785.5120407513	14921.1141466576	438.743141352724	401.067186998851	319.104653542903
EFM745_00062	22296.1954661419	19017.3276113502	18382.9951985055	589.597082342769	531.463415284192	469.083840708068
EFM745_00063	41371.920544748	36078.7893161691	36617.1563019186	1023.73399648969	1070.82963228265	909.448262597275
EFM745_00064	35359.5248099204	36356.2556895574	34104.8367767598	810.695988221307	831.769880426189	711.603377400675
EFM745_00065	35220.0197223516	32295.8164084042	30345.2875347273	616.082888776135	688.531599355171	650.973493227523
EFM745_00066	21553.9919283576	23254.5836990744	24875.1384264334	484.805413410753	479.107353927199	377.607173359102
EFM745_00067	38379.3996467037	33493.6369288158	34076.062185042	1543.08611394396	1691.1995668523	1538.08443007679
EFM745_00068	19688.4533063592	19060.8517483523	19071.6009451327	836.030237853223	962.16610871153	817.971595248309
EFM745_00069	415.779868832483	415.292807228265	442.533376074563	538.928583078937	544.30546806987	541.414228844459
EFM745_00070	5648.58834959919	5329.89327704747	5953.36380369368	6915.09859271157	7135.24209776528	7017.11133140845
EFM745_00071	2944.19560627212	3249.80222948931	2971.72076534376	5000.05963189903	5272.15659362776	5259.90837256552
EFM745_00072	2870.33997167688	2727.51258546424	2776.25198712248	3823.16858081639	3563.17572291837	3544.18901868318
EFM745_00073	2757.2770248891	2900.70238061838	2844.71567086496	3724.13469589163	3520.6981637042	3556.9532048249
EFM745_00074	93824.9216726564	94896.219957367	95320.3000882401	61278.9436323986	61356.3646593243	61147.8973940696
EFM745_00075	20047.7017017978	22129.3034069996	24696.5375123226	10212.005715265	10842.6439519689	10516.6256985956
EFM745_00076	10881.3968303659	10814.8412921649	10496.7726132126	13446.7287705401	12604.9687342496	12391.8973792494
EFM745_00077	2189.2268970763	2179.83386152129	1900.1152806789	46578.1695050787	39541.6683773153	42247.3287647235
EFM745_00078	47.4134938142305	44.4308898562991	62.5103199387836	48.3653856609302	49.3925107141442	52.1204267453409
EFM745_00079	7831.43266096973	8051.96534538645	7681.82376136607	2258.20288764486	2149.56206627956	2175.23005498412
EFM745_00080	9978.71685197959	9196.2874473997	9523.39763130865	5466.44013648657	5419.34627555591	5342.87558248668
EFM745_00081	2921.40065732297	3052.13010727149	3168.18177086565	3762.1360703395	3730.12240913217	3812.23692765922
EFM745_00082	687.495660306342	612.058176591875	684.636837424773	330.496802016357	401.067186998851	377.607173359102
EFM745_00083	9806.38703792402	9787.49030834475	9682.15399940715	8614.79643165283	8550.83145483265	8240.34583665624
EFM745_00084	1905.65773214888	1858.84335113088	1777.07909540256	1729.63831577898	1704.04161963798	1794.43183508959
EFM745_00085	562.579340065004	583.94883811136	574.49960705644	635.659354400797	594.685828998297	558.433143700081
EFM745_00086	3266.97208339208	3500.06601725132	3444.02096043679	1661.69646449339	1733.67712606646	1711.46462516844
EFM745_00087	452.251787151122	683.69165207448	567.554015952131	571.172173519557	580.855925998336	581.83415162656
EFM745_00088	719.408588835151	797.942511704964	790.805158590643	3780.56097916271	3554.28507098982	3990.93553364324
EFM745_00089	7286.17748210608	7103.5018598826	7084.50292639548	8962.56658569095	8595.28471447538	8432.87231096046
EFM745_00090	8756.90758830519	9361.31646686596	8363.483916889	19467.0677285244	16908.0442676659	17423.1140834425
EFM745_00091	9156.27509389428	9727.64461996687	9325.94439848615	18443.3337320347	19253.2006763734	18242.1493608693
EFM745_00092	955.564259948338	885.897538563352	898.957934357745	386.923085287442	375.383081427496	392.498723857771
EFM745_00093	281.745569011485	268.398844846215	244.087915951441	558.505048703599	548.256868927001	582.897833805037
EFM745_00094	644.641156281942	723.588777659728	720.357020246935	329.345245214906	375.383081427496	374.416126823673
EFM745_00095	581.72709718229	544.958465380322	527.864923927506	1020.27932608534	848.563334068998	931.785588345278
EFM745_00098	20.0595550752514	28.1093384805158	25.7979098160059	23.0311360290144	25.684105571355	24.4646901049559
EFM745_00099	1752.4756752106	1711.04263589462	1620.3071819053	2800.58614112815	2893.41327763457	2913.42548684671
EFM745_00100	5220.04330935519	5078.72273643125	4982.96550369161	6839.09584381582	6253.09185641066	6553.34590159276
EFM745_00101	2970.63774705313	2781.91775671685	2558.95420828767	1248.28757277258	1210.11651249653	1189.19667553655
EFM745_00102	4354.74704724548	4287.12749470576	4203.07484540774	1736.54765658769	1605.25659820969	1678.49047763567
EFM745_00103	4826.14659151389	4860.1952985666	4527.53317270904	1369.20103692491	1530.17998192419	1564.6764845387
EFM745_00104	18421.0541447865	18827.8162648203	19350.4168166057	4013.17545305576	3911.88684856022	3869.67576529694
EFM745_00105	9785.4156848908	10205.5033741356	9991.72891719922	3569.82608449723	3517.73461306135	3497.38700283022
EFM745_00106	811.500182589714	862.321964353887	949.561526689141	173.885077019059	158.056034285262	143.597094094306
EFM745_00108	10539.4725961287	11639.0796366419	11141.7203586127	7194.9268954641	7462.22051869291	7081.9959442955
EFM745_00109	7070.99316402611	7433.5598988151	6826.52382823542	3061.98953505746	3327.07952170476	3065.53203836882
EFM745_00110	6684.39082984853	6087.03191031298	5636.8432947973	2892.71068524421	2755.11424763497	2740.04529175506
EFM745_00111	4299.12737180955	4525.60349536304	4532.49430921212	1627.14976044987	1698.11451835228	1584.88644592975
EFM745_00112	1912.95211581261	1932.29033232191	1949.72664570968	730.087012119756	756.69326414069	663.737679369239
EFM745_00113	3639.89744820016	3402.13670899662	3224.73872700074	1259.80314078709	1260.49687342496	1264.71811020837
EFM745_00114	4333.77569421226	4499.30766259094	4435.25603375179	1609.87640842811	1705.02946985226	1575.31330632347
EFM745_00115	3926.20200700147	4278.96671901787	3819.08288006949	1384.17127534377	1363.23329571038	1382.78683201925
EFM745_00116	2517.47416194405	2432.81790784593	2491.4827518458	939.670349983787	1023.41282199707	922.212448738991
EFM745_00117	3065.4647346816	3077.51918718937	3096.74140522133	1590.29994280344	1774.17898485206	1617.86059346252
EFM745_00118	6509.32562191907	6758.93577528272	6633.03950461537	2108.50050345627	1999.40883370856	1965.68466582428
EFM745_00120	19103.0790173451	18899.4497403029	19001.152806789	4815.81054366691	4682.41001570087	4636.59061597839
EFM745_00121	6757.33466648581	6704.53060403011	7222.42252118105	1696.24316853691	1674.40611320949	1660.40788060157
EFM745_00122	5039.50731367792	5068.74845503494	5108.97837086979	1144.64746064202	1167.63895328237	1203.02454385675
EFM745_00123	2107.16508085936	2322.19405963229	2442.86361411564	276.373632348173	340.808323927595	297.831009973376
EFM745_00124	6744.56949507429	6477.84239047757	6324.45681412392	2419.42083984796	2311.56950142195	2241.17835004966
EFM745_00125	12476.1314588484	12835.9934041994	12551.6753527875	6517.81149621107	6827.03283090902	6557.60063030666
EFM745_00126	6936.04706624714	7157.90703113521	6988.25687823576	3448.91262034491	3486.1234062043	3397.40087805344
EFM745_00127	19574.4785616135	18045.2885516369	17798.5733184429	11387.7452095462	11460.0503358957	11136.7524086473
EFM745_00128	3951.73234982452	3697.73813946914	3861.74865399597	2044.01332257503	2007.31163542282	2062.47974406563
EFM745_00129	7376.44547994471	7759.99092633077	7247.22820369644	2800.58614112815	3113.70387541965	2965.54591359205
EFM745_00130	3829.55142345708	3602.52908977707	3672.23323957838	1909.28117680529	1904.5752131374	1892.29059550942
EFM745_00131	2116.28306043902	2060.14248476554	2006.28360184477	1346.16990089589	1263.46042406781	1144.52202404055
EFM745_00132	3298.88501192088	2683.08169560794	2694.889348472	1936.91854004011	1714.90797199509	1746.56613705816
EFM745_00133	3254.20691198055	2390.20052369805	2434.92579571071	1576.48126118604	1524.25288063849	1594.45958553604
EFM745_00134	3524.09910753848	3404.85696755925	3140.39940644841	1917.34207441545	1884.81820885174	1782.73133112635
EFM745_00135	8100.41305856969	7946.78201429807	7806.84440124364	5701.35772398251	5029.14544091417	5204.59689928475
EFM745_00136	5221.86690527112	4827.55219581503	4795.43454387526	2136.13786669109	2363.92556277894	2331.59133522015
EFM745_00137	320.041083246056	304.668959014622	301.637099387146	1089.37273417238	1012.54646963996	1014.75279826643
EFM745_00138	3870.58233156555	4091.26887819636	4058.20965951786	8833.59222392847	8626.89592133243	8854.09045363709
EFM745_00139	28.2657366969451	36.2701141684074	45.6424558283182	21.8795792275637	21.7327047142235	19.1462792125742
EFM745_00147	5.47078774779583	6.3472699794713	3.96890920246245	24.1826928304651	32.5990570713352	37.2288762466721
EFM745_00151	17.3241612013535	15.4147985215732	12.898954908003	89.8214305131561	81.0037175711966	71.2667059579151
EFM745_00155	21.8831509911833	19.0418099384139	16.8678641104654	427.227573338217	498.864358212857	463.765429815686
EFM745_00156	23.7067469071153	28.1093384805158	39.6890920246245	363.891949258427	397.11578614172	359.524576325004
EFM745_00157	84.7972100908353	73.446981191025	77.3937294480178	1748.06322460219	1834.43784792332	1872.08063411837
EFM745_00158	1.82359591593194	0	0.992227300615613	21.8795792275637	33.5869072856181	27.655736640385
EFM745_00159	1.82359591593194	4.53376427105093	5.95336380369368	301.707881980089	285.488711927754	252.092676298894
EFM745_00160	7.29438366372777	4.53376427105093	5.95336380369368	367.34661966278	383.285883141759	409.517638713393
EFM745_00161	3.64719183186388	4.53376427105093	5.95336380369368	244.130041907553	265.731707642096	229.75535055089
EFM745_00162	8.20618162169374	2.72025856263056	5.95336380369368	365.043506059878	355.626077141839	373.352444645197
EFM745_00163	3.64719183186388	3.62701141684074	2.97668190184684	248.736269113355	243.01115271359	211.672753516793
EFM745_00164	6.3825857057618	4.53376427105093	4.96113650307806	256.79716672351	306.233566427694	307.404149579664
EFM745_00165	2.73539387389791	4.53376427105093	1.98445460123123	94.427657718959	104.712122713986	75.5214346718205
EFM745_00166	16.4123632433875	13.6012928131528	16.8678641104654	955.792145204097	969.08106021151	934.976634880707
EFM745_00167	5.47078774779583	1.81350570842037	0.992227300615613	280.979859553976	251.901804642136	245.710583228036
EFM745_00168	65.6494529735499	45.3376427105093	54.5725015338587	730.087012119756	721.130656426506	670.119772440097
EFM745_00169	12.7651714115236	19.9485627926241	14.8834095092342	233.766030694496	225.229848856498	245.710583228036
EFM745_00170	37.3837162766048	37.1768670226176	26.7901371166215	914.336100351871	890.053043068879	956.250278450234
EFM745_00171	0.911797957965971	3.62701141684074	2.97668190184684	40.3044880507752	47.4168102855785	48.9293802099118
EFM745_00172	4.55898978982986	1.81350570842037	1.98445460123123	88.6698737117054	80.0158673569137	89.3493029920129
EFM745_00173	59.2668672677881	41.7106312936685	46.6346831289338	1076.70560935642	946.360505283004	1036.02644183596
EFM745_00174	24.6185448650812	21.7620685010445	20.8367733129279	458.319606977386	442.556895998732	497.803259526929
EFM745_00175	13.6769693694896	17.2283042299935	12.898954908003	240.6753715032	232.144800356478	244.646901049559
EFM745_00176	3.64719183186388	6.3472699794713	0.992227300615613	131.277475365382	106.687823142552	97.8587604198237
EFM745_00177	366.54277910232	373.582175934597	444.517830675795	333.951472420709	378.346632070345	362.715622860433
EFM745_00178	77.5028264271075	63.472699794713	65.4870018406305	660.993604032713	722.118506640789	722.240199185438
EFM745_00179	10.0297775376257	18.1350570842037	21.8290006135435	31.0920336391694	31.6112068570523	41.4836049605774
EFM745_00184	27.3539387389791	23.5755742094648	22.8212279141591	240.6753715032	250.913954427853	216.991164409174
EFM745_00185	11.8533734535576	15.4147985215732	7.9378184049249	148.550827387143	136.323329571038	119.132403989351
EFM745_00186	20.9713530332173	25.3890799178852	30.759046319084	298.253211575736	309.197117070543	271.238955511468
EFM745_00187	10.0297775376257	9.97428139631204	6.94559110430929	89.8214305131561	120.517726142512	92.540349527442
EFM745_00188	26.4421407810132	27.2025856263056	27.7823644172372	385.771528485991	410.94568914168	425.472871390538
EFM745_00189	6.3825857057618	3.62701141684074	2.97668190184684	56.4262832710853	25.684105571355	31.9104653542903
EFM745_00190	19.1477571172854	23.5755742094648	19.8445460123123	321.284347604751	261.780306784965	259.538451548228
EFM745_00191	13.6769693694896	9.06752854210186	12.898954908003	114.004123343621	118.542025713946	124.450814881732
EFM745_00192	3.64719183186388	1.81350570842037	2.97668190184684	71.3965216899446	86.9308188568939	81.9035277426785
EFM745_00193	228.861287449459	233.942236386228	205.391051227432	5606.93006626355	5321.5491043419	5196.08744185694
EFM745_00194	112.151148829814	116.064365338904	113.11391227018	2517.30316797127	2685.96473263516	2678.35172540344
EFM745_00195	77.5028264271075	64.3794526489232	91.2849116566364	1548.84389795122	1759.36123163782	1682.74520634958
EFM745_00197	23.7067469071153	21.7620685010445	21.8290006135435	589.597082342769	678.653097212342	649.909811049047
EFM745_00198	0	1.81350570842037	0.992227300615613	40.3044880507752	30.6233566427694	40.4199227821011
EFM745_00199	4.55898978982986	10.8810342505222	7.9378184049249	127.82280496103	129.408378071058	159.552326771452
EFM745_00200	51.9724836040604	33.5498556057769	21.8290006135435	1468.23492184967	1288.15667942488	1309.39276170438
EFM745_00201	62.914059099652	52.5916655441908	77.3937294480178	2062.43823139824	2001.38453413712	1751.88454795054
EFM745_00202	17.3241612013535	19.9485627926241	12.898954908003	519.352117454275	529.487714855626	552.051050629223
EFM745_00203	33.7365244447409	31.7363498973565	33.7357282209308	1084.76650696658	1087.62308592546	880.728843778413
EFM745_00204	176.888803845398	175.003300862566	167.686413804039	6422.23228169066	6127.63487919673	6399.11198571369
EFM745_00205	942.799088536814	904.939348501765	952.538208590988	4898.72263337136	4581.64929384402	4801.46135364222
EFM745_00206	47.4134938142305	64.3794526489232	65.4870018406305	2615.18549609458	2509.13954427853	2676.22436104648
EFM745_00207	263.509609852166	204.926145051502	214.321096932972	3384.42543946367	3333.00662299045	3492.06859193784
EFM745_00208	25.5303428230472	34.4566084599871	24.8056825153903	1378.41349133651	1754.4219805664	1428.52516569373
EFM745_00209	816.059172379544	809.730298809696	875.144479142971	715.116773700897	761.632515212104	757.341711075157
EFM745_00210	404.838293336891	426.173841478787	381.015283436395	385.771528485991	391.188684856022	349.951436718717
EFM745_00211	175.065207929466	177.723559425196	166.694186503423	466.380504587542	490.961556498594	441.428104067683
EFM745_00212	961.9468456541	1098.98445930275	1103.35675828456	757.724375354574	740.887660712164	740.322796219536
EFM745_00213	22815.9203021825	24341.7803712724	23691.411256799	29712.4685910315	29709.5951945578	29173.6111090707
EFM745_00214	2723.54050044436	2991.3776660394	2990.57308405546	938.518793182337	861.405386854676	836.054192282407
EFM745_00215	1469.81830824115	1547.82712213679	1642.13618251884	3622.79769736396	3055.42071277696	3155.94502353931
EFM745_00216	172.329814055569	152.334479507311	160.740822699729	480.19918620495	464.289600712956	480.784344671308
EFM745_00217	385.690536219606	454.283179959303	474.284649694263	1090.52429097383	1076.75673356834	1017.94384480186
EFM745_00218	5609.38103740666	5648.16352887525	5265.75028436706	2115.40984426497	2176.2340220652	2192.24896983975
EFM745_00219	3846.87558465843	3597.08857265181	3443.02873313618	1959.94967606912	1904.5752131374	1944.41102225476
EFM745_00220	4689.37689781899	5005.27575524023	4858.93709111466	2934.16673009643	2916.13383256308	2901.72498288347
EFM745_00221	5199.07195632197	5057.86742078442	4973.04323068545	3924.50557934405	3851.62798548897	3587.79998800071
EFM745_00222	3244.17713444293	3539.96314283657	3596.8239647316	3141.44695435756	3163.0963861338	3038.93998390692
EFM745_00223	11831.4903025664	9986.06918341678	9642.46490738253	3043.56462623425	2807.47030899196	2809.18463335603
EFM745_00224	4054.76551907467	3743.98253503386	3702.99228589747	604.567320761628	586.783027284034	625.445120944091
EFM745_00226	166.859026307773	152.334479507311	126.012867178183	135.883702571185	117.554175499663	123.387132703256
EFM745_00228	25.5303428230472	27.2025856263056	25.7979098160059	27.6373632348173	30.6233566427694	36.1651940681957
EFM745_00229	25.5303428230472	36.2701141684074	26.7901371166215	33.3951472420709	46.4289600712956	35.1015118897194
EFM745_00230	20.0595550752514	25.3890799178852	29.7668190184684	41.4560448522259	49.3925107141442	56.3751554592463
EFM745_00231	12507.1325894192	11603.7162753277	11059.3654926616	11767.7589540249	11553.8961062526	12079.1748187774
EFM745_00232	5270.19219704331	4474.82533552727	4503.71971749427	3612.43368615091	3535.51591691845	3585.67262364376
EFM745_00233	490.547301385692	497.807316961392	503.059241412116	317.829677200399	277.585910213491	316.977289185951
EFM745_00234	34.6483224027069	31.7363498973565	25.7979098160059	32.2435904406202	20.7448544999406	38.2925584251484
EFM745_00235	296.334336338941	315.549993265145	289.730371779759	1872.43135915887	1860.12195349467	2157.14745795003
EFM745_00236	61.0904631837201	68.0064640657639	62.5103199387836	468.683618190443	536.402666355606	516.949538739503
EFM745_00237	3401.91818117104	3908.1048016459	3867.70201779966	6205.73960301793	6294.58156541054	6414.00353621236
EFM745_00238	14586.9437315396	15365.8338674458	15601.7820748799	15457.346945873	14832.5709674575	14682.005109509
EFM745_00239	8432.3075152693	8304.94939171109	8474.61337455795	8849.71401914878	8856.07717104606	8522.22161395247
EFM745_00240	837.942323370728	879.55026858388	899.950161658361	844.091135463378	812.012876140531	761.596439789063
EFM745_00241	419.427060664347	393.530738727221	387.960874540705	696.691864877685	739.899810497881	686.075005117242
EFM745_00242	780.499052018871	849.627424394944	886.058979449742	540.080139880388	462.31390028439	468.020158529592
EFM745_00243	2507.44438440642	2568.83083597746	2436.91025031195	435.288470948372	438.605495141601	452.064925852446
EFM745_00244	49.2370897301624	48.96465412735	55.5647288344743	32.2435904406202	21.7327047142235	19.1462792125742
EFM745_00245	463.193362646713	408.038784394584	427.649966565329	267.161177936567	260.792456570682	258.474769369752
EFM745_00246	113.06294678778	103.369825379961	110.137230368333	133.580588968283	136.323329571038	156.361280236023
EFM745_00247	88628.5851102083	89757.6515325579	90628.0571836288	10429.6499507392	10490.9692756842	10595.3381798029
EFM745_00248	205681.559762048	199992.502771744	174992.183418471	27303.4117623966	23992.9060045027	27603.6162136396
EFM745_00250	42111.3886886584	46637.0195505925	43331.5584451844	7509.30190226014	7438.51211355012	7547.88873846814
EFM745_00251	49869.8775129908	54766.0588885868	52300.301015449	8330.36190169451	8497.48754326138	8597.74304862429
EFM745_00252	1212.69128409474	1045.48604090434	1061.68321165871	1578.78437478894	1538.08278363845	1635.94319049662
EFM745_00253	1348.54917983167	1353.78201133581	1392.0949027637	2012.92128893586	2127.82936156533	1907.18214600809
EFM745_00254	1289.28231256388	1161.55040624325	1271.0431720886	1224.10487994212	1179.49315585376	1257.27233495904
EFM745_00255	730.350164330743	618.405446571347	698.528019633392	1331.19966247703	1317.79218585337	1254.08128842361
EFM745_00256	5037.68371776199	4862.00880427502	5080.20377915194	1582.23904519329	1666.50331149523	1671.04470238634
EFM745_00257	97.5623815023589	75.2604868994454	100.214957362177	93.2761009175083	149.165382356716	139.342365380401
EFM745_00258	516.07764420874	465.164214209825	455.432330982566	323.587461207652	281.537311070622	331.86883968462
EFM745_00259	1510.84921634961	1577.74996632572	1672.89522883792	3983.23497621804	4455.20446641581	4151.55154259317
EFM745_00260	1315.7244533449	1211.42181322481	1488.34095092342	561.959719107951	648.029740569572	628.63616747952
EFM745_00262	1023.94910679579	1118.02626924116	1111.29457668949	299.404768377187	300.306465141997	297.831009973376
EFM745_00263	181.447793635228	175.910053716776	174.632004908348	170.430406614707	178.800888785202	156.361280236023
EFM745_00264	128.563512073202	140.546692402579	141.888503988033	202.673997055327	232.144800356478	199.972249553553
EFM745_00265	42.8545040244006	40.8038784394584	49.6113650307806	134.732145769734	132.371928713907	131.896590131067
EFM745_00266	299.981528170805	377.209187351437	312.551599693918	295.950097972835	327.966271141918	309.531513936616
EFM745_00267	168.682622223705	183.164076550458	174.632004908348	269.464291539468	276.598059999208	249.965311941941
EFM745_00268	720.320386793117	610.244670883455	651.893336504458	641.417138408051	638.151238426744	643.527717978188
EFM745_00269	4536.19484088071	3979.7382771285	4073.09306902709	2479.3017935234	2505.1881434214	2292.23509461652
EFM745_00270	1657.64868758214	1697.44134308147	1709.6076389607	992.64196285052	955.25115721155	939.231363594612
EFM745_00271	1424.22841034285	1059.99408657171	979.32834570761	460.622720580288	423.787741927358	419.09077831968
EFM745_00273	632.787782828384	572.161051006627	583.42965276198	252.190939517708	273.634509356359	282.939459474708
EFM745_00274	1764.32904866415	1771.7950771267	1803.86923251918	537.777026277486	508.742860355686	550.987368450746
EFM745_00275	5450.72819272058	4478.45234694411	4938.31527516391	2113.10673066207	1970.76117749436	2015.67772821267
EFM745_00276	4644.69879787866	4490.24013404884	4393.58248712593	2299.65893249709	2445.91713056442	2292.23509461652
EFM745_00277	1358.5789573693	1259.47971449795	1206.54839754859	1842.49088232115	1807.76589213768	1688.06361724196
EFM745_00278	818.794566253442	762.579150390766	814.618613805418	1129.67722222316	1093.55018721115	992.415472518429
EFM745_00279	893.561998806652	867.762481479148	855.299933130658	575.77840072536	623.3334852125	565.878918949415
EFM745_00280	5932.15751452661	6313.72012386552	6798.74146381818	3327.99915619258	3065.29921491979	3222.95700078332
EFM745_00282	7945.40740571547	8592.39004649572	8619.47856044783	12395.3574108155	12501.2444617499	12369.5600535014
EFM745_00283	537.048997241957	581.228579548729	586.406334663827	369.649733265681	344.759724784727	351.015118897194
EFM745_00284	4352.92345132955	5052.42690365915	4881.75831902882	11786.1838628481	12237.4884545364	12122.7857880949
EFM745_00285	5446.16920293075	5828.60734686307	6012.89744173061	27612.0289851854	25858.9550592831	25782.5923240881
EFM745_00286	597.227662467711	683.69165207448	712.41920184201	195.764656246622	191.64294157088	198.908567375076
EFM745_00287	10315.170298469	9525.438733478	8894.32552271835	5477.95570450107	5261.29024127065	5297.1372488122
EFM745_00288	6144.60643873268	6226.67184986135	6232.17967516666	4031.60036187897	3782.47847048917	3976.04398314458
EFM745_00289	802.382203010055	772.553431787078	823.548659510959	331.648358817807	366.49242949895	344.633025826336
EFM745_00290	1541.85034692046	1524.25154792732	1508.18549693573	1292.04673122771	1275.3146266392	1162.60462107464
EFM745_00291	445.86920144536	465.164214209825	445.51005797641	323.587461207652	331.917671999049	304.213103044235
EFM745_00292	427.63324228604	420.733324353526	357.201828221621	264.858064333666	260.792456570682	299.958374330329
EFM745_00293	14488.4695520793	14218.7915068699	14210.6793994168	19887.3859610539	20041.5051473712	19691.9481701326
EFM745_00294	8226.24117676899	7663.87512378449	7235.32147608905	5860.27256258271	5995.26295048283	5703.46384099016
EFM745_00295	17927.7714495269	17881.1662850249	16728.9522883792	8169.14394949141	8713.82674018933	8097.81242474041
EFM745_00296	7881.58154865785	7236.79452945149	7091.44851749979	2056.68044739099	2179.19757270804	1930.58315393457
EFM745_00297	1670.41385899366	1930.47682661349	1743.34336718163	7959.56061162737	7183.64675826514	7184.10943342923
EFM745_00298	1116.95249850831	1185.12598045271	1105.34121288579	3643.52571979008	3457.4757499901	3515.46959986432
EFM745_00299	2798.30793299757	2630.49003006375	2715.72612178493	4199.72765489077	3991.90271591714	4095.17638713393
EFM745_00300	28832.8750267999	29001.5832890586	27460.8827718377	45816.9904593198	44842.4726271573	46149.9786775532
EFM745_00301	1130.6294678778	1146.13560772167	1200.59503374489	693.237194473333	814.97642678338	727.55861007782
EFM745_00302	1249.16320241338	1149.76261913852	1125.1857588981	785.361738589391	858.441836211827	784.997447715542
EFM745_00303	601.786652257541	525.916655441908	521.911560123812	268.312734738018	227.205549285064	194.653838661171
EFM745_00304	1033.97888433341	901.312337084925	934.678117179907	176.18819062196	176.825188356636	179.762288162502
EFM745_00305	1080.48058018968	1196.00701470323	1161.89816902088	915.487657153322	915.737148640234	960.505007164139
EFM745_00307	156.829248770147	154.147985215732	185.54650521512	893.608077925758	936.482003140175	991.351790339953
EFM745_00308	2464.58988038202	2806.40008378053	2730.60953129417	14802.1111258476	13478.2283236757	13123.7107180411
EFM745_00309	534.313603368059	419.826571499316	480.238013497957	1689.33382772821	1913.46586506595	1958.23889057495
EFM745_00310	810.588384631748	769.833173224448	750.123839265403	526.261458262979	516.645662069949	552.051050629223
EFM745_00311	8388.54121328694	8070.10040247065	8001.3209521643	1541.93455714251	1544.00988492415	1434.90725876459
EFM745_00312	7061.87518444645	7801.70155762444	7702.660534679	664.448274437065	689.519449569454	648.84612887057
EFM745_00313	11.8533734535576	16.3215513757833	22.8212279141591	5.7577840072536	7.90280171426308	5.31841089238172
EFM745_00314	36.4719183186388	29.9228441889361	20.8367733129279	20.728022426113	23.7084051427892	18.0825970340979
EFM745_00315	15.5005652854215	14.508045667363	17.860091411081	6.90934080870432	6.9149514999802	10.6368217847634
EFM745_00316	14.5887673274555	8.16077568789167	18.8523187116966	13.8186816174086	6.9149514999802	11.7005039632398
EFM745_00317	4.55898978982986	6.3472699794713	4.96113650307806	1.15155680145072	0.987850214282885	6.38209307085807
EFM745_00318	21.8831509911833	42.6173841478787	38.6968647240089	28.788920036268	25.684105571355	31.9104653542903
EFM745_00319	41.0309081084687	32.6431027515667	44.6502285277026	20.728022426113	25.684105571355	27.655736640385
EFM745_00320	547.990572737549	634.72699794713	649.908881903226	4447.31236720268	4472.9857702729	4440.87309513874
EFM745_00321	845.236707034455	736.283317618671	955.514890492835	337.406142825061	360.565328213253	335.059886220048
EFM745_00322	2659.71464338674	2484.50282053591	2720.68725828801	1260.95469758854	1260.49687342496	1316.83853695371
EFM745_00323	1280.16433298422	1212.32856607902	1311.72449141384	1794.12549666022	1597.35379649542	1626.37005089033
EFM745_00324	855.266484572081	704.546967721314	702.496928835854	990.338849247619	925.615650783063	998.797565589288
EFM745_00325	894.473796764618	1059.0873337175	1005.12625552362	3622.79769736396	3712.34110527508	3812.23692765922
EFM745_00326	1373.16772469675	1277.61477158215	1345.46021963477	5172.79315211663	4733.77822684358	4762.10511303859
EFM745_00327	7067.34597219424	7599.49567113557	7226.39143038351	17000.433059817	16260.0145270963	16031.8177939955
EFM745_00328	3149.35014681446	2955.107551871	2951.87621933145	4693.74552271313	4432.4839114873	4405.77158324902
EFM745_00329	4008.26382321841	3545.40365996183	3571.02605491559	7044.07295447405	6620.5721361239	6629.93101844306
EFM745_00330	687.495660306342	609.337918029245	636.017699694608	1596.0577268107	1558.82763813839	1562.54912018175
EFM745_00331	440.398413697564	434.334617166679	469.323513191185	228.008246687243	209.424245427972	216.991164409174
EFM745_00335	217.919711953867	190.418099384139	172.647550307117	104.791668932015	105.699972928269	95.731396062871
EFM745_00336	38.2955142345708	20.8553156468343	30.759046319084	25.3342496319158	16.793453642809	21.2736435695269
EFM745_00337	162.300036517943	126.038646735216	128.98954908003	93.2761009175083	74.0887660712164	77.6487990287732
EFM745_00338	4.55898978982986	8.16077568789167	7.9378184049249	4.60622720580288	0	1.06368217847634
EFM745_00339	30.089332612877	43.5241370020889	36.7124101227777	27.6373632348173	24.6962553570721	18.0825970340979
EFM745_00340	29.1775346549111	29.9228441889361	26.7901371166215	16.1217952203101	16.793453642809	14.8915504986688
EFM745_00341	37.3837162766048	39.8971255852482	49.6113650307806	21.8795792275637	18.7691540713748	29.7831009973376
EFM745_00342	20.9713530332173	35.3633613141972	24.8056825153903	25.3342496319158	14.8177532142433	9.5731396062871
EFM745_00343	45.5898978982986	45.3376427105093	47.6269104295494	43.7591584551273	46.4289600712956	39.3562406036247
EFM745_00344	4.55898978982986	4.53376427105093	7.9378184049249	8.06089761015504	6.9149514999802	8.50945742781076
EFM745_00345	15.5005652854215	20.8553156468343	12.898954908003	8.06089761015504	9.87850214282885	15.9552326771452
EFM745_00346	30.089332612877	44.4308898562991	43.658001227087	61.0325104768881	43.4654094284469	45.7383336744828
EFM745_00347	82.9736141749034	93.3955439836491	82.3548659510959	69.0934080870432	65.1981141426704	63.8209307085807
EFM745_00348	485.988311595863	554.932746776634	532.826060430584	356.982608449723	374.395231213213	419.09077831968
EFM745_00349	68.3848468474478	68.9132169199741	63.5025472393992	185.400645033566	155.092483642413	199.972249553553
EFM745_00350	158.652844686079	126.945399589426	140.896276687417	137.035259372636	131.384078499624	156.361280236023
EFM745_00351	173.241612013535	176.816806570986	169.67086840527	128.974361762481	113.602774642532	121.259768346303
EFM745_00352	144.975875316589	166.842525174674	141.888503988033	85.2152033073533	78.0401669283479	89.3493029920129
EFM745_00353	270.803993515893	274.746114825686	266.9091438656	153.157054592946	135.335479356755	144.660776272783
EFM745_00354	337.365244447409	306.482464723043	346.287327914849	146.247713784241	142.250430856735	134.023954488019
EFM745_00355	6756.42286852785	8450.93660123893	8630.3930607546	4871.08527013654	5113.11270912821	4778.06034571574
EFM745_00356	4753.20275487661	4511.09544969567	4408.46589663517	3705.70978706842	3693.57195120371	3572.90843750204
EFM745_00357	1325.75423088252	1194.19350899481	1166.85930552396	594.203309548571	539.366216998455	556.305779343128
EFM745_00358	299.981528170805	287.440654784629	318.504963497612	209.583337864031	186.703690499465	197.8448851966
EFM745_00359	282.657366969451	284.720396221998	235.1578702459	140.489929776988	154.10463342813	144.660776272783
EFM745_00360	169.594420181671	207.646403614133	177.608686810195	70.2449648884939	57.2953124284073	64.884612887057
EFM745_00361	496.929887091454	476.045248460348	514.965969019503	476.744515800598	467.253151355805	476.529615957402
EFM745_00362	497.84168504942	524.103149733487	529.849378528737	555.050378299247	495.900807570008	536.095817952078
EFM745_00363	286.304558801315	349.099848870922	321.481645399459	251.039382716257	243.01115271359	263.793180262133
EFM745_00364	257.127024146404	246.636776345171	266.9091438656	169.278849813256	184.7279900709	165.93441984231
EFM745_00365	56.5314733938902	59.8456883778723	68.4636837424773	21.8795792275637	26.6719557856379	28.7194188188613
EFM745_00366	103.033169250155	116.064365338904	92.277138957252	103.640112130565	84.9551184283281	92.540349527442
EFM745_00367	20.0595550752514	18.1350570842037	15.8756368098498	18.4249088232115	15.8056034285262	28.7194188188613
EFM745_00368	14.5887673274555	18.1350570842037	17.860091411081	14.9702384188594	9.87850214282885	13.8278683201925
EFM745_00369	2780.98377179621	2538.00123893431	2688.93598466831	1257.50002718419	1219.99501463936	1170.05039632398
EFM745_00370	1381.37390631845	1384.61160837895	1494.29431472711	499.775651829612	554.183970212698	557.369461521605
EFM745_00371	82.9736141749034	95.2090496920695	83.3470932517115	218.795792275637	226.217699070781	242.519536692607
EFM745_00372	3610.71991354525	3909.91830735432	3931.20456503906	2308.87138690869	2577.30120906405	2585.81137587599
EFM745_00373	157.741046728113	178.630312279407	192.492096319429	125.519691358128	116.56632528538	117.005039632398
EFM745_00374	17.3241612013535	16.3215513757833	28.7745917178528	24.1826928304651	18.7691540713748	22.3373257480032
EFM745_00375	9.11797957965971	3.62701141684074	7.9378184049249	16.1217952203101	15.8056034285262	13.8278683201925
EFM745_00376	62.002261141686	57.1254298152417	61.518092638168	856.758260279336	802.134373997703	1196.64245078589
EFM745_00377	7.29438366372777	5.44051712526112	8.93004570554052	442.197811757076	392.176535070305	523.331631810362
EFM745_00378	245.273650692846	252.077293470432	260.955780061906	264.858064333666	244.986853142155	242.519536692607
EFM745_00379	776.851860187007	728.122541930779	789.812931290028	134.732145769734	150.153232570999	141.469729737354
EFM745_00380	1132.45306379374	1075.40888509328	1054.7376205544	1014.52154207808	1043.16982628273	1003.05229430319
EFM745_00381	1601.11721418825	1442.64379104841	1420.86949448156	1263.25781119144	1341.50059099616	1208.34295474913
EFM745_00382	131.2989059471	135.106175277318	111.129457668949	99.0338849247619	53.3439115712758	63.8209307085807
EFM745_00383	1376.81491652862	1387.33186694158	1323.63121902123	1167.67859667103	1136.02774642532	1079.63741115349
EFM745_00384	42009.2673173662	43423.4874352716	38630.3854948677	1958.79811926767	2008.2994856371	1992.27672028619
EFM745_00385	32270.3533283317	29367.9114421595	29664.619606505	1810.24729188053	1702.06591920941	1584.88644592975
EFM745_00386	1028.50809658562	933.048686982281	953.530435891604	506.684992638317	487.998005855745	478.656980314355
EFM745_00387	21522.9907977868	21289.650264001	20693.8925816392	7223.71581550037	7356.52054576464	7142.62582846865
EFM745_00389	7754.84163250059	7622.16449249082	7649.08026044576	40829.5979522367	42088.3462297366	42662.1648143292
EFM745_00390	1205.39690043101	1233.18388172585	1340.49908313169	420.318232529513	432.678393855904	479.720662492831
EFM745_00391	5405.13829482228	4481.17260550674	4564.24558283182	2204.07971797668	2128.81721177962	2127.36435695269
EFM745_00392	4358.39423907734	4786.74831737557	3814.12174356642	2217.89839959409	2169.31907056522	2149.70168270069
EFM745_00393	5731.5619637741	5989.10260205828	5809.49084510441	1650.18089647888	1826.53504620905	1718.91040041777
EFM745_00394	5053.18428304741	4795.81584591767	4626.7559027706	1039.85579171	1083.67168506832	1045.59958144225
EFM745_00395	434.927625949768	442.495392854571	492.144741105344	619.537559180487	541.341917427021	466.956476351115
EFM745_00396	1394.13907772997	1596.79177626414	1531.00672484989	369.649733265681	413.909239784529	411.645003070345
EFM745_00397	88.4444019226992	73.446981191025	87.3160024541739	89.8214305131561	85.942968642611	86.1582564565839
EFM745_00399	7720.19331009788	7582.26736690557	7817.75890155041	3869.23085287442	4396.92130377312	4263.23817133319
EFM745_00431	35228.2259039733	37709.130948039	36037.6955583591	16826.5479827979	17163.8974731651	17202.9318724979
EFM745_00432	2901.34110224772	2886.19433495102	2918.14049111052	1705.45562294852	1575.6210917812	1506.1739647225
EFM745_00433	3328.0625465758	3101.09476139884	2831.81671595696	1082.46339336368	1130.10064513962	1099.84737254454
EFM745_00434	30855.2428975685	23898.3782255637	24074.4109948366	31991.3995011024	30910.8210551258	31453.0820175455
EFM745_00435	5988.6889879205	5656.32430456314	5220.10782853874	4449.61548080558	4304.06338363053	4263.23817133319
EFM745_00436	2505.62078849049	2090.06532895448	2340.66420215223	2372.20701098848	2211.79662977938	2281.59827283176
EFM745_00437	7463.97808390944	8323.9912016495	8215.64204909727	8238.23735757845	8703.9482380465	8646.6724288342
EFM745_00438	3434.74290765781	3397.60294472557	3657.34983006915	3823.16858081639	3604.66543191825	3711.18712070397
EFM745_00439	1006.62494559443	975.66607113016	886.058979449742	482.502299807852	372.419530784648	447.810197138541
EFM745_00440	2336.93816626678	2089.15857610027	2323.79633804177	1038.70423490855	1048.10907735414	978.587604198237
EFM745_00441	10066.2494559443	9674.14620156847	9270.37966965167	5616.14252067516	5460.83598455579	5440.7343429065
EFM745_00442	722.143982709049	682.78489922027	690.590201228467	306.314109185891	288.452262570602	293.576281259471
EFM745_00443	69722.4544517839	78275.4401396943	78002.9570105958	21568.658891172	22055.731734294	21683.1612082403
EFM745_00444	4087.59024556145	4152.02131942844	4270.5463018496	3754.07517272935	3814.08967734622	4006.89076632039
EFM745_00445	2262.17073371357	1855.21633971404	1857.44950675243	1862.06734794581	1628.96500335248	1732.73826873797
EFM745_00446	316.393891414192	304.668959014622	310.567145092687	142.793043379889	130.396228285341	154.23391587907
EFM745_00447	2310.49602548577	2440.97868353382	2384.32220337932	3805.89522879463	3785.44202113202	3660.1303761371
EFM745_00448	63812.1800882485	66059.6656877747	66224.2267249878	261539.277631885	264420.830407743	259326.778794711
EFM745_00449	1105.09912505476	990.174116797523	1311.72449141384	982.277951637464	1162.69970221096	1098.78369036606
EFM745_00450	5210.92532977553	4878.3303556508	4814.28686258695	6210.34583022373	5974.51809598289	5785.36736873284
EFM745_00451	3350.85749552494	2979.58987893467	2945.92285552775	5298.31284347476	4762.42588305779	4954.63158734281
EFM745_00452	1022.12551087985	1079.94264936433	1115.26348589195	1840.18776871825	1806.7780419234	1814.64179648064
EFM745_00453	3699.16431546795	3672.34905955125	3553.16596350451	6763.09309492008	6420.03854262447	6068.30682820755
EFM745_00454	18264.2248960164	18281.9510465858	18303.6170144562	15178.6701999219	14655.7457791009	14781.9912342858
EFM745_00455	6750.95208078005	6741.70747105273	6367.12258805039	4547.49780892889	4505.58482734424	4413.21735849835
EFM745_00456	6651.56610336176	6098.81969741771	6083.34558007432	4714.47354513925	4673.51936377233	4671.6921278681
EFM745_00457	3974.52729877367	3736.72851220018	3566.06491841251	2529.97029278723	2400.47602070741	2452.85110356645
EFM745_00458	1984.07235653395	1797.18415704459	1724.49104846994	1757.2756790138	1610.1958492811	1592.33222117909
EFM745_00459	5006.68258719115	4505.65493257041	4569.2067193349	4569.37738815646	4447.30166470155	4488.73879317017
EFM745_00460	5070.50844424877	4965.37862965498	4388.62135062286	10892.5757849224	10466.2730203272	10462.3779074933
EFM745_00461	10396.320316728	9458.33902226645	9150.32016627718	18960.3827358861	18067.780419234	16802.9873733908
EFM745_00462	891.73840289072	765.299408953397	799.735204296184	637.962468003699	601.600780498277	576.515740734179
EFM745_00463	1883.7745811577	1819.85297839984	1702.66204785639	1402.59618416698	1347.42769228186	1332.79376963086
EFM745_00464	531.578209494161	376.302434497227	379.030828835164	386.923085287442	349.698975856141	345.696708004812
EFM745_00465	768.645678565314	746.257599014983	711.426974541394	688.63096726753	630.248436712481	682.883958581813
EFM745_00466	2979.75572663279	2857.1782436163	2868.52912607974	7625.60913920667	7218.22151576504	7761.68885634189
EFM745_00467	789.617031598531	618.405446571347	588.390789265058	1758.42723581525	1768.25188356636	1723.16512913168
EFM745_00469	8600.99013749301	8391.09091286106	9007.43943498853	6229.92229584839	6372.62173233889	5827.91465587189
EFM745_00470	12518.0741649148	13316.5724169308	12763.0197678186	8363.75704893658	8636.77442347526	8235.02742576386
EFM745_00471	3660.86880123337	3829.21730332961	3629.56746565191	2270.87001246082	2281.93399499346	2103.96334902621
EFM745_00472	629.14059099652	557.653005339264	682.652382823542	282.131416355426	273.634509356359	327.614110970714
EFM745_00473	815.147374421578	796.129005996543	858.276615032505	412.257334919358	452.435398141561	425.472871390538
EFM745_00474	1569.20428565944	1780.8626056688	1797.91586871549	510.139663042669	533.439115712758	537.159500130554
EFM745_00475	4087.59024556145	3893.59675597854	3800.2305613578	3924.50557934405	3788.40557177486	3943.06983561181
EFM745_00476	4982.97584028403	4991.67446242707	4812.30240798572	5511.35085174314	5489.48364076999	5521.5741884707
EFM745_00477	1337.60760433608	1798.99766275301	1563.75022577021	1426.77887699744	1467.94541842437	1464.69035976193
EFM745_00478	20448.8928033028	19256.7103648617	20177.9343853191	31696.6009599311	30303.2931733418	31746.658298805
EFM745_00479	14840.4235638541	13514.2445391486	13690.7522938942	15884.5745192112	16178.0229593108	16328.5851217904
EFM745_00480	3098.28946116837	2937.879247641	3025.301039577	1455.56779703371	1440.28561242445	1397.67838251792
EFM745_00481	3820.43344387742	3979.7382771285	4085.99202393509	2957.19786612545	2864.76562142037	2788.97467196498
EFM745_00482	5555.58495788666	4962.65837109235	5136.76073528703	4349.43003907937	4069.94288284549	4083.47588317069
EFM745_00483	2622.33092711013	2596.03342160376	2620.47230092583	2213.29217238828	2376.76761556462	2226.28679955099
EFM745_00484	1601.11721418825	1472.56663523734	1483.37981442034	1178.04260788409	1204.18941121084	1142.39465968359
EFM745_00485	2205.63926031968	2151.72452304077	2010.25251104723	2488.51424793501	2256.24988942211	2398.60331246416
EFM745_00486	1097.80474139103	984.733599672262	1003.14180092238	1500.47851229029	1488.69027292431	1446.60776272783
EFM745_00487	3102.8484509582	2924.27795482785	3012.402084669	6183.86002379036	6383.488084696	5780.04895784046
EFM745_00488	79.3264223430395	92.488791129439	86.3237751535583	12.6671248159579	9.87850214282885	8.50945742781076
EFM745_00489	2853.01581047552	2460.02049347223	2430.95688650825	1199.92218711165	1069.84178206836	1173.24144285941
EFM745_00490	3483.97999738798	4483.89286406937	3958.9869294563	1924.25141522415	1824.55934578049	1894.41795986637
EFM745_00491	1597.47002235638	1790.83688706512	1709.6076389607	573.475287122458	615.430683498237	577.579422912655
EFM745_00492	5766.2102861768	6106.9804731056	5817.42866350934	1956.49500566477	1985.5789307086	1897.6090064018
EFM745_00493	2132.69542368241	1985.78875072031	2033.07373896139	994.945076453422	903.88294606884	884.983572492319
EFM745_00495	17291.3364748667	18800.613679194	18376.0496074011	13719.6477324839	13458.47131939	12828.0070724247
EFM745_00496	3561.48282381508	3534.5226257113	3424.17641442448	4388.58297032869	4183.54565748802	4421.72681592616
EFM745_00497	6143.69464077471	5335.33379417273	5099.05609786363	5106.00285763249	4918.50621691448	4878.04647049252
EFM745_00498	2005.95550752514	1888.76619531982	1773.1101862001	1698.54628213981	1826.53504620905	1738.05667963035
EFM745_00499	1565.55709382757	1531.505570761	1592.52481748806	1415.26330898293	1380.02674935319	1361.51318844972
EFM745_00500	4516.13528580546	4401.37835433624	4429.3026699481	3903.77755691794	3841.74948334614	3545.25270086166
EFM745_00501	1928.45268109803	2082.8113061208	1970.56341902261	1379.56504813796	1387.92955106745	1325.34799438153
EFM745_00502	537.960795199923	380.836198768278	407.805420553017	898.214305131561	915.737148640234	941.358727951565
EFM745_00503	26.4421407810132	26.2958327720954	29.7668190184684	8.06089761015504	4.93925107141442	6.38209307085807
EFM745_00504	4.55898978982986	1.81350570842037	1.98445460123123	1.15155680145072	0	1.06368217847634
EFM745_00505	869.855251899537	808.823545955486	817.595295707265	1753.82100860945	1759.36123163782	1809.32338558826
EFM745_00506	344.659628111137	354.540365996183	437.572239571485	65.638737682691	69.149514999802	61.693566351628
EFM745_00507	268.980397599962	287.440654784629	282.78478067545	495.16942462381	474.168102855785	513.758492204074
EFM745_00508	344.659628111137	393.530738727221	415.743238957942	139.338372975537	108.663523571117	140.406047558877
EFM745_00509	352.865809732831	378.115940205647	365.139646626546	86.366760108804	100.760721856854	99.9861247767764
EFM745_00510	620.02261141686	631.099986530289	629.072108590299	101.336998527663	95.8214707854398	91.4766673489656
EFM745_00511	15837.018731911	15498.2197841605	15595.8287110762	5845.30232416385	5637.66117291242	5739.62903505835
EFM745_00512	474.134938142305	394.437491581431	451.463421780104	2026.73997055327	1951.0041732087	2056.09765099477
EFM745_00513	69.2966448054138	72.5402283368149	72.4325929449397	71.3965216899446	71.1252154283677	61.693566351628
EFM745_00514	303.628720002668	337.312061766189	353.232919019158	244.130041907553	214.363496499386	240.392172335654
EFM745_00515	1106.01092301272	1216.86233035007	1144.0380776098	223.40201948144	192.630791785163	197.8448851966
EFM745_00516	1488.96606535843	1573.21620205467	1555.81240736528	244.130041907553	288.452262570602	257.411087191275
EFM745_00517	8.20618162169374	7.25402283368149	14.8834095092342	14.9702384188594	13.8299029999604	14.8915504986688
EFM745_00518	123.092724325406	126.038646735216	127.005094478798	168.127293011805	161.01958492811	182.953334697931
EFM745_00519	352.865809732831	351.820107433552	358.194055522236	426.076016536766	393.164385284588	454.192290209399
EFM745_00520	196.036560962684	187.697840821508	175.624232208963	1463.62869464386	1390.8931017103	1257.27233495904
EFM745_00521	189.653975256922	200.392380780451	176.616459509579	284.434529958328	249.92610421357	251.028994120417
EFM745_00522	69.2966448054138	67.0997112115538	95.2538208590988	119.761907350875	140.27473042817	149.979187165165
EFM745_00523	3.64719183186388	1.81350570842037	6.94559110430929	3.45467040435216	3.95140085713154	1.06368217847634
EFM745_00524	489.635503427727	440.68188714615	591.367471166905	160.06639540165	137.311179785321	127.641861417161
EFM745_00525	494.194493217556	452.469674250883	414.751011657326	81.7605329030011	104.712122713986	140.406047558877
EFM745_00526	950.093472200542	1001.96190390226	941.623708284217	1034.09800770275	981.923112997188	1043.47221708529
EFM745_00527	3230.50016507344	3333.22349207664	3194.97190798227	792.271079398095	675.689546569493	707.348648686769
EFM745_00528	569.873723728732	509.595104066124	566.561788651515	453.713379771584	457.374649212976	456.319654566352
EFM745_00529	2775.51298404842	2656.78586283584	2576.81429969875	1137.73811983331	1062.92683056838	1017.94384480186
EFM745_00530	25.5303428230472	27.2025856263056	37.7046374233933	70.2449648884939	81.9915677854794	70.2030237794387
EFM745_00531	776.851860187007	772.553431787078	755.084975768481	2375.66168139283	2550.62925327841	2422.00432039064
EFM745_00532	1251.89859628728	1164.27066480588	1081.52775767102	994.945076453422	1041.19412585416	974.332875484332
EFM745_00533	586.28608697212	504.154586940863	485.199150001035	470.986731793344	454.411098570127	466.956476351115
EFM745_00534	77.5028264271075	78.8874983162862	66.4792291412461	199.219326650975	210.412095642254	227.627986193938
EFM745_00535	296.334336338941	267.492091992005	271.870280368678	766.936829766179	882.150241354616	797.761633857258
EFM745_00536	4.55898978982986	6.3472699794713	3.96890920246245	1.15155680145072	0.987850214282885	1.06368217847634
EFM745_00537	117.62193657761	136.012928131528	135.935140184339	80.6089761015504	86.9308188568939	102.113489133729
EFM745_00538	3.64719183186388	5.44051712526112	4.96113650307806	8.06089761015504	12.8420527856775	12.7641861417161
EFM745_00539	6.3825857057618	5.44051712526112	4.96113650307806	14.9702384188594	8.89065192854596	10.6368217847634
EFM745_00540	5.47078774779583	3.62701141684074	9.92227300615613	5.7577840072536	7.90280171426308	8.50945742781076
EFM745_00541	99.3859774182909	123.318388172585	109.145003067717	127.82280496103	99.7728716425714	105.304535669158
EFM745_00545	58.3550693098222	47.1511484189297	46.6346831289338	49.5169424623809	35.5626077141839	43.6109693175301
EFM745_00546	1314.81265538693	1210.5150603706	1208.53285214982	2923.80271888338	2940.83008792015	2903.85234724042
EFM745_00547	100.297775376257	111.530601067853	99.2227300615613	208.43178106258	241.035452285024	242.519536692607
EFM745_00548	5.47078774779583	3.62701141684074	2.97668190184684	9.21245441160576	5.92710128569731	8.50945742781076
EFM745_00549	7.29438366372777	6.3472699794713	3.96890920246245	13.8186816174086	13.8299029999604	15.9552326771452
EFM745_00550	1.82359591593194	0	3.96890920246245	4.60622720580288	7.90280171426308	9.5731396062871
EFM745_00551	6.3825857057618	14.508045667363	7.9378184049249	10.3640112130565	8.89065192854596	21.2736435695269
EFM745_00552	4.55898978982986	3.62701141684074	6.94559110430929	2.30311360290144	0	3.19104653542903
EFM745_00556	30.089332612877	21.7620685010445	22.8212279141591	6.90934080870432	14.8177532142433	10.6368217847634
EFM745_00558	16.4123632433875	21.7620685010445	17.860091411081	12.6671248159579	19.7570042856577	15.9552326771452
EFM745_00559	39.2073121925368	35.3633613141972	39.6890920246245	41.4560448522259	21.7327047142235	37.2288762466721
EFM745_00560	40.1191101505027	33.5498556057769	51.5958196320119	14.9702384188594	11.8542025713946	12.7641861417161
EFM745_00561	109.415754955917	121.504882464165	136.927367484955	49.5169424623809	43.4654094284469	59.5662019946753
EFM745_00562	857.090080488013	920.354147023339	915.825798468211	398.438653301949	394.152235498871	344.633025826336
EFM745_00563	606.345642047371	646.514785051862	617.165380982911	280.979859553976	269.683108499228	227.627986193938
EFM745_00564	119.445532493542	139.639939548369	136.927367484955	48.3653856609302	48.4046604998614	56.3751554592463
EFM745_00565	183.27138955116	214.900426447814	199.437687423738	48.3653856609302	57.2953124284073	64.884612887057
EFM745_00566	108.503956997951	91.5820382752288	96.2460481597144	43.7591584551273	48.4046604998614	43.6109693175301
EFM745_00567	2326.90838872916	2399.26805224015	2510.3350705575	1205.6799711189	1248.64267085357	1137.07624879121
EFM745_00568	76.5910284691416	106.996836796802	85.3315478529427	62.1840672783389	71.1252154283677	45.7383336744828
EFM745_00569	198.771954836582	200.392380780451	183.562050613888	115.155680145072	107.675673356834	105.304535669158
EFM745_00570	10.0297775376257	14.508045667363	9.92227300615613	16.1217952203101	24.6962553570721	19.1462792125742
EFM745_00571	6.3825857057618	7.25402283368149	3.96890920246245	23.0311360290144	32.5990570713352	26.5920544619086
EFM745_00572	110.327552913883	114.250859630483	123.036185276336	32.2435904406202	41.4897089998812	49.9930623883882
EFM745_00573	23.7067469071153	24.482327063675	49.6113650307806	4.60622720580288	6.9149514999802	8.50945742781076
EFM745_00574	138.593289610828	167.749278028884	143.872958589264	55.2747264696346	48.4046604998614	40.4199227821011
EFM745_00575	975.623815023589	905.846101355976	890.027888652205	354.679494846822	319.075619213372	344.633025826336
EFM745_00576	21.8831509911833	24.482327063675	31.7512736196996	9.21245441160576	7.90280171426308	14.8915504986688
EFM745_00577	33.7365244447409	30.8295970431463	39.6890920246245	67.9418512855925	54.3317617855587	73.3940703148678
EFM745_00578	758.615901027688	700.919956304474	719.364792946319	1060.58381413611	1030.32777349705	1047.7269457992
EFM745_00579	55.6196754359242	58.9389355236621	39.6890920246245	33.3951472420709	39.5140085713154	44.6746514960065
EFM745_00580	431.280434117904	467.884472772456	416.735466258557	626.446899989192	631.236286926763	628.63616747952
EFM745_00581	31.912928528809	31.7363498973565	39.6890920246245	39.1529312493245	46.4289600712956	56.3751554592463
EFM745_00582	206.06633850031	213.086920739394	213.328869632357	310.920336391694	291.415813213451	273.366319868421
EFM745_00583	20.0595550752514	12.6945399589426	14.8834095092342	21.8795792275637	20.7448544999406	18.0825970340979
EFM745_00584	89.3561998806652	85.2347682957575	89.3004570554052	92.1245441160576	123.481276785361	85.0945742781076
EFM745_00585	283.569164927417	272.025856263056	303.621553988378	350.073267641019	381.310182713194	351.015118897194
EFM745_00586	115.798340661678	97.9293082547001	147.841867791726	170.430406614707	203.497144142274	202.099613910505
EFM745_00587	49.2370897301624	42.6173841478787	51.5958196320119	76.0027488957475	77.052316714065	52.1204267453409
EFM745_00588	43.7663019823666	39.8971255852482	39.6890920246245	65.638737682691	74.0887660712164	67.0119772440097
EFM745_00589	25.5303428230472	33.5498556057769	26.7901371166215	17.2733520217608	20.7448544999406	17.0189148556215
EFM745_00590	175.065207929466	219.434190718865	199.437687423738	230.311360290144	254.865355284984	260.602133726704
EFM745_00591	9.11797957965971	16.3215513757833	11.9067276073874	25.3342496319158	21.7327047142235	21.2736435695269
EFM745_00592	38.2955142345708	39.8971255852482	26.7901371166215	72.5480784913953	57.2953124284073	58.502519816199
EFM745_00593	481.429321806033	489.6465412735	503.059241412116	878.637839506899	833.745580854755	821.162641783738
EFM745_00594	271.715791473859	222.154449281496	237.142324847131	479.047629403499	496.888657784291	513.758492204074
EFM745_00595	62.914059099652	66.1929583573436	75.4092748467866	110.549452939269	161.01958492811	130.83290795259
EFM745_00597	385.690536219606	402.598267269322	396.890920246245	590.748639144219	594.685828998297	552.051050629223
EFM745_00599	198.771954836582	196.76536936361	230.196733742822	393.832426096146	400.079336784568	348.887754540241
EFM745_00600	32711.6635399872	30889.4427315242	35426.4835411798	4008.56922584996	4270.47647634491	4047.31068910249
EFM745_00601	52853.2804314555	54074.2064608244	59047.4466596351	3438.54860913185	3360.66642899037	3455.90339786964
EFM745_00602	17574.9056397941	21113.7402102842	20171.9810215154	18351.2091879187	18828.4250842318	18644.2212243334
EFM745_00603	1052.21484349273	1043.67253519592	1053.74539325378	978.823281233112	930.554901854478	981.778650733666
EFM745_00604	109.415754955917	72.5402283368149	113.11391227018	65.638737682691	61.2467132855389	48.9293802099118
EFM745_00605	170.506218139637	146.89396238205	151.810776994189	2030.19464095762	1718.85937285222	1632.75214396119
EFM745_00606	40.1191101505027	49.8714069815602	62.5103199387836	23.0311360290144	20.7448544999406	19.1462792125742
EFM745_00607	129.475310031168	107.903589651012	141.888503988033	51.8200560652824	32.5990570713352	36.1651940681957
EFM745_00608	62.002261141686	78.8874983162862	77.3937294480178	49.5169424623809	42.477559214164	49.9930623883882
EFM745_00609	14.5887673274555	19.0418099384139	15.8756368098498	12.6671248159579	10.8663523571117	12.7641861417161
EFM745_00610	6.3825857057618	8.16077568789167	6.94559110430929	4.60622720580288	3.95140085713154	4.25472871390538
EFM745_00611	11.8533734535576	16.3215513757833	4.96113650307806	4.60622720580288	5.92710128569731	4.25472871390538
EFM745_00612	18.2359591593194	18.1350570842037	17.860091411081	8.06089761015504	8.89065192854596	6.38209307085807
EFM745_00613	25.5303428230472	29.9228441889361	33.7357282209308	16.1217952203101	15.8056034285262	10.6368217847634
EFM745_00614	14.5887673274555	17.2283042299935	13.8911822086186	8.06089761015504	11.8542025713946	17.0189148556215
EFM745_00615	31.001130570843	37.1768670226176	29.7668190184684	11.5155680145072	15.8056034285262	17.0189148556215
EFM745_00616	1241.86881874965	1332.01994283476	1227.38517086151	1412.96019538003	1348.41554249614	1326.41167656
EFM745_00617	68034.7164315889	62191.458011714	64672.383226825	31485.8660652656	30454.4342561271	30489.3859638459
EFM745_00618	68594.56037778	64145.510412537	66317.4960912457	33647.3381815886	32074.508607551	32064.6992701694
EFM745_00621	476.870332016203	466.977719918246	479.245786197341	396.135539699048	441.56904578445	387.180312965389
EFM745_00622	206.06633850031	205.832897905712	195.468778221276	150.853940990044	183.740139856617	154.23391587907
EFM745_00623	341.012436279273	363.607894538284	296.675962884068	386.923085287442	398.103636356003	374.416126823673
EFM745_00624	1837.27288530143	2012.99133634661	1915.99091748875	2630.15573451344	2623.73016913534	2490.07997981312
EFM745_00625	1647.61891004451	1594.07151770151	1417.89281257971	2965.2587637356	2635.58437170674	2623.04025212267
EFM745_00626	10655.2709367903	10742.3010638281	10261.6147429667	2867.37643561229	2775.85910213491	2707.0711442223
EFM745_00627	1799.88916902483	1963.11992936505	2059.86387607801	1254.04535677983	1260.49687342496	1285.9917537779
EFM745_00628	805.117596883953	700.013203450263	790.805158590643	420.318232529513	408.969988713114	404.199227821011
EFM745_00629	775.028264271075	826.95860303969	790.805158590643	390.377755691794	400.079336784568	396.753452571677
EFM745_00630	6504.76663212924	6115.14124879349	6122.04244479833	3025.13971741104	3080.11696813404	3832.44688905027
EFM745_00631	7761.22421820635	6826.94223934849	7081.52624449363	7306.62790520482	7235.01496940785	8475.41959809951
EFM745_00632	1472.55370211504	1468.9396238205	1404.00163037109	1213.74086872906	1159.73615156811	1255.14497060209
EFM745_00633	245.273650692846	252.984046324642	266.9091438656	73.6996352928461	58.2831626426902	85.0945742781076
EFM745_00634	7443.91852883419	7220.47297807571	7320.65302394199	4227.36501812559	3985.97561463144	4133.46894555908
EFM745_00635	6003.27775524795	5801.40476123677	5703.32252393854	2501.18137275096	2246.37138727928	2612.4034303379
EFM745_00636	4183.32903114788	4991.67446242707	4648.58490338415	1118.16165420865	1035.26702456846	1120.05733393559
EFM745_00637	9098.83182254243	9710.41631573688	9435.08940155386	17701.7311519005	17895.8944819487	18297.4608341501
EFM745_00638	651.93553994567	705.453720575525	839.424296320808	1220.65020953776	1103.42868935398	1164.7319854316
EFM745_00651	2550.29888843082	2178.02035581287	2115.42860491249	2184.50325235202	1992.49388220858	2122.04594606031
EFM745_00652	1461.61212661945	1298.47008722899	1399.04049386801	2106.19738985337	1995.45743285143	1940.15629354085
EFM745_00653	5120.65733193689	4693.35277339192	4820.24022639065	2734.94740344546	2779.81050299204	2558.15563923561
EFM745_00654	15233.4084837375	14024.7463960689	14169.9980800916	33668.0662040147	33114.7148831909	32757.1563683575
EFM745_00655	6269.52275897402	6416.18319639127	6572.51363927782	3736.80182070759	3686.65699970373	3680.34033752815
EFM745_00656	10622.4462103036	9954.33283351942	9725.81200063424	6252.95343187741	6335.08342419614	6541.64539762952
EFM745_00657	968.329431359861	777.993948912339	890.027888652205	646.023365613854	581.843776212619	576.515740734179
EFM745_00658	4457.78021649563	3743.98253503386	4035.3884316037	2255.89977404196	2234.51718470789	2258.19726490528
EFM745_00659	3472.12662393442	3557.19144706656	3422.19195982325	1361.14013931475	1366.19684635323	1295.56489338419
EFM745_00660	1981.33696266006	2064.67624903659	2118.40528681433	763.482159361827	708.288603640828	674.374501154002
EFM745_00661	8414.07155610998	8599.6440693294	8611.5407420429	3279.63377053165	3224.34309941934	3276.14110970714
EFM745_00662	4770.52691607796	4111.21744098898	4133.61893436464	1480.90204666563	1400.77160385313	1339.17586270172
EFM745_00663	120.357330451508	151.427726653101	119.067276073874	21.8795792275637	31.6112068570523	22.3373257480032
EFM745_00664	5704.20802503512	5542.07344493266	5649.7422497053	4514.10266168682	4397.9091539874	4150.4878604147
EFM745_00665	6057.98563272591	6259.31495261291	6228.2107659642	2219.04995639554	2246.37138727928	2050.77924010239
EFM745_00666	1922.98189335023	1537.85284074048	1624.27609110776	519.352117454275	488.985856070028	463.765429815686
EFM745_00667	1004.8013496785	1179.68546332745	1456.58967730372	234.917587495947	305.245716213411	268.047908976039
EFM745_00668	9996.04101318094	9820.13341109631	9637.50377087945	7753.4319441677	7798.08959154909	7866.99339201104
EFM745_00669	4845.29434863117	5141.28868337175	5086.15714295563	4363.24872069678	4542.1352852727	4314.29491590005
EFM745_00670	1069.53900469408	1073.59537938486	1185.71162423566	802.635090611152	911.785747783103	867.964657636697
EFM745_00671	6743.65769711632	6197.65575852662	6500.08104633288	4337.91447106486	4180.58210684517	4021.78231681906
EFM745_00672	17280.3948993711	15996.0271011219	16048.2843601569	10469.9544387899	10117.5618946853	9655.04313402978
EFM745_00673	38983.9216928351	36750.6931811388	34324.1190101959	23722.0701098848	22934.9184250057	22864.9121085275
EFM745_00674	12783.4073706829	11490.3721685515	12705.4705843829	3697.64888945826	3833.84668163188	3876.0578583678
EFM745_00675	34958.3337084153	30793.3269289779	30735.2328638692	16915.2178565096	14534.2402027441	15706.3310473817
EFM745_00676	9864.74210723384	11768.745294794	13211.5065076969	3598.6150045335	4049.19802834555	4158.99731784251
EFM745_00677	4840.73535884134	4620.81254505511	4412.43480583763	4745.56557877842	4435.44746213015	4852.51809820908
EFM745_00678	2644.21407810132	2548.88227318483	2480.56825153903	2219.04995639554	2164.3798194938	2079.49865892125
EFM745_00679	4014.64640892417	3918.07908304221	3851.82638098981	2178.74546834476	2240.44428599358	2101.83598466926
EFM745_00680	11044.6086648418	10691.5229039923	10396.5576558504	34998.1143096903	35091.4031619709	34052.7212617417
EFM745_00681	6040.66147152456	5003.46224953181	4793.45008927403	2938.77295730224	2787.7133047063	2754.93684225373
EFM745_00682	10347.0832269978	10430.3780819798	10513.640477323	2561.0623264264	2491.35824042144	2546.45513527237
EFM745_00683	1726.94533238755	2113.64090316394	1917.97537208998	3067.74731906472	3120.61882691963	3281.45952059952
EFM745_00684	1158.89520457475	1274.89451301952	1270.05094478798	3364.848973839	3132.47302949103	3384.63669191173
EFM745_00685	1074.09799448391	1017.37670242383	1091.45003067717	853.303589874983	945.372655068721	890.3019833847
EFM745_00686	516.07764420874	672.810617823958	662.807836811229	373.104403670033	497.876507998574	468.020158529592
EFM745_00687	641.905762408044	662.836336427646	659.831154909383	160.06639540165	157.068184070979	174.44387727012
EFM745_00688	11.8533734535576	12.6945399589426	7.9378184049249	1.15155680145072	1.97570042856577	6.38209307085807
EFM745_00689	265.333205768098	299.228441889361	291.71482638099	93.2761009175083	138.299029999604	130.83290795259
EFM745_00690	1149.77722499509	1254.9459502269	1175.7893512295	480.19918620495	439.593345355884	486.10275556369
EFM745_00691	1115.12890259238	1271.26750160268	1263.10535368368	475.592958999147	486.022305427179	408.453956534916
EFM745_00692	51.0606856460944	49.8714069815602	48.619137730165	55.2747264696346	47.4168102855785	42.5472871390538
EFM745_00693	101.209573334223	115.157612484694	91.2849116566364	76.0027488957475	62.2345634998218	79.7761633857258
EFM745_00694	5.47078774779583	9.06752854210186	5.95336380369368	4.60622720580288	4.93925107141442	2.12736435695269
EFM745_00695	140.41688552676	123.318388172585	110.137230368333	107.094782534917	80.0158673569137	111.686628740016
EFM745_00696	486.900109553829	552.212488214003	476.269104295494	659.842047231262	652.968991640987	678.629229867908
EFM745_00697	474.134938142305	518.662632608226	492.144741105344	454.864936573034	460.338199855824	438.237057532254
EFM745_00698	37.3837162766048	52.5916655441908	40.6813193252401	32.2435904406202	16.793453642809	25.5283722834323
EFM745_00699	16.4123632433875	29.0160913347259	20.8367733129279	11.5155680145072	18.7691540713748	8.50945742781076
EFM745_00700	50.1488876881284	35.3633613141972	35.7201828221621	26.4858064333666	30.6233566427694	34.037829711243
EFM745_00701	133.122501863032	101.556319671541	148.834095092342	77.1543056971982	95.8214707854398	104.240853490682
EFM745_00703	48490.3272025883	50866.1148626288	49955.6679040943	26330.3462651707	25644.5915627837	25441.1503447972
EFM745_00704	4663.84655499594	4317.9570917489	4657.51494908969	3354.48496262595	3450.56079849012	3444.2028939064
EFM745_00705	1672.23745490959	1586.81749486783	1476.43422331603	1198.7706303102	1173.56605456807	1076.44636461806
EFM745_00706	893.561998806652	940.302709815963	997.188437118691	745.057250538616	685.568048712322	737.131749684107
EFM745_00707	10238.5792699999	9057.55426070554	9281.29416995844	2493.12047514081	2456.78348292153	2205.01315598146
EFM745_00708	8379.42323370728	7397.2897846467	7614.35230492421	3809.34989919898	3770.62426791777	3431.43870776469
EFM745_00709	3914.34863354791	2732.04634973529	2908.21821810436	1544.23767074542	1413.61365663881	1460.43563104802
EFM745_00710	35336.7298609712	31045.4042224483	30660.8158163231	62934.8823128847	62637.6063872492	61403.1811169039
EFM745_00711	19010.0756256325	16289.815025886	16307.2556856176	19672.0448391826	19988.1612357999	18410.2111450686
EFM745_00712	10217.6079169667	8839.02682284089	8939.96797854667	9487.67648715248	9959.50586040005	9561.43910232386
EFM745_00713	7390.1224493142	6604.78779006699	6734.24668927816	6780.36644694184	6963.35616048006	6590.57477783943
EFM745_00714	9011.29921857769	8849.0011042372	9375.55576351693	6835.64117341147	7267.61402647918	6888.40578781281
EFM745_00715	7283.44208823218	7149.74625544731	7456.58816412633	6890.91589988111	7038.43277676555	6425.7040401756
EFM745_00716	6547.62113615364	5987.28909634986	6117.08130829525	9334.51943255953	8893.61547918881	8642.4177001203
EFM745_00717	59482.0515858681	73619.264233325	67767.1401774451	20067.0288220802	22695.8586731493	21877.8150469015
EFM745_00718	5900.2445859978	6458.80058053915	6351.24695124054	3606.67590214365	3757.78221513209	3656.93932960167
EFM745_00719	3064.55293672363	3211.71860961248	2918.14049111052	1685.87915732385	1921.36866678021	1892.29059550942
EFM745_00720	57193.4387113735	57712.0989119157	59448.3064890838	11775.8198516351	11445.2325826815	11876.0115226884
EFM745_00721	58000.3799041734	53860.2127872308	56952.8548280356	13871.6532302754	13593.8067987468	14155.4824311632
EFM745_00722	137431.659012379	130428.237302447	138666.741942934	44500.7610352616	41988.573358094	43252.5084233836
EFM745_00723	336326.706573286	341559.29213531	344643.207277729	116656.158657362	121008.687699011	124266.797864856
EFM745_00724	10802.9822059808	10236.3329711788	11375.886001558	1677.8182597137	1797.88738999485	1899.73637075875
EFM745_00725	62856.6158283002	49798.8667532234	48218.2779007163	12816.8272001465	12087.3352219654	11966.4245078589
EFM745_00726	26928.129092609	29956.3940445419	31530.9991589629	6578.84400668796	6612.66933440963	6571.42849862686
EFM745_00727	14727.3606170664	15240.7019735648	15341.8185221186	4161.7262804429	3747.90371298927	3733.52444645197
EFM745_00728	49282.6796280607	54857.640926862	55135.0944133078	11285.2566542171	11728.7455941807	11471.8122948674
EFM745_00729	26826.9195192748	27344.0390715624	26198.7696454546	4458.82793521719	4491.75492434428	4150.4878604147
EFM745_00730	28777.255351364	25561.3629601851	26155.1116442276	4856.11503171769	5013.33983748564	4890.81065663423
EFM745_00731	88770.825591651	72389.707363016	77645.7551823742	16385.5017278423	15764.1137195263	15164.9168185372
EFM745_00732	41125.7350960972	34650.653570788	34165.3626420974	6884.0065590724	7029.54212483701	7264.94927899343
EFM745_00733	10192.0775741436	13347.4020139739	14276.1664012574	2253.59666043906	2134.74431306531	2012.48668167724
EFM745_00734	54162.6222990946	59375.9903993914	52280.4564694366	9256.21357006089	9349.01442797322	9350.83003098554
EFM745_00735	31054.014852405	29596.4131614205	31498.2556580426	5099.09351682379	5138.79681469957	5014.19778933749
EFM745_00736	67030.8268798684	63356.6354293741	61210.5021749772	11753.9402724075	10709.2841730408	10453.8684500655
EFM745_00737	36703.5149999622	33927.9715459825	36641.961984434	5718.63107600427	5990.32369941141	5871.52562518942
EFM745_00738	23650.2154337214	22110.2615970612	20744.4961739706	3068.89887586617	3484.14770577574	3276.14110970714
EFM745_00739	31356.7317744497	34056.7304512804	37190.6636816744	4777.80916921904	5551.71820426981	5287.56410920591
EFM745_00740	43066.9529486067	42226.5736677141	41716.2123997822	8497.33763790486	8293.9903991191	8619.01669219382
EFM745_00741	44198.4942144425	41065.0232614709	40219.9336304539	6715.8792660606	6701.57585369509	6900.10629177605
EFM745_00742	58897.5890948119	57410.1502114637	55282.9362810995	10625.4146069858	9631.53958925813	10381.5380619291
EFM745_00743	12281.0066958437	12498.6813424332	12103.1886129092	1962.25278967203	2072.50974956549	1972.06675889514
EFM745_00744	49413.9785340078	40926.2900747767	46526.5303531667	6825.27716219842	6935.69635448013	6322.52686886339
EFM745_00745	153937.025647479	143982.378967181	140826.820776374	22690.275215785	21918.4205545087	21718.26272013
EFM745_00746	47142.6898207146	45772.8840805302	45581.9299629806	5869.48501699432	5846.09756812611	6195.94868962471
EFM745_00747	20678.6658887103	15701.3324235036	17373.9000337794	3148.35629516627	2856.8628197061	2940.01754130862
EFM745_00748	19389.3835761464	16893.71242679	18924.7513046416	3650.43506059878	3266.8206586335	3053.83153440558
EFM745_00749	26158.5716160857	27876.3029969837	27397.3802245983	5274.1301506443	5405.51637255595	5353.51240427144
EFM745_00750	22115.6594704646	21634.2163486008	22352.8966282685	3532.97626685081	4007.70831934566	3743.09758605826
EFM745_00751	80754.2979452142	64877.2599658846	73674.8615253105	14507.3125846762	14414.7103268159	13994.8664222133
EFM745_00752	96461.841367094	94992.3357599133	90401.8293590885	20146.4862413803	18381.9167873759	19554.7331691091
EFM745_00754	2739.04106572978	2457.3002349096	2404.16674939163	3120.71893193145	2956.63569134867	3078.29622451054
EFM745_00755	3284.29624459343	3030.36803877044	2979.65858374869	3873.83708008022	3602.68973148968	3555.88952264642
EFM745_00756	1396.87447160387	1376.45083269106	1371.25812945078	1892.00782478353	1924.33221742306	1867.82590540446
EFM745_00757	1199.01431472525	1153.38963055536	1037.86975644393	642.568695209502	600.612930283994	596.725702125229
EFM745_00758	1285.63512073202	1148.85586628431	1145.03030491042	762.330602560377	823.867078711926	810.525819998974
EFM745_00759	227.037691533527	191.324852238349	234.165642945285	163.521065806002	193.618641999445	189.335427768789
EFM745_00760	144.064077358623	153.241232361521	129.981776380645	149.702384188594	156.080333856696	155.297598057546
EFM745_00761	26.4421407810132	29.9228441889361	28.7745917178528	36.849817646423	48.4046604998614	45.7383336744828
EFM745_00762	59.2668672677881	71.6334754826047	75.4092748467866	573.475287122458	567.026022998376	507.376399133216
EFM745_00763	50.1488876881284	47.1511484189297	43.658001227087	1467.08336504822	1537.09493342417	1498.72818947317
EFM745_00764	82.0618162169374	84.3280154415473	70.4481383437085	21.8795792275637	25.684105571355	19.1462792125742
EFM745_00765	48.3252917721965	30.8295970431463	39.6890920246245	20.728022426113	20.7448544999406	15.9552326771452
EFM745_00766	3827.72782754115	3865.48741749802	3711.92233160301	5167.03536810938	5003.46133534281	4901.447478419
EFM745_00767	5975.92381650898	6825.12873364007	7332.55975154938	4722.5344427494	4342.58954198756	4443.00045949569
EFM745_00768	2346.05614584644	2291.36446258914	2435.91802301133	2349.17587495947	2478.51618763576	2422.00432039064
EFM745_00769	37572.4584539038	38436.3467371156	36475.2677979305	37886.2187677287	37918.6304752485	37286.3150843098
EFM745_00770	6721.77454612514	6388.07385791076	6302.62781351037	6285.19702231803	6555.37402198122	6012.99535492678
EFM745_00771	10736.4209550493	10230.8924540535	9751.60991045024	7599.1233327733	7157.96265269378	7149.00792153951
EFM745_00772	8859.94075755534	7912.32540583808	9585.90795124744	3648.13194699588	3542.43086841843	3352.72622655744
EFM745_00773	25.5303428230472	23.5755742094648	39.6890920246245	78.305862498649	101.748572071137	65.9482950655334
EFM745_00774	2563.06405984235	2101.85311605921	2215.64356227466	7010.67780723198	6495.11515890997	6736.29923629069
EFM745_00775	3512.24573408492	3106.5352785241	3192.98745338104	7175.35042983943	6832.95993219472	7124.54323143456
EFM745_00776	1706.8857773123	1594.97827055572	1703.65427515701	3421.27525711009	3673.81494691805	3648.42987217386
EFM745_00777	1823.59591593194	1743.68573864619	1742.35113988102	3180.59988560689	3159.14498527667	3609.07363157024
EFM745_00778	12057.616196142	11641.7998952046	11950.3856086144	50654.6805822143	52455.8342286355	53606.3907486723
EFM745_00779	2731.74668206605	2887.10108780523	2754.42298650894	1977.22302809089	1926.30791785163	1908.24582818656
EFM745_00780	14872.336492383	14687.5827324966	14725.6453684363	16832.3057668052	16127.6425983824	15590.3896899278
EFM745_00781	2303.20164182204	2089.15857610027	2007.27582914538	1547.69234114977	1689.22386642373	1647.64369445986
EFM745_00782	4502.45831643597	3995.15307565008	4200.09816350589	3506.49046041744	3631.33738770388	3579.2905305729
EFM745_00783	6790.15939297259	6434.31825347548	6316.51899571899	6186.16313739327	6034.77695905414	5815.15046973018
EFM745_00784	533.401805410093	563.093522464525	630.064335890914	1921.94830162125	2205.86952849368	2085.88075199211
EFM745_00785	82.0618162169374	77.0739926078658	84.3393205523271	4808.90120285821	4961.97162634293	5122.69337154208
EFM745_00786	188.742177298956	172.283042299935	142.880731288648	9728.35185865568	8768.15850197489	10094.3438737405
EFM745_00787	130.387107989134	150.520973798891	108.152775767102	6031.85452599887	5580.36586048402	6351.24628768225
EFM745_00788	338.277042405375	319.177004681985	287.745917178528	18674.7966491263	18421.4307959472	21506.5899666132
EFM745_00789	28.2657366969451	40.8038784394584	33.7357282209308	10.3640112130565	12.8420527856775	14.8915504986688
EFM745_00790	83.8854121328693	80.7010040247065	82.3548659510959	55.2747264696346	52.3560613569929	63.8209307085807
EFM745_00791	81.1500182589714	99.7428139631204	96.2460481597144	23.0311360290144	23.7084051427892	26.5920544619086
EFM745_00792	12.7651714115236	14.508045667363	12.898954908003	5.7577840072536	5.92710128569731	4.25472871390538
EFM745_00793	2276.75950104103	2652.25209856479	2509.34284325688	5048.42501755996	4899.73706284311	4604.6801506241
EFM745_00794	1534.55596325673	1413.62769971368	1490.32540552465	3823.16858081639	3722.21960741791	3731.39708209502
EFM745_00795	13.6769693694896	9.97428139631204	18.8523187116966	5.7577840072536	3.95140085713154	9.5731396062871
EFM745_00796	56.5314733938902	58.0321826694519	53.5802742332431	18.4249088232115	14.8177532142433	23.4010079264796
EFM745_00797	132.210703905066	149.614220944681	138.911822086186	52.9716128667331	59.2710128569731	59.5662019946753
EFM745_00798	2.73539387389791	4.53376427105093	0	1.15155680145072	0	2.12736435695269
EFM745_00799	16391.3918903543	15538.1169097457	16359.8437325502	3131.08294314451	3383.38698391888	3433.56607212164
EFM745_00800	362.895587270457	327.337780369877	307.59046319084	211.886451466932	206.460694785123	248.901629763465
EFM745_00801	521.548431956536	567.627286735576	548.701697240434	224.55357628289	280.549460856339	299.958374330329
EFM745_00802	1660.38408145603	1672.05226316358	1666.94186503423	1307.01696964657	1198.26230992514	1240.25342010342
EFM745_00803	107.592159039985	126.945399589426	122.04395797572	110.549452939269	100.760721856854	101.049806955253
EFM745_00804	2106.25328290139	1886.9526896114	1938.81214540291	1448.65845622501	1443.24916306729	1458.30826669107
EFM745_00805	935.504704873086	966.598542588058	1043.82312024762	2845.49685638473	2724.4908909922	2834.71300563946
EFM745_00806	509.695058502978	526.823408296118	466.346831289338	28818.8605131057	31916.4525732657	30396.8456143185
EFM745_00807	43609.4727335965	49321.9147519088	52281.4486967373	10016.2410590184	9852.81803725749	10091.1528272051
EFM745_00808	1061.33282307239	1168.80442907693	1159.91371441965	289.040757164131	311.172817499109	291.448916902518
EFM745_00809	1740.62230175704	1502.48947942628	1552.83572546343	639.11402480515	562.086771926962	564.815236770939
EFM745_00810	2004.1319116092	2021.1521120345	2012.23696564846	1286.28894722045	1212.0922129251	1285.9917537779
EFM745_00811	1343.99019004184	1204.16779039113	1293.86440000276	560.808162306501	532.451265498475	549.92368627227
EFM745_00812	579.903501266358	564.907028172946	573.507379755824	323.587461207652	312.160667713392	306.340467401187
EFM745_00813	7715.63432030805	7813.48934472917	7340.4975699543	4082.2688611428	4189.47275877372	4065.39328613659
EFM745_00814	6223.93286107572	5642.72301174999	5428.47556166802	4109.90622437762	3987.95131506001	4062.20223960116
EFM745_00815	2513.82697011218	2388.38701798963	2101.53742270387	1346.16990089589	1311.86508456767	1404.06047558877
EFM745_00816	2408.05840698813	2849.92422078261	2760.37635031264	457.168050175936	388.225134213174	435.046010996825
EFM745_00817	1194.45532493542	1151.57612484694	1189.68053343812	655.23582002546	716.191405355092	652.037175405999
EFM745_00818	1216.33847592661	1267.64049018584	1193.64944264058	3076.95977347632	3032.70015784846	2966.60959577052
EFM745_00819	2708.03993515893	3028.55453306202	3088.8035868164	2086.6209242287	2115.97515899394	2070.98920149344
EFM745_00820	5540.08439260124	5041.54586940863	4983.95773099222	4240.03214294155	3918.8018000602	3923.92355639923
EFM745_00821	1955.80661983701	1792.65039277354	1816.76818742719	1642.11999886873	1371.13609742464	1430.65253005068
EFM745_00822	4619.16845505561	4486.613122632	4609.88803866014	4484.1621848491	3997.82981720284	4241.96452776366
EFM745_00823	5162.60003800333	5372.51066119535	4355.87784970254	14157.2393170351	13264.8526773906	15129.8153066475
EFM745_00824	28.2657366969451	54.4051712526111	60.5258653375524	82.9120897044518	122.493426571078	78.7124812072495
EFM745_00825	2272.2005112512	2436.44491926277	2468.66152393164	13858.9861054594	13944.4936248172	13858.7151033683
EFM745_00826	763.174890817518	878.64351572967	897.96570705713	1843.6424391226	1965.82192642294	1774.22187369854
EFM745_00827	1078.65698427374	1124.37353922063	1296.84108190461	1833.27842790955	2290.82464692201	2007.16827078486
EFM745_00828	4367.512218657	4322.49085601996	4434.26380645117	6440.65719051388	5811.52281062621	5832.1693845858
EFM745_00829	7132.08362720983	6896.76220912267	7006.11696964684	9372.52080700741	8829.40521526043	9154.04882796742
EFM745_00830	1682.26723244722	1604.04579909782	1710.59986626132	2776.40344829769	2832.16656434903	2780.46521453716
EFM745_00832	818.794566253442	805.196534538645	920.786934971289	798.028863405349	689.519449569454	754.150664539728
EFM745_00833	969.241229317827	976.57282398437	925.748071474367	635.659354400797	571.96527406979	627.572485301043
EFM745_00834	1744.2694935889	1644.84967753728	1627.2527730096	1971.46524408363	1820.60794492336	1775.28555587702
EFM745_00835	1595.64642644045	1577.74996632572	1660.98850123054	2407.90527183346	2258.22558985068	2368.82021146682
EFM745_00836	1461.61212661945	1482.54091663365	1603.43931779483	461.774277381739	514.669961641383	514.822174382551
EFM745_00837	27430.5297674483	25856.9643906577	20225.5612957487	10710.6298102931	11575.6288109668	12238.7271455488
EFM745_00839	20562.8675480486	20273.1803144313	20416.0689374669	26351.0742875968	24765.4048720719	24852.9341000998
EFM745_00840	93.0033917125291	97.0225554004899	94.2615935584832	88.6698737117054	87.9186690711768	111.686628740016
EFM745_00841	7199.55667609931	7055.44395860946	6927.73101289821	7895.07343074613	7967.99982840575	7924.43222964877
EFM745_00842	979.271006855453	958.437766900166	951.545981290373	1043.31046211435	978.959562354339	970.078146770426
EFM745_00843	2852.10401251756	2753.80841823633	2895.31926319636	5527.47264696346	5778.92375355488	5804.51364794541
EFM745_00844	897.209190638516	858.694952937046	887.051206750358	2996.35079737477	2778.82265277776	2867.68715317222
EFM745_00845	2406.2348110722	2215.19722283548	2164.04774264265	10545.9571876857	10328.9618405418	10334.7360460762
EFM745_00846	1991.36674019768	2215.19722283548	2132.29646902295	2470.08933911179	2346.14425892185	2284.78931936719
EFM745_00847	760.43949694362	803.383028830225	793.78184049249	925.851668366379	876.223140068919	883.919890313842
EFM745_00848	5121.56912989486	5217.45592312541	5636.8432947973	1999.10260731845	1859.13410328039	1800.81392816045
EFM745_00849	7.29438366372777	6.3472699794713	8.93004570554052	1.15155680145072	3.95140085713154	2.12736435695269
EFM745_00850	0.911797957965971	2.72025856263056	0.992227300615613	1.15155680145072	1.97570042856577	2.12736435695269
EFM745_00851	37.3837162766048	58.9389355236621	67.4714564418617	18.4249088232115	25.684105571355	15.9552326771452
EFM745_00852	612.728227753133	490.55329412771	506.035923313963	298.253211575736	244.986853142155	246.774265406512
EFM745_00853	795.999617304293	825.145097331269	808.665250001725	499.775651829612	530.475565069909	552.051050629223
EFM745_00854	1302.04748397541	1363.75629273212	1320.65453711938	723.177671311052	691.495149998019	683.94764076029
EFM745_00855	580.815299224324	547.678723942952	600.297516872446	245.281598709003	235.108350999327	287.194188188613
EFM745_00856	745.850729616164	734.46981191025	661.815609510614	1931.16075603286	1823.57149556621	1776.3492380555
EFM745_00857	6975.25437843968	6697.27658119643	6563.58359357228	2912.28715086887	3094.93472134828	2987.88323934005
EFM745_00858	4817.94040989219	5028.85132944969	4723.99417823093	2234.0201948144	2214.76018042223	2010.35931732029
EFM745_00859	26908.9813354917	27537.1774295091	28035.3823788941	7343.47772285124	7230.07571833643	7380.89063644735
EFM745_00860	429.456838201972	429.800852895628	414.751011657326	544.68636708619	530.475565069909	595.662019946753
EFM745_00861	2525.68034356574	2664.03988566953	2620.47230092583	3845.04816004395	3760.74576577494	3813.3006098377
EFM745_00862	573.520915560596	627.472975113449	667.768973314307	886.698737117054	920.676399711649	910.511944775751
EFM745_00863	123.092724325406	165.029019466254	163.717504601576	475.592958999147	508.742860355686	488.230119920642
EFM745_00864	827.912545833102	795.222253142333	751.116066566019	3720.68002548728	3484.14770577574	3279.33215624257
EFM745_00865	7636.30789796501	7560.50529840453	7205.55465707058	6675.57477800982	6752.9440648378	6844.79481849528
EFM745_00866	5468.9641518799	4722.36886472665	4777.57445246418	1627.14976044987	1660.57621020953	1652.96210535224
EFM745_00867	395.720313757232	466.070967064035	470.3157404918	664.448274437065	781.389519497762	650.973493227523
EFM745_00868	605.433844089405	654.675560739754	719.364792946319	1353.0792417046	1204.18941121084	1192.38772207198
EFM745_00869	31.001130570843	31.7363498973565	38.6968647240089	20.728022426113	19.7570042856577	26.5920544619086
EFM745_00870	44.6780999403326	44.4308898562991	50.6035923313963	34.5467040435216	27.6598059999208	38.2925584251484
EFM745_00871	153.182056938283	141.453445256789	126.012867178183	162.369509004551	180.776589213768	195.717520839647
EFM745_00872	426.721444328075	451.562921396672	424.673284663482	739.299466531362	691.495149998019	715.85810611458
EFM745_00873	135.85789573693	139.639939548369	142.880731288648	301.707881980089	243.01115271359	258.474769369752
EFM745_00874	682.936670516512	730.84280049341	720.357020246935	1547.69234114977	1529.19213170991	1550.84861621851
EFM745_00875	12052.1454083942	12259.2985889217	12017.8570650563	6737.75884528816	6542.53196919555	6296.99849657996
EFM745_00876	195.124763004718	200.392380780451	217.297778834819	240.6753715032	205.47284457084	215.927482230698
EFM745_00877	3692.78172976218	3782.06615491068	3581.94055522236	4226.21346132414	3929.66815241732	4262.17448915471
EFM745_00878	7718.36971418195	7279.41191359937	6907.8864668859	15663.4756133327	14763.4214524577	15798.8713969091
EFM745_00879	1759.77005887432	1758.19378431355	1907.06087178321	429.530686941118	483.058754784331	397.817134750153
EFM745_00880	12353.9505324809	12802.4435485936	11963.2845635224	10695.6595718743	9391.49198718739	9947.55573311077
EFM745_00881	2.73539387389791	5.44051712526112	2.97668190184684	0	3.95140085713154	1.06368217847634
EFM745_00882	3099.20125912634	3101.09476139884	2981.64303834992	100585.031936316	99734.3454842143	112122.738433191
EFM745_00883	60.1786652257541	75.2604868994454	76.4015021474022	175.036633820509	225.229848856498	182.953334697931
EFM745_00884	700.260831717866	1201.4475318285	840.416523621424	532.019242270233	760.644664997821	742.450160576488
EFM745_00885	81.1500182589714	89.7685325668084	77.3937294480178	117.458793747973	94.833620571157	104.240853490682
EFM745_00886	37.3837162766048	35.3633613141972	39.6890920246245	19.5764656246622	31.6112068570523	34.037829711243
EFM745_00887	24.6185448650812	21.7620685010445	15.8756368098498	25.3342496319158	23.7084051427892	27.655736640385
EFM745_00888	21.8831509911833	14.508045667363	15.8756368098498	11.5155680145072	18.7691540713748	19.1462792125742
EFM745_00889	24.6185448650812	36.2701141684074	27.7823644172372	35.6982608449723	43.4654094284469	40.4199227821011
EFM745_00890	308.187709792498	325.524274661457	322.473872700074	278.676745951074	318.087768999089	308.46783175814
EFM745_00891	475.958534058237	418.919818645106	428.642193865945	1539.63144353961	1364.22114592466	1515.74710432879
EFM745_00892	423.074252496211	363.607894538284	379.030828835164	1030.64333729839	872.271739211787	1114.73892304321
EFM745_00893	325.511870993852	376.302434497227	351.248464417927	507.836549439767	495.900807570008	548.860004093794
EFM745_00894	2.73539387389791	3.62701141684074	4.96113650307806	2.30311360290144	0.987850214282885	4.25472871390538
EFM745_00895	545.255178863651	586.66909667399	627.087653989067	398.438653301949	385.261583570325	370.161398109768
EFM745_00896	4761.4089364983	4647.1083778272	4412.43480583763	2832.82973156877	2597.0582133497	2680.47908976039
EFM745_00897	2980.66752459076	2839.9499393863	2753.43075920833	1241.37823196388	1333.59778928189	1098.78369036606
EFM745_00898	1502.64303472792	1573.21620205467	1578.63363527944	480.19918620495	434.654094284469	461.638065458734
EFM745_00899	2490.12022320507	2292.27121544335	2197.78347086358	460.622720580288	507.755010141403	520.140585274933
EFM745_00900	2098.95889923767	1877.88516106929	2045.97269386939	628.750013592093	599.625080069711	589.279926875895
EFM745_00901	839.76591928666	890.431302834402	949.561526689141	738.147909729911	752.741863283558	809.462137820498
EFM745_00902	506.047866671114	561.280016756105	521.911560123812	382.316858081639	417.86064064166	398.880816928629
EFM745_00904	55730.9147867961	55736.2844425917	54228.1986605451	19430.217910878	18901.5260000887	19730.2407285577
EFM745_00905	11375.5913235835	11238.294875081	11622.9505994113	2614.03393929313	2714.61238884937	2660.26912836934
EFM745_00906	20552.837770511	21126.4347502431	20431.9445742767	4100.69376996601	4222.07181584505	4595.10701101781
EFM745_00907	89.3561998806652	85.2347682957575	90.2926843560208	58.7293968739867	54.3317617855587	65.9482950655334
EFM745_00908	151.358461022351	141.453445256789	157.764140797882	92.1245441160576	87.9186690711768	99.9861247767764
EFM745_00909	9.11797957965971	15.4147985215732	11.9067276073874	9.21245441160576	7.90280171426308	10.6368217847634
EFM745_00910	420.338858622313	481.485765585609	481.230240798572	560.808162306501	566.038172784093	564.815236770939
EFM745_00911	74.7674325532096	64.3794526489232	107.160548466486	1183.80039189134	1189.37165799659	1124.3120626495
EFM745_00912	334.629850573511	291.97441905568	252.025734356366	960.3983724099	923.639950354497	803.08004474964
EFM745_00913	548.902370695515	448.842662834042	478.253558896725	1343.86678729299	1240.7398691393	1143.45834186207
EFM745_00914	15790.5170360547	14711.1583067061	14042.9929856128	25857.0564197745	24456.2077550014	24154.0949088408
EFM745_00915	23.7067469071153	28.1093384805158	32.7435009203152	33.3951472420709	34.574757499901	20.2099613910505
EFM745_00916	32.824726486775	24.482327063675	26.7901371166215	65.638737682691	68.1616647855191	63.8209307085807
EFM745_00917	3377.29963630596	3449.28785741555	3762.5259239344	2410.20838543636	2457.77133313582	2228.41416390794
EFM745_00918	238.891064987084	297.414936180941	313.543826994534	322.435904406202	434.654094284469	382.925584251484
EFM745_00919	3150.26194477243	3335.03699778506	3270.38118282906	7904.28588515774	7356.52054576464	7409.61005526622
EFM745_00920	1251.89859628728	1218.67583605849	1314.70117331569	3184.05455601124	2939.84223770587	2797.48412939279
EFM745_00921	2559.41686801048	2445.51244780487	2369.43879387008	8740.31612301096	7962.07272712005	8416.91707828331
EFM745_00922	7946.31920367344	8412.8529813621	8199.76641228742	2941.07607090514	3040.60295956272	2980.43746409072
EFM745_00923	6629.68295237058	6771.63031524167	6598.31154909383	7145.40995300172	7021.63932312275	7195.80993739247
EFM745_00924	444.957403487394	470.604731335086	491.152513804728	231.462917091595	281.537311070622	254.220040655846
EFM745_00925	16.4123632433875	19.0418099384139	16.8678641104654	13.8186816174086	15.8056034285262	14.8915504986688
EFM745_00926	7.29438366372777	16.3215513757833	16.8678641104654	3.45467040435216	9.87850214282885	6.38209307085807
EFM745_00927	1225.45645550627	1383.70485552474	1349.42912883723	989.187292446168	1019.46142113994	996.670201232335
EFM745_00928	191.477571172854	178.630312279407	232.181188344053	184.249088232115	242.023302499307	213.800117873745
EFM745_00929	2012.3380932309	1983.06849215768	1967.58673712076	1798.73172386602	1995.45743285143	1779.54028459092
EFM745_00930	191.477571172854	211.273415030973	188.523187116966	236.069144297398	215.351346713669	276.55736640385
EFM745_00931	133.122501863032	158.681749486783	152.803004294804	118.610350549424	147.18968192815	112.750310918493
EFM745_00933	54.7078774779583	55.3119241068213	67.4714564418617	92.1245441160576	101.748572071137	89.3493029920129
EFM745_00934	9.11797957965971	13.6012928131528	10.9145003067717	9.21245441160576	14.8177532142433	14.8915504986688
EFM745_00936	3.64719183186388	7.25402283368149	6.94559110430929	3.45467040435216	2.96355064284865	2.12736435695269
EFM745_00937	4.55898978982986	4.53376427105093	7.9378184049249	8.06089761015504	9.87850214282885	8.50945742781076
EFM745_00939	18.2359591593194	19.9485627926241	30.759046319084	18.4249088232115	16.793453642809	19.1462792125742
EFM745_00940	103.944967208121	123.318388172585	101.207184662793	152.005497791495	140.27473042817	137.215001023448
EFM745_00941	1496.26044902216	1563.24192065836	1623.28386380714	1417.56642258584	1488.69027292431	1355.13109537886
EFM745_00942	1864.62682404041	1825.2934955251	1788.98582300995	2539.18274719884	2514.07879534994	2397.53963028568
EFM745_00943	120.357330451508	136.919680985738	146.849640491111	118.610350549424	121.505576356795	113.813993096969
EFM745_00944	28.2657366969451	42.6173841478787	23.8134552147747	20.728022426113	22.7205549285064	19.1462792125742
EFM745_00945	99.3859774182909	128.758905297846	103.191639264024	109.397896137818	84.9551184283281	101.049806955253
EFM745_00946	235.243873155221	207.646403614133	223.251142638513	232.614473893045	248.938253999287	295.703645616424
EFM745_00947	2107.16508085936	2184.36762579234	2277.16165491283	2358.38832937107	2237.48073535073	2191.18528766127
EFM745_00948	809.676586673782	1091.73043646906	914.833571167595	1826.36908710084	2022.12938863707	2022.05982128353
EFM745_00949	206.978136458275	155.054738069942	237.142324847131	215.341121871285	200.533593499426	190.399109947266
EFM745_00950	415.779868832483	437.96162858352	401.852056749323	251.039382716257	287.46441235632	247.837947584988
EFM745_00951	4092.14923535128	4461.22404271411	3875.63983620458	4439.25146959252	4779.2193367006	4494.05720406256
EFM745_00952	80.2382203010055	88.8617797125982	101.207184662793	90.9729873146069	65.1981141426704	84.0308920996312
EFM745_00953	77.5028264271075	55.3119241068213	68.4636837424773	41.4560448522259	57.2953124284073	61.693566351628
EFM745_00954	29.1775346549111	31.7363498973565	26.7901371166215	27.6373632348173	21.7327047142235	22.3373257480032
EFM745_00955	136.769693694896	93.3955439836491	96.2460481597144	102.488555329114	80.0158673569137	90.4129851704893
EFM745_00956	237.067469071153	182.257323696247	167.686413804039	125.519691358128	139.286880213887	130.83290795259
EFM745_00957	200.595550752514	145.98720952784	159.748595399114	157.763281798749	153.116783213847	152.106551522117
EFM745_00958	11.8533734535576	13.6012928131528	7.9378184049249	8.06089761015504	10.8663523571117	6.38209307085807
EFM745_00959	63.825857057618	50.7781598357704	40.6813193252401	74.8511920942968	74.0887660712164	76.5851168502968
EFM745_00960	320.952881204022	285.627149076209	283.777007976065	510.139663042669	461.326050070107	479.720662492831
EFM745_00961	230.684883365391	213.086920739394	204.398823926816	511.29121984412	513.6821114271	533.968453595125
EFM745_00962	378.396152555878	426.173841478787	399.867602148092	329.345245214906	353.650376713273	333.996204041572
EFM745_00963	1110.56991280255	1141.60184345062	1201.58726104551	2061.28667459679	2183.14897356518	2156.08377577155
EFM745_00964	332.80625465758	329.151286078297	391.929783743167	541.231696681838	519.609212712797	505.249034776264
EFM745_00965	149.534865106419	176.816806570986	145.857413190495	55.2747264696346	68.1616647855191	55.3114732807699
EFM745_00966	18.2359591593194	21.7620685010445	25.7979098160059	6.90934080870432	6.9149514999802	12.7641861417161
EFM745_00967	11.8533734535576	14.508045667363	10.9145003067717	6.90934080870432	5.92710128569731	6.38209307085807
EFM745_00969	451.339989193156	444.308898562991	448.486739878257	142.793043379889	128.420527856775	117.005039632398
EFM745_00970	350.130415858933	369.048411663546	369.108555829008	100.185441726213	91.8700699283083	90.4129851704893
EFM745_00971	1505.37842860182	1354.68876419002	1299.81776380645	541.231696681838	467.253151355805	473.338569421973
EFM745_00972	58.3550693098222	51.6849126899806	57.5491834357056	88.6698737117054	116.56632528538	104.240853490682
EFM745_00973	86.6208060067673	81.6077568789167	74.417047546171	149.702384188594	119.529875928229	120.196086167827
EFM745_00974	1348.54917983167	1495.2354565926	1507.19326963512	619.537559180487	642.102639283875	625.445120944091
EFM745_00975	4032.88236808349	4071.32031540373	4394.57471442655	664.448274437065	642.102639283875	625.445120944091
EFM745_00976	220.655105827765	240.289506365699	246.072370552672	203.825553856777	158.056034285262	213.800117873745
EFM745_00977	624.58160120669	603.897400903984	466.346831289338	170.430406614707	232.144800356478	198.908567375076
EFM745_00978	506.047866671114	495.993811252972	494.129195706575	1435.99133140905	1430.40711028162	1309.39276170438
EFM745_00979	827.912545833102	880.45702143809	809.65747730234	2163.7752299259	2317.49660270765	2105.02703120469
EFM745_00980	469.575948352475	497.807316961392	460.393467485644	1661.69646449339	1540.05848406702	1612.54218257014
EFM745_00981	301.805124086736	280.186631950947	259.963552761291	1232.16577755227	1134.05204599675	1244.50814881732
EFM745_00982	200.595550752514	216.713932156234	199.437687423738	374.255960471484	335.869072856181	358.460894146528
EFM745_00983	50.1488876881284	41.7106312936685	34.7279555215464	114.004123343621	108.663523571117	72.3303881363914
EFM745_00984	11.8533734535576	6.3472699794713	13.8911822086186	14.9702384188594	12.8420527856775	13.8278683201925
EFM745_00985	2100.7824951536	2039.28716911871	1870.34846166043	1242.52978876533	1211.10436271082	1223.2345052478
EFM745_00986	646.464752197874	613.871682300296	711.426974541394	739.299466531362	767.559616497802	792.443222964877
EFM745_00987	50.1488876881284	68.0064640657639	65.4870018406305	84.0636465059025	85.942968642611	77.6487990287732
EFM745_00988	112.151148829814	143.266950965209	123.036185276336	138.186816174086	108.663523571117	144.660776272783
EFM745_00989	92.0915937545631	95.2090496920695	86.3237751535583	70.2449648884939	77.052316714065	78.7124812072495
EFM745_00990	308.187709792498	297.414936180941	301.637099387146	428.379130139668	449.471847498713	462.70174763721
EFM745_00991	1329.40142271439	1418.16146398473	1390.11044816247	2436.69419186972	2413.31807349309	2389.03017285787
EFM745_00992	548.902370695515	448.842662834042	519.927105522581	1155.01147185507	986.862364068602	953.059231914805
EFM745_00993	263.509609852166	219.434190718865	270.878053068062	459.471163778837	410.94568914168	374.416126823673
EFM745_00994	956.476057906304	881.363774292301	848.354342026349	1955.34344886332	1929.27146849447	1952.92047968257
EFM745_00995	1047.6558537029	1086.2899193438	1005.12625552362	1968.01057367928	2032.00789077989	1965.68466582428
EFM745_00996	1072.27439856798	907.659607064396	1055.72984785501	2010.61817533296	1961.87052556581	1944.41102225476
EFM745_00997	611.816429795167	773.460184641288	575.491834357055	485.956970212204	521.584913141363	594.598337768277
EFM745_00998	585.374289014154	612.058176591875	525.880469326275	1266.71248159579	1200.23801035371	1365.76791716363
EFM745_00999	176.888803845398	197.67212221782	157.764140797882	707.055876090742	610.491432426823	655.228221941428
EFM745_01000	419.427060664347	400.784761560902	456.424558283182	77.1543056971982	72.1130656426506	80.8398455642022
EFM745_01001	167.770824265739	189.511346529929	185.54650521512	512.44277664557	522.572763355646	536.095817952078
EFM745_01002	426.721444328075	457.003438521934	443.525603375179	738.147909729911	702.361502355131	695.648144723529
EFM745_01003	127.651714115236	126.945399589426	110.137230368333	34.5467040435216	47.4168102855785	36.1651940681957
EFM745_01004	4.55898978982986	1.81350570842037	0.992227300615613	0	1.97570042856577	0
EFM745_01005	0.911797957965971	1.81350570842037	2.97668190184684	3.45467040435216	1.97570042856577	3.19104653542903
EFM745_01006	323.68827507792	282.906890513578	312.551599693918	177.339747423411	160.031734713827	178.698605984026
EFM745_01007	1372.25592673879	1478.91390521681	1422.85394908279	907.426759543167	899.931545211708	825.417370497643
EFM745_01009	10536.7372022548	10581.8058086329	10795.4330306979	7375.72131329186	7681.52326626371	8042.50095145964
EFM745_01010	9955.01010507247	10186.4615641972	10063.1692828435	367.34661966278	354.638226927556	379.734537716055
EFM745_01011	3345.38670777715	3278.81832082403	3531.33696289097	187.703758636467	202.509293927991	191.462792125742
EFM745_01012	369.278172976218	367.234905955125	348.27178251608	40.3044880507752	48.4046604998614	43.6109693175301
EFM745_01013	335.541648531477	280.186631950947	270.878053068062	33.3951472420709	43.4654094284469	24.4646901049559
EFM745_01014	2382.52806416508	2561.57681314377	2704.81162147816	766.936829766179	726.06990749792	800.952680392687
EFM745_01015	342.836032195205	432.521111458259	408.797647853632	222.250462679989	223.254148427932	191.462792125742
EFM745_01016	61.0904631837201	64.3794526489232	57.5491834357056	64.4871808812403	33.5869072856181	47.8656980314355
EFM745_01017	242.538256818948	217.620685010445	231.188961043438	268.312734738018	272.646659142076	294.639963437947
EFM745_01018	488.723705469761	470.604731335086	429.63442116656	844.091135463378	831.769880426189	916.894037846609
EFM745_01019	83.8854121328693	83.4212625873371	86.3237751535583	76.0027488957475	92.8579201425912	84.0308920996312
EFM745_01020	2155.49037263156	2339.42236386228	2309.90515583315	4175.54496206031	4026.47747341704	4046.24700692401
EFM745_01021	144.064077358623	152.334479507311	144.865185889879	164.672622607453	162.007435142393	172.316512913168
EFM745_01022	430.368636159938	402.598267269322	408.797647853632	597.657979952924	569.001723426942	560.560508057034
EFM745_01023	70.2084427633798	72.5402283368149	85.3315478529427	92.1245441160576	82.9794179997623	79.7761633857258
EFM745_01024	165.947228349807	174.096548008356	159.748595399114	63.3356240797896	63.2224137141046	53.1841089238172
EFM745_01025	377.484354597912	428.894100041418	450.471194479488	1282.8342768161	1321.7435867105	1331.73008745238
EFM745_01026	710.290609255492	748.071104723403	757.069430369713	233.766030694496	303.270015784846	305.276785222711
EFM745_01027	1699.59139364857	1684.74680312253	1888.20855307151	87.5183169102547	108.663523571117	89.3493029920129
EFM745_01028	2893.13492062603	2805.49333092631	2943.93840092652	287.88920036268	259.804606356399	286.130506010137
EFM745_01029	93.915189670495	94.3022968378593	102.199411963408	93.2761009175083	80.0158673569137	80.8398455642022
EFM745_01030	71.1202407213458	91.5820382752288	80.3704113498646	43.7591584551273	68.1616647855191	63.8209307085807
EFM745_01031	144.975875316589	174.096548008356	177.608686810195	146.247713784241	126.444827428209	132.960272309543
EFM745_01032	288.128154717247	307.389217577253	320.489418098843	249.887825914806	211.399945856537	231.882714907843
EFM745_01033	175.065207929466	184.977582258878	169.67086840527	168.127293011805	155.092483642413	154.23391587907
EFM745_01034	2564.88765575828	2466.36776345171	2462.70816012795	3247.39018009103	3035.66370849131	3157.00870571779
EFM745_01035	252.568034356574	237.569247803069	277.823644172372	383.46841488309	401.067186998851	380.798219894531
EFM745_01036	885.355817184958	834.212625873371	829.502023314652	1825.21753029939	1862.09765392324	1827.40598262236
EFM745_01037	766.822082649382	762.579150390766	717.380338345088	172.733520217608	171.885937285222	205.290660445934
EFM745_01038	228.861287449459	221.247696427285	226.22782454036	21.8795792275637	21.7327047142235	20.2099613910505
EFM745_01039	399.367505589095	422.546830061947	480.238013497957	353.527938045371	438.605495141601	333.996204041572
EFM745_01040	568.0501278128	559.466511047685	624.11097208722	491.714754219457	498.864358212857	525.458996167314
EFM745_01041	1824.50771388991	1977.62797503242	1921.94428129244	1252.89379997838	1321.7435867105	1350.87636666496
EFM745_01042	1269.22275748863	1117.11951638695	1139.07694110672	760.027488957475	781.389519497762	753.086982361252
EFM745_01043	1078.65698427374	1185.12598045271	1107.32566748702	2057.83200419244	2180.18542292233	2068.86183713649
EFM745_01044	1139.74744745746	1075.40888509328	1219.44735245659	155.460168195847	151.141082785281	136.151318844972
EFM745_01045	2515.65056602811	2691.24247129583	2723.66394018986	464.07739098464	553.196119998416	599.916748660658
EFM745_01046	6523.00259128856	6317.34713528236	6079.37667087186	2179.89702514621	2435.05077820731	2433.70482435388
EFM745_01047	568.961925770766	601.177142341353	597.320834970599	299.404768377187	297.342914499148	307.404149579664
EFM745_01048	8141.44396667816	8239.66318620796	8294.02800584591	17328.6267482304	16781.5994402376	16899.7824516322
EFM745_01049	22.7949489491493	27.2025856263056	18.8523187116966	143.94460018134	146.201831713867	205.290660445934
EFM745_01050	31.001130570843	51.6849126899806	42.6657739264714	582.687741534064	518.621362498515	681.820276403337
EFM745_01051	1212.69128409474	1301.19034579162	1115.26348589195	3291.14933854616	2949.72073984869	3736.7154929874
EFM745_01052	1826.33130980584	1824.38674267089	1818.75264202842	750.815034545869	777.43811864063	775.424308109255
EFM745_01053	471.399544268407	498.714069815602	558.62397024659	240.6753715032	268.695258284945	278.684730760802
EFM745_01054	164.123632433875	179.537065133617	186.538732515735	88.6698737117054	102.73642228542	109.559264383063
EFM745_01055	1038.53787412324	1007.40242102752	1019.01743773223	823.363113037265	816.952127211946	775.424308109255
EFM745_01056	4898.1786301932	4852.0345228787	4633.70149387491	705.904319289291	733.972709212184	706.284966508293
EFM745_01057	382.043344387742	439.77513429194	371.093010430239	658.690490429812	684.580198498039	656.291904119905
EFM745_01058	373.837162766048	321.897263244616	317.512736196996	80.6089761015504	103.724272499703	106.368217847634
EFM745_01059	1017.56652109002	703.640214867104	853.315478529427	299.404768377187	246.962553570721	284.003141653184
EFM745_01060	1322.10703905066	923.981158440179	1242.26858037075	567.717503115205	559.123221284113	580.770469448084
EFM745_01061	400.279303547061	268.398844846215	323.46610000069	238.372257900299	210.412095642254	229.75535055089
EFM745_01062	4569.93136532545	2845.39045651156	3755.5803328301	3111.50647751984	2765.98059999208	3238.91223346047
EFM745_01063	796.911415262259	527.730161150328	682.652382823542	295.950097972835	223.254148427932	294.639963437947
EFM745_01064	4020.11719667197	3695.01788090651	4027.45061319877	915.487657153322	954.263306997267	917.957720025085
EFM745_01065	1041.27326799714	1191.47325043218	1088.47334877533	649.478036018206	832.757730640472	799.888998214211
EFM745_01066	2946.01920218805	2892.54160493049	2850.66903466866	3096.53623910099	2958.61139177724	2875.13292842156
EFM745_01067	257.127024146404	227.594966406757	211.344415031126	2815.55637954701	2651.38997513526	2581.55664716209
EFM745_01068	77.5028264271075	97.0225554004899	105.176093865255	1076.70560935642	1083.67168506832	1138.13993096969
EFM745_01072	144.975875316589	153.241232361521	156.771913497267	1915.03896081255	1988.54248135145	1828.46966480084
EFM745_01073	8401.30638469846	8617.7791264136	8525.21696688935	4730.59534035956	4578.68574320117	4641.90902687077
EFM745_01074	8641.10924764351	9581.65741043903	9420.20599204463	2565.6685536322	2301.69099927912	2604.95765508857
EFM745_01075	6257.66938552046	7614.91046965714	7063.66615308255	2026.73997055327	1990.51818178001	2046.52451138849
EFM745_01076	9738.91398903454	10775.8509194338	10559.2829331514	4547.49780892889	4857.25950362894	4483.42038227779
EFM745_01077	647.37655015584	583.04208525715	567.554015952131	6697.45435723739	6627.48708762387	7324.51548098811
EFM745_01078	565.314733938902	526.823408296118	523.896014725044	5188.91494733694	4668.58011270091	5172.68643393046
EFM745_01079	518.813038082638	495.087058398761	522.903787424428	3529.52159644646	3192.73189256228	3828.19216033636
EFM745_01080	419.427060664347	425.267088624577	403.836511350554	2734.94740344546	2362.93771256466	2662.39649272629
EFM745_01081	649.200146071772	514.128868337175	482.222468099188	2749.91764186432	2487.4068395643	2838.96773435336
EFM745_01082	889.003009016822	815.170815934957	804.696340799262	4800.84030524805	4182.55780727373	4762.10511303859
EFM745_01083	1564.64529586961	1489.79493946734	1331.56903742615	7510.45345906159	6412.13574091021	7410.67373744469
EFM745_01084	827.912545833102	705.453720575525	751.116066566019	3826.62325122074	3446.60939763299	3980.29871185848
EFM745_01085	1616.61777947367	1437.20327392314	1494.29431472711	6081.37146846125	5229.67903441359	6083.19837870621
EFM745_01086	2966.99055522127	3073.89217577253	2822.88667025142	5502.13839733154	5233.63043527072	5340.74821812973
EFM745_01088	18.2359591593194	16.3215513757833	15.8756368098498	3.45467040435216	0.987850214282885	2.12736435695269
EFM745_01089	537.048997241957	515.942374045596	536.794969633047	652.932706422558	613.454983069672	613.744616980851
EFM745_01090	481.429321806033	525.916655441908	488.175831902882	423.772902933865	363.528878856102	361.651940681957
EFM745_01091	1452.49414703979	1475.28689379997	1497.27099662896	1525.8127619222	1479.79962099576	1513.61973997184
EFM745_01092	282.657366969451	268.398844846215	274.846962270525	210.734894665482	194.606492213728	226.564304015461
EFM745_01093	248.92084252471	225.781460698336	201.422142024969	97.8823281233112	88.9065192854596	112.750310918493
EFM745_01094	1531.82056938283	1842.5217997551	1567.71913497267	27.6373632348173	47.4168102855785	39.3562406036247
EFM745_01095	254.391630272506	259.331316304113	244.087915951441	277.525189149623	247.950403785004	258.474769369752
EFM745_01096	594.492268593813	616.591940862926	646.93220000138	423.772902933865	388.225134213174	420.154460498156
EFM745_01097	181.447793635228	164.122266612044	168.678641104654	72.5480784913953	91.8700699283083	99.9861247767764
EFM745_01098	2125.40104001868	1993.9495264082	1994.37687423738	4143.30137161969	3610.59253320394	3835.6379355857
EFM745_01099	1768.88803845398	1696.53459022726	1885.23187116966	3219.75281685621	3380.42343327603	3465.47653747593
EFM745_01100	859.825474361911	798.849264559174	830.494250615268	678.266956054474	729.033458140769	636.081942728854
EFM745_01101	686.583862348376	692.759180616582	662.807836811229	679.418512855925	707.300753426546	681.820276403337
EFM745_01102	2601.35957407692	2389.29377084384	2151.14878773465	2331.90252293771	2545.69000220699	2262.45199361918
EFM745_01103	1751.56387725263	1789.0233813567	1720.52213926747	2479.3017935234	2228.59008342219	2395.41226592873
EFM745_01104	3840.49299895267	3724.03397224123	3652.38869356607	6791.88201495635	6363.73108041034	6057.67000642278
EFM745_01105	7916.22987106056	8981.38702095189	10060.1926009417	4347.12692547647	4918.50621691448	4690.83840708068
EFM745_01106	475.046736100271	477.858754168768	463.370149387491	1022.58243968824	961.178258497247	1115.80260522169
EFM745_01107	1272.8699493205	1314.79163860477	1321.64676442	342.012370030864	361.553178427536	372.288762466721
EFM745_01108	406.661889252823	303.762206160412	404.82873865117	65.638737682691	81.0037175711966	84.0308920996312
EFM745_01109	715.761397003287	662.836336427646	575.491834357055	847.54580586773	833.745580854755	840.308920996312
EFM745_01110	893.561998806652	914.006877043867	829.502023314652	2680.82423377728	2661.26847727809	2820.88513731927
EFM745_01111	1364.96154307506	1434.48301536051	1264.09758098429	3763.28762714095	3543.41871863271	3853.7205326198
EFM745_01112	84.7972100908353	75.2604868994454	97.2382754603301	251.039382716257	253.877505070701	254.220040655846
EFM745_01113	1242.78061670762	1137.06807917957	1048.7842567507	11318.6518014591	10309.2048362562	9149.79409925352
EFM745_01114	228.861287449459	193.13835794677	185.54650521512	4098.39065636311	3702.46260313225	3497.38700283022
EFM745_01115	144.064077358623	132.385916714687	153.79523159542	3178.29677200399	2847.97216777756	2687.92486500972
EFM745_01116	1183.51374943983	1078.12914365591	1196.62612454243	488.260083815105	494.912957355725	458.447018923304
EFM745_01117	228.861287449459	224.874707844126	202.414369325585	360.437278854075	360.565328213253	335.059886220048
EFM745_01118	75.6792305111756	51.6849126899806	67.4714564418617	365.043506059878	300.306465141997	346.760390183288
EFM745_01119	29.1775346549111	21.7620685010445	22.8212279141591	19.5764656246622	20.7448544999406	11.7005039632398
EFM745_01120	764.99848673345	787.968230308651	681.660155522926	358.134165251174	383.285883141759	376.543491180626
EFM745_01121	433.104030033836	438.86838143773	426.657739264714	316.678120398948	328.954121356201	310.595196115093
EFM745_01122	20.0595550752514	28.1093384805158	20.8367733129279	16.1217952203101	31.6112068570523	35.1015118897194
EFM745_01123	41.0309081084687	60.7524412320824	61.518092638168	39.1529312493245	47.4168102855785	42.5472871390538
EFM745_01124	80.2382203010055	69.8199697741843	77.3937294480178	1310.47164005092	1080.70813442548	1164.7319854316
EFM745_01125	215.184318079969	195.8586165094	200.429914724354	761.179045758926	694.458700640868	746.704889290394
EFM745_01126	62.002261141686	54.4051712526111	70.4481383437085	236.069144297398	216.339196927952	239.328490157178
EFM745_01127	48.3252917721965	53.498418398401	50.6035923313963	122.065020953776	111.627074213966	97.8587604198237
EFM745_01128	49.2370897301624	42.6173841478787	46.6346831289338	95.5792145204097	93.8457703568741	80.8398455642022
EFM745_01129	87.5326039647332	75.2604868994454	62.5103199387836	119.761907350875	135.335479356755	112.750310918493
EFM745_01130	10.0297775376257	5.44051712526112	6.94559110430929	9.21245441160576	10.8663523571117	10.6368217847634
EFM745_01131	95.738785586427	77.0739926078658	89.3004570554052	66.7902944841417	72.1130656426506	76.5851168502968
EFM745_01132	13.6769693694896	12.6945399589426	9.92227300615613	6.90934080870432	15.8056034285262	19.1462792125742
EFM745_01133	31.001130570843	28.1093384805158	21.8290006135435	19.5764656246622	25.684105571355	31.9104653542903
EFM745_01134	11.8533734535576	9.06752854210186	11.9067276073874	0	4.93925107141442	5.31841089238172
EFM745_01135	2132.69542368241	2397.45454653173	2166.03219724388	2110.80361705917	2215.74803063651	2140.12854309441
EFM745_01136	2129.04823185054	2124.52193741447	2034.06596626201	2047.46799297938	2087.32750277974	1903.99109947266
EFM745_01137	9264.77905089223	10400.4552377908	11115.9224487967	1868.97668875452	1974.71257835149	1912.50055690047
EFM745_01138	8400.39458674049	6632.89712854751	6833.46941933973	1278.2280496103	1307.91368371054	1401.93311123182
EFM745_01139	4556.25439595596	4531.95076534251	4410.4503512364	8626.31199966734	7992.69608376282	8091.43033166955
EFM745_01140	2299.55444999018	2449.13945922171	2377.37661227501	3470.79219957247	3623.43458598962	3577.16316621595
EFM745_01141	2137.25441347224	1793.55714562775	1646.1050917213	766.936829766179	775.462418212065	819.035277426785
EFM745_01142	527.931017662297	510.501856920335	511.989287117656	230.311360290144	252.889654856419	240.392172335654
EFM745_01143	2921.40065732297	2754.71517109054	2730.60953129417	1616.78574923681	1428.43140985305	1446.60776272783
EFM745_01144	2005.04370956717	1610.39306907729	1609.39268159852	1412.96019538003	1287.1688292106	1322.1569478461
EFM745_01145	144.975875316589	148.70746809047	172.647550307117	109.397896137818	80.0158673569137	104.240853490682
EFM745_01146	6437.29358323976	6886.78792772636	6821.56269173234	6608.78448352568	6673.91604769517	6761.82760857412
EFM745_01147	2032.39764830615	1744.5924915004	1760.2112312921	2639.36818892505	2577.30120906405	2637.93180262133
EFM745_01148	7331.76738000437	6347.2699794713	6772.94355400217	8926.86832484598	8479.70623940428	8174.39754159071
EFM745_01149	2888.5759308362	2904.32939203522	2898.2959450982	1069.79626854772	1033.2913241399	1095.59264383063
EFM745_01150	1745.18129154687	1944.98487228085	1859.43396135366	1136.58656303186	1044.15767649701	1072.19163590416
EFM745_01151	400.279303547061	381.742951622488	379.030828835164	573.475287122458	497.876507998574	506.31271695474
EFM745_01152	271.715791473859	280.186631950947	259.963552761291	857.909817080786	742.86336114073	830.735781390025
EFM745_01153	5559.23214971853	6017.21194053879	5967.2549859023	6312.83438555285	6750.96836440924	6909.67943138233
EFM745_01154	96.650583544393	98.8360611089102	98.2305027609457	2678.52112017437	2754.12639742068	2941.08122348709
EFM745_01155	119.445532493542	106.996836796802	117.082821472642	3592.85722052625	3303.37111656197	3795.2180128036
EFM745_01156	138.593289610828	152.334479507311	143.872958589264	656.38737682691	683.592348283756	686.075005117242
EFM745_01157	930.033917125291	913.100124189657	833.470932517115	910.881429947519	984.886663640036	932.849270523754
EFM745_01158	1281.98792890016	1192.38000328639	1250.20639877567	1315.07786725672	1122.19784342536	1076.44636461806
EFM745_01159	5712.41420665681	5438.70361955269	5605.0920211776	8125.38479103628	7771.41763576346	7592.56338996415
EFM745_01160	1814.47793635228	1598.60528197256	1790.97027761118	639.11402480515	620.369934569652	587.152562518942
EFM745_01161	745.850729616164	877.73676287546	817.595295707265	1900.06872239369	1775.16683506634	1824.21493608693
EFM745_01162	1156.15981070085	1307.53761577109	1305.77112761015	198.067769849524	198.55789307086	195.717520839647
EFM745_01163	128.563512073202	174.096548008356	166.694186503423	69.0934080870432	78.0401669283479	68.075659422486
EFM745_01164	1117.86429646628	1218.67583605849	1250.20639877567	1583.39060199474	1513.38652828138	1581.69539939432
EFM745_01165	8813.43906169908	8133.57310226537	7507.19175645773	4648.83480745656	4117.35969313106	4382.37057532254
EFM745_01166	1163.45419436458	972.039059713319	1033.90084724147	581.536184732613	530.475565069909	540.350546665983
EFM745_01167	2688.89217804165	2497.19736049485	2447.82475061872	1651.33245328033	1471.8968192815	1423.20675480135
EFM745_01169	1938.48245863565	2180.7406143755	2190.83787975927	409.954221316456	392.176535070305	424.409189212061
EFM745_01170	2199.25667461392	2022.05886488871	1842.56609724319	766.936829766179	681.616647855191	696.711826902006
EFM745_01171	3150.26194477243	2874.40654784629	3042.16890368747	2767.19099388608	2636.57222192102	2543.26408873694
EFM745_01172	1824.50771388991	1938.63760230138	1919.95982669121	1783.76148544716	1876.91540713748	1696.57307466977
EFM745_01173	4222.53634334041	4004.22060419218	3901.43774602059	7915.80145317225	7369.36259855032	7075.61385122464
EFM745_01174	2015.0734871048	1936.82409659296	1999.33801074046	4225.06190452269	3970.17001120291	3756.92545437845
EFM745_01175	1637.58913250688	1652.10370037096	1484.37204172096	2360.69144297398	2326.38725463619	2376.26598671615
EFM745_01176	5838.24232485611	5657.23105741735	5298.49378528737	10201.6417040519	11018.4812901113	10085.8344163127
EFM745_01177	780.499052018871	894.965067105453	879.113388345433	1719.27430456592	1802.82664106626	1761.45768755683
EFM745_01178	310.01130570843	352.726860287762	368.116328528392	294.798541171384	298.330764713431	248.901629763465
EFM745_01179	132.210703905066	136.919680985738	130.974003681261	70.2449648884939	75.0766162854993	71.2667059579151
EFM745_01180	458.634372856884	490.55329412771	463.370149387491	358.134165251174	317.099918784806	379.734537716055
EFM745_01181	320.041083246056	316.456746119355	338.349509509924	318.981234001849	277.585910213491	339.314614933954
EFM745_01182	10.9415754955917	6.3472699794713	9.92227300615613	3.45467040435216	1.97570042856577	3.19104653542903
EFM745_01183	62.914059099652	71.6334754826047	60.5258653375524	26.4858064333666	34.574757499901	17.0189148556215
EFM745_01184	19.1477571172854	22.6688213552546	18.8523187116966	5.7577840072536	7.90280171426308	8.50945742781076
EFM745_01185	60.1786652257541	63.472699794713	72.4325929449397	10.3640112130565	14.8177532142433	19.1462792125742
EFM745_01186	1974.95437695429	2071.02351901606	1981.47791932938	1361.14013931475	1334.58563949618	1218.97977653389
EFM745_01187	2060.6633850031	1985.78875072031	2054.90273957493	1779.15525824136	1782.08178656632	1579.56803503737
EFM745_01188	7423.85897375894	7656.62110095081	7442.69698191771	8970.62748330111	8355.23711240464	8242.47320101319
EFM745_01190	271.715791473859	268.398844846215	297.668190184684	260.251837127863	235.108350999327	239.328490157178
EFM745_01191	84.7972100908353	87.0482740041778	102.199411963408	70.2449648884939	59.2710128569731	60.6298841731516
EFM745_01192	42.8545040244006	60.7524412320824	51.5958196320119	33.3951472420709	25.684105571355	26.5920544619086
EFM745_01193	108.503956997951	121.504882464165	107.160548466486	140.489929776988	156.080333856696	106.368217847634
EFM745_01194	13446.2844861242	14724.7595995192	14151.1457613799	2289.29492128403	2392.57321899315	2217.77734212318
EFM745_01195	91.1797957965971	108.810342505222	105.176093865255	275.222075546722	260.792456570682	238.264807978701
EFM745_01196	1267.3991615727	1133.44106776273	1047.79202945009	2382.57102220154	2350.09565977898	2128.42803913117
EFM745_01197	99.3859774182909	97.0225554004899	81.3626386504803	141.641486578439	131.384078499624	132.960272309543
EFM745_01198	5.47078774779583	19.9485627926241	10.9145003067717	35.6982608449723	32.5990570713352	36.1651940681957
EFM745_01199	16.4123632433875	24.482327063675	18.8523187116966	25.3342496319158	40.5018587855983	35.1015118897194
EFM745_01200	107.592159039985	130.572411006267	120.059503374489	147.399270585692	142.250430856735	166.998102020786
EFM745_01201	315.482093456226	378.115940205647	386.968647240089	446.804038962879	414.897089998812	463.765429815686
EFM745_01202	248.009044566744	205.832897905712	279.808098773603	119.761907350875	132.371928713907	130.83290795259
EFM745_01203	30.089332612877	45.3376427105093	42.6657739264714	25.3342496319158	24.6962553570721	29.7831009973376
EFM745_01204	488.723705469761	513.222115482965	533.8182877312	955.792145204097	944.384804854438	933.91295270223
EFM745_01205	1245.51601058152	1341.99422423107	1390.11044816247	3232.41994167217	3085.05621920545	3032.55789083606
EFM745_01206	900.85638247038	994.707881068574	779.890658283872	3612.43368615091	3428.82809377589	4064.32960395811
EFM745_01207	1.82359591593194	0.906752854210186	0.992227300615613	2.30311360290144	0.987850214282885	3.19104653542903
EFM745_01208	144.975875316589	129.665658152057	119.067276073874	292.495427568483	281.537311070622	299.958374330329
EFM745_01209	346.483224027069	313.736487556724	305.606008589609	305.162552384441	331.917671999049	333.996204041572
EFM745_01210	474.134938142305	534.077431129799	493.13696840596	892.456521124308	1033.2913241399	977.52392201976
EFM745_01211	577.16810739246	517.755879754016	513.973741718887	1099.73674538544	1144.91839835386	1104.10210125845
EFM745_01212	127.651714115236	141.453445256789	132.958458282492	409.954221316456	378.346632070345	379.734537716055
EFM745_01213	3722.87106237506	3405.76372041346	3790.30828835164	107.094782534917	123.481276785361	138.278683201925
EFM745_01214	4987.53483007386	4978.97992246813	4942.28418436637	274.070518745271	270.67095871351	282.939459474708
EFM745_01215	6386.23289759366	5930.16366653462	6067.46994326447	483.653856609302	475.155953070068	444.619150603112
EFM745_01216	650.111944029738	729.029294784989	703.48915613647	612.628218371783	592.710128569731	531.841089238172
EFM745_01217	1354.93176553743	1350.15499991897	1459.56635920557	1449.81001302646	1483.75102185289	1270.03652110076
EFM745_01218	589.933278803983	578.508320986099	634.033245093377	304.01099558299	240.047602070741	279.748412939279
EFM745_01219	642.81756036601	671.903864969748	680.66792822231	337.406142825061	330.929821784766	322.295700078332
EFM745_01220	1032.15528841748	976.57282398437	1077.55884846856	313.223449994596	340.808323927595	291.448916902518
EFM745_01221	1515.40820613944	1715.57640016567	1640.15172791761	1204.52841431745	1212.0922129251	1221.10714089084
EFM745_01222	85.7090080488013	81.6077568789167	89.3004570554052	116.307236946523	130.396228285341	120.196086167827
EFM745_01223	942.799088536814	861.415211499677	885.066752149127	5457.22768207496	5086.44075334257	5014.19778933749
EFM745_01225	3670.898578771	3490.091735855	3573.01050951682	713.965216899446	714.215704926526	825.417370497643
EFM745_01226	5540.08439260124	4856.56828714975	4910.53291074667	1654.78712368468	1606.24444842397	1622.11532217643
EFM745_01227	1462.52392457742	1335.6469542516	1415.90835797848	898.214305131561	899.931545211708	933.91295270223
EFM745_01230	105.768563124053	78.8874983162862	99.2227300615613	49.5169424623809	56.3074622141244	48.9293802099118
EFM745_01231	43.7663019823666	39.8971255852482	33.7357282209308	27.6373632348173	28.6476562142037	21.2736435695269
EFM745_01232	114.886542703712	123.318388172585	145.857413190495	87.5183169102547	71.1252154283677	69.1393416009624
EFM745_01233	113.974744745746	154.147985215732	120.059503374489	104.791668932015	104.712122713986	114.877675275445
EFM745_01234	1599.29361827231	1632.15513757833	1554.82018006467	2077.4084698171	2188.08822463659	2039.07873613915
EFM745_01235	609.081035921269	645.608032197652	663.800064111845	3618.19147015816	3414.01034056165	3263.37692356542
EFM745_01236	179.624197719296	143.266950965209	152.803004294804	2677.36956337292	2921.07308363449	2764.50998186002
EFM745_01237	590.845076761949	602.083895195563	518.934878221966	2350.32743176092	2137.70786370816	2228.41416390794
EFM745_01238	4657.46396929018	4660.70967064035	4307.25871197238	4192.81831408207	4622.15115262962	4150.4878604147
EFM745_01239	540.696189073821	515.035621191386	492.144741105344	932.761009175083	940.433403997306	913.70299131118
EFM745_01240	769.55747652328	727.215789076569	739.209338958632	2717.6740514237	2547.66570263556	2781.52889671564
EFM745_01241	1102.36373118086	1093.54394217748	1132.13135000241	1476.29581945982	1341.50059099616	1323.22063002457
EFM745_01242	92.0915937545631	87.0482740041778	95.2538208590988	92.1245441160576	91.8700699283083	93.6040317059183
EFM745_01243	280.833771053519	244.82327063675	265.916916564984	199.219326650975	189.667241142314	209.54538915984
EFM745_01244	809.676586673782	644.701279343442	651.893336504458	629.901570393544	620.369934569652	658.419268476857
EFM745_01245	1500.81943881199	1266.73373733163	1289.8954908003	722.026114509601	717.179255569375	689.266051652671
EFM745_01246	4655.64037337425	4399.56484862782	4173.30802638927	4334.45980066051	4071.91858327405	4082.41220099221
EFM745_01247	951.917068116474	990.174116797523	947.57707208791	1034.09800770275	1100.46513871113	1040.28117054987
EFM745_01248	1577.41046728113	1788.11662850249	1756.24232208963	1589.14838600199	1722.81077370935	1685.93625288501
EFM745_01249	165.947228349807	225.781460698336	198.445460123123	89.8214305131561	97.7971712140056	88.2856208135366
EFM745_01250	4129.53295162788	3969.76399573219	3838.92742608181	1617.93730603826	1648.72200763813	1660.40788060157
EFM745_01251	4521.60607355325	4245.41686341209	4293.36752976376	2933.01517329498	2888.47402656316	2886.8334323848
EFM745_01252	2449.0893150966	2624.14276008428	2719.6950309874	1906.97806320239	1849.25560113756	1913.56423907894
EFM745_01253	1623.91216313739	1601.32554053519	1577.64140797882	368.49817646423	327.966271141918	376.543491180626
EFM745_01254	2395.29323557661	2347.58313955017	2411.11234049594	597.657979952924	623.3334852125	602.044113017611
EFM745_01255	506.95966462908	495.993811252972	466.346831289338	201.522440253876	198.55789307086	178.698605984026
EFM745_01256	1250.07500037135	1050.92655802961	1122.20907699626	593.051752747121	577.892375355488	547.796321915317
EFM745_01257	1393.227279772	1573.21620205467	1414.91613067786	984.581065240365	968.093209997227	1050.91799233463
EFM745_01258	4933.73875055387	4629.88007359721	4567.22226473367	4243.4868133459	4016.59897127421	4027.10072771144
EFM745_01259	498.753483007386	501.434328378233	504.051468712731	750.815034545869	755.705413926407	679.692912046384
EFM745_01260	2549.38709047286	2413.77609790751	2446.8325233181	3078.11133027777	3133.46087970531	3075.10517797511
EFM745_01261	516.07764420874	544.051712526111	567.554015952131	515.897447049922	517.633512284232	508.440081311693
EFM745_01262	6667.06666864718	6855.051577829	6708.44877946216	2172.98768433751	2072.50974956549	2064.60710842258
EFM745_01263	501.488876881284	391.7172330188	336.365054908693	374.255960471484	403.042887427417	414.836049605774
EFM745_01264	735.820952078539	577.601568131888	588.390789265058	1013.36998527663	1006.61936835426	941.358727951565
EFM745_01265	642.81756036601	643.794526489232	665.784518713076	1288.59206082336	1280.25387771062	1222.17082306932
EFM745_01266	979.271006855453	912.193371335447	1017.032983131	1432.5366610047	1388.91740128174	1340.23954488019
EFM745_01267	580.815299224324	586.66909667399	579.460743559518	1229.86266394937	1251.60622149642	1109.42051215083
EFM745_01268	6180.16655909335	5635.4689889163	5431.45224356986	2505.78759995677	2401.46387092169	2347.54656789729
EFM745_01269	34.6483224027069	31.7363498973565	27.7823644172372	71.3965216899446	45.4411098570127	70.2030237794387
EFM745_01270	103.033169250155	145.98720952784	118.075048773258	122.065020953776	120.517726142512	129.769225774114
EFM745_01271	746.76252757413	793.408747433913	743.178248161094	2121.16762827223	1935.19856978017	1912.50055690047
EFM745_01272	407.573687210789	413.479301519845	397.883147546861	401.893323706301	413.909239784529	404.199227821011
EFM745_01273	917.268745713767	833.305873019161	801.719658897415	777.300840979236	816.952127211946	1016.88016262339
EFM745_01274	1780.74141190754	1745.49924435461	1892.17746227397	3412.06280269848	3319.17671999049	3303.79684634753
EFM745_01275	931.857513041223	839.653142998632	871.175569940508	1524.66120512075	1468.93326863865	1427.46148351525
EFM745_01276	429.456838201972	460.630449938774	440.548921473332	642.568695209502	620.369934569652	565.878918949415
EFM745_01277	715.761397003287	648.328290760283	707.458065338932	841.788021860476	873.25958942607	893.493029920129
EFM745_01278	1159.80700253272	1131.62756205431	1011.07961932731	1437.1428882105	1510.42297763853	1418.95202608744
EFM745_01279	754.056911237858	788.874983162862	793.78184049249	1153.85991505362	1212.0922129251	1159.41357453922
EFM745_01280	583.550693098222	525.916655441908	542.74833343674	126.671248159579	123.481276785361	102.113489133729
EFM745_01281	1447.023359292	1081.75615507275	1094.42671257902	765.785272964729	747.802612212144	691.393416009624
EFM745_01282	689.319256222274	577.601568131888	615.18092638168	510.139663042669	504.791459498554	488.230119920642
EFM745_01283	992.036178266977	834.212625873371	862.245524234968	642.568695209502	666.798894640947	656.291904119905
EFM745_01284	2250.31736026002	2031.12639343082	2004.29914724354	1441.7491154163	1705.02946985226	1578.5043528589
EFM745_01285	7978.23213220225	8415.57323992473	7915.98940431136	3760.98451353805	3731.11025934646	3612.26467810567
EFM745_01286	168.682622223705	152.334479507311	139.904049386801	5365.1031379589	4535.22033377273	5191.83271314304
EFM745_01287	77.5028264271075	64.3794526489232	56.5569561350899	1772.24591743266	1673.41826299521	1847.61594401341
EFM745_01288	124.004522283372	144.17370381942	106.168321165871	1663.99957809629	1661.56406042381	1940.15629354085
EFM745_01289	130.387107989134	118.784623901534	115.098366871411	315.526563597497	286.476562142037	349.951436718717
EFM745_01290	269.892195557927	289.254160493049	283.777007976065	143.94460018134	134.347629142472	136.151318844972
EFM745_01291	241.626458860982	213.086920739394	241.111234049594	76.0027488957475	85.942968642611	63.8209307085807
EFM745_01292	245.273650692846	208.553156468343	181.577596012657	61.0325104768881	82.9794179997623	77.6487990287732
EFM745_01293	414.868070874517	525.009902587698	525.880469326275	312.071893193145	281.537311070622	302.085738687282
EFM745_01294	60.1786652257541	70.7267226283945	68.4636837424773	11.5155680145072	16.793453642809	6.38209307085807
EFM745_01295	166.859026307773	194.04511080098	174.632004908348	63.3356240797896	61.2467132855389	77.6487990287732
EFM745_01296	34.6483224027069	37.1768670226176	51.5958196320119	19.5764656246622	20.7448544999406	17.0189148556215
EFM745_01297	526.107421746365	483.299271294029	498.098104909038	397.287096500498	416.872790427377	375.47980900215
EFM745_01299	1715.09195893399	1734.61821010409	1737.39000337794	963.853042814252	1020.44927135422	981.778650733666
EFM745_01300	3.64719183186388	2.72025856263056	4.96113650307806	1.15155680145072	1.97570042856577	3.19104653542903
EFM745_01301	8409.51256632015	8332.1519773374	8255.3311411219	7839.7987042765	7762.52698383491	9750.77453009265
EFM745_01302	37364.5685194875	37379.9796619607	37606.4069206323	44989.0211190767	44292.2400578017	51419.460189725
EFM745_01303	332.80625465758	331.871544640928	364.14741932593	256.79716672351	282.525161284905	274.430002046897
EFM745_01304	7384.6516615664	7026.42786727473	7055.72833467762	1456.71935383516	1408.67440556739	1434.90725876459
EFM745_01305	187274.182586631	205161.900793597	195783.314275571	40020.0535208169	44484.8708495869	40497.5715811299
EFM745_01306	5520.02483752599	4962.65837109235	4493.79744448811	4439.25146959252	4181.56995705945	4533.41344466618
EFM745_01307	2784.63096362808	2541.62825035115	2368.44656656947	2280.08246687242	2195.00317613657	2281.59827283176
EFM745_01308	22755.7416369567	28379.5508310704	27558.121047298	6042.21853721193	6109.85357533964	6059.79737077973
EFM745_01309	9.11797957965971	13.6012928131528	6.94559110430929	19.5764656246622	12.8420527856775	14.8915504986688
EFM745_01310	27.3539387389791	21.7620685010445	18.8523187116966	35.6982608449723	44.4532596427298	30.846783175814
EFM745_01311	31.912928528809	33.5498556057769	41.6735466258557	61.0325104768881	75.0766162854993	76.5851168502968
EFM745_01312	74.7674325532096	66.1929583573436	70.4481383437085	154.308611394396	147.18968192815	176.571241627073
EFM745_01313	466.840554478577	424.360335770367	387.960874540705	2752.22075546722	3066.28706513407	2761.31893532459
EFM745_01314	363.807385228423	489.6465412735	379.030828835164	101.336998527663	115.578475071098	98.9224425983
EFM745_01315	41.0309081084687	50.7781598357704	36.7124101227777	3.45467040435216	0.987850214282885	4.25472871390538
EFM745_01316	608.169237963303	625.659469405028	618.157608283527	335.10302922216	364.516729070385	365.906669395863
EFM745_01317	2624.15452302607	2671.29390850321	2630.39457393199	7497.78633424564	7077.94678533687	6865.00477988633
EFM745_01318	2255.78814800781	2074.65053043291	2017.19810215154	6331.25929437606	6234.32270233929	6415.06721839083
EFM745_01319	2687.98038008368	2816.37436517684	2768.31416871756	9632.77264413527	9822.19468061472	9476.34452804575
EFM745_01320	7765.78320799618	7582.26736690557	7889.19926719474	5019.63609752369	4679.44646505803	4716.36677936411
EFM745_01321	1193.54352697746	1372.82382127422	1336.53017392923	847.54580586773	916.724998854517	921.148766560514
EFM745_01322	4411.27852063937	4277.15321330945	4305.27425737114	3451.21573394781	3236.19730199073	3097.44250372312
EFM745_01323	5241.0146623884	5190.2533374991	5099.05609786363	4631.5614554348	4293.19703127342	4378.11584660863
EFM745_01324	1423.31661238488	1406.37367688	1574.66472607698	2004.8603913257	2014.2265869228	1827.40598262236
EFM745_01325	3160.29172231006	3275.19130940719	3433.10646013002	1939.22165364301	1836.41354835188	1852.93435490579
EFM745_01326	5287.51635824467	5117.71310916229	5476.10247209757	5657.59856552739	6268.89745983919	5889.60822222352
EFM745_01327	741.291739826335	802.476275976014	957.499345094066	1091.67584777528	1052.06047821127	995.606519053859
EFM745_01328	1227.2800514222	1313.88488575056	1268.06649018675	613.779775173234	638.151238426744	627.572485301043
EFM745_01329	1047.6558537029	1011.93618529857	947.57707208791	2240.9295356231	2160.42841863667	2151.82904705764
EFM745_01330	1449.75875316589	1310.25787433372	1392.0949027637	616.082888776135	615.430683498237	753.086982361252
EFM745_01331	8131.41418914053	7527.86219565296	7746.31853590609	6550.05508665169	6139.48908176813	6934.14412148729
EFM745_01332	574.432713518562	510.501856920335	582.437425461365	1225.25643674357	1222.95856528221	1209.4066369276
EFM745_01333	2604.09496795081	2567.92408312325	2712.74943988309	5780.81514328261	5582.34156091258	5416.26965280155
EFM745_01334	160.476440602011	203.112639343082	228.212279141591	18.4249088232115	30.6233566427694	35.1015118897194
EFM745_01335	2398.94042740847	2671.29390850321	2576.81429969875	604.567320761628	626.297035855349	647.782446692094
EFM745_01336	2762.74781263689	2787.35827384211	2916.15603650929	941.973463586689	1128.12494471105	972.205511127379
EFM745_01337	1196.27892085135	1404.56017117158	1171.82044202704	382.316858081639	418.848490855943	354.206165432623
EFM745_01338	3199.49903450259	3128.29734702514	3139.4071791478	1585.69371559764	1694.16311749515	1475.32718154669
EFM745_01339	3215.91139774598	3215.34562102932	3220.76981779828	4857.26658851914	4914.55481605735	4723.81255461345
EFM745_01340	2321.43760098136	2041.10067482713	2140.23428742788	3907.23222732229	4073.89428370262	3826.06479597941
EFM745_01341	2113.54766656512	2110.0138917471	2230.5269717839	3116.11270472565	2946.75718920585	2732.59951650573
EFM745_01342	3891.55368459877	3727.66098365807	3818.09065276888	6313.9859423543	5994.27510026855	5800.25891923151
EFM745_01343	1560.08630607978	1715.57640016567	1670.91077423669	582.687741534064	551.22041956985	568.006283306368
EFM745_01344	165.947228349807	205.832897905712	196.461005521891	70.2449648884939	72.1130656426506	62.7572485301043
EFM745_01345	2429.94155797931	2574.27135310272	2655.20025644738	1038.70423490855	1109.35579063968	1036.02644183596
EFM745_01347	178.71239976133	194.95186365519	218.290006135435	56.4262832710853	59.2710128569731	54.2477911022936
EFM745_01348	4888.14885265557	4843.87374719081	4478.91403497888	605.718877563079	576.904525141205	666.928725904668
EFM745_01349	314.57029549826	335.498556057769	359.186282822852	550.444151093444	551.22041956985	482.91170902826
EFM745_01351	60200.5483767453	67399.8464062973	62204.713930194	12115.529108063	11603.2886169668	11471.8122948674
EFM745_01352	20436.1276318913	22534.6219328315	21463.8609669169	5087.57794880928	4621.16330241534	4701.47522886544
EFM745_01353	65734.2501836408	59595.4245901102	58774.5841519658	19520.0393413912	17866.2589755203	17272.0712140989
EFM745_01354	7150.31958636915	7467.10975442088	7277.98725001552	12214.5629929878	12087.3352219654	12458.9093564934
EFM745_01355	5001.21179944335	4986.23394530181	4992.88777669776	13140.4146613542	11936.1941391801	11592.0083810352
EFM745_01356	11781.3414148783	12120.5654022276	11323.2979546254	37858.5814044939	34524.3771389725	34569.6708004812
EFM745_01357	5056.83147487928	4871.98308567133	5102.03277976548	8748.37702062112	8555.77070590407	8710.49335954278
EFM745_01358	5137.98149313825	4985.3271924476	5568.37961105482	7191.47222505975	7661.76626197806	7226.65672056828
EFM745_01359	375.66075868198	371.768670226176	447.494512577641	742.754136935714	718.167105783657	693.520780366577
EFM745_01360	778.675456102939	686.411910637111	709.442519940163	643.720252010952	596.661529426862	648.84612887057
EFM745_01361	6109.04631837201	6081.59139318772	5690.42356903054	11041.1266123095	10731.016877755	10815.5203907475
EFM745_01362	9605.79148717151	10649.8122726986	9691.08404511269	20511.5297474402	19200.8446150164	20292.9286009717
EFM745_01363	3038.11079594262	3657.84101388389	3648.41978436361	5169.33848171228	6075.27881783974	5767.28477169874
EFM745_01364	1682.26723244722	1610.39306907729	1683.8097291447	3058.53486465311	3033.68800806274	3061.27730965492
EFM745_01365	2501.97359665862	2484.50282053591	2602.61220951475	4798.53719164515	4469.03436941577	4439.80941296026
EFM745_01366	346.483224027069	349.099848870922	398.875374847476	474.441402197697	406.994288284549	372.288762466721
EFM745_01367	1798.0655731089	1750.93976147987	1828.67491503457	2441.30041907553	2451.84423185012	2252.8788540129
EFM745_01368	2141.81340326207	2249.65383129547	2241.44147209067	3058.53486465311	2934.90298663445	2741.10897393354
EFM745_01369	1584.70485094486	1497.04896230102	1546.88236165974	1910.43273360674	1856.17055263754	1552.97598057546
EFM745_01370	8288.24343791068	8195.23229635166	8051.9245444957	11818.4274532887	11518.3334985384	11217.5922542115
EFM745_01371	78.4146243850735	60.7524412320824	75.4092748467866	123.216577755227	120.517726142512	118.068721810874
EFM745_01372	476.870332016203	549.492229651373	499.090332209653	1036.40112130565	998.716566639997	1093.46527947368
EFM745_01373	114.886542703712	106.996836796802	126.012867178183	95.5792145204097	114.590624856815	119.132403989351
EFM745_01374	3518.62831979068	3098.3745028362	3146.35277025211	4170.93873485451	4432.4839114873	4100.49479802631
EFM745_01375	6676.18464822684	6466.96135622705	6202.4128561482	8911.89808642712	9232.44810268784	10090.0891450266
EFM745_01376	881.708625353094	1046.39279375855	1032.90861994085	1882.79537037193	1864.0733543518	1864.63485886903
EFM745_01377	13305.8676005974	11823.1504660466	11268.7254530915	7274.3843147642	6990.02811626569	7251.12141067324
EFM745_01378	4804.2634405227	4684.28524484982	4605.91912945767	2737.25051704836	2805.49460856339	2623.04025212267
EFM745_01379	3991.85145997502	4023.26241413059	3930.21233773844	1832.1268711081	1885.80605906603	1686.99993506348
EFM745_01380	3495.83337084153	3010.41947597782	3116.58595123364	2245.5357628289	2194.01532592229	2077.3712945643
EFM745_01381	7065.52237627831	7407.26406604301	7640.15021474022	5717.47951920282	5673.22378062661	5193.96007749999
EFM745_01382	27308.3488410808	25737.2730139019	24901.92856355	16630.7833265513	17113.5171122367	16698.7465199001
EFM745_01383	19722.189830804	17688.0279270781	18763.0182546412	17458.7526667944	16526.7340849527	16542.3852396641
EFM745_01384	4227.09533313024	3836.4713261633	4070.11638712524	6255.25654548031	5927.10128569731	5992.78539353573
EFM745_01385	9184.54083059123	9182.68615458655	8456.75328314687	13221.0236374557	13235.2171709621	12932.2479259154
EFM745_01386	14857.7477250555	14255.0616210383	13428.8042865317	19704.2884296233	19686.8669204436	19830.2268533345
EFM745_01387	17255.776354506	17565.6162917597	15996.6885405249	21431.6236317993	19279.8726321591	18238.9583143339
EFM745_01388	12918.3534684619	13014.6237164788	13234.327735611	2799.4345843267	2925.02448449162	2808.12095117755
EFM745_01389	5895.68559620797	5862.15720246885	5880.93121074874	3341.81783780999	3356.71502813324	3396.33719587497
EFM745_01390	1452.49414703979	1609.48631622308	1835.62050613888	636.810911202248	617.406383926803	581.83415162656
EFM745_01391	319.12928528809	278.373126242527	292.707053681606	352.37638124392	338.83262349903	338.250932755478
EFM745_01392	1555.52731628995	1815.31921412879	1838.59718804073	1494.72072828303	1425.4678592102	1409.37888648116
EFM745_01393	2157.31396854749	2301.33874398545	2395.23670368609	2126.92541227948	2180.18542292233	2161.40218666393
EFM745_01394	3310.73838537444	3349.54504345243	3206.87863558966	3096.53623910099	2978.3683960629	2962.35486705662
EFM745_01395	2057.01619317123	2139.02998308183	1934.84323620045	3810.50145600043	3932.63170306016	3914.35041679295
EFM745_01396	78.4146243850735	72.5402283368149	66.4792291412461	3256.60263450264	2799.5675072777	3660.1303761371
EFM745_01397	118.533734535576	140.546692402579	96.2460481597144	5039.21256314835	5143.73606577098	6602.27528180267
EFM745_01398	183.27138955116	171.376289445725	151.810776994189	6683.63567561998	6304.46006755337	9249.78022403029
EFM745_01399	6.3825857057618	3.62701141684074	1.98445460123123	204.977110658228	165.958835999525	228.691668372414
EFM745_01400	1.82359591593194	0.906752854210186	0.992227300615613	65.638737682691	40.5018587855983	54.2477911022936
EFM745_01401	5.47078774779583	3.62701141684074	3.96890920246245	62.1840672783389	61.2467132855389	72.3303881363914
EFM745_01402	304.540517960634	273.839361971476	242.10346135021	517.049003851373	544.30546806987	558.433143700081
EFM745_01403	238.891064987084	275.652867679896	326.442781902537	1383.01971854231	1937.17427020874	1607.22377167776
EFM745_01405	523.372027872467	575.788062423468	573.507379755824	928.15478196928	1005.63151813998	930.721906166801
EFM745_01406	126.73991615727	134.199422423108	135.935140184339	200.370883452425	232.144800356478	243.583218871083
EFM745_01407	630.052388954486	652.862055031334	653.877791105689	704.75276248784	784.353070140611	740.322796219536
EFM745_01408	1075.00979244188	1029.16448952856	1015.04852852977	680.570069657375	760.644664997821	662.673997190763
EFM745_01409	347.395021985035	338.218814620399	330.411691104999	249.887825914806	250.913954427853	230.819032729367
EFM745_01410	427.63324228604	438.86838143773	447.494512577641	446.804038962879	426.751292570206	427.60023574749
EFM745_01411	1066.80361082019	1230.46362316322	1241.27635307013	1000.70286046068	1063.91468078267	1058.36376758396
EFM745_01412	95.738785586427	115.157612484694	117.082821472642	2156.8658891172	2250.32278813641	2129.49172130964
EFM745_01413	10.9415754955917	15.4147985215732	15.8756368098498	194.613099445172	250.913954427853	191.462792125742
EFM745_01414	39.2073121925368	35.3633613141972	35.7201828221621	333.951472420709	435.641944498752	323.359382256809
EFM745_01415	11.8533734535576	5.44051712526112	10.9145003067717	135.883702571185	119.529875928229	134.023954488019
EFM745_01416	192.38936913082	184.070829404668	202.414369325585	1100.88830218689	1231.84921721076	1209.4066369276
EFM745_01417	135.85789573693	126.038646735216	121.051730675105	1119.3132110101	1181.46885628233	1134.94888443426
EFM745_01418	36.4719183186388	53.498418398401	32.7435009203152	366.195062861329	389.212984427457	344.633025826336
EFM745_01420	70.2084427633798	72.5402283368149	85.3315478529427	582.687741534064	577.892375355488	530.777407059696
EFM745_01421	22.7949489491493	24.482327063675	10.9145003067717	164.672622607453	155.092483642413	209.54538915984
EFM745_01422	5.47078774779583	3.62701141684074	2.97668190184684	18.4249088232115	15.8056034285262	38.2925584251484
EFM745_01423	6.3825857057618	5.44051712526112	5.95336380369368	47.2138288594795	42.477559214164	38.2925584251484
EFM745_01424	34.6483224027069	29.0160913347259	22.8212279141591	194.613099445172	171.885937285222	179.762288162502
EFM745_01425	10.9415754955917	12.6945399589426	8.93004570554052	67.9418512855925	82.9794179997623	58.502519816199
EFM745_01426	26.4421407810132	32.6431027515667	17.860091411081	177.339747423411	186.703690499465	184.017016876408
EFM745_01427	18.2359591593194	11.7877871047324	17.860091411081	82.9120897044518	85.942968642611	69.1393416009624
EFM745_01434	17.3241612013535	27.2025856263056	22.8212279141591	10.3640112130565	14.8177532142433	23.4010079264796
EFM745_01435	5.47078774779583	4.53376427105093	1.98445460123123	72.5480784913953	79.0280171426308	85.0945742781076
EFM745_01436	16.4123632433875	12.6945399589426	13.8911822086186	87.5183169102547	70.1373652140848	73.3940703148678
EFM745_01437	21.8831509911833	27.2025856263056	12.898954908003	64.4871808812403	80.0158673569137	97.8587604198237
EFM745_01438	13.6769693694896	7.25402283368149	13.8911822086186	61.0325104768881	58.2831626426902	60.6298841731516
EFM745_01439	89.3561998806652	106.090083942592	106.168321165871	484.805413410753	529.487714855626	509.503763490169
EFM745_01440	29.1775346549111	30.8295970431463	28.7745917178528	317.829677200399	353.650376713273	294.639963437947
EFM745_01441	2.73539387389791	1.81350570842037	4.96113650307806	238.372257900299	194.606492213728	171.252830734691
EFM745_01442	43.7663019823666	45.3376427105093	39.6890920246245	457.168050175936	465.277450927239	412.708685248822
EFM745_01443	11.8533734535576	15.4147985215732	17.860091411081	389.226198890343	348.711125641858	368.034033752815
EFM745_01444	1.82359591593194	3.62701141684074	1.98445460123123	101.336998527663	128.420527856775	112.750310918493
EFM745_01445	1.82359591593194	0	0.992227300615613	47.2138288594795	41.4897089998812	34.037829711243
EFM745_01446	0	0	0	14.9702384188594	15.8056034285262	11.7005039632398
EFM745_01447	4.55898978982986	4.53376427105093	8.93004570554052	148.550827387143	165.958835999525	158.488644592975
EFM745_01448	20.9713530332173	11.7877871047324	20.8367733129279	356.982608449723	333.893372427615	339.314614933954
EFM745_01449	1.82359591593194	0.906752854210186	1.98445460123123	57.577840072536	64.2102639283875	64.884612887057
EFM745_01450	76.5910284691416	67.0997112115538	95.2538208590988	1149.25368784782	1242.71556956787	1158.34989236074
EFM745_01452	12.7651714115236	9.97428139631204	7.9378184049249	81.7605329030011	80.0158673569137	78.7124812072495
EFM745_01453	71.1202407213458	62.5659469405028	86.3237751535583	253.342496319158	291.415813213451	284.003141653184
EFM745_01454	140.41688552676	191.324852238349	145.857413190495	470.986731793344	439.593345355884	469.083840708068
EFM745_01455	93.0033917125291	91.5820382752288	78.3859567486334	248.736269113355	232.144800356478	202.099613910505
EFM745_01468	41.9427060664347	41.7106312936685	32.7435009203152	28.788920036268	32.5990570713352	34.037829711243
EFM745_01469	64.737655015584	72.5402283368149	85.3315478529427	96.7307713218605	64.2102639283875	89.3493029920129
EFM745_01471	28.2657366969451	19.9485627926241	26.7901371166215	40.3044880507752	55.3196119998416	31.9104653542903
EFM745_01472	202.419146668446	203.112639343082	227.220051840975	568.869059916656	563.074622141244	524.395313988838
EFM745_01473	393.8967178413	446.122404271411	413.758784356711	555.050378299247	548.256868927001	487.166437742166
EFM745_01474	406.661889252823	369.048411663546	389.945329141936	492.866311020908	523.560613569929	457.383336744828
EFM745_01475	5522.76023139989	5417.84830390586	5482.05583590126	4050.02527070218	4328.7596389876	3784.58119101883
EFM745_01476	5300.28152965619	4759.54573174927	4663.46831289338	6038.76386680757	6066.3881659112	5614.11453799815
EFM745_01477	308.187709792498	264.771833429374	266.9091438656	428.379130139668	414.897089998812	433.982328818349
EFM745_01478	54.7078774779583	46.2443955647195	41.6735466258557	52.9716128667331	40.5018587855983	44.6746514960065
EFM745_01479	36.4719183186388	26.2958327720954	26.7901371166215	28.788920036268	35.5626077141839	36.1651940681957
EFM745_01480	46.5016958562645	53.498418398401	46.6346831289338	48.3653856609302	53.3439115712758	42.5472871390538
EFM745_01481	33.7365244447409	31.7363498973565	24.8056825153903	40.3044880507752	38.5261583570325	41.4836049605774
EFM745_01482	11.8533734535576	20.8553156468343	15.8756368098498	9.21245441160576	21.7327047142235	20.2099613910505
EFM745_01483	178.71239976133	166.842525174674	149.826322392958	242.978485106102	220.290597785083	231.882714907843
EFM745_01484	113.974744745746	120.598129609955	146.849640491111	172.733520217608	190.655091356597	158.488644592975
EFM745_01485	860.737272319877	832.39912016495	852.323251228812	795.725749802447	848.563334068998	854.136789316505
EFM745_01486	137.681491652862	131.479163860477	157.764140797882	263.706507532215	219.3027475708	237.201125800225
EFM745_01487	42.8545040244006	30.8295970431463	39.6890920246245	20.728022426113	25.684105571355	23.4010079264796
EFM745_01488	3.64719183186388	8.16077568789167	0.992227300615613	4.60622720580288	2.96355064284865	2.12736435695269
EFM745_01489	49.2370897301624	42.6173841478787	30.759046319084	38.0013744478738	41.4897089998812	46.8020158529592
EFM745_01490	248.92084252471	202.205886488871	201.422142024969	330.496802016357	305.245716213411	310.595196115093
EFM745_01491	1575.5868713652	875.016504312829	915.825798468211	1346.16990089589	1308.90153392482	1324.28431220305
EFM745_01492	1271.95815136253	1081.75615507275	1249.21417147506	947.731247593942	957.226857640115	844.563649710218
EFM745_01494	62.914059099652	48.0579012731398	48.619137730165	104.791668932015	93.8457703568741	97.8587604198237
EFM745_01495	988.388986435113	848.720671540734	867.206660738046	1198.7706303102	1101.45298892542	1166.85934978855
EFM745_01496	709.378811297526	877.73676287546	780.882885584487	1426.77887699744	1378.05104892462	1338.11218052324
EFM745_01497	1630.29474884316	1508.83674940575	1518.10776994189	3486.91399479278	3303.37111656197	3433.56607212164
EFM745_01498	3742.93061745031	4316.14358604048	4030.42729510062	1392.23217295392	1548.94913599556	1456.18090233412
EFM745_01499	106.680361082019	124.225141026795	120.059503374489	155.460168195847	165.958835999525	199.972249553553
EFM745_01500	478.693927932135	456.096685667723	480.238013497957	157.763281798749	135.335479356755	172.316512913168
EFM745_01501	858.001878445979	912.193371335447	1020.00966503285	453.713379771584	470.216701998653	437.173375353778
EFM745_01502	35.5601203606729	20.8553156468343	33.7357282209308	26.4858064333666	26.6719557856379	24.4646901049559
EFM745_01503	1449.75875316589	1374.63732698264	1279.97321779414	947.731247593942	933.518452497326	889.238301206224
EFM745_01504	2710.77532903283	2627.76977150112	2586.7365727049	4998.90807509757	4865.16230534321	4881.23751702794
EFM745_01505	565.314733938902	543.144959671901	541.756106136125	648.326479216755	669.762445283796	625.445120944091
EFM745_01506	4202.47678826516	4218.21427778578	4295.35198436499	4289.54908540393	4651.7866590581	4356.84220303911
EFM745_01507	44.6780999403326	50.7781598357704	52.5880469326275	102.488555329114	111.627074213966	113.813993096969
EFM745_01508	219.743307869799	246.636776345171	222.258915337897	353.527938045371	364.516729070385	319.104653542903
EFM745_01509	208.801732374207	207.646403614133	210.35218773051	209.583337864031	221.278447999366	188.271745590313
EFM745_01510	100.297775376257	91.5820382752288	95.2538208590988	109.397896137818	102.73642228542	92.540349527442
EFM745_01511	45.5898978982986	59.8456883778723	56.5569561350899	13.8186816174086	17.7813038570919	15.9552326771452
EFM745_01512	36.4719183186388	32.6431027515667	27.7823644172372	12.6671248159579	13.8299029999604	12.7641861417161
EFM745_01513	3.64719183186388	7.25402283368149	11.9067276073874	26.4858064333666	32.5990570713352	48.9293802099118
EFM745_01514	1.82359591593194	0	3.96890920246245	5.7577840072536	0.987850214282885	4.25472871390538
EFM745_01515	33.7365244447409	28.1093384805158	36.7124101227777	19.5764656246622	20.7448544999406	13.8278683201925
EFM745_01516	1629.38295088519	1664.7982403299	1640.15172791761	1202.22530071455	1183.4445567109	1162.60462107464
EFM745_01517	3034.46360411075	3172.72823688144	3283.28013773706	1396.83840015972	1441.27346263873	1489.15504986688
EFM745_01518	562.579340065004	525.009902587698	521.911560123812	865.970714690941	833.745580854755	814.78054871288
EFM745_01519	383.866940303674	398.064502998272	405.820965951786	731.238568921207	664.823194212382	626.508803122567
EFM745_01520	1907.48132806481	1903.27424098718	1864.39509785674	3650.43506059878	3490.07480706143	3418.67452162297
EFM745_01521	2149.10778692579	2413.77609790751	2334.71083834854	3672.31463982635	3458.46360020438	3387.82773844716
EFM745_01522	936.416502831052	940.302709815963	924.755844173751	1183.80039189134	1170.60250392522	1134.94888443426
EFM745_01523	1534.55596325673	1588.63100057625	1549.85904356159	1958.79811926767	2181.17327313661	2265.64304015461
EFM745_01524	41.0309081084687	33.5498556057769	36.7124101227777	34.5467040435216	20.7448544999406	27.655736640385
EFM745_01525	55.6196754359242	48.96465412735	75.4092748467866	66.7902944841417	67.1738145712362	74.4577524933441
EFM745_01526	2106.25328290139	2266.88213552546	2378.36883957562	747.360364141517	770.52316714065	719.049152650009
EFM745_01527	6223.93286107572	6128.74254160665	5808.4986178038	3091.93001189518	3066.28706513407	2865.55978881527
EFM745_01528	1550.05652854215	1394.58588977527	1491.31763282527	412.257334919358	415.884940213095	386.116630786913
EFM745_01529	2644.21407810132	2547.97552033062	2590.70548190737	756.572818553123	755.705413926407	646.718764513617
EFM745_01530	220.655105827765	297.414936180941	374.069692332086	145.096156982791	200.533593499426	139.342365380401
EFM745_01531	5639.47037001953	5128.59414341281	5047.46027823162	8805.95486069365	9175.15279025944	8984.92336158968
EFM745_01532	1588.35204277672	1870.63113823561	1630.22945491145	7929.62013478966	7556.06628904979	7400.03691565993
EFM745_01533	3195.85184267073	3062.1043886678	2968.74408344191	5568.92869181568	5651.49107591238	5487.53635875946
EFM745_01534	333.718052615545	371.768670226176	385.976419939473	1509.69096670189	1786.03318742346	1657.21683406614
EFM745_01536	453.163585109088	500.527575524023	513.973741718887	2025.58841375182	2272.05549285064	2205.01315598146
EFM745_01537	133.122501863032	149.614220944681	155.779686196651	31.0920336391694	52.3560613569929	39.3562406036247
EFM745_01538	245.273650692846	297.414936180941	225.235597239744	431.83380054402	513.6821114271	492.484848634548
EFM745_01539	6433.64639140789	6641.0579042354	6177.60717363281	2848.95152678908	2845.00861713471	2662.39649272629
EFM745_01540	280.833771053519	257.517810595693	277.823644172372	449.107152565781	483.058754784331	477.593298135879
EFM745_01542	251.656236398608	283.813643367788	267.901371166215	141.641486578439	133.359778928189	134.023954488019
EFM745_01543	209.713530332173	218.527437864655	238.134552147747	117.458793747973	156.080333856696	108.495582204587
EFM745_01544	824.265354001238	883.177280000721	866.21443343743	450.258709367231	439.593345355884	441.428104067683
EFM745_01545	1706.8857773123	1617.64709191097	1510.16995153696	2314.62917091595	2066.5826482798	2165.65691537784
EFM745_01546	7116.5830619244	6288.33104394764	6396.88940706886	5442.2574436561	5145.71176619955	5015.26147151596
EFM745_01547	3328.0625465758	3515.48081577289	3431.12200552879	1484.35671706998	1400.77160385313	1576.37698850194
EFM745_01548	427.63324228604	404.411772977743	421.696602761635	4379.37051591709	4815.76979462906	4717.43046154259
EFM745_01549	207.889934416241	240.289506365699	198.445460123123	483.653856609302	409.957838927397	440.364421889207
EFM745_01550	1087.7749638534	870.482740041778	807.673022701109	150073.185478661	148053.063015433	142523.838776224
EFM745_01551	83.8854121328693	87.0482740041778	94.2615935584832	8166.8408358885	7651.88775983523	7640.42908799558
EFM745_01552	121.269128409474	101.556319671541	96.2460481597144	12826.0396545581	14204.2982311736	13623.641341925
EFM745_01553	144.064077358623	130.572411006267	155.779686196651	11593.8738770058	12641.5191921781	11468.6212483319
EFM745_01554	393.8967178413	348.193096016711	372.085237730855	23971.9579357996	24865.1777437145	23041.4833501546
EFM745_01555	374.748960724014	337.312061766189	341.326191411771	21330.2866332717	21419.5561962958	19200.5270036765
EFM745_01556	553.461360485345	519.569385462436	480.238013497957	29066.4452254176	29904.2016867715	27274.9384204904
EFM745_01557	2123.57744410275	2132.68271310236	2177.93892485127	4687.98773870588	5122.99121127104	4959.94999823519
EFM745_01558	174.1534099715	301.041947597782	284.769235276681	256.79716672351	428.726992998772	418.027096141203
EFM745_01559	19332.8521027525	18568.4849485162	18775.9172095492	13031.0167652163	12515.0743647499	12220.6445485147
EFM745_01560	483.252917721965	447.029157125622	535.802742332431	624.14378638629	649.017590783855	683.94764076029
EFM745_01561	2140.9016053041	1831.64076550458	2007.27582914538	1437.1428882105	1482.76317163861	1417.88834390897
EFM745_01562	1033.06708637545	1183.31247474429	1165.86707822335	617.234445577586	561.098921712679	574.388376377226
EFM745_01563	1066.80361082019	984.733599672262	1038.86198374455	812.999101824208	688.531599355171	644.591400156665
EFM745_01564	2486.4730313732	2547.06876747641	2495.45166104827	1541.93455714251	1507.45942699568	1440.22566965697
EFM745_01565	430.368636159938	402.598267269322	321.481645399459	18001.1359202777	20025.6995439426	20464.1814317064
EFM745_01566	437.663019823666	458.816944230354	469.323513191185	2215.59528599118	2291.81249713629	2471.99738277902
EFM745_01567	148.623067148453	148.70746809047	144.865185889879	741.602580134264	690.507299783737	727.55861007782
EFM745_01569	12350.3033406491	11902.0379643629	11225.0674518644	186868.879955416	161329.769895395	177596.631247124
EFM745_01570	1844.56726896516	1765.44780714723	1848.51946104689	2227.11085400569	2110.04805770824	2048.65187574544
EFM745_01571	1992.27853815565	2231.51877421127	2234.49588098636	1943.82788084881	1978.66397920862	1914.62792125742
EFM745_01572	12.7651714115236	11.7877871047324	15.8756368098498	41.4560448522259	43.4654094284469	44.6746514960065
EFM745_01573	116.710138619644	125.131893881006	113.11391227018	112.852566542171	124.469126999644	119.132403989351
EFM745_01574	0	2.72025856263056	3.96890920246245	28.788920036268	24.6962553570721	43.6109693175301
EFM745_01575	10.9415754955917	5.44051712526112	4.96113650307806	31.0920336391694	35.5626077141839	53.1841089238172
EFM745_01576	1.82359591593194	8.16077568789167	9.92227300615613	23.0311360290144	15.8056034285262	18.0825970340979
EFM745_01577	9.11797957965971	19.0418099384139	10.9145003067717	12.6671248159579	7.90280171426308	13.8278683201925
EFM745_01578	52.8842815620263	47.1511484189297	33.7357282209308	12.6671248159579	27.6598059999208	13.8278683201925
EFM745_01579	62.002261141686	68.9132169199741	61.518092638168	51.8200560652824	42.477559214164	26.5920544619086
EFM745_01580	2913.19447570128	2850.83097363682	2820.90221565019	2406.753715032	2421.22087520735	2302.87191640129
EFM745_01581	1.82359591593194	2.72025856263056	3.96890920246245	4.60622720580288	11.8542025713946	5.31841089238172
EFM745_01582	3317.1209710802	2907.95640345207	2886.38921749082	3210.54036244461	2934.90298663445	2928.31703734538
EFM745_01583	657.406327693465	639.260762218181	626.095426688452	536.625469476035	498.864358212857	542.477911022936
EFM745_01584	101.209573334223	106.090083942592	90.2926843560208	12.6671248159579	9.87850214282885	8.50945742781076
EFM745_01585	9632.23362795252	9199.00770596233	8907.22447762636	7075.16498811322	7149.07200076524	7003.28346308825
EFM745_01586	6225.75645699165	5434.16985528164	5491.97810890742	4149.05915562694	4327.77178877332	3977.10766532305
EFM745_01587	2342.40895401458	2136.3097245192	2535.14075307289	19129.6615856994	16216.5491176678	16030.754111817
EFM745_01588	21.8831509911833	25.3890799178852	20.8367733129279	17.2733520217608	17.7813038570919	17.0189148556215
EFM745_01589	25.5303428230472	35.3633613141972	23.8134552147747	18.4249088232115	7.90280171426308	18.0825970340979
EFM745_01590	12342.0971590274	11677.1632565188	11401.683911374	16332.5301149756	15335.3867265275	15649.9558919225
EFM745_01591	82.9736141749034	90.6752854210186	91.2849116566364	89.8214305131561	71.1252154283677	87.2219386350603
EFM745_01592	1243.69241466558	1202.35428468271	1070.61325736425	1490.11450107723	1268.39967513922	1387.04156073315
EFM745_01593	1200.83791064118	1067.24810940539	1030.92416533962	1407.20241137278	1288.15667942488	1345.55795577258
EFM745_01594	1643.05992025468	1599.51203482677	1506.2010423345	2102.74271944901	2002.37238435141	1884.84482026008
EFM745_01595	4205.21218213906	4325.21111458259	4358.85453160439	3152.96252237207	3162.10853591951	3062.3409918334
EFM745_01596	5122.48092785283	5192.06684320752	5487.01697240434	6357.74510080942	6153.31898476809	6175.73872823366
EFM745_01597	145.887673274555	116.971118193114	156.771913497267	27.6373632348173	31.6112068570523	44.6746514960065
EFM745_01598	86.6208060067673	100.649566817331	109.145003067717	18.4249088232115	18.7691540713748	20.2099613910505
EFM745_01599	1837.27288530143	1738.24522152093	1803.86923251918	550.444151093444	545.293318284153	478.656980314355
EFM745_01600	954.652461990372	843.280154415473	1086.4888941741	5310.97996829072	5636.67332269814	4938.67635466567
EFM745_01601	217.919711953867	252.077293470432	258.971325460675	322.435904406202	392.176535070305	356.333529789575
EFM745_01602	961.035047696134	993.801128214364	983.297254910072	545.837923887641	551.22041956985	470.147522886544
EFM745_01604	41.0309081084687	27.2025856263056	53.5802742332431	122.065020953776	111.627074213966	129.769225774114
EFM745_01605	1062.24462103036	995.614633922784	956.507117793451	1265.56092479434	1133.06419578247	1215.78872999846
EFM745_01606	2543.00450476709	2457.3002349096	2591.69770920798	1866.67357515162	1897.66026163742	1756.13927666444
EFM745_01607	2617.7719373203	2606.00770300007	2678.02148436154	2943.37918450804	2824.26376263477	2915.55285120366
EFM745_01608	868.943453941571	908.566359918606	966.429390799607	870.576941896744	857.453985997544	842.436285353265
EFM745_01609	461.369766730781	448.842662834042	431.618875767792	1206.83152792035	1169.61465371094	1081.76477551044
EFM745_01610	518.813038082638	497.807316961392	535.802742332431	1115.85854060575	1101.45298892542	1140.26729532664
EFM745_01611	7552.42248583214	6350.89699088814	6087.31448927679	4511.79954808392	4300.1119827734	4398.32580799968
EFM745_01612	1043.09686391307	1087.19667219801	1048.7842567507	1257.50002718419	1396.820202996	1233.87132703256
EFM745_01613	871.678847815468	790.688488871282	880.105615646049	538.928583078937	555.171820426981	506.31271695474
EFM745_01614	1952.15942800514	1858.84335113088	1957.6644641146	10993.91278345	11056.019598254	10107.1080598822
EFM745_01619	2.73539387389791	0	0	1.15155680145072	5.92710128569731	0
EFM745_01620	0	0.906752854210186	0	2.30311360290144	3.95140085713154	4.25472871390538
EFM745_01621	109.415754955917	115.157612484694	134.942912883723	831.42401064742	922.652100140215	807.334773463546
EFM745_01622	62.002261141686	77.0739926078658	77.3937294480178	180.794417827763	164.970985785242	186.14438123336
EFM745_01625	153.182056938283	133.292669568897	145.857413190495	672.50917204722	619.382084355369	589.279926875895
EFM745_01626	1903.83413623295	1918.68903950875	1772.11795889948	11477.5666400593	12381.7145858217	11876.0115226884
EFM745_01627	375.66075868198	327.337780369877	319.497190798227	731.238568921207	664.823194212382	688.202369474195
EFM745_01628	948.26987628461	917.633888460708	919.794707670673	1209.13464152326	1138.00344685388	1234.93500921104
EFM745_01629	1914.77571172854	1789.0233813567	1796.92364141487	806.089761015504	786.328770569176	882.856208135366
EFM745_01630	756.792305111756	746.257599014983	774.929521780794	1999.10260731845	2143.63496499386	1949.72943314714
EFM745_01631	920.915937545631	739.003576181301	846.369887425118	2228.26241080714	2157.46486799382	2110.34544209707
EFM745_01632	834.295131538864	880.45702143809	805.688568099878	1625.99820364842	1701.07806899513	1658.28051624462
EFM745_01633	30092.068006751	30026.2140143161	30636.0101338077	22704.0938974024	21309.9048225104	21616.1492309963
EFM745_01634	2452.73650692846	2586.05914020745	2460.72370552672	991.49040604907	941.421254211589	1008.37070519557
EFM745_01635	4457.78021649563	4249.95062768314	4010.58274908831	3038.95839902845	2980.34409649146	2858.11401356594
EFM745_01636	119.445532493542	123.318388172585	141.888503988033	659.842047231262	786.328770569176	685.011322938766
EFM745_01638	18201.3108369167	18273.7902708979	17799.5655457435	10072.6673422894	9916.0404509716	9256.16231710115
EFM745_01639	2357.9095193	2476.34204484802	2324.78856534238	2805.19236833395	2659.29277684953	2433.70482435388
EFM745_01640	978.359208897487	916.727135606498	923.763616873136	1566.11724997298	1560.80333856696	1420.01570826592
EFM745_01641	335.541648531477	316.456746119355	310.567145092687	93.2761009175083	102.73642228542	105.304535669158
EFM745_01642	34359.2824500317	34824.7501187964	33860.7488608084	28757.8280026288	31092.5854945538	31103.1305808268
EFM745_01643	11392.9154847848	12078.8547709339	11893.8286524794	9913.75250368925	9362.84433097318	9610.36848253377
EFM745_01644	1918.4229035604	2407.42882792804	2419.05015890086	1279.37960641175	1451.15196478156	1420.01570826592
EFM745_01645	1792.5947853611	1674.77252172621	1869.35623435981	1513.14563710625	1538.08278363845	1624.24268653338
EFM745_01646	2796.48433708163	2897.07536920154	2755.41521380956	2444.75508947988	2324.41155420763	2464.55160752969
EFM745_01647	547.078774779583	466.977719918246	500.082559510269	834.878681051772	794.23157228344	861.582564565839
EFM745_01648	529.754613578229	604.804153758194	556.639515645359	785.361738589391	731.009158569335	670.119772440097
EFM745_01649	3933.4963906652	4092.17563105057	4077.06197822955	1995.6479369141	2003.36023456569	2108.21807774011
EFM745_01650	1152.51261886899	1252.22569166427	1360.34362914401	703.60120568639	781.389519497762	732.877020970201
EFM745_01651	975.623815023589	906.752854210186	897.96570705713	740.451023332813	823.867078711926	780.742719001637
EFM745_01652	1142.48284133136	1180.59221618166	1130.14689540118	1423.32420659309	1360.26974506753	1307.26539734743
EFM745_01653	1600.20541623028	1546.92036928258	1507.19326963512	2982.53211575736	2861.80207077752	2724.09005907792
EFM745_01654	16.4123632433875	11.7877871047324	8.93004570554052	28.788920036268	14.8177532142433	20.2099613910505
EFM745_01655	479.605725890101	459.723697084564	429.63442116656	1239.07511836097	1245.67912021072	1303.01066863352
EFM745_01656	69.2966448054138	61.6591940862926	55.5647288344743	71.3965216899446	75.0766162854993	79.7761633857258
EFM745_01657	21.8831509911833	9.97428139631204	17.860091411081	34.5467040435216	20.7448544999406	29.7831009973376
EFM745_01658	12.7651714115236	25.3890799178852	17.860091411081	12.6671248159579	14.8177532142433	20.2099613910505
EFM745_01659	26.4421407810132	23.5755742094648	21.8290006135435	16.1217952203101	14.8177532142433	17.0189148556215
EFM745_01660	89.3561998806652	105.183331088382	80.3704113498646	133.580588968283	106.687823142552	99.9861247767764
EFM745_01661	92.0915937545631	94.3022968378593	108.152775767102	141.641486578439	115.578475071098	118.068721810874
EFM745_01662	150.446663064385	142.360198110999	126.012867178183	203.825553856777	239.059751856458	245.710583228036
EFM745_01663	2896.78211245789	3086.58671573147	2825.86335215327	4911.38975818732	4774.28008562918	4740.83146946907
EFM745_01664	3166.67430801582	3276.0980622614	3115.59372393302	3798.98588798592	3519.71031348992	3598.43680978547
EFM745_01665	70.2084427633798	68.0064640657639	92.277138957252	350.073267641019	408.969988713114	364.842987217386
EFM745_01666	79.3264223430395	65.2862055031334	83.3470932517115	69.0934080870432	62.2345634998218	56.3751554592463
EFM745_01667	93.915189670495	127.852152443636	114.106139570795	89.8214305131561	80.0158673569137	79.7761633857258
EFM745_01668	9.11797957965971	15.4147985215732	21.8290006135435	6.90934080870432	6.9149514999802	6.38209307085807
EFM745_01669	169.594420181671	176.816806570986	163.717504601576	149.702384188594	181.764439428051	147.851822808212
EFM745_01670	345.571426069103	365.421400246705	368.116328528392	432.985357345471	410.94568914168	362.715622860433
EFM745_01671	185.094985467092	193.13835794677	237.142324847131	373.104403670033	406.006438070266	376.543491180626
EFM745_01672	524.283825830433	511.408609774545	498.098104909038	815.30221542711	853.502585140413	870.09202199365
EFM745_01674	3031.72821023685	3125.57708846251	3003.47203896346	1131.98033582606	1050.08477778271	1031.77171312205
EFM745_01675	2411.70559881999	2311.31302538176	2423.01906810333	7410.26801733538	6585.00952840971	6606.53001051658
EFM745_01676	4736.79039163322	4088.54861963373	3984.7848392723	12760.4009168754	11923.3520863944	12375.9421465723
EFM745_01677	6893.19256222274	6291.05130251027	5921.61253007398	19681.2572935943	18738.530714732	18946.3069630206
EFM745_01678	1450.67055112386	1412.72094685947	1488.34095092342	2122.31918507368	2255.26203920783	2245.43307876356
EFM745_01679	829.736141749034	777.993948912339	853.315478529427	773.846170574884	836.709131497603	836.054192282407
EFM745_01680	9.11797957965971	12.6945399589426	3.96890920246245	2.30311360290144	2.96355064284865	5.31841089238172
EFM745_01681	10.0297775376257	11.7877871047324	9.92227300615613	5.7577840072536	6.9149514999802	6.38209307085807
EFM745_01683	6.3825857057618	4.53376427105093	17.860091411081	9.21245441160576	7.90280171426308	6.38209307085807
EFM745_01684	8.20618162169374	3.62701141684074	3.96890920246245	1.15155680145072	0.987850214282885	1.06368217847634
EFM745_01685	17.3241612013535	10.8810342505222	9.92227300615613	4.60622720580288	3.95140085713154	4.25472871390538
EFM745_01686	64.737655015584	56.2186769610315	48.619137730165	25.3342496319158	23.7084051427892	42.5472871390538
EFM745_01687	163.211834475909	165.935772320464	155.779686196651	140.489929776988	123.481276785361	119.132403989351
EFM745_01688	59.2668672677881	55.3119241068213	66.4792291412461	31.0920336391694	29.6355064284865	28.7194188188613
EFM745_01689	40.1191101505027	49.8714069815602	44.6502285277026	31.0920336391694	31.6112068570523	39.3562406036247
EFM745_01690	2.73539387389791	2.72025856263056	3.96890920246245	1.15155680145072	0.987850214282885	1.06368217847634
EFM745_01691	20.9713530332173	17.2283042299935	21.8290006135435	5.7577840072536	7.90280171426308	1.06368217847634
EFM745_01692	4.55898978982986	6.3472699794713	1.98445460123123	0	0.987850214282885	5.31841089238172
EFM745_01693	46.5016958562645	43.5241370020889	49.6113650307806	20.728022426113	25.684105571355	19.1462792125742
EFM745_01694	312.746699582328	297.414936180941	297.668190184684	130.125918563931	123.481276785361	121.259768346303
EFM745_01695	83.8854121328693	99.7428139631204	95.2538208590988	28.788920036268	43.4654094284469	32.9741475327667
EFM745_01696	3.64719183186388	5.44051712526112	6.94559110430929	3.45467040435216	4.93925107141442	3.19104653542903
EFM745_01697	2718.98151065453	2715.72479835951	2714.73389448432	1946.13099445172	2078.43685085119	2039.07873613915
EFM745_01698	186.918581383024	184.070829404668	161.733050000345	246.433155510454	290.427962999168	261.665815905181
EFM745_01699	342.836032195205	282.000137659368	287.745917178528	730.087012119756	701.373652140848	622.254074408661
EFM745_01700	36.4719183186388	34.4566084599871	35.7201828221621	39.1529312493245	46.4289600712956	41.4836049605774
EFM745_01701	30.089332612877	29.9228441889361	49.6113650307806	47.2138288594795	40.5018587855983	55.3114732807699
EFM745_01702	175.065207929466	210.366662176763	187.530959816351	430.682243742569	465.277450927239	408.453956534916
EFM745_01703	159.564642644045	165.935772320464	143.872958589264	267.161177936567	218.314897356518	378.670855537579
EFM745_01704	5.47078774779583	6.3472699794713	4.96113650307806	12.6671248159579	16.793453642809	13.8278683201925
EFM745_01705	11.8533734535576	15.4147985215732	12.898954908003	11.5155680145072	4.93925107141442	8.50945742781076
EFM745_01706	8.20618162169374	8.16077568789167	7.9378184049249	2.30311360290144	4.93925107141442	7.44577524933441
EFM745_01707	248.009044566744	261.144822012533	239.126779448363	198.067769849524	183.740139856617	215.927482230698
EFM745_01708	366.54277910232	403.505020123533	397.883147546861	597.657979952924	613.454983069672	600.980430839135
EFM745_01709	315.482093456226	313.736487556724	333.388373006846	388.074642088893	379.334482284628	358.460894146528
EFM745_01710	469.575948352475	420.733324353526	389.945329141936	369.649733265681	321.051319641938	347.824072361765
EFM745_01711	352.865809732831	373.582175934597	326.442781902537	447.95559576433	446.508296855864	392.498723857771
EFM745_01712	801.470405052089	721.775271951308	750.123839265403	469.835174991894	451.447547927278	454.192290209399
EFM745_01713	106.680361082019	110.623848213643	120.059503374489	112.852566542171	113.602774642532	130.83290795259
EFM745_01714	644.641156281942	617.498693717136	600.297516872446	571.172173519557	554.183970212698	538.22318230903
EFM745_01715	1149.77722499509	1307.53761577109	1328.59235552431	601.112650357276	581.843776212619	528.650042702743
EFM745_01716	659.229923609397	671.903864969748	683.644610124157	489.411640616556	554.183970212698	495.675895169977
EFM745_01717	12795.2607441365	12169.5300563549	11745.9867846876	12213.4114361863	11617.1185199667	11377.144580983
EFM745_01718	1969.4835892065	1904.18099384139	1956.67223681399	2057.83200419244	2098.19385513685	2079.49865892125
EFM745_01719	2020.54427485259	2141.75024164446	2027.1203751577	2546.09208800754	2417.26947435022	2395.41226592873
EFM745_01720	2000.48471977734	1850.68257544299	1914.00646288752	3055.08019424876	2969.47774413435	2870.87819970765
EFM745_01721	2977.0203327589	3029.46128591623	2951.87621933145	6553.50975705605	6624.52353698103	6692.68826697316
EFM745_01722	1928.45268109803	1941.35786086401	1946.74996380783	2068.19601540549	1952.97987363726	2110.34544209707
EFM745_01723	1075.00979244188	1178.77871047324	1183.72716963443	1766.4881334254	1638.84350549531	1752.94823012902
EFM745_01725	1758.85826091636	1511.55700796838	1541.92122515666	1526.96431872365	1557.83978792411	1464.69035976193
EFM745_01726	7569.74664703349	7370.08719902039	7157.92774664103	7974.53085004623	7608.42235040678	7295.79606216925
EFM745_01727	745.850729616164	672.810617823958	799.735204296184	898.214305131561	909.810047354537	882.856208135366
EFM745_01728	1668.59026307773	1797.18415704459	1775.09464080133	2062.43823139824	1965.82192642294	1942.2836578978
EFM745_01729	4643.78699992069	4114.84445240582	4085.99202393509	6373.86689602973	5911.29568226878	5998.10380442811
EFM745_01730	1285.63512073202	1204.16779039113	1200.59503374489	1629.45287405277	1546.973435567	1513.61973997184
EFM745_01731	10697.2136428568	9574.40338760535	9620.63590676898	10590.8679029423	10471.2122713986	10362.3917827165
EFM745_01732	11531.5087743956	10216.3844083862	9869.6849592235	14433.6129493833	13901.0282153888	13700.2264587753
EFM745_01733	5552.84956401276	4948.15032542498	5189.34878221966	8184.11418791027	7490.86817490712	7551.07978500357
EFM745_01734	6019.69011849134	4812.13739729346	5193.31769142212	6181.55691018746	6068.36386633976	5978.95752521553
EFM745_01735	168.682622223705	166.842525174674	190.507641718198	65.638737682691	77.052316714065	80.8398455642022
EFM745_01736	153.182056938283	137.826433839948	131.966230981877	27.6373632348173	27.6598059999208	37.2288762466721
EFM745_01737	191.477571172854	174.096548008356	170.663095705885	103.640112130565	108.663523571117	110.62294656154
EFM745_01738	1643.97171821265	1698.34809593568	1789.97805031057	5049.57657436141	5861.90317155464	5647.08868553091
EFM745_01739	339.188840363341	281.093384805158	287.745917178528	385.771528485991	370.443830356082	383.98926642996
EFM745_01740	2141.81340326207	2029.3128877224	1848.51946104689	1342.71523049154	1310.87723435339	1337.04849834476
EFM745_01741	1612.9705876418	1605.85930480624	1533.98340675174	1667.45424850064	1606.24444842397	1665.72629149396
EFM745_01742	385.690536219606	379.022693059858	369.108555829008	178.491304224862	189.667241142314	219.118528766127
EFM745_01743	562.579340065004	487.83303556508	515.958196320119	535.473912674585	491.949406712877	476.529615957402
EFM745_01744	19545.3010269586	17089.5710432994	17672.5604512647	8346.48369691482	8180.38762447657	7787.21722862532
EFM745_01745	96.650583544393	82.5145097331269	93.2693662578676	163.521065806002	160.031734713827	157.424962414499
EFM745_01746	249.832640482676	300.135194743572	253.017961656981	405.347994110653	423.787741927358	391.435041679295
EFM745_01747	352.865809732831	391.7172330188	397.883147546861	578.081514328261	615.430683498237	565.878918949415
EFM745_01749	589.021480846017	657.395819302385	679.675700921695	2878.8920036268	2845.00861713471	2735.79056304116
EFM745_01750	7094.69991093322	6766.18979811641	7149.98992823611	2037.10398176632	2192.03962549372	2431.57745999692
EFM745_01751	139051.012185727	163360.594214507	168419.669779194	61086.6336465563	64294.2311966016	64600.6097454038
EFM745_01752	64267.1672692735	60280.9297478931	61096.3960354064	38214.4124561421	38526.1583570325	38689.3118777201
EFM745_01753	67138.4190389084	63159.8700600105	59016.687613316	24294.3938402058	22331.3419440789	23405.2626551935
EFM745_01754	101498.613286898	100446.454177988	106016.510388876	53879.0396262763	54240.8795658446	53167.0900089616
EFM745_01757	4.55898978982986	2.72025856263056	4.96113650307806	2.30311360290144	3.95140085713154	5.31841089238172
EFM745_01758	1205.39690043101	1267.64049018584	1221.43180705782	2532.27340639013	2395.536769636	2449.66005703102
EFM745_01759	3221.38218549378	2410.14908649067	2715.72612178493	1690.48538452966	1957.91912470868	1875.2716806538
EFM745_01760	9633.14542591049	7644.83331384608	7752.27189970978	5993.853151551	5554.68175491266	5677.93546870673
EFM745_01762	981.094602771385	955.717508337536	965.437163498991	1670.90891890499	1571.66969092407	1500.85555383012
EFM745_01763	715.761397003287	852.347682957575	788.820703989412	1832.1268711081	1691.1995668523	1623.1790043549
EFM745_01764	1448.84695520793	1624.90111474465	1837.60496074012	2289.29492128403	2551.61710349269	2412.43118078435
EFM745_01765	730.350164330743	757.138633265505	700.512474234623	1214.89242553051	1110.34364085396	1163.66830325312
EFM745_01766	6804.74816030004	6413.46293782864	6073.42330706817	10096.8500351199	9770.82646947201	9647.59735878045
EFM745_01767	998.418763972738	1105.33172928222	1129.15466810057	1266.71248159579	1414.60150685309	1307.26539734743
EFM745_01768	5333.10625614297	5401.52675253008	5761.86393467486	5013.87831351643	5202.01922841367	5058.8724408335
EFM745_01769	1763.41725070619	1741.87223293777	1749.29673098533	1606.42173802375	1503.50802613855	1493.40977858079
EFM745_01770	4892.7078424454	4347.87993593784	4643.62376688107	3775.95475195691	3512.79536198994	3413.35611073059
EFM745_01771	2938.72481852433	3005.88571170677	3286.25681963891	2808.64703873831	2796.60395663485	2396.4759481072
EFM745_01772	17961.5079739717	18368.0925677357	17950.3840954371	18563.0956393856	18197.188797305	17227.3965626029
EFM745_01773	12659.4028483995	13312.0386526597	11656.6863276322	9616.65084891496	10029.6432256141	8938.12134573672
EFM745_01774	15123.0809308236	16035.9242267071	16240.7764564764	15380.1926401758	14720.9438932436	14033.1589806384
EFM745_01775	6768.2762419814	6458.80058053915	6061.51657946078	8598.67463643252	7587.67749590684	7395.78218694602
EFM745_01776	1225.45645550627	1057.27382800908	1249.21417147506	1707.75873655142	1579.57249263833	1645.5163301029
EFM745_01777	14764.744333343	15445.6281186163	15193.9766543269	17287.1707033782	15981.4407666685	17026.3606308708
EFM745_01778	775.028264271075	625.659469405028	659.831154909383	901.668975535914	769.535316926367	908.384580418798
EFM745_01779	426.721444328075	400.784761560902	416.735466258557	590.748639144219	515.657811855666	608.426206088469
EFM745_01780	389.33772805147	294.69467761831	319.497190798227	481.350743006401	477.131653498633	487.166437742166
EFM745_01781	155.005652854215	151.427726653101	129.981776380645	177.339747423411	185.715840285182	171.252830734691
EFM745_01782	589.021480846017	475.138495606137	580.452970860134	171.581963416157	179.788738999485	181.889652519455
EFM745_01785	944.622684452746	1128.00055063747	1081.52775767102	5099.09351682379	6044.65546119697	6303.38058965082
EFM745_01786	703.90802354973	682.78489922027	727.302611351244	1011.06687167373	1068.85393185408	1016.88016262339
EFM745_01787	428.545040244006	501.434328378233	500.082559510269	731.238568921207	697.422251283717	664.801361547715
EFM745_01788	144.975875316589	130.572411006267	137.91959478557	141.641486578439	150.153232570999	143.597094094306
EFM745_01789	376.572556639946	385.369963039329	395.89869294563	499.775651829612	562.086771926962	627.572485301043
EFM745_01790	83.8854121328693	91.5820382752288	76.4015021474022	36.849817646423	30.6233566427694	37.2288762466721
EFM745_01791	88.4444019226992	99.7428139631204	108.152775767102	42.6076016536766	36.5504579284667	44.6746514960065
EFM745_01792	7537.83371850468	8268.67927754268	7471.47157363556	42354.2591573575	42604.9918918065	43654.5802868477
EFM745_01793	14464.7628051722	13723.7044484712	13430.7887411329	21479.9890174603	20936.4974415115	20318.4569732551
EFM745_01794	3166.67430801582	2806.40008378053	2826.85557945388	2564.51699683075	2408.37882242167	2344.35552136186
EFM745_01795	3497.65696675747	3151.87292123461	3107.6559055281	4892.96484936411	5021.2426391999	4931.23057941633
EFM745_01796	3052.69956327007	3077.51918718937	3170.16622546688	7040.6182840697	6235.31055255357	6106.59938663269
EFM745_01797	1211.77948613678	1201.4475318285	1206.54839754859	1714.66807736012	1743.55562820929	1732.73826873797
EFM745_01798	1093.2457516012	1059.0873337175	1014.05630122916	1584.54215879619	1520.30147978136	1387.04156073315
EFM745_01799	1364.96154307506	1292.12281724951	1281.95767239537	3125.32515913725	3168.03563720521	3113.39773640026
EFM745_01800	851.619292740217	762.579150390766	767.983930676484	2406.753715032	2166.35551992237	2129.49172130964
EFM745_01801	1998.66112386141	1993.9495264082	2094.59183159956	4465.73727602589	4709.08197148651	4446.19150603112
EFM745_01802	1914.77571172854	1789.0233813567	1824.70600583211	3615.88835655526	3537.49161734701	3387.82773844716
EFM745_01803	2347.87974176238	2887.10108780523	2805.02657884034	5302.91907068056	5284.01079619915	5157.7948834318
EFM745_01804	234.332075197255	220.340943573075	235.1578702459	195.764656246622	218.314897356518	219.118528766127
EFM745_01805	97.5623815023589	93.3955439836491	109.145003067717	42.6076016536766	67.1738145712362	53.1841089238172
EFM745_01806	7645.42587754467	7490.68532863034	7955.67849633598	11402.715447965	10809.0570446833	10791.0557006425
EFM745_01807	1525.43798367707	1516.09077223943	1515.13108804004	2141.89565069834	2313.54520185052	2474.12474713598
EFM745_01808	149.534865106419	145.98720952784	162.725277300961	260.251837127863	241.035452285024	255.283722834323
EFM745_01810	2058.83978908716	1894.20671244508	1717.54545736563	2819.01104995136	2424.1844258502	2507.09889466874
EFM745_01811	1188.98453718763	1270.36074874847	1235.32298926644	1433.68821780615	1492.64167378144	1511.49237561489
EFM745_01812	4245.33129228956	4021.44890842217	3970.89365706368	7337.71993884399	7191.5495599794	7114.97009182827
EFM745_01813	4922.79717505828	4949.05707827919	4786.50449816972	9336.82254616244	8781.98840497485	8687.09235161631
EFM745_01814	702.084427633798	711.800990554996	715.395883743857	1828.67220070374	1828.51074663762	1841.23385094255
EFM745_01815	5418.81526419177	5252.81928443961	4881.75831902882	18231.4472805678	17421.726379093	17850.71431919
EFM745_01816	3899.75986622046	3817.42951622488	4035.3884316037	4351.73315268227	4432.4839114873	4124.95948813126
EFM745_01817	13273.9546720686	13261.260492824	13312.7136923597	10530.9869492668	10445.5281658272	10277.2972084384
EFM745_01818	8522.57551310793	8735.65699746093	8479.57451106103	19331.1840259532	19560.4220930154	19496.2306492929
EFM745_01819	3365.4462628524	3408.48397897609	3323.9614570623	551.595707894895	548.256868927001	479.720662492831
EFM745_01821	417.603464748415	476.952001314558	502.0670141115	424.924459735316	444.532596427298	479.720662492831
EFM745_01822	3738.37162766048	4796.72259877188	4171.32357178804	2608.27615528588	2578.28905927833	2637.93180262133
EFM745_01823	1672.23745490959	1467.12611811208	1557.79686196651	1442.90067221775	1333.59778928189	1467.88140629736
EFM745_01824	938.240098746984	879.55026858388	888.043434050974	3486.91399479278	3426.85239334733	3480.3680879746
EFM745_01825	940.975492620882	931.235181273861	917.810253069442	3378.66765545641	3405.1196886331	3361.23568398525
EFM745_01826	25.5303428230472	18.1350570842037	17.860091411081	57.577840072536	36.5504579284667	49.9930623883882
EFM745_01827	116.710138619644	127.852152443636	104.183866564639	89.8214305131561	90.8822197140254	121.259768346303
EFM745_01828	87.5326039647332	121.504882464165	110.137230368333	86.366760108804	93.8457703568741	91.4766673489656
EFM745_01829	213.360722164037	196.76536936361	184.554277914504	952.337474799745	967.105359782944	919.021402203562
EFM745_01830	317.305689372158	330.964791786718	304.613781288993	855.606703477885	810.037175711966	744.577524933441
EFM745_01831	4211.59476784482	3909.91830735432	3999.66824878154	3466.18597236667	3195.69544320513	3399.5282424104
EFM745_01832	13484.5800003587	12368.1089314269	11495.9455049325	9366.76302300015	8464.88848619004	8896.63774077614
EFM745_01833	413.044474958585	407.132031540373	460.393467485644	246.433155510454	261.780306784965	240.392172335654
EFM745_01834	573.520915560596	602.990648049774	632.048790492145	557.353491902148	581.843776212619	604.171477374564
EFM745_01835	627.316995080588	562.186769610315	550.686151841665	259.100280326412	199.545743285143	258.474769369752
EFM745_01836	43841.9812128778	48134.9752657477	48645.9278672817	44744.8910771692	49183.0864687163	45830.8740240103
EFM745_01837	30516.0540572051	31071.7000552204	32134.2733577372	37534.9939432862	32641.5346305494	34190.9999449436
EFM745_01838	185.094985467092	194.95186365519	180.585368712042	166.975736210354	171.885937285222	204.226978267458
EFM745_01839	2404.41121515627	2246.02681987863	2149.16433313342	3459.27663155796	3228.29450027647	3063.40467401187
EFM745_01840	7546.03990012638	7647.55357240871	7224.40697578228	10954.7598522007	10111.6347933996	9801.83127465951
EFM745_01841	1240.04522283372	1264.013478769	1267.07426288614	1886.25004077628	1876.91540713748	1878.46272718922
EFM745_01842	834.295131538864	711.800990554996	756.077203069097	1022.58243968824	895.980144354577	946.677138843947
EFM745_01843	6138.22385302692	5837.67487540518	5455.26569878464	6475.2038945574	6286.67876369628	6016.1864014622
EFM745_01844	922.739533461563	918.540641314918	858.276615032505	736.996352928461	772.498867569216	690.329733831148
EFM745_01845	2794.6607411657	2839.9499393863	2767.32194141694	291.343870767032	280.549460856339	305.276785222711
EFM745_01846	11919.0229065312	11901.1312115087	11710.2666018655	2950.28852531674	3068.26276556264	2748.55474918287
EFM745_01847	1182.60195148186	1167.89767622272	1221.43180705782	430.682243742569	438.605495141601	405.262909999487
EFM745_01848	3097.3776632104	3180.88901256933	2880.43585368712	1459.02246743806	1554.87623728126	1428.52516569373
EFM745_01849	1919.33470151837	1992.13602069978	1932.85878159921	1064.03848454047	1101.45298892542	1078.57372897501
EFM745_01850	1514.49640818148	1293.02957010372	1289.8954908003	870.576941896744	814.97642678338	863.709928922792
EFM745_01851	1113.30530667645	1174.24494620219	1103.35675828456	404.196437309203	401.067186998851	357.397211968052
EFM745_01852	2143.636999178	2015.71159490924	2007.27582914538	895.91119152866	874.247439640353	878.601479421461
EFM745_01853	1300.22388805948	1042.76578234171	1023.97857423531	593.051752747121	605.552181355408	574.388376377226
EFM745_01854	970.153027275793	980.199835401211	876.136706443586	535.473912674585	531.463415284192	479.720662492831
EFM745_01855	2629.62531077386	2440.07193067961	2505.37393405442	1556.90479556137	1573.64539135264	1384.9141963762
EFM745_01856	1450.67055112386	1545.10686357416	1408.96276687417	871.728498698195	802.134373997703	774.360625930779
EFM745_01857	1383.19750223438	1404.56017117158	1288.90326349968	521.655231057176	464.289600712956	429.727600104443
EFM745_01858	636.434974660248	714.521249117626	611.212017179218	180.794417827763	190.655091356597	177.63492380555
EFM745_01859	1165.27779028051	1125.28029207484	1042.83089294701	392.680869294695	390.20083464174	389.307677322342
EFM745_01860	716.673194961253	651.048549322913	676.699019019848	304.01099558299	292.403663427734	242.519536692607
EFM745_01861	1072.27439856798	1115.30601067853	1012.07184662793	457.168050175936	529.487714855626	455.255972387875
EFM745_01862	1281.98792890016	1053.64681659224	1070.61325736425	599.961093555825	611.479282641106	596.725702125229
EFM745_01863	848.883898866319	783.4344660376	806.680795400493	536.625469476035	573.940974498356	585.02519816199
EFM745_01864	11.8533734535576	11.7877871047324	18.8523187116966	4.60622720580288	15.8056034285262	15.9552326771452
EFM745_01865	731.261962288709	671.903864969748	660.823382209998	389.226198890343	379.334482284628	344.633025826336
EFM745_01866	1146.13003316323	1448.08430817367	1256.15976257937	847.54580586773	773.486717783499	780.742719001637
EFM745_01867	14.5887673274555	9.06752854210186	10.9145003067717	33.3951472420709	47.4168102855785	46.8020158529592
EFM745_01868	11.8533734535576	8.16077568789167	10.9145003067717	46.0622720580288	54.3317617855587	74.4577524933441
EFM745_01869	14.5887673274555	20.8553156468343	13.8911822086186	28.788920036268	27.6598059999208	30.846783175814
EFM745_01870	3.64719183186388	4.53376427105093	7.9378184049249	6.90934080870432	5.92710128569731	6.38209307085807
EFM745_01871	16.4123632433875	19.0418099384139	20.8367733129279	16.1217952203101	21.7327047142235	13.8278683201925
EFM745_01872	5451.63999067854	5499.45606078478	5920.62030277336	1358.83702571185	1343.47629142472	1359.38582409277
EFM745_01873	402.102899462993	311.922981848304	318.504963497612	2908.83248046452	2849.94786820612	2746.42738482592
EFM745_01874	823.353556043272	650.141796468703	661.815609510614	1212.58931192761	1219.00716442508	1023.26225569424
EFM745_01875	2649.68486584911	2492.6635962238	2562.92311749013	8987.90083532287	8626.89592133243	8877.49146156357
EFM745_01876	4816.11681397626	4768.61326029137	4600.9579929546	5967.36734511763	5905.36858098309	5866.20721429704
EFM745_01878	594.492268593813	481.485765585609	529.849378528737	271.76740514237	235.108350999327	258.474769369752
EFM745_01879	1143.39463928933	1224.11635318375	1160.90594172027	1706.60717974997	1734.66497628075	1702.95516774063
EFM745_01880	7028.13866000171	6948.44712181265	7004.13251504561	3164.47809038658	3433.76734484731	3239.97591563895
EFM745_01881	25.5303428230472	44.4308898562991	41.6735466258557	58.7293968739867	71.1252154283677	61.693566351628
EFM745_01882	1952.15942800514	1809.87869700353	1563.75022577021	12168.5007209298	11486.7222916814	11375.017216626
EFM745_01883	36.4719183186388	43.5241370020889	45.6424558283182	25.3342496319158	39.5140085713154	35.1015118897194
EFM745_01884	102.121371292189	52.5916655441908	98.2305027609457	92.1245441160576	57.2953124284073	97.8587604198237
EFM745_01886	14345.3172726786	12191.2921248559	15272.3626110755	9437.00798788865	10080.0235865426	10298.570852008
EFM745_01887	3038.11079594262	3079.33269289779	3063.0056770004	2177.59391154331	2099.18170535113	2081.62602327821
EFM745_01888	1629.38295088519	1219.5825889127	1297.83330920522	1224.10487994212	1135.03989621103	1127.50310918493
EFM745_01889	6457.35313831501	5859.43694390622	5869.02448314135	4663.80504587542	4254.67087291639	4184.52569012594
EFM745_01890	8352.0692949683	8433.70829700894	8714.73238130693	6003.0656059626	6451.64974948152	5803.44996576694
EFM745_01891	439.486615739598	411.665795811424	400.859829448708	533.170799071683	530.475565069909	561.62419023551
EFM745_01892	294.510740423009	261.144822012533	292.707053681606	394.983982897597	381.310182713194	425.472871390538
EFM745_01893	96.650583544393	71.6334754826047	83.3470932517115	135.883702571185	154.10463342813	147.851822808212
EFM745_01894	1041.27326799714	954.810755483326	980.320573008226	1704.30406614707	1634.89210463817	1617.86059346252
EFM745_01895	8044.79338313376	8634.10067778939	9073.91866412978	3708.01290067132	4202.31481155939	3752.67072566454
EFM745_01897	23.7067469071153	29.0160913347259	29.7668190184684	109.397896137818	111.627074213966	98.9224425983
EFM745_01898	363.807385228423	381.742951622488	325.450554601921	278.676745951074	270.67095871351	291.448916902518
EFM745_01899	117.62193657761	120.598129609955	95.2538208590988	161.217952203101	134.347629142472	130.83290795259
EFM745_01900	1506.29022655978	1654.82395893359	1516.12331534066	1901.22027919514	1781.09393635204	1858.25276579817
EFM745_01901	1833.62569346957	2061.04923761975	2015.21364755031	3389.03166666947	3468.34210234721	3367.61777705611
EFM745_01902	35.5601203606729	26.2958327720954	41.6735466258557	49.5169424623809	51.36821114271	56.3751554592463
EFM745_01903	80.2382203010055	81.6077568789167	90.2926843560208	176.18819062196	138.299029999604	129.769225774114
EFM745_01904	10.9415754955917	10.8810342505222	13.8911822086186	44.9107152565781	36.5504579284667	32.9741475327667
EFM745_01905	3.64719183186388	6.3472699794713	6.94559110430929	14.9702384188594	15.8056034285262	17.0189148556215
EFM745_01906	21.8831509911833	29.0160913347259	35.7201828221621	133.580588968283	87.9186690711768	103.177171312205
EFM745_01907	36.4719183186388	28.1093384805158	33.7357282209308	44.9107152565781	48.4046604998614	73.3940703148678
EFM745_01908	14.5887673274555	21.7620685010445	19.8445460123123	21.8795792275637	23.7084051427892	25.5283722834323
EFM745_01909	1837.27288530143	1899.64722957034	1884.23964386905	2087.77248103015	2343.180708279	2189.05792330432
EFM745_01910	196.036560962684	239.382753511489	219.28223343605	137.035259372636	154.10463342813	174.44387727012
EFM745_01911	1.82359591593194	3.62701141684074	2.97668190184684	1.15155680145072	2.96355064284865	1.06368217847634
EFM745_01913	1.82359591593194	1.81350570842037	0.992227300615613	1.15155680145072	3.95140085713154	0
EFM745_01915	2.73539387389791	0.906752854210186	4.96113650307806	8.06089761015504	1.97570042856577	0
EFM745_01916	249.832640482676	276.559620534107	265.916916564984	85.2152033073533	82.9794179997623	73.3940703148678
EFM745_01917	100.297775376257	92.488791129439	92.277138957252	495.16942462381	538.378366784172	448.873879317017
EFM745_01918	8.20618162169374	32.6431027515667	26.7901371166215	9.21245441160576	18.7691540713748	4.25472871390538
EFM745_01919	3054.523159186	2917.93068484838	2867.53689877912	4016.63012346011	4116.37184291678	3989.87185146477
EFM745_01920	10.9415754955917	18.1350570842037	10.9145003067717	5.7577840072536	8.89065192854596	3.19104653542903
EFM745_01921	15.5005652854215	24.482327063675	19.8445460123123	10.3640112130565	13.8299029999604	8.50945742781076
EFM745_01922	51.0606856460944	52.5916655441908	60.5258653375524	61.0325104768881	49.3925107141442	59.5662019946753
EFM745_01923	205.154540542344	226.688213552546	227.220051840975	209.583337864031	218.314897356518	226.564304015461
EFM745_01924	500.577078923318	444.308898562991	576.484061657671	147.399270585692	168.922386642373	158.488644592975
EFM745_01925	276.274781263689	223.061202135706	250.041279755134	830.272453845969	876.223140068919	827.544734854596
EFM745_01927	62.002261141686	84.3280154415473	78.3859567486334	61.0325104768881	83.9672682140452	53.1841089238172
EFM745_01928	854.354686614115	835.119378727581	804.696340799262	350.073267641019	344.759724784727	304.213103044235
EFM745_01929	2505.62078849049	2339.42236386228	2446.8325233181	6645.6343011721	6252.10400619638	6214.0312866588
EFM745_01930	795.999617304293	886.804291417562	832.478705216499	1888.55315437918	1936.18641999445	1819.96020737303
EFM745_01931	1540.93854896249	1268.54724304005	1266.08203558552	1680.1213733166	1784.05748699489	1784.85869548331
EFM745_01932	775.940062229041	721.775271951308	704.481383437085	874.031612301096	855.478285568978	895.620394277082
EFM745_01933	4957.44549746099	4673.4042105993	4633.70149387491	6133.19152452653	6609.70578376678	6235.30493022833
EFM745_01934	434.927625949768	411.665795811424	375.061919632702	331.648358817807	320.063469427655	335.059886220048
EFM745_01935	421.250656580279	397.157750144061	379.030828835164	320.1327908033	353.650376713273	358.460894146528
EFM745_01936	574.432713518562	561.280016756105	522.903787424428	865.970714690941	837.696981711886	847.754696245647
EFM745_01937	16046.7322622431	18663.6939982083	22488.8317684529	4738.65623796971	4348.51664327326	4572.76968526981
EFM745_01938	4014.64640892417	3106.5352785241	3560.11155460882	510.139663042669	623.3334852125	578.643105091131
EFM745_01939	357.424799522661	406.225278686163	368.116328528392	386.923085287442	336.856923070464	339.314614933954
EFM745_01940	921.827735503597	1148.85586628431	1247.22971687383	724.329228112503	718.167105783657	679.692912046384
EFM745_01941	2672.47981479826	2508.07839474537	2524.22625276612	2403.29904462765	2261.18914049352	2262.45199361918
EFM745_01943	14245.0194973024	18009.9251903227	18372.0806981987	4433.49368558527	5288.95004727057	4650.41848429858
EFM745_01944	266.245003726064	223.967954989916	238.134552147747	74.8511920942968	85.942968642611	73.3940703148678
EFM745_01945	19.1477571172854	7.25402283368149	18.8523187116966	12.6671248159579	19.7570042856577	15.9552326771452
EFM745_01949	36.4719183186388	30.8295970431463	37.7046374233933	32.2435904406202	38.5261583570325	34.037829711243
EFM745_01953	52.8842815620263	29.9228441889361	35.7201828221621	21.8795792275637	39.5140085713154	30.846783175814
EFM745_01954	8.20618162169374	9.97428139631204	9.92227300615613	6.90934080870432	2.96355064284865	2.12736435695269
EFM745_01956	0.911797957965971	2.72025856263056	1.98445460123123	4.60622720580288	2.96355064284865	2.12736435695269
EFM745_01961	3.64719183186388	8.16077568789167	9.92227300615613	5.7577840072536	1.97570042856577	3.19104653542903
EFM745_01962	950.093472200542	874.109751458619	943.608162885448	1925.4029720256	1878.89110756605	1800.81392816045
EFM745_01963	356.513001564695	309.202723285673	328.427236503768	902.820532337364	853.502585140413	821.162641783738
EFM745_01964	8.20618162169374	14.508045667363	13.8911822086186	5.7577840072536	6.9149514999802	4.25472871390538
EFM745_01965	38.2955142345708	58.0321826694519	50.6035923313963	24.1826928304651	19.7570042856577	21.2736435695269
EFM745_01967	29.1775346549111	33.5498556057769	40.6813193252401	14.9702384188594	20.7448544999406	10.6368217847634
EFM745_01968	17.3241612013535	6.3472699794713	6.94559110430929	5.7577840072536	2.96355064284865	6.38209307085807
EFM745_01969	14.5887673274555	13.6012928131528	10.9145003067717	5.7577840072536	6.9149514999802	6.38209307085807
EFM745_01970	37.3837162766048	66.1929583573436	54.5725015338587	20.728022426113	18.7691540713748	18.0825970340979
EFM745_01971	114.886542703712	125.131893881006	131.966230981877	62.1840672783389	63.2224137141046	62.7572485301043
EFM745_01972	51.0606856460944	48.96465412735	53.5802742332431	40.3044880507752	55.3196119998416	42.5472871390538
EFM745_01973	64.737655015584	76.1672397536556	49.6113650307806	35.6982608449723	39.5140085713154	44.6746514960065
EFM745_01974	645.552954239908	682.78489922027	724.325929449397	55.2747264696346	63.2224137141046	77.6487990287732
EFM745_01975	446.780999403326	446.122404271411	415.743238957942	116.307236946523	118.542025713946	123.387132703256
EFM745_01976	1004.8013496785	952.997249774905	961.468254296529	248.736269113355	223.254148427932	262.729498083657
EFM745_01977	2822.01467990468	2416.49635647015	2486.52161534273	1847.09710952695	1609.20799906682	1569.99489543108
EFM745_01978	142.240481442692	148.70746809047	134.942912883723	111.70100974072	125.456977213926	108.495582204587
EFM745_01979	27.3539387389791	39.8971255852482	24.8056825153903	34.5467040435216	36.5504579284667	36.1651940681957
EFM745_01980	15.5005652854215	10.8810342505222	9.92227300615613	10.3640112130565	5.92710128569731	7.44577524933441
EFM745_01981	31.001130570843	24.482327063675	25.7979098160059	29.9404768377187	24.6962553570721	31.9104653542903
EFM745_01982	33.7365244447409	29.9228441889361	27.7823644172372	12.6671248159579	20.7448544999406	19.1462792125742
EFM745_01983	20.9713530332173	20.8553156468343	18.8523187116966	21.8795792275637	16.793453642809	21.2736435695269
EFM745_01984	14.5887673274555	14.508045667363	12.898954908003	28.788920036268	25.684105571355	28.7194188188613
EFM745_01985	9.11797957965971	9.97428139631204	7.9378184049249	9.21245441160576	13.8299029999604	17.0189148556215
EFM745_01986	11.8533734535576	19.9485627926241	8.93004570554052	11.5155680145072	5.92710128569731	12.7641861417161
EFM745_01987	55.6196754359242	56.2186769610315	43.658001227087	41.4560448522259	58.2831626426902	40.4199227821011
EFM745_01988	41.0309081084687	33.5498556057769	37.7046374233933	29.9404768377187	29.6355064284865	36.1651940681957
EFM745_01991	474.134938142305	573.974556715048	588.390789265058	1573.02659078168	1685.2724655666	1684.87257070653
EFM745_01992	8.20618162169374	9.97428139631204	4.96113650307806	8.06089761015504	6.9149514999802	6.38209307085807
EFM745_01993	0.911797957965971	1.81350570842037	0.992227300615613	3.45467040435216	1.97570042856577	3.19104653542903
EFM745_01995	65.6494529735499	52.5916655441908	68.4636837424773	58.7293968739867	63.2224137141046	69.1393416009624
EFM745_01996	63.825857057618	68.9132169199741	61.518092638168	79.4574193000997	71.1252154283677	47.8656980314355
EFM745_01997	655.582731777533	668.276853552907	664.792291412461	1213.74086872906	1226.90996613934	1235.99869138951
EFM745_01998	59.2668672677881	67.0997112115538	73.4248202455554	153.157054592946	157.068184070979	175.507559448597
EFM745_01999	65.6494529735499	62.5659469405028	66.4792291412461	49.5169424623809	40.5018587855983	45.7383336744828
EFM745_02000	12.7651714115236	7.25402283368149	9.92227300615613	12.6671248159579	5.92710128569731	7.44577524933441
EFM745_02001	16.4123632433875	19.9485627926241	25.7979098160059	12.6671248159579	14.8177532142433	7.44577524933441
EFM745_02002	10.9415754955917	18.1350570842037	19.8445460123123	8.06089761015504	11.8542025713946	14.8915504986688
EFM745_02003	56.5314733938902	49.8714069815602	50.6035923313963	47.2138288594795	43.4654094284469	41.4836049605774
EFM745_02004	68.3848468474478	48.96465412735	67.4714564418617	47.2138288594795	53.3439115712758	49.9930623883882
EFM745_02006	763.174890817518	764.392656099187	813.626386504803	329.345245214906	350.686826070424	339.314614933954
EFM745_02007	61.0904631837201	73.446981191025	63.5025472393992	34.5467040435216	35.5626077141839	46.8020158529592
EFM745_02008	296.334336338941	196.76536936361	200.429914724354	226.856689885792	229.181249713629	184.017016876408
EFM745_02009	131.2989059471	111.530601067853	114.106139570795	148.550827387143	151.141082785281	146.788140629736
EFM745_02010	279.010175137587	325.524274661457	255.002416258213	369.649733265681	380.322332498911	413.772367427298
EFM745_02011	280.833771053519	285.627149076209	264.924689264369	362.740392456977	326.978420927635	319.104653542903
EFM745_02013	19.1477571172854	18.1350570842037	21.8290006135435	9.21245441160576	9.87850214282885	13.8278683201925
EFM745_02014	8.20618162169374	8.16077568789167	7.9378184049249	4.60622720580288	7.90280171426308	2.12736435695269
EFM745_02015	9.11797957965971	18.1350570842037	10.9145003067717	23.0311360290144	17.7813038570919	26.5920544619086
EFM745_02016	3297.97321396292	3169.1012254646	2947.90731012899	477.896072602049	543.317617855587	498.866941705406
EFM745_02017	1998.66112386141	2080.09104755817	1970.56341902261	566.565946313754	536.402666355606	527.586360524267
EFM745_02018	888.091211058856	906.752854210186	928.724753376214	1131.98033582606	1163.68755242524	1145.58570621902
EFM745_02019	178.71239976133	146.89396238205	139.904049386801	3693.04266225246	2935.89083684873	3516.5332820428
EFM745_02020	10.0297775376257	19.0418099384139	15.8756368098498	38.0013744478738	53.3439115712758	48.9293802099118
EFM745_02021	0.911797957965971	1.81350570842037	3.96890920246245	5.7577840072536	3.95140085713154	2.12736435695269
EFM745_02023	2.73539387389791	0.906752854210186	1.98445460123123	4.60622720580288	2.96355064284865	2.12736435695269
EFM745_02024	124.004522283372	126.038646735216	137.91959478557	154.308611394396	145.213981499584	160.616008949928
EFM745_02026	1519.05539797131	1478.0071523626	1453.61299540187	829.120897044518	892.028743497445	903.066169526417
EFM745_02027	402.102899462993	372.675423080386	338.349509509924	180.794417827763	213.375646285103	174.44387727012
EFM745_02028	1224.5446575483	1112.5857521159	1211.50953405166	1250.59068637548	1205.17726142512	1273.22756763618
EFM745_02029	1379.55031040251	1375.54407983685	1415.90835797848	1875.88602956322	1852.21915178041	1816.7691608376
EFM745_02030	92.0915937545631	78.8874983162862	81.3626386504803	63.3356240797896	56.3074622141244	71.2667059579151
EFM745_02031	105.768563124053	123.318388172585	120.059503374489	102.488555329114	113.602774642532	142.53341191583
EFM745_02032	8481.54460499946	8762.85958308723	8804.03283836233	14034.0227392799	13948.4450256743	14267.1690599032
EFM745_02033	1480.75988373674	1352.8752584816	1406.97831227294	1140.04123343621	1198.26230992514	1099.84737254454
EFM745_02034	593.580470635847	636.54050365555	630.064335890914	913.184543550421	921.664249925932	908.384580418798
EFM745_02035	651.93553994567	636.54050365555	579.460743559518	1007.61220126938	1054.03617863984	1030.70803094358
EFM745_02036	1099.62833730696	914.006877043867	1011.07961932731	1488.96294427578	1495.60522442429	1402.9967934103
EFM745_02037	4431.33807571462	4254.48439195419	4130.6422524628	7326.20437082948	7685.47466712084	7236.22986017457
EFM745_02038	18204.9580287486	20717.4892129943	20941.9494067931	21611.2664928257	21899.6514004373	21108.7728318631
EFM745_02039	5.47078774779583	6.3472699794713	11.9067276073874	5.7577840072536	1.97570042856577	6.38209307085807
EFM745_02040	31.912928528809	26.2958327720954	32.7435009203152	74.8511920942968	76.0644664997821	84.0308920996312
EFM745_02042	1.82359591593194	13.6012928131528	8.93004570554052	3.45467040435216	3.95140085713154	4.25472871390538
EFM745_02043	194.212965046752	247.543529199381	294.691508282837	196.916213048073	227.205549285064	190.399109947266
EFM745_02044	609.992833879235	724.495530513938	824.540886811574	8007.9259972883	7053.2505299798	7112.84272747132
EFM745_02045	6.3825857057618	12.6945399589426	15.8756368098498	14.9702384188594	12.8420527856775	13.8278683201925
EFM745_02046	1078.65698427374	1225.92985889217	971.390527302685	9805.50616435288	8111.23810947677	7548.95242064662
EFM745_02047	2243.02297659629	2168.95282727076	2147.17987853219	1209.13464152326	1184.43240692518	1182.8145824657
EFM745_02048	652.847337903635	672.810617823958	754.092748467866	754.269704950221	797.195122926288	770.105897216873
EFM745_02049	7.29438366372777	9.97428139631204	6.94559110430929	9.21245441160576	11.8542025713946	6.38209307085807
EFM745_02050	100.297775376257	107.903589651012	117.082821472642	274.070518745271	279.561610642056	257.411087191275
EFM745_02051	158.652844686079	170.469536591515	148.834095092342	536.625469476035	543.317617855587	546.732639736841
EFM745_02053	37.3837162766048	42.6173841478787	37.7046374233933	57.577840072536	58.2831626426902	58.502519816199
EFM745_02054	5006.68258719115	4766.79975458295	4884.73500093066	13081.6852644802	13206.5695147479	12424.8715267822
EFM745_02056	491.459099343658	493.273552690341	521.911560123812	262.554950730764	226.217699070781	236.137443621748
EFM745_02057	1764.32904866415	1871.53789108982	1787.00136840872	3477.70154038117	3042.57865999129	3308.05157506143
EFM745_02058	870.767049857502	1078.12914365591	986.273936811919	997.248190056323	1041.19412585416	944.549774486994
EFM745_02059	207.889934416241	210.366662176763	206.383278528047	245.281598709003	212.38779607082	239.328490157178
EFM745_02060	1051.30304553476	1111.67899926169	1029.93193803901	1083.61495016513	939.445553783024	966.887100234997
EFM745_02061	245.273650692846	263.865080575164	280.800326074218	2128.07696908093	1960.88267535153	1747.62981923663
EFM745_02062	347.395021985035	337.312061766189	332.39614570623	1263.25781119144	1275.3146266392	1261.52706367294
EFM745_02063	347.395021985035	226.688213552546	230.196733742822	1288.59206082336	1170.60250392522	1323.22063002457
EFM745_02064	22.7949489491493	16.3215513757833	24.8056825153903	42.6076016536766	40.5018587855983	46.8020158529592
EFM745_02065	485.988311595863	512.315362628755	511.989287117656	2632.45884811635	2481.47973827861	2458.16951445883
EFM745_02066	1103.27552913883	1082.66290792696	1114.27125859133	5716.32796240137	5403.54067212738	5579.01302610843
EFM745_02067	319.12928528809	371.768670226176	339.34173681054	1486.65983067288	1603.28089778112	1652.96210535224
EFM745_02068	408.485485168755	440.68188714615	436.58001227087	1754.9725654109	1943.10137149443	1791.24078855416
EFM745_02069	432.19223207587	448.842662834042	380.02305613578	2267.41534205647	2117.95085942251	2180.54846587651
EFM745_02070	80.2382203010055	53.498418398401	73.4248202455554	321.284347604751	296.355064284865	347.824072361765
EFM745_02071	27.3539387389791	21.7620685010445	20.8367733129279	85.2152033073533	101.748572071137	92.540349527442
EFM745_02072	47.4134938142305	41.7106312936685	28.7745917178528	143.94460018134	130.396228285341	128.705543595638
EFM745_02073	313.658497540294	335.498556057769	290.722599080375	991.49040604907	862.393237068959	919.021402203562
EFM745_02074	83.8854121328693	73.446981191025	83.3470932517115	236.069144297398	244.986853142155	230.819032729367
EFM745_02075	71.1202407213458	96.1158025462797	88.3082297547896	208.43178106258	228.193399499346	245.710583228036
EFM745_02078	370.189970934184	360.887635975654	384.984192638858	1362.2916961162	1477.8239205672	1480.64559243907
EFM745_02079	0	1.81350570842037	0	3.45467040435216	4.93925107141442	3.19104653542903
EFM745_02080	756.792305111756	863.228717208097	854.307705830043	1446.3553426221	1586.48744413831	1654.02578753072
EFM745_02081	444.045605529428	411.665795811424	427.649966565329	2134.98630988963	1971.74902770864	2130.55540348812
EFM745_02082	826.08894991717	800.662770267594	765.007248774638	1006.46064446793	1032.30347392561	896.684076455558
EFM745_02083	72.9438366372777	69.8199697741843	66.4792291412461	72.5480784913953	67.1738145712362	61.693566351628
EFM745_02084	56.5314733938902	40.8038784394584	41.6735466258557	77.1543056971982	46.4289600712956	56.3751554592463
EFM745_02085	73.8556345952437	87.955026858388	84.3393205523271	72.5480784913953	81.9915677854794	91.4766673489656
EFM745_02086	115.798340661678	98.8360611089102	90.2926843560208	118.610350549424	113.602774642532	134.023954488019
EFM745_02087	276.274781263689	273.839361971476	265.916916564984	414.560448522259	380.322332498911	401.008181285582
EFM745_02088	218.831509911833	268.398844846215	233.173415644669	249.887825914806	280.549460856339	285.06682383166
EFM745_02089	229.773085407425	234.848989240438	223.251142638513	211.886451466932	248.938253999287	273.366319868421
EFM745_02090	600.874854299575	627.472975113449	603.274198774293	779.603954582137	780.401669283479	790.315858607924
EFM745_02091	15.5005652854215	12.6945399589426	6.94559110430929	17.2733520217608	11.8542025713946	20.2099613910505
EFM745_02092	64.737655015584	111.530601067853	99.2227300615613	79.4574193000997	74.0887660712164	107.431900026111
EFM745_02093	11.8533734535576	13.6012928131528	15.8756368098498	8.06089761015504	15.8056034285262	13.8278683201925
EFM745_02094	74.7674325532096	83.4212625873371	74.417047546171	85.2152033073533	72.1130656426506	99.9861247767764
EFM745_02095	140.41688552676	114.250859630483	117.082821472642	150.853940990044	154.10463342813	154.23391587907
EFM745_02096	184.183187509126	165.029019466254	161.733050000345	226.856689885792	257.828905927833	295.703645616424
EFM745_02097	477.782129974169	306.482464723043	337.357282209308	335.10302922216	351.674676284707	352.07880107567
EFM745_02098	105.768563124053	76.1672397536556	83.3470932517115	64.4871808812403	80.0158673569137	81.9035277426785
EFM745_02099	553.461360485345	543.144959671901	511.989287117656	570.020616718106	591.722278355448	619.063027873232
EFM745_02103	19.1477571172854	21.7620685010445	12.898954908003	8.06089761015504	19.7570042856577	22.3373257480032
EFM745_02104	12.7651714115236	5.44051712526112	8.93004570554052	17.2733520217608	14.8177532142433	15.9552326771452
EFM745_02105	15.5005652854215	7.25402283368149	11.9067276073874	11.5155680145072	12.8420527856775	12.7641861417161
EFM745_02106	18.2359591593194	14.508045667363	15.8756368098498	26.4858064333666	21.7327047142235	21.2736435695269
EFM745_02107	205.154540542344	234.848989240438	202.414369325585	187.703758636467	192.630791785163	172.316512913168
EFM745_02108	4.55898978982986	4.53376427105093	2.97668190184684	0	0.987850214282885	1.06368217847634
EFM745_02110	51.9724836040604	54.4051712526111	57.5491834357056	21.8795792275637	24.6962553570721	20.2099613910505
EFM745_02111	5.47078774779583	7.25402283368149	5.95336380369368	10.3640112130565	9.87850214282885	8.50945742781076
EFM745_02112	65.6494529735499	74.3537340452352	65.4870018406305	33.3951472420709	33.5869072856181	37.2288762466721
EFM745_02113	3.64719183186388	0.906752854210186	1.98445460123123	1.15155680145072	1.97570042856577	0
EFM745_02114	15652.8355444018	16751.352228679	15614.6810297879	7132.74282818576	7138.20564840813	7290.47765127686
EFM745_02115	305.4523159186	284.720396221998	297.668190184684	2470.08933911179	1911.49016463738	1976.32148760905
EFM745_02116	1453.40594499776	1820.75973125405	2034.06596626201	223.40201948144	252.889654856419	238.264807978701
EFM745_02117	2073.42855641462	1959.49291794821	1956.67223681399	299.404768377187	332.905522213332	307.404149579664
EFM745_02118	518.813038082638	511.408609774545	518.934878221966	7121.22726017125	7402.94950583594	7446.83893151289
EFM745_02119	294.510740423009	302.855453306202	299.652644785915	460.622720580288	475.155953070068	419.09077831968
EFM745_02120	96.650583544393	93.3955439836491	111.129457668949	179.642861026312	190.655091356597	214.863800052222
EFM745_02121	178.71239976133	186.791087967298	189.515414417582	290.192313965581	308.20926685626	275.493684225373
EFM745_02122	675.642286852785	603.897400903984	615.18092638168	325.890574810554	335.869072856181	336.123568398525
EFM745_02123	636.434974660248	525.916655441908	543.740560737356	312.071893193145	323.027020070503	296.7673277949
EFM745_02124	1439.72897562827	1197.82052041166	1071.60548466486	316.678120398948	353.650376713273	336.123568398525
EFM745_02125	7588.89440415078	6392.60762218181	6281.79104019744	1728.48675897753	1848.26775092328	1645.5163301029
EFM745_02126	1714.18016097603	1423.60198110999	1612.36936350037	1077.85716615787	1105.40438978255	939.231363594612
EFM745_02127	162.300036517943	169.562783737305	145.857413190495	376.559074074385	359.57747799897	323.359382256809
EFM745_02128	647.37655015584	576.694815277678	617.165380982911	1759.5787926167	1714.90797199509	1706.14621427606
EFM745_02129	929.122119167325	1096.26420074011	1296.84108190461	5750.8746664449	6404.23293919594	5505.61895579356
EFM745_02130	4951.06291175522	4920.94773979868	4725.97863283216	4872.236826938	4402.84840505882	4880.17383484947
EFM745_02131	6791.07119093055	6991.97125881474	6171.65380982911	6107.85727489462	5356.1238618418	5932.15550936257
EFM745_02132	1954.89482187904	1972.18745790715	1786.0091411081	1326.59343527123	1251.60622149642	1323.22063002457
EFM745_02133	1167.10138619644	1225.02310603796	1319.66230981877	306.314109185891	279.561610642056	259.538451548228
EFM745_02134	709.378811297526	667.370100698697	812.634159204187	213.038008268383	207.448544999406	202.099613910505
EFM745_02135	2066.13417275089	1924.12955663401	1738.38223067855	424.924459735316	455.39894878441	406.326592177964
EFM745_02136	4784.20388544745	4508.37519113304	4402.51253283147	1279.37960641175	1282.22957813918	1187.0693111796
EFM745_02137	691.142852138206	641.981020780811	614.188699081064	262.554950730764	261.780306784965	276.55736640385
EFM745_02138	6404.46885675298	7116.19639984154	6647.92291412461	4036.20658908477	3807.17472584624	4528.0950337738
EFM745_02139	3991.85145997502	3539.96314283657	3346.78268497646	1155.01147185507	1085.64738549689	1211.53400128456
EFM745_02140	1131.54126583577	919.447394169128	984.289482210688	213.038008268383	214.363496499386	208.481706981364
EFM745_02141	13586.7013716509	14166.1998413257	13066.641321807	115381.385278156	116187.97865331	117311.380099799
EFM745_02142	38.2955142345708	36.2701141684074	34.7279555215464	19.5764656246622	27.6598059999208	29.7831009973376
EFM745_02144	59.2668672677881	45.3376427105093	54.5725015338587	26.4858064333666	43.4654094284469	51.0567445668645
EFM745_02145	1445.19976337606	1508.83674940575	1535.96786135297	1507.38785309899	1427.44355963877	1487.02768550993
EFM745_02146	46983.1251780706	50768.1855543741	52319.1533341607	7389.53999490927	7466.17191955004	7020.30237794387
EFM745_02147	58185.4748896405	54897.5380524473	53238.9480418313	12844.4645633813	12222.6707013221	12008.9717949979
EFM745_02148	7364.59210649115	6734.45344821905	6222.25740216051	2573.72945124236	2730.41799227789	2563.47405012799
EFM745_02149	4307.33355343125	3520.92133289815	3711.92233160301	3825.47169441929	3779.51491984632	3613.32836028414
EFM745_02150	3004.37427149788	3082.05295146042	3067.96681350347	1297.80451523496	1285.19312878203	1253.01760624513
EFM745_02151	926.386725293427	948.463485503854	1071.60548466486	472.138288594795	525.536313998495	511.631127847122
EFM745_02152	5303.01692353009	4573.66139663618	4708.11854142108	3393.63789387527	3445.6215474187	3248.48537306676
EFM745_02153	14255.961072798	12335.4658286754	11874.9763337677	9618.95396251786	8993.38835083138	8843.45363185233
EFM745_02154	11070.1390076649	10764.0631323291	10664.4590270166	8347.63525371627	8240.64648754783	7960.59742371696
EFM745_02155	5242.83825830433	5712.54298152417	5859.1022101352	1406.05085457133	1411.63795621024	1380.6594676623
EFM745_02156	13738.0598326733	13905.0550193132	14098.5577144472	4455.37326481283	4263.56152484493	4235.5824346928
EFM745_02157	2728.09949023419	2442.79218924224	2565.89979939197	837.181794654673	955.25115721155	931.785588345278
EFM745_02158	4992.09381986369	4197.35896213895	3974.86256626615	1532.72210273091	1425.4678592102	1569.99489543108
EFM745_02159	21918.711111544	20107.2445421109	21058.0400009652	11074.5217595516	10581.8514953983	10793.1830649995
EFM745_02160	6932.39987441528	7631.23202103292	6589.38150338829	5430.74187564159	5599.13501455539	5719.4190736673
EFM745_02161	203.330944626412	204.019392197292	183.562050613888	1036.40112130565	1034.27917435418	1038.15380619291
EFM745_02162	726.702972498879	686.411910637111	679.675700921695	4369.00650470403	4036.35597555987	4100.49479802631
EFM745_02163	315.482093456226	342.75257889145	329.419463804383	1911.5842904082	1889.75745992316	1819.96020737303
EFM745_02164	962.858643612066	789.781736017072	778.898430983256	325.890574810554	331.917671999049	368.034033752815
EFM745_02165	1593.82283052452	1467.12611811208	1502.23213313204	397.287096500498	412.921389570246	477.593298135879
EFM745_02166	997.506966014773	923.074405585969	1015.04852852977	6059.49188923369	6096.02367233968	5719.4190736673
EFM745_02167	581.72709718229	509.595104066124	550.686151841665	4993.15029109032	4761.43803284351	4688.71104272373
EFM745_02168	60.1786652257541	62.5659469405028	75.4092748467866	454.864936573034	427.739142784489	429.727600104443
EFM745_02169	87.5326039647332	120.598129609955	106.168321165871	438.743141352724	432.678393855904	430.79128228292
EFM745_02170	59.2668672677881	65.2862055031334	66.4792291412461	56.4262832710853	40.5018587855983	49.9930623883882
EFM745_02171	234.332075197255	273.839361971476	252.025734356366	331.648358817807	356.613927356121	349.951436718717
EFM745_02172	498.753483007386	577.601568131888	541.756106136125	597.657979952924	563.074622141244	627.572485301043
EFM745_02173	172.329814055569	171.376289445725	160.740822699729	1871.27980235742	1529.19213170991	1855.06171926274
EFM745_02174	128.563512073202	97.9293082547001	106.168321165871	59.8809536754374	68.1616647855191	90.4129851704893
EFM745_02175	917.268745713767	762.579150390766	713.411429142626	935.064122777984	976.983861925773	898.811440812511
EFM745_02176	6280.46433446961	6716.31839113485	6654.86850522892	1465.93180824677	1425.4678592102	1499.79187165165
EFM745_02177	6401.73346287908	6272.00949257185	6405.8194527744	1567.26880677443	1379.03889913891	1430.65253005068
EFM745_02178	34473.2571947774	36250.1656056148	35030.5848482342	13844.0158670406	13362.6498486046	13226.8878893533
EFM745_02179	7638.13149388094	6122.39527162717	6024.804169338	2204.07971797668	2112.02375813681	2115.66385298945
EFM745_02180	10.9415754955917	9.97428139631204	10.9145003067717	1.15155680145072	4.93925107141442	2.12736435695269
EFM745_02181	19257.1728722413	18018.0859660106	17911.687230713	10389.3454626884	10484.0543241843	9973.08410539421
EFM745_02182	27606.5067733357	27912.5731111521	28980.9749963808	13971.8386720016	13376.4797516045	14128.8903767013
EFM745_02183	2384.35166008101	2338.51561100807	2297.00620092514	4576.28672896516	4347.52879305898	4368.54270700235
EFM745_02184	4201.5649903072	3870.92793462328	3800.2305613578	8087.3834165884	8116.17736054818	7985.06211382192
EFM745_02185	7858.7865997087	7571.38633265505	7881.26144878981	3308.42269056792	3361.65427920466	3231.46645821113
EFM745_02186	8025.64562601648	8489.02022111576	7885.23035799228	4030.44880507752	3889.16629363172	3686.72243059901
EFM745_02187	2564.88765575828	2544.34850891378	2473.62266043472	3865.77618247007	3496.98975856141	3571.84475532357
EFM745_02188	4306.42175547328	4459.41053700569	4332.06439448777	5936.27531147846	5694.95648534083	5588.58616571471
EFM745_02189	2113.54766656512	2207.03644714759	2288.0761552196	2757.97853947447	2918.10953299164	2833.64932346098
EFM745_02190	28.2657366969451	29.9228441889361	34.7279555215464	49.5169424623809	40.5018587855983	59.5662019946753
EFM745_02191	36.4719183186388	38.990372731038	44.6502285277026	66.7902944841417	68.1616647855191	69.1393416009624
EFM745_02192	148.623067148453	140.546692402579	164.709731902192	426.076016536766	454.411098570127	395.6897703932
EFM745_02193	7.29438366372777	3.62701141684074	2.97668190184684	11.5155680145072	8.89065192854596	11.7005039632398
EFM745_02194	117.62193657761	103.369825379961	102.199411963408	171.581963416157	160.031734713827	162.743373306881
EFM745_02195	27.3539387389791	19.0418099384139	29.7668190184684	234.917587495947	200.533593499426	261.665815905181
EFM745_02196	28.2657366969451	26.2958327720954	24.8056825153903	261.403393929313	275.610209784925	252.092676298894
EFM745_02197	31.001130570843	36.2701141684074	25.7979098160059	128.974361762481	110.639223999683	130.83290795259
EFM745_02198	1393.227279772	1377.35758554527	1251.19862607629	2695.79447219613	2495.30964127857	2577.30191844818
EFM745_02199	7062.78698240441	6019.02544624721	6235.15635706851	5670.26569034334	5436.13972919872	5377.9770943764
EFM745_02200	3087.34788567278	2451.85971778434	2545.06302607905	5524.0179765591	5831.27981491187	5759.8389964494
EFM745_02201	8128.67879526663	6953.88763893791	6903.91755768343	14296.5776900107	12813.4051294633	12810.9881575691
EFM745_02202	10035.2483253735	8583.32251795362	8270.21455063113	15223.5809151785	15205.9783484564	15278.7308116342
EFM745_02203	18991.8396664732	18932.0928430545	19045.8030353167	8180.65951750591	8237.68293690498	9255.09863492267
EFM745_02205	774.11646631311	661.929583573436	741.193793559863	939.670349983787	934.506302711609	872.219386350602
EFM745_02206	2630.53710873183	2363.90469092595	2344.63311135469	5335.16266112119	5142.7482155567	5152.47647253941
EFM745_02207	988.388986435113	926.70141700281	947.57707208791	1851.70333673276	2093.25460406543	2000.786177714
EFM745_02208	886.267615142924	879.55026858388	901.934616259592	424.924459735316	381.310182713194	395.6897703932
EFM745_02209	41564.3099138788	42506.7602996651	41625.9197154262	9663.86467777444	9766.87506861488	9679.50782413473
EFM745_02210	23443.2372972631	23187.4839878629	21985.7725270407	21527.2028463198	21566.7458782239	22750.0344332521
EFM745_02211	4495.16393277224	4227.28180632789	4198.11370890466	2512.69694076547	2450.85638163584	2410.3038164274
EFM745_02212	712.114205171424	626.566222259238	639.98660889707	5429.59031884014	5056.80524691409	5169.49538739503
EFM745_02213	45.5898978982986	48.96465412735	41.6735466258557	1620.24041964116	1456.09121585297	1457.24458451259
EFM745_02214	15.5005652854215	16.3215513757833	17.860091411081	282.131416355426	204.484994356557	265.920544619086
EFM745_02215	10925.1631323483	11302.67432773	9999.66673560415	245.281598709003	253.877505070701	261.665815905181
EFM745_02216	16158.8834110729	20113.5918120903	16602.9394212011	226.856689885792	277.585910213491	308.46783175814
EFM745_02217	15868.0198624818	16083.0753751261	16500.7400092376	352.37638124392	367.480279713233	357.397211968052
EFM745_02218	1700.50319160654	1692.90757881042	1666.94186503423	1220.65020953776	1283.21742835347	1211.53400128456
EFM745_02219	5518.20124161006	5348.93508698589	5262.77360246521	4035.05503228332	3892.12984427457	3951.57929303962
EFM745_02220	5388.72593157889	4482.98611121516	4548.36994602197	3522.61225563775	3360.66642899037	3329.32521863096
EFM745_02221	3019.8748367833	2335.79535244544	2271.20829110914	1409.50552497568	1606.24444842397	1504.04660036555
EFM745_02222	5218.21971343925	4413.16614144097	4592.02794724906	3171.38743119528	3475.25705384719	3326.13417209553
EFM745_02223	9054.15372260209	7507.00688000613	7810.8133104461	8325.7556744887	8121.1166116196	7957.40637718153
EFM745_02224	16877.3802019501	14564.264344324	13633.2031104585	14613.2558104096	14271.4720457448	14893.6778630258
EFM745_02225	5152.5702604657	5015.25003663654	4820.24022639065	1037.5526781071	960.190408282964	986.033379447571
EFM745_02226	92.0915937545631	83.4212625873371	122.04395797572	27.6373632348173	25.684105571355	29.7831009973376
EFM745_02227	1399.60986547777	1235.90414028848	1386.14153896001	590.748639144219	603.576480926843	616.93566351628
EFM745_02228	308.187709792498	259.331316304113	240.119006748978	594.203309548571	607.527881783974	661.610315012286
EFM745_02229	154.093854896249	190.418099384139	151.810776994189	119.761907350875	104.712122713986	111.686628740016
EFM745_02230	81.1500182589714	64.3794526489232	61.518092638168	101.336998527663	85.942968642611	80.8398455642022
EFM745_02231	82.9736141749034	72.5402283368149	82.3548659510959	134.732145769734	127.432677642492	120.196086167827
EFM745_02233	1939.39425659362	1890.57970102824	1833.63605153765	587.293968739867	584.807326855468	589.279926875895
EFM745_02234	2218.40443173121	1964.93343507347	2017.19810215154	862.516044286589	946.360505283004	913.70299131118
EFM745_02235	3361.79907102054	3150.05941552619	2926.07830951544	1416.41486578439	1376.07534849606	1273.22756763618
EFM745_02236	2788.27815545994	2754.71517109054	2740.53180430032	1221.80176633921	1249.63052106785	1254.08128842361
EFM745_02237	3810.40366633979	3319.62219926349	3393.4173681054	1397.98995696117	1451.15196478156	1313.64749041829
EFM745_02238	718.496790877185	771.646678932868	785.844022087565	274.070518745271	274.622359570642	269.111591154515
EFM745_02239	2112.63586860716	2417.40310932436	2204.72906196789	823.363113037265	834.733431069038	789.252176429448
EFM745_02240	372.013566850116	367.234905955125	416.735466258557	199.219326650975	206.460694785123	225.500621836985
EFM745_02241	35.5601203606729	38.990372731038	36.7124101227777	56.4262832710853	55.3196119998416	48.9293802099118
EFM745_02242	39.2073121925368	60.7524412320824	58.5414107363212	95.5792145204097	90.8822197140254	112.750310918493
EFM745_02243	99.3859774182909	108.810342505222	109.145003067717	56.4262832710853	45.4411098570127	52.1204267453409
EFM745_02244	64.737655015584	64.3794526489232	74.417047546171	41.4560448522259	30.6233566427694	43.6109693175301
EFM745_02245	20.0595550752514	19.0418099384139	29.7668190184684	14.9702384188594	28.6476562142037	23.4010079264796
EFM745_02246	40.1191101505027	45.3376427105093	40.6813193252401	74.8511920942968	65.1981141426704	81.9035277426785
EFM745_02247	80.2382203010055	76.1672397536556	74.417047546171	89.8214305131561	81.9915677854794	84.0308920996312
EFM745_02248	31.001130570843	22.6688213552546	25.7979098160059	29.9404768377187	31.6112068570523	29.7831009973376
EFM745_02249	785.058041808701	800.662770267594	803.704113498646	654.084263224009	746.814761997861	711.603377400675
EFM745_02250	541.607987031787	494.180305544551	525.880469326275	413.408891720808	400.079336784568	409.517638713393
EFM745_02251	1195.36712289339	1283.96204156162	1195.63389724181	883.244066712702	824.854928926209	807.334773463546
EFM745_02252	984.741794603249	1001.05515104805	924.755844173751	601.112650357276	545.293318284153	508.440081311693
EFM745_02253	1377.72671448658	1393.67913692106	1347.444674236	665.599831238516	618.394234141086	691.393416009624
EFM745_02254	31657.6251005785	30802.39445752	30711.4194086545	8886.5638367952	8710.86318954648	8421.17180699722
EFM745_02255	751.32151736396	685.5051577829	741.193793559863	86.366760108804	95.8214707854398	75.5214346718205
EFM745_02256	1237.30982895982	1142.50859630483	1088.47334877533	1695.09161173546	1740.59207756644	1457.24458451259
EFM745_02257	1010.2721374263	855.974694374415	831.486477915884	2417.11772624506	2249.33493792213	2261.38831144071
EFM745_02258	3545.0704605717	3536.33613141972	3363.65054908693	3055.08019424876	2894.40112784885	3005.96583637415
EFM745_02259	1751.56387725263	1925.94306234243	1683.8097291447	1490.11450107723	1497.58092485285	1448.73512708478
EFM745_02260	1732.41612013535	1552.36088640784	1503.22436043265	1229.86266394937	1288.15667942488	1200.89717949979
EFM745_02261	12717.7579177094	13146.1028803393	13244.2500086172	6056.03721882933	6109.85357533964	5793.87682616065
EFM745_02262	2239.37578476443	2522.58644041274	2453.77811442241	3453.51884755071	3706.41400398938	3417.6108394445
EFM745_02263	6228.49185086555	6523.18003318808	5936.49593958321	11993.4640871092	12565.4547256783	12315.3122623991
EFM745_02264	5091.47979728198	5168.49126899806	4985.94218559346	5555.11001019827	5691.0050844837	5297.1372488122
EFM745_02265	1854.59704650279	1719.20341158251	1714.56877546378	3238.17772567942	2882.54692527746	2843.22246306727
EFM745_02266	532.490007452127	452.469674250883	450.471194479488	901.668975535914	808.0614752834	744.577524933441
EFM745_02267	2046.07461767564	1998.48329067925	2112.45192301064	12905.4970738582	11950.0240421801	10899.5512828471
EFM745_02268	953.740664032406	933.048686982281	975.359436505148	2517.30316797127	2524.94514770705	2396.4759481072
EFM745_02269	3306.17939558461	3680.50983523914	3692.0777855907	7032.55738645955	7195.50096083653	6977.75509080482
EFM745_02270	4134.09194141771	4104.87017100951	4036.38065890431	9236.63710443622	8947.94724097437	9074.2726645817
EFM745_02271	2463.67808242405	2664.94663852374	2340.66420215223	6456.77898573419	6287.66661391056	6342.73683025444
EFM745_02273	411.220879042653	419.826571499316	428.642193865945	464.07739098464	409.957838927397	358.460894146528
EFM745_02274	422.162454538245	443.402145708781	435.587784970254	452.561822970133	476.143803284351	432.918646639872
EFM745_02275	840.677717244625	891.338055688613	849.346569326965	1270.16715200014	1218.0193142108	1267.9091567438
EFM745_02276	2230.25780518477	2288.64420402651	2069.78614908417	681.721626458826	675.689546569493	776.487990287731
EFM745_02277	495.106291175522	461.537202792985	472.300195093032	222.250462679989	217.327047142235	204.226978267458
EFM745_02278	999.330561930704	1060.90083942592	1019.01743773223	405.347994110653	455.39894878441	435.046010996825
EFM745_02279	3243.26533648496	3151.87292123461	3213.82422669397	2373.35856778993	2155.48916756525	2330.52765304167
EFM745_02280	594.492268593813	652.862055031334	644.947745400148	831.42401064742	932.530602283043	912.639309132704
EFM745_02281	945.534482410712	866.855728624938	861.253296934352	1825.21753029939	1532.15568235275	1625.30636871185
EFM745_02282	1439.72897562827	1401.83991260895	1450.63631350003	2540.33430400029	2557.54420477839	2322.01819561386
EFM745_02283	7220.52802913253	7173.32182965678	6954.52115001483	4998.90807509757	4962.95947655721	4794.01557839288
EFM745_02284	79.3264223430395	71.6334754826047	93.2693662578676	24.1826928304651	29.6355064284865	27.655736640385
EFM745_02285	1.82359591593194	1.81350570842037	0.992227300615613	3.45467040435216	4.93925107141442	1.06368217847634
EFM745_02286	3.64719183186388	9.97428139631204	7.9378184049249	4.60622720580288	5.92710128569731	2.12736435695269
EFM745_02287	473.223140184339	551.305735359793	490.160286504113	2113.10673066207	2045.83779377985	2108.21807774011
EFM745_02288	166.859026307773	205.832897905712	188.523187116966	322.435904406202	307.221416641977	286.130506010137
EFM745_02289	415.779868832483	353.633613141972	373.07746503147	9780.17191472096	9634.50313990098	9593.34956767815
EFM745_02290	28.2657366969451	13.6012928131528	20.8367733129279	11.5155680145072	5.92710128569731	10.6368217847634
EFM745_02291	45.5898978982986	24.482327063675	40.6813193252401	38.0013744478738	30.6233566427694	34.037829711243
EFM745_02292	4.55898978982986	5.44051712526112	4.96113650307806	3.45467040435216	8.89065192854596	4.25472871390538
EFM745_02293	10.0297775376257	13.6012928131528	8.93004570554052	10.3640112130565	6.9149514999802	1.06368217847634
EFM745_02294	33.7365244447409	29.9228441889361	28.7745917178528	27.6373632348173	27.6598059999208	26.5920544619086
EFM745_02296	22.7949489491493	18.1350570842037	17.860091411081	29.9404768377187	20.7448544999406	24.4646901049559
EFM745_02297	41.0309081084687	58.9389355236621	51.5958196320119	46.0622720580288	44.4532596427298	39.3562406036247
EFM745_02299	1312.07726151303	1487.98143375891	1517.11554264127	236.069144297398	277.585910213491	274.430002046897
EFM745_02300	658.318125651431	448.842662834042	387.960874540705	2805.19236833395	2635.58437170674	2740.04529175506
EFM745_02301	54.7078774779583	49.8714069815602	47.6269104295494	181.945974629214	199.545743285143	179.762288162502
EFM745_02302	51.0606856460944	53.498418398401	61.518092638168	175.036633820509	162.007435142393	174.44387727012
EFM745_02303	268.980397599962	301.041947597782	310.567145092687	711.662103296545	719.15495599794	725.431245720867
EFM745_02304	8.20618162169374	8.16077568789167	9.92227300615613	10.3640112130565	9.87850214282885	8.50945742781076
EFM745_02305	206.06633850031	250.263787762011	250.041279755134	39.1529312493245	39.5140085713154	35.1015118897194
EFM745_02306	51.0606856460944	50.7781598357704	69.4559110430929	62.1840672783389	40.5018587855983	55.3114732807699
EFM745_02307	87.5326039647332	82.5145097331269	84.3393205523271	128.974361762481	124.469126999644	135.087636666496
EFM745_02308	290.863548591145	247.543529199381	257.979098160059	476.744515800598	402.055037213134	466.956476351115
EFM745_02309	324.600073035886	323.710768953036	347.279555215465	178.491304224862	179.788738999485	196.781203018124
EFM745_02310	11.8533734535576	5.44051712526112	3.96890920246245	19.5764656246622	20.7448544999406	18.0825970340979
EFM745_02311	1.82359591593194	2.72025856263056	0.992227300615613	10.3640112130565	12.8420527856775	17.0189148556215
EFM745_02313	2.73539387389791	0.906752854210186	3.96890920246245	2.30311360290144	0.987850214282885	0
EFM745_02315	2.73539387389791	3.62701141684074	2.97668190184684	2.30311360290144	1.97570042856577	2.12736435695269
EFM745_02316	1.82359591593194	2.72025856263056	3.96890920246245	2.30311360290144	2.96355064284865	1.06368217847634
EFM745_02317	0.911797957965971	3.62701141684074	1.98445460123123	1.15155680145072	0.987850214282885	1.06368217847634
EFM745_02319	5.47078774779583	1.81350570842037	2.97668190184684	2.30311360290144	4.93925107141442	2.12736435695269
EFM745_02320	19.1477571172854	17.2283042299935	14.8834095092342	18.4249088232115	14.8177532142433	13.8278683201925
EFM745_02321	16.4123632433875	17.2283042299935	19.8445460123123	8.06089761015504	6.9149514999802	12.7641861417161
EFM745_02322	220.655105827765	246.636776345171	306.598235890224	315.526563597497	358.589627784687	323.359382256809
EFM745_02324	14147.4571158	17378.8252037924	18190.503102186	9456.58445351331	11890.7530293231	10918.6975620597
EFM745_02325	20.9713530332173	17.2283042299935	23.8134552147747	11.5155680145072	29.6355064284865	23.4010079264796
EFM745_02326	157.741046728113	169.562783737305	166.694186503423	307.465665987342	313.148517927675	322.295700078332
EFM745_02327	274.451185347757	255.704304887272	273.854734969909	352.37638124392	361.553178427536	399.944499107106
EFM745_02328	144.064077358623	173.189795154145	195.468778221276	244.130041907553	256.84105571355	236.137443621748
EFM745_02329	180.535995677262	139.639939548369	172.647550307117	329.345245214906	250.913954427853	272.302637689944
EFM745_02331	63.825857057618	77.980745462076	84.3393205523271	2577.18412164671	2287.86109627916	2368.82021146682
EFM745_02332	92.0915937545631	90.6752854210186	77.3937294480178	1862.06734794581	1720.83507328079	1809.32338558826
EFM745_02333	47.4134938142305	47.1511484189297	43.658001227087	7776.46308019671	7143.14489947954	7527.67877707709
EFM745_02334	38.2955142345708	37.1768670226176	34.7279555215464	5012.72675671498	4500.64557627282	4731.25832986278
EFM745_02335	8.20618162169374	3.62701141684074	5.95336380369368	485.956970212204	459.350349641541	422.281824855109
EFM745_02336	59.2668672677881	50.7781598357704	56.5569561350899	7797.19110262282	6609.70578376678	6679.92408083144
EFM745_02337	153.182056938283	133.292669568897	97.2382754603301	22590.0897740588	17608.4300695924	19128.1966155401
EFM745_02338	476.870332016203	383.556457330909	446.502285277026	5436.49965964885	4470.02221963005	4673.81949222506
EFM745_02339	42.8545040244006	29.9228441889361	30.759046319084	595.354866350022	573.940974498356	582.897833805037
EFM745_02340	1557.35091220588	1432.66950965209	1390.11044816247	31625.2044382411	26449.6894874242	26952.6427204121
EFM745_02341	219.743307869799	250.263787762011	261.948007362522	3030.89750141829	2775.85910213491	2937.89017695166
EFM745_02342	131.2989059471	185.884335113088	165.701959202807	24.1826928304651	21.7327047142235	25.5283722834323
EFM745_02343	54.7078774779583	62.5659469405028	63.5025472393992	16.1217952203101	30.6233566427694	28.7194188188613
EFM745_02344	137.681491652862	118.784623901534	130.974003681261	102.488555329114	80.0158673569137	80.8398455642022
EFM745_02345	31.912928528809	22.6688213552546	32.7435009203152	36.849817646423	51.36821114271	28.7194188188613
EFM745_02346	1598.38182031435	1447.17755531946	1462.54304110741	14979.450873271	12496.3052106785	13093.9276170438
EFM745_02347	609.992833879235	485.112777002449	402.844284049939	5803.84627931163	4634.00535520101	5102.48341015103
EFM745_02348	1158.89520457475	1376.45083269106	1303.78667300892	11706.726443548	11392.8765213245	10871.8955462067
EFM745_02349	144.064077358623	129.665658152057	165.701959202807	1362.2916961162	1168.62680349665	1226.42555178323
EFM745_02351	71.1202407213458	49.8714069815602	77.3937294480178	111.70100974072	115.578475071098	101.049806955253
EFM745_02352	91.1797957965971	99.7428139631204	117.082821472642	186.552201835017	210.412095642254	189.335427768789
EFM745_02353	58.3550693098222	70.7267226283945	64.4947745400148	13.8186816174086	27.6598059999208	28.7194188188613
EFM745_02354	43.7663019823666	49.8714069815602	43.658001227087	34.5467040435216	28.6476562142037	19.1462792125742
EFM745_02355	5171.71801758299	5125.87388485018	4716.05635982601	622.992229584839	607.527881783974	616.93566351628
EFM745_02356	341.924234237239	355.447118850393	318.504963497612	104.791668932015	100.760721856854	94.6677138843947
EFM745_02357	641.905762408044	546.771971088742	487.183604602266	148.550827387143	119.529875928229	112.750310918493
EFM745_02358	3518.62831979068	3748.51629930491	3484.70227976203	1176.89105108264	1082.68383485404	1129.63047354188
EFM745_02359	212.448924206071	249.357034907801	301.637099387146	54.1231696681838	64.2102639283875	62.7572485301043
EFM745_02361	958.299653822236	870.482740041778	875.144479142971	818.756885831462	844.611933211867	833.926827925454
EFM745_02362	182.359591593194	187.697840821508	192.492096319429	244.130041907553	234.120500785044	246.774265406512
EFM745_02363	61046.6968817377	59306.1704296172	58472.9470525787	99329.8350227347	97283.4891025785	93161.5399196722
EFM745_02364	774.11646631311	850.534177249154	847.362114725733	832.57556744887	891.040893283162	896.684076455558
EFM745_02365	526.107421746365	573.974556715048	590.37524386629	928.15478196928	951.299756354418	942.422410130041
EFM745_02366	300.89332612877	287.440654784629	288.738144479143	134.732145769734	108.663523571117	130.83290795259
EFM745_02367	17515.6387725263	19761.7717046568	17869.0214567866	789.967965795194	786.328770569176	728.622292256296
EFM745_02368	5365.01918467177	6106.9804731056	5700.3458420367	154.308611394396	192.630791785163	207.418024802887
EFM745_02369	172.329814055569	215.807179302024	186.538732515735	138.186816174086	141.262580642453	185.080699054884
EFM745_02370	149.534865106419	190.418099384139	188.523187116966	51.8200560652824	41.4897089998812	49.9930623883882
EFM745_02371	206.978136458275	211.273415030973	186.538732515735	63.3356240797896	51.36821114271	64.884612887057
EFM745_02372	361.071991354525	368.141658809335	358.194055522236	108.246339336368	97.7971712140056	75.5214346718205
EFM745_02373	269.892195557927	292.88117190989	303.621553988378	164.672622607453	183.740139856617	177.63492380555
EFM745_02374	900.85638247038	805.196534538645	817.595295707265	177.339747423411	172.873787499505	158.488644592975
EFM745_02375	1026.68450066968	1087.19667219801	1011.07961932731	755.421261751672	761.632515212104	739.259114041059
EFM745_02376	96.650583544393	124.225141026795	93.2693662578676	293.646984369934	263.75600721353	251.028994120417
EFM745_02377	62.914059099652	70.7267226283945	59.5336380369368	100.185441726213	93.8457703568741	84.0308920996312
EFM745_02378	173.241612013535	184.070829404668	197.453232822507	599.961093555825	717.179255569375	665.865043726192
EFM745_02379	20.9713530332173	15.4147985215732	17.860091411081	76.0027488957475	72.1130656426506	98.9224425983
EFM745_02380	82.9736141749034	66.1929583573436	62.5103199387836	1031.79489409984	937.469853354458	1309.39276170438
EFM745_02381	76.5910284691416	66.1929583573436	74.417047546171	108.246339336368	112.614924428249	131.896590131067
EFM745_02382	20.9713530332173	29.9228441889361	32.7435009203152	24.1826928304651	14.8177532142433	20.2099613910505
EFM745_02383	35.5601203606729	38.0836198768278	35.7201828221621	8.06089761015504	13.8299029999604	11.7005039632398
EFM745_02384	6587.74024630414	7164.25430111468	7148.00547363488	1353.0792417046	1338.53704035331	1409.37888648116
EFM745_02385	2703.4809453691	2587.87264591587	2656.192483748	2588.69968966122	2424.1844258502	2409.24013424892
EFM745_02386	6058.89743068388	5994.54311918354	5587.23192976652	6181.55691018746	6203.69934569652	6216.15865101576
EFM745_02387	2072.51675845665	1884.23243104877	1955.68000951337	4797.3856348437	4421.61755913019	3766.49859398474
EFM745_02388	703.90802354973	679.157887803429	654.870018406305	1923.0998584227	1979.6518294229	1588.07749246518
EFM745_02389	401.191101505027	315.549993265145	273.854734969909	1103.19141578979	1177.5174554252	1057.30008540549
EFM745_02390	259.862418020302	296.508183326731	308.582690491456	147.399270585692	175.837338142354	159.552326771452
EFM745_02391	907.238968176141	868.669234333358	883.082297547895	933.912565976534	883.138091568899	893.493029920129
EFM745_02392	744.027133700233	762.579150390766	792.789613191875	802.635090611152	748.790462426427	754.150664539728
EFM745_02393	880.796827395128	891.338055688613	889.035661351589	49.5169424623809	56.3074622141244	49.9930623883882
EFM745_02394	3251.47151810665	3433.87305889397	3529.35250828973	397.287096500498	417.86064064166	389.307677322342
EFM745_02395	5265.63320725348	5337.14729988115	5502.89260921419	552.747264696345	618.394234141086	579.706787269608
EFM745_02396	1838.1846832594	1790.83688706512	2111.45969571002	264.858064333666	303.270015784846	276.55736640385
EFM745_02397	1856.42064241872	2003.92380780451	1975.52455552569	2124.62229867658	2074.48544999406	2147.57431834374
EFM745_02398	2907.72368795348	3053.0368601257	3236.64545460813	4147.90759882549	3909.91114813166	3680.34033752815
EFM745_02399	570.785521686698	657.395819302385	619.149835584142	196.916213048073	197.570042856577	225.500621836985
EFM745_02400	879.885029437162	900.405584230714	805.688568099878	271.76740514237	279.561610642056	318.040971364427
EFM745_02401	1024.86090475375	956.624261191746	1041.83866564639	424.924459735316	420.824191284509	372.288762466721
EFM745_02402	2775.51298404842	3510.94705150184	3313.04695675553	470.986731793344	470.216701998653	481.848026849784
EFM745_02403	403.926495378925	348.193096016711	407.805420553017	43.7591584551273	42.477559214164	47.8656980314355
EFM745_02404	6401.73346287908	6248.43391836239	6799.7336911188	1149.25368784782	1179.49315585376	1115.80260522169
EFM745_02405	3978.17449060553	4140.23353232371	3994.70711227846	648.326479216755	642.102639283875	568.006283306368
EFM745_02406	1588.35204277672	1798.99766275301	1478.41867791726	1077.85716615787	1031.31562371133	1063.68217847634
EFM745_02407	4591.81451631663	4848.40751146186	4841.07699970357	5488.31971571413	5251.41173912782	5114.18391411426
EFM745_02408	2068.86956662479	2092.78558751711	2000.33023804108	5108.30597123539	4901.71276327167	4888.68329227728
EFM745_02409	797.823213220225	731.74955334762	731.271520553707	3399.39567788252	3638.25233920387	3409.10138201668
EFM745_02410	1223.63285959033	1135.25457347115	1088.47334877533	4191.66675728062	4076.85783434547	4333.44119511263
EFM745_02411	2068.86956662479	2278.6699226302	2071.7706036854	4386.27985672579	4801.9398916291	4568.5149565559
EFM745_02412	1448.84695520793	1327.48617856371	1376.21926595386	4689.13929550733	4551.02593720125	4563.19654566352
EFM745_02413	332.80625465758	342.75257889145	317.512736196996	1412.96019538003	1476.83607035291	1423.20675480135
EFM745_02414	476.870332016203	481.485765585609	432.611103068407	24498.2193940626	21669.4823005094	22156.4997776623
EFM745_02415	311.834901624362	321.897263244616	315.528281595765	639.11402480515	586.783027284034	577.579422912655
EFM745_02416	261.686013936234	272.025856263056	289.730371779759	396.135539699048	460.338199855824	476.529615957402
EFM745_02417	219.743307869799	244.82327063675	192.492096319429	24.1826928304651	21.7327047142235	22.3373257480032
EFM745_02418	59.2668672677881	63.472699794713	49.6113650307806	6.90934080870432	3.95140085713154	3.19104653542903
EFM745_02419	221.566903785731	233.942236386228	222.258915337897	335.10302922216	313.148517927675	311.658878293569
EFM745_02420	63.825857057618	56.2186769610315	75.4092748467866	13.8186816174086	14.8177532142433	17.0189148556215
EFM745_02421	22.7949489491493	20.8553156468343	27.7823644172372	6.90934080870432	15.8056034285262	12.7641861417161
EFM745_02422	153.182056938283	135.106175277318	138.911822086186	80.6089761015504	66.1859643569533	77.6487990287732
EFM745_02423	66.5612509315159	62.5659469405028	84.3393205523271	62.1840672783389	50.3803609284271	40.4199227821011
EFM745_02424	92.0915937545631	120.598129609955	120.059503374489	63.3356240797896	70.1373652140848	61.693566351628
EFM745_02425	284.480962885383	269.305597700425	255.994643558828	183.097531430664	218.314897356518	196.781203018124
EFM745_02426	454.98718102502	537.70444254664	585.414107363212	107.094782534917	111.627074213966	113.813993096969
EFM745_02427	3196.7636406287	3135.55136985882	3123.53154233795	906.275202741716	1022.42497178279	858.39151803041
EFM745_02428	3982.73348039536	3691.39086948967	3958.9869294563	1529.26743232656	1450.16411456727	1509.36501125793
EFM745_02429	168.682622223705	170.469536591515	147.841867791726	4633.8645690377	3950.41300691726	4961.01368041367
EFM745_02430	19.1477571172854	21.7620685010445	11.9067276073874	107.094782534917	114.590624856815	164.870737663833
EFM745_02431	51.9724836040604	55.3119241068213	52.5880469326275	149.702384188594	102.73642228542	147.851822808212
EFM745_02432	149.534865106419	139.639939548369	133.950685583108	89.8214305131561	78.0401669283479	73.3940703148678
EFM745_02433	31.912928528809	33.5498556057769	35.7201828221621	10.3640112130565	15.8056034285262	19.1462792125742
EFM745_02434	4.55898978982986	4.53376427105093	7.9378184049249	2.30311360290144	3.95140085713154	3.19104653542903
EFM745_02436	4195.18240460143	4155.64833084528	4217.95825491697	6699.75747084029	7403.93735605022	6962.86354030615
EFM745_02437	41.0309081084687	47.1511484189297	47.6269104295494	116.307236946523	140.27473042817	139.342365380401
EFM745_02438	274.451185347757	279.279879096737	307.59046319084	567.717503115205	619.382084355369	582.897833805037
EFM745_02439	906.327170218175	661.929583573436	678.683473621079	215.341121871285	245.974703356438	194.653838661171
EFM745_02440	6574.97507489262	5727.95778004574	5945.42598528875	1920.7967448198	1868.02475520894	1819.96020737303
EFM745_02441	1925.71728722413	1656.63746464201	1620.3071819053	2966.41032053705	2530.87224899275	2740.04529175506
EFM745_02442	4455.04482262173	4327.93137314522	3934.1812469409	3114.9611479242	3511.80751177566	3319.75207902467
EFM745_02443	822.441758085306	777.993948912339	734.248202455553	483.653856609302	558.13537106983	573.32469419875
EFM745_02444	786.881637724633	928.51492271123	890.027888652205	4442.70613999688	4354.44374455896	4589.78860012543
EFM745_02445	494.194493217556	461.537202792985	466.346831289338	2794.8283571209	2777.83480256347	2946.39963437947
EFM745_02446	1017.56652109002	1039.13877092487	1069.62103006363	8495.03452430196	8647.64077583237	8805.16107342718
EFM745_02447	525.195623788399	578.508320986099	557.631742945974	651.781149621107	713.227854712243	653.100857584476
EFM745_02448	0.911797957965971	1.81350570842037	1.98445460123123	4.60622720580288	2.96355064284865	4.25472871390538
EFM745_02449	6574.97507489262	6235.73937840345	6104.18235338725	10349.0409746376	9951.60305868578	10356.0096896457
EFM745_02450	3804.02108063403	3756.6770749928	3746.65028712455	4523.31511609843	3885.21489277459	3895.20413758037
EFM745_02451	2210.19825010951	2197.96891860549	2107.49078650756	2611.73082569023	2256.24988942211	2354.99234314663
EFM745_02452	1309.34186763913	1464.40585954945	1251.19862607629	1590.29994280344	1601.30519735256	1531.70233700594
EFM745_02453	1002.97775376257	925.7946641486	891.02011595282	2144.19876430124	2082.38825170832	2750.68211353983
EFM745_02454	936.416502831052	904.032595647555	910.864661965133	1575.32970438458	1647.73415742385	2151.82904705764
EFM745_02455	541.607987031787	489.6465412735	501.074786810885	1167.67859667103	1185.42025713946	1455.11722015564
EFM745_02456	279.010175137587	224.874707844126	207.375505828663	626.446899989192	480.095204141482	744.577524933441
EFM745_02457	317.305689372158	368.141658809335	373.07746503147	1180.34572148699	1019.46142113994	1360.44950627124
EFM745_02458	3130.20238969718	3053.0368601257	3069.95126810471	8629.7666700717	8235.70723647641	11535.633225576
EFM745_02459	937.328300789018	964.785036879638	929.716980676829	2740.70518745271	2826.23946306333	4116.45003070345
EFM745_02460	681.11307460058	721.775271951308	698.528019633392	1958.79811926767	1870.0004556375	2776.21048582326
EFM745_02461	570.785521686698	594.829872361882	610.219789878602	1469.38647865112	1460.0426167101	2181.61214805498
EFM745_02462	787.793435682599	761.672397536556	771.952839878947	1541.93455714251	1599.32949692399	2328.40028868472
EFM745_02463	474.134938142305	514.128868337175	467.339058589954	1391.08061615247	1354.34264378184	1973.13044107362
EFM745_02465	3679.10476039269	4172.87663507527	3952.04133835199	5195.82428814565	4876.02865770032	4881.23751702794
EFM745_02466	1229.10364733813	1159.73690053483	1099.3878490821	1873.58291596032	1841.3527994233	1864.63485886903
EFM745_02467	509.695058502978	630.193233676079	662.807836811229	962.701486012802	928.579201425912	881.79252595689
EFM745_02468	1592.91103256655	1402.74666546316	1273.02762668983	2190.26103635927	2017.19013756565	2229.47784608642
EFM745_02469	1977.68977082819	1752.75326718829	1816.76818742719	23266.0536165103	24622.1665910009	22521.3427648796
EFM745_02470	1581.05765911299	1589.53775343046	1642.13618251884	3874.98863688167	3748.89156320355	3554.82584046794
EFM745_02471	1604.76440602011	1536.94608788626	1413.92390337725	1566.11724997298	1609.20799906682	1595.52326771452
EFM745_02472	497.84168504942	447.029157125622	417.727693559173	453.713379771584	397.11578614172	411.645003070345
EFM745_02473	1662.20767737197	1671.14551030937	1602.44709049421	1714.66807736012	1770.22758399493	1764.64873409226
EFM745_02474	1496.26044902216	1580.47022488835	1503.22436043265	1947.28255125317	2063.61909763695	2066.73447277954
EFM745_02475	22776.71298999	22940.8472115177	22975.0231457545	5284.49416185735	5450.95748241296	5339.68453595125
EFM745_02476	179.624197719296	180.443817987827	194.47655092066	298.253211575736	268.695258284945	279.748412939279
EFM745_02477	11862.4914331373	11502.1599556562	11331.2357730303	6741.21351569251	6654.15904340951	6563.98272337752
EFM745_02478	2011.42629527293	2138.12323022762	2113.44415031126	2139.59253709544	2219.69943149364	2206.07683815994
EFM745_02479	30.089332612877	41.7106312936685	41.6735466258557	67.9418512855925	88.9065192854596	88.2856208135366
EFM745_02480	96.650583544393	112.437353922063	70.4481383437085	57.577840072536	43.4654094284469	46.8020158529592
EFM745_02481	31.001130570843	30.8295970431463	34.7279555215464	35.6982608449723	29.6355064284865	32.9741475327667
EFM745_02482	53.7960795199923	72.5402283368149	69.4559110430929	51.8200560652824	57.2953124284073	51.0567445668645
EFM745_02483	15.5005652854215	20.8553156468343	11.9067276073874	28.788920036268	22.7205549285064	19.1462792125742
EFM745_02484	1048.56765166087	953.904002629115	940.631480983601	910.881429947519	864.368937497524	857.327835851934
EFM745_02485	7078.28754768983	7147.93274973889	7031.91487946285	8503.09542191211	8169.52127211946	7908.47699697162
EFM745_02486	7949.9663955053	7783.56650054023	7704.64498928023	5673.7203607477	5580.36586048402	5453.49852904822
EFM745_02488	5162.60003800333	6477.84239047757	6524.88672884827	4767.44515800598	5035.07254219986	5051.42666558416
EFM745_02489	806.029394841919	836.026131581791	742.186020860478	450.258709367231	450.459697712996	507.376399133216
EFM745_02490	916.356947755801	889.524549980192	979.32834570761	289.040757164131	342.784024356161	329.741475327667
EFM745_02491	11613.5705906126	10901.8895661691	10413.4255199609	5726.69197361443	5944.8825895544	5734.31062416597
EFM745_02493	93.915189670495	114.250859630483	106.168321165871	24.1826928304651	25.684105571355	23.4010079264796
EFM745_02494	1843.65547100719	1604.04579909782	1536.96008865358	2472.3924527147	2328.36295506476	2359.24707186053
EFM745_02495	1449.75875316589	1555.98789782468	1490.32540552465	1181.49727828844	1200.23801035371	1106.2294656154
EFM745_02496	277.186579221655	282.906890513578	280.800326074218	401.893323706301	427.739142784489	378.670855537579
EFM745_02497	108.503956997951	132.385916714687	122.04395797572	206.128667459679	202.509293927991	159.552326771452
EFM745_02498	878.973231479196	844.186907269683	732.263747854322	5046.12190395705	4577.69789298689	4639.78166251381
EFM745_02499	5427.93324377143	5413.31453963481	5046.46805093101	9463.49379432202	8621.95667026102	9258.2896814581
EFM745_02500	1381.37390631845	1367.38330414896	1616.33827270283	1201.0737439131	1169.61465371094	1060.49113194092
EFM745_02501	4207.94757601296	4221.84128920263	3744.66583252332	14309.2448148266	13784.4618901034	13756.6016142346
EFM745_02502	940.975492620882	838.746390144422	889.035661351589	278.676745951074	270.67095871351	328.67779314919
EFM745_02503	196.036560962684	233.035483532018	262.940234663137	234.917587495947	282.525161284905	276.55736640385
EFM745_02504	29741.937590892	26255.0288936559	26088.6324150863	77546.9865664929	74486.8697075724	77220.1351108472
EFM745_02505	1173.4839719022	1482.54091663365	1709.6076389607	1318.53253766107	1527.21643128134	1282.80070724247
EFM745_02506	2440.8831334749	2263.25512410862	2392.26002178424	2242.08109242455	2337.25360699331	2165.65691537784
EFM745_02507	330.982658741648	296.508183326731	356.209600921005	3630.85859497412	3670.8513962752	3906.90464154361
EFM745_02508	7338.14996571014	6433.41150062127	6691.58091535169	1366.897923322	1409.66225578168	1397.67838251792
EFM745_02509	17563.0522663405	16581.7894449417	15880.5979463529	4586.65074017822	4404.82410548738	4511.07611891818
EFM745_02510	1073.18619652595	960.251272608587	981.312800308841	2152.2596619114	1790.97243849487	1781.66764894788
EFM745_02511	1502.64303472792	1410.00068829684	1337.52240122985	1673.2120325079	1710.95657113796	1691.25466377739
EFM745_02512	2044.25102175971	1954.95915367716	1929.88209969737	1168.83015347248	1134.05204599675	1200.89717949979
EFM745_02513	4384.83637985836	3823.77678620435	3819.08288006949	9849.265322808	9505.09476182992	9438.0519696206
EFM745_02514	14088.1902485322	11139.4588139721	10989.9095816185	5102.54818722814	5029.14544091417	5138.64860421922
EFM745_02515	3992.76325793299	4185.57117503422	4040.34956810678	30268.6705261322	28992.4159389884	29421.4490566557
EFM745_02516	2870.33997167688	2711.19103408846	2682.98262086462	659.842047231262	654.944692069553	589.279926875895
EFM745_02517	20.0595550752514	19.9485627926241	21.8290006135435	31.0920336391694	18.7691540713748	30.846783175814
EFM745_02518	888.091211058856	933.048686982281	856.292160431274	824.514669838715	835.721281283321	789.252176429448
EFM745_02519	3705.54690117371	3178.1687540067	2911.19490000621	774.997727376334	790.280171426308	790.315858607924
EFM745_02520	8298.2732154483	7747.29638637183	7798.90658283872	833.727124250321	877.210990283202	783.933765537066
EFM745_02521	12001.9965207061	13789.8974068285	13064.6568672058	977.671724431661	1129.11279492534	990.288108161477
EFM745_02522	5085.09721157622	5338.05405273536	5250.86687485782	4217.00100691254	3917.81394984592	4078.1574722783
EFM745_02523	980.182804813419	997.428139631204	1095.41893987964	374.255960471484	382.298032927476	430.79128228292
EFM745_02524	1833.62569346957	1796.27740419038	1832.64382423704	1138.88967663476	1060.95113013982	1038.15380619291
EFM745_02525	336.453446489443	332.778297495138	351.248464417927	251.039382716257	264.743857427813	208.481706981364
EFM745_02526	4068.44248844416	3967.04373716956	3879.60874540705	2420.57239664941	2334.29005635046	2239.0509856927
EFM745_02527	1206.30869838898	1366.47655129475	1307.75558221138	452.561822970133	470.216701998653	411.645003070345
EFM745_02528	1303.87107989134	1222.30284747533	1278.98099049353	1028.34022369549	1045.14552671129	1110.4841943293
EFM745_02529	895.385594722584	781.62096032918	841.40875092204	563.111275909402	595.67367921258	572.261012020273
EFM745_02530	6443.67616894552	5581.9705705179	5297.50155798676	5172.79315211663	4609.30909984394	4836.56286553194
EFM745_02531	3872.40592748148	4149.30106086581	4065.15525062217	3934.86959055711	3947.44945627441	4116.45003070345
EFM745_02532	4513.39989193156	4107.59042957214	4271.53852915021	1270.16715200014	1318.78003606765	1341.30322705867
EFM745_02533	14320.6987278135	13779.016372578	13413.9208770225	4015.47856665866	3941.52235498871	3761.18018309235
EFM745_02534	5957.68785734966	6055.29556041562	5891.84571105551	863.66760108804	857.453985997544	784.997447715542
EFM745_02535	3287.94343642529	3206.27809248722	3387.4640043017	5671.4172471448	5842.14616726898	5456.68957558365
EFM745_02536	8419.54234385778	8527.10384099259	8433.93205523271	12340.0826843459	11631.936273181	11973.8702831082
EFM745_02537	7241.49938216574	7553.25127557085	7237.30593069028	10704.8720262859	10647.0496095409	10680.432754081
EFM745_02539	1966.7481953326	1936.82409659296	2270.21606380852	1108.94919979704	1232.83706742504	1168.9867141455
EFM745_02540	4740.43758346508	5249.19227302277	5109.97059817041	2486.2111343321	2638.54792234959	2502.84416595484
EFM745_02541	434.927625949768	592.109613799251	569.538470553362	99.0338849247619	111.627074213966	117.005039632398
EFM745_02542	418.515262706381	439.77513429194	461.38569478626	989.187292446168	952.287606568701	983.906015090619
EFM745_02543	326.423668951818	372.675423080386	346.287327914849	578.081514328261	569.989573641225	626.508803122567
EFM745_02544	487.811907511795	466.977719918246	474.284649694263	361.588835655526	323.027020070503	372.288762466721
EFM745_02545	909.062564092073	766.206161807607	779.890658283872	5256.85679862254	4924.43331820018	4975.90523091234
EFM745_02547	865.296262109707	672.810617823958	608.235335277371	664.448274437065	617.406383926803	709.476013043722
EFM745_02548	159.564642644045	120.598129609955	118.075048773258	27802.0358574247	30452.4585556985	26684.5948114361
EFM745_02549	640.082166492112	509.595104066124	422.688830062251	1379.56504813796	1315.8164854248	1293.43752902723
EFM745_02550	1195.36712289339	1135.25457347115	1112.2868039901	2603.66992808008	2547.66570263556	2553.9009105217
EFM745_02551	31.001130570843	46.2443955647195	50.6035923313963	58.7293968739867	61.2467132855389	60.6298841731516
EFM745_02552	191.477571172854	167.749278028884	172.647550307117	2000.2541641199	1979.6518294229	1909.30951036504
EFM745_02553	65.6494529735499	62.5659469405028	54.5725015338587	778.452397780687	724.094207069355	760.532757610586
EFM745_02554	224.302297659629	252.984046324642	214.321096932972	1835.58154151245	1478.81177078148	1619.98795781947
EFM745_02555	1427.87560217471	1654.82395893359	1582.6025444819	4134.08891720808	4909.61556498594	4701.47522886544
EFM745_02557	172.329814055569	159.588502340993	163.717504601576	269.464291539468	281.537311070622	263.793180262133
EFM745_02558	2574.9174332959	2500.82437191169	2458.73925092549	7345.78083645414	8167.54557169089	7862.73866329714
EFM745_02559	1274.69354523643	1153.38963055536	1125.1857588981	672.50917204722	688.531599355171	604.171477374564
EFM745_02560	1572.8514774913	1640.31591326623	1619.31495460468	1559.20790916427	1608.22014885254	1514.68342215031
EFM745_02561	2240.28758272239	2182.55412008392	2202.74460736666	3179.44832880544	3114.69172563394	3243.16696217437
EFM745_02562	1397.78626956183	1701.06835449831	1694.72422945147	1471.68959225402	1688.23601620945	1507.23764690098
EFM745_02563	764.086688775484	690.038922053951	736.232657056785	1279.37960641175	1329.64638842476	1298.75593991962
EFM745_02564	1342.16659412591	1495.2354565926	1692.73977485024	441.046254955626	540.354067212738	481.848026849784
EFM745_02565	4640.13980808883	5075.09572501441	4860.92154571589	1058.28070053321	1032.30347392561	1021.13489133729
EFM745_02566	638.25857057618	690.038922053951	702.496928835854	310.920336391694	325.990570713352	356.333529789575
EFM745_02567	874.414241689366	789.781736017072	805.688568099878	332.799915619258	300.306465141997	328.67779314919
EFM745_02568	9590.29092188609	10346.0500665382	10442.2001116787	1631.75598765567	2029.04434013705	2053.97028663782
EFM745_02569	1262.84017178287	1218.67583605849	1247.22971687383	1903.52339279804	1821.59579513764	1751.88454795054
EFM745_02570	337.365244447409	367.234905955125	359.186282822852	1037.5526781071	1073.7931829255	974.332875484332
EFM745_02571	603.610248173473	540.424701109271	562.592879449052	421.469789330963	482.070904570048	466.956476351115
EFM745_02572	303.628720002668	289.254160493049	288.738144479143	171.581963416157	177.813038570919	176.571241627073
EFM745_02573	169.594420181671	141.453445256789	171.655323006501	105.943225733466	100.760721856854	90.4129851704893
EFM745_02574	73.8556345952437	60.7524412320824	72.4325929449397	39.1529312493245	32.5990570713352	44.6746514960065
EFM745_02575	2955.13718176771	2854.45798505366	2790.1431693311	2361.84299977543	2332.31435592189	2404.98540553502
EFM745_02576	741.291739826335	742.630587598142	767.983930676484	712.813660097996	745.826911783578	693.520780366577
EFM745_02577	1243.69241466558	1307.53761577109	1227.38517086151	869.425385095293	867.332488140373	860.518882387363
EFM745_02578	2278.58309695696	2325.82107104913	2141.22651472849	2969.86499094141	2968.48989392007	3002.77478983872
EFM745_02579	1880.12738932583	1688.37381453937	1700.67759325516	2144.19876430124	2194.01532592229	2125.23699259574
EFM745_02580	4127.70935571195	4172.87663507527	4156.4401622788	4318.3380054402	4080.8092352026	4012.20917721277
EFM745_02581	23868.1351456752	20500.7752808381	20803.0375847069	18905.1080094165	19043.7764309455	17974.1014518933
EFM745_02582	6362.52615068655	6223.0448384445	6007.93630522754	4774.35449881468	4618.19975177249	4481.29301792084
EFM745_02583	1219.98566775847	1240.43790455953	1138.08471380611	1011.06687167373	1099.47728849685	1072.19163590416
EFM745_02584	3238.70634669513	3144.61889840092	3175.12736196996	1995.6479369141	1898.6481118517	2013.55036385572
EFM745_02585	23834.3986212305	24251.1050858514	24407.7993678435	8512.30787632372	8450.0707329758	8154.18758019966
EFM745_02586	1447.93515724996	1273.0810073111	1205.55617024797	802.635090611152	798.182973140571	811.589502177451
EFM745_02587	460.457968772815	429.800852895628	494.129195706575	391.529312493245	399.091486570285	341.441979290907
EFM745_02588	10637.946775589	9876.35208805734	9471.80181167664	5044.9703471556	4916.53051648592	4336.63224164806
EFM745_02589	12643.9022831141	12165.9030449381	12039.6860656698	5771.60268887101	5406.50422277023	5174.81379828742
EFM745_02590	5047.71349529962	5192.06684320752	4752.76876994879	1745.76011099929	1658.60050978096	1641.261601389
EFM745_02591	7990.99730361377	8635.91418349781	8056.88568099878	2268.56689885792	2267.11624177922	2223.09575301556
EFM745_02592	504.224270755182	411.665795811424	442.533376074563	572.323730321008	578.880225569771	574.388376377226
EFM745_02593	2929.60683894467	2429.19089642909	2615.51116442276	2670.46022256422	3010.96745313423	2663.46017490477
EFM745_02594	18.2359591593194	11.7877871047324	12.898954908003	12.6671248159579	26.6719557856379	23.4010079264796
EFM745_02595	10.9415754955917	9.06752854210186	7.9378184049249	10.3640112130565	8.89065192854596	8.50945742781076
EFM745_02596	10.0297775376257	2.72025856263056	10.9145003067717	3.45467040435216	2.96355064284865	1.06368217847634
EFM745_02597	33.7365244447409	34.4566084599871	35.7201828221621	23.0311360290144	19.7570042856577	30.846783175814
EFM745_02598	36.4719183186388	44.4308898562991	42.6657739264714	43.7591584551273	35.5626077141839	46.8020158529592
EFM745_02599	78.4146243850735	70.7267226283945	73.4248202455554	39.1529312493245	34.574757499901	29.7831009973376
EFM745_02600	1205.39690043101	1155.20313626378	1047.79202945009	59116.3199592742	60547.3153338266	73495.120121823
EFM745_02601	340.100638321307	193.13835794677	214.321096932972	73433.625671711	72276.0609280073	86658.1870804678
EFM745_02602	291.775346549111	172.283042299935	160.740822699729	64255.7179641487	60992.8357804682	72800.535659278
EFM745_02603	76.5910284691416	43.5241370020889	55.5647288344743	15674.9911813472	13987.9590342457	16735.9753961468
EFM745_02604	186.918581383024	115.157612484694	118.075048773258	44296.9354814048	44753.5661078718	51081.2092569695
EFM745_02605	164.123632433875	98.8360611089102	79.378184049249	48447.1461938332	47406.9317834356	54442.4449409547
EFM745_02606	366.54277910232	173.189795154145	154.787458896036	109579.842112448	106845.879176837	116679.552885784
EFM745_02607	93.915189670495	30.8295970431463	37.7046374233933	31302.7685338349	29967.4241004856	32524.2099712712
EFM745_02608	16.4123632433875	10.8810342505222	5.95336380369368	7459.78495979776	6973.23466262288	7377.69958991193
EFM745_02609	114.886542703712	57.1254298152417	49.6113650307806	37265.5296517467	37316.041844536	38125.5603231276
EFM745_02610	237.067469071153	273.839361971476	275.83918957114	1976.07147128944	2144.62281520814	2128.42803913117
EFM745_02611	3907.96604784215	4174.6901407837	3828.01292577503	52242.6774114148	55275.1587401988	51410.9507322972
EFM745_02612	1582.88125502893	1566.8689320752	1661.98072853115	18252.1753029939	17860.3318742346	17398.6493933376
EFM745_02613	127.651714115236	114.250859630483	127.005094478798	6013.42961717566	6673.91604769517	5650.27973206634
EFM745_02614	5540.08439260124	6164.10590292084	6039.68757884724	12736.218224045	14021.5459415313	12799.2876536059
EFM745_02615	2942.37201035619	2810.93384805158	2985.61194755238	8366.06016253948	8245.58573861924	8114.83133959603
EFM745_02617	62.914059099652	63.472699794713	44.6502285277026	74.8511920942968	67.1738145712362	63.8209307085807
EFM745_02618	5.47078774779583	18.1350570842037	17.860091411081	14.9702384188594	17.7813038570919	21.2736435695269
EFM745_02619	22.7949489491493	22.6688213552546	20.8367733129279	29.9404768377187	17.7813038570919	24.4646901049559
EFM745_02620	12.7651714115236	17.2283042299935	20.8367733129279	14.9702384188594	19.7570042856577	25.5283722834323
EFM745_02621	21.8831509911833	29.0160913347259	29.7668190184684	24.1826928304651	17.7813038570919	21.2736435695269
EFM745_02622	1956.71841779497	1886.04593675719	1888.20855307151	4215.84945011109	3788.40557177486	3844.14739301351
EFM745_02623	2133.60722164037	1899.64722957034	1930.87432699798	3697.64888945826	3410.05893970452	3371.87250577001
EFM745_02624	3952.64414778249	3588.92779696392	3590.8706009279	6573.08622268071	6199.74794483939	6212.96760448033
EFM745_02625	1072.27439856798	868.669234333358	989.250618713766	1889.70471118063	1528.20428149562	1557.23070928937
EFM745_02626	1399.60986547777	1380.98459696211	1411.93944877602	1644.42311247163	1599.32949692399	1546.5938875046
EFM745_02627	332.80625465758	358.167377413023	370.100783129624	861.364487485138	863.381087283241	796.697951678782
EFM745_02628	237.067469071153	219.434190718865	263.932461963753	253.342496319158	234.120500785044	235.073761443272
EFM745_02629	2015.0734871048	2023.87237059713	1940.79660000414	5097.94196002234	4620.17545220105	4862.09123781537
EFM745_02630	529.754613578229	412.572548665635	455.432330982566	1516.6003075106	1404.72300471026	1368.95896369906
EFM745_02631	61.0904631837201	51.6849126899806	66.4792291412461	927.00322516783	967.105359782944	957.31396062871
EFM745_02632	44.6780999403326	41.7106312936685	33.7357282209308	530.867685468782	474.168102855785	505.249034776264
EFM745_02633	51.0606856460944	42.6173841478787	48.619137730165	393.832426096146	334.881222641898	366.970351574339
EFM745_02634	49.2370897301624	64.3794526489232	58.5414107363212	117.458793747973	146.201831713867	129.769225774114
EFM745_02635	14.5887673274555	14.508045667363	24.8056825153903	11.5155680145072	16.793453642809	21.2736435695269
EFM745_02636	7464.88988186741	7798.0745462076	7399.03898069063	5491.77438611848	5348.22106012754	5432.22488547869
EFM745_02637	3216.82319570395	3051.22335441728	3191.00299877981	2980.22900215446	2777.83480256347	2703.88009768687
EFM745_02638	4264.47904940685	4140.23353232371	4234.82611902744	3704.55823026697	3558.23647184695	3779.26278012645
EFM745_02639	76.5910284691416	70.7267226283945	94.2615935584832	90.9729873146069	101.748572071137	85.0945742781076
EFM745_02641	447.692797361292	464.257461355615	440.548921473332	201.522440253876	244.986853142155	203.163296088982
EFM745_02642	339.188840363341	343.65933174566	400.859829448708	244.130041907553	271.658808927793	256.347405012799
EFM745_02643	17.3241612013535	25.3890799178852	11.9067276073874	14.9702384188594	27.6598059999208	20.2099613910505
EFM745_02644	345.571426069103	394.437491581431	408.797647853632	225.705133084341	281.537311070622	286.130506010137
EFM745_02645	66.5612509315159	66.1929583573436	66.4792291412461	150.853940990044	164.970985785242	162.743373306881
EFM745_02646	387.514132135538	395.344244435641	364.14741932593	1473.99270585692	1649.70985785242	1508.30132907946
EFM745_02647	723.055780667015	705.453720575525	697.535792332776	943.125020388139	899.931545211708	916.894037846609
EFM745_02648	2368.85109479559	2596.94017445797	2491.4827518458	4233.12280213285	4588.564245344	4701.47522886544
EFM745_02649	347.395021985035	313.736487556724	343.310646013002	1305.86541284512	1156.77260092526	1155.15884582531
EFM745_02650	231.596681323357	251.170540616221	213.328869632357	756.572818553123	745.826911783578	715.85810611458
EFM745_02651	479.605725890101	481.485765585609	453.447876381335	1278.2280496103	1187.39595756803	1253.01760624513
EFM745_02652	314.57029549826	272.025856263056	317.512736196996	970.762383622957	977.971712140056	994.542836875382
EFM745_02654	1746.09308950483	1764.54105429302	1677.856365341	2997.50235417622	2980.34409649146	2719.83533036401
EFM745_02655	137.681491652862	97.0225554004899	85.3315478529427	246.433155510454	179.788738999485	146.788140629736
EFM745_02656	1006.62494559443	964.785036879638	947.57707208791	1587.99682920054	1565.74258963837	1474.26349936821
EFM745_02657	1791.68298740313	1782.67611137723	1709.6076389607	2052.07422018518	2176.2340220652	1897.6090064018
EFM745_02658	65.6494529735499	91.5820382752288	104.183866564639	25.3342496319158	23.7084051427892	32.9741475327667
EFM745_02659	2105.34148494343	2370.25196090543	2291.05283712145	322.435904406202	362.541028641819	359.524576325004
EFM745_02660	2729.01128819215	2638.65080575164	3038.19999448501	8156.47682467545	8125.06801247673	7488.32253647347
EFM745_02661	664.700711357193	644.701279343442	665.784518713076	1356.53391210895	1320.75573649622	1304.074350812
EFM745_02662	79.3264223430395	78.8874983162862	63.5025472393992	1239.07511836097	1098.48943828257	1211.53400128456
EFM745_02663	36.4719183186388	44.4308898562991	49.6113650307806	751.96659134732	644.078339712441	650.973493227523
EFM745_02664	498.753483007386	486.92628271087	533.8182877312	1039.85579171	893.016593711728	960.505007164139
EFM745_02665	67.4730488894819	73.446981191025	87.3160024541739	578.081514328261	674.70169635521	655.228221941428
EFM745_02666	1365.87334103302	1354.68876419002	1430.79176748771	535.473912674585	535.414816141324	464.829111994163
EFM745_02667	7439.35953904436	7563.22555696716	7519.09848406511	3648.13194699588	3587.87197827544	3479.30440579612
EFM745_02668	1644.88351617061	1745.49924435461	1673.88745613854	796.877306603898	698.410101498	813.716866534404
EFM745_02669	5335.84165001686	6248.43391836239	6403.83499817317	3030.89750141829	3012.9431535628	3250.61273742371
EFM745_02670	18094.6304758347	17131.281674593	17028.6049331651	13005.6825155844	12180.193142108	11853.6741969404
EFM745_02671	13151.7737457012	12001.780778326	11261.7798619872	5921.3050730596	5927.10128569731	5716.22802713188
EFM745_02672	1237.30982895982	1112.5857521159	1129.15466810057	1581.08748839184	1357.30619442468	1283.86438942095
EFM745_02673	2525.68034356574	2549.78902603904	2550.02416258212	1411.80863857858	1490.66597335287	1466.81772411888
EFM745_02674	3011.6686551616	3312.36817642981	3483.71005246142	1959.94967606912	2036.94714185131	1819.96020737303
EFM745_02675	5143.45228088604	5852.18292107254	4992.88777669776	2322.6900685261	2537.78720049273	2614.53079469485
EFM745_02676	9658.67576873353	9055.74075499712	8830.82297547896	4664.95660267687	4392.96990291599	3966.47084353829
EFM745_02677	3918.90762333774	3578.9535155676	3106.66367822748	806.089761015504	803.122224211985	797.761633857258
EFM745_02678	2372.49828662746	2376.5992308849	2510.3350705575	589.597082342769	569.001723426942	565.878918949415
EFM745_02679	6649.74250744583	6873.18663491321	6806.6792822231	2344.56964775367	2392.57321899315	2451.78742138797
EFM745_02680	11713.8683659888	11673.5362451019	10952.2049441951	2324.993182129	2290.82464692201	2244.36939658509
EFM745_02681	431.280434117904	500.527575524023	492.144741105344	128.974361762481	119.529875928229	114.877675275445
EFM745_02682	1614.79418355774	1705.60211876936	1605.42377239606	967.307713218605	1048.10907735414	903.066169526417
EFM745_02683	2068.86956662479	2087.34507039185	2008.268056446	1026.03711009259	1021.4371215685	955.186596271757
EFM745_02684	97.5623815023589	92.488791129439	100.214957362177	3413.21435949993	3312.26176849051	3265.50428792238
EFM745_02685	252.568034356574	281.093384805158	272.862507669294	7797.19110262282	8316.71095404761	8633.90824269249
EFM745_02686	3090.99507750464	2837.22968082367	2965.76740154007	3734.49870710468	3470.31780277577	3809.04588112379
EFM745_02687	396.632111715197	425.267088624577	430.626648467176	409.954221316456	483.058754784331	473.338569421973
EFM745_02688	1697.76779773264	1740.05872722935	1759.21900399148	2169.53301393316	2127.82936156533	2163.52955102088
EFM745_02689	1487.1424694425	1593.1647648473	1599.47040859237	1759.5787926167	1890.74531013744	1748.69350141511
EFM745_02690	3409.21256483477	3092.93398571094	3047.13004019055	3570.97764129868	3503.90471006139	3417.6108394445
EFM745_02691	9475.40437918237	9317.79232986387	9295.18535216706	5791.17915449567	5524.05839826989	5546.03887857566
EFM745_02692	648.288348113806	584.85559096557	575.491834357055	2612.88238249168	2921.07308363449	2842.15878088879
EFM745_02693	1117.86429646628	956.624261191746	1148.00698681226	988.035735644718	1001.68011728285	1005.17965866015
EFM745_02694	1745.18129154687	1950.42538940611	1900.1152806789	1554.60168195847	1591.42669520973	1538.08443007679
EFM745_02695	4507.0173062258	4663.42992920299	4601.95022025521	2962.9556501327	3249.03935477641	3111.27037204331
EFM745_02696	5551.02596809683	4886.49113133869	5076.23486994948	1287.4405040219	1303.96228285341	1223.2345052478
EFM745_02697	1399.60986547777	1453.52482529893	1472.46531411357	272.918961943821	288.452262570602	269.111591154515
EFM745_02698	1868.27401587227	1868.81763252719	1694.72422945147	2442.45197587698	2317.49660270765	2425.19536692607
EFM745_02699	3083.70069384091	3040.34232016675	3058.04454049732	3503.03579001309	3373.50848177605	3218.70227206942
EFM745_02700	958.299653822236	955.717508337536	944.600390186063	765.785272964729	647.04189035529	645.655082335141
EFM745_02701	349.218617900967	320.083757536196	313.543826994534	248.736269113355	241.035452285024	230.819032729367
EFM745_02702	2567.62304963218	2260.53486554599	2124.35865061803	3144.90162476192	3143.33938184814	3031.49420865758
EFM745_02703	5437.05122335109	5084.16325355651	4799.40345307772	6340.47174878766	5906.35643119737	5951.30178857515
EFM745_02704	763.174890817518	631.099986530289	639.98660889707	1353.0792417046	1257.53332278211	1354.06741320039
EFM745_02705	21720.8509546654	25069.9029132032	27246.5616749047	24726.2276407499	28052.9703852054	27477.0380344009
EFM745_02706	12237.2403938613	11012.5134143827	11415.5750935826	3983.23497621804	3892.12984427457	3869.67576529694
EFM745_02707	20956.7642658899	19773.5594917615	20459.7269386939	30008.4186890043	27434.5761510643	26611.2007411212
EFM745_02708	3980.90988447943	3632.451933966	3521.41468988481	746.208807340066	784.353070140611	832.863145746978
EFM745_02709	7621.71913063755	7330.19007343514	7056.72056197824	2624.39795050619	2531.86009920703	2740.04529175506
EFM745_02710	348.306819943001	372.675423080386	349.264009816696	763.482159361827	639.139088641027	720.112834828485
EFM745_02711	64.737655015584	42.6173841478787	53.5802742332431	78.305862498649	76.0644664997821	78.7124812072495
EFM745_02712	664.700711357193	657.395819302385	752.108293866635	951.185917998294	1070.82963228265	988.160743804524
EFM745_02713	421.250656580279	398.064502998272	409.789875154248	262.554950730764	268.695258284945	274.430002046897
EFM745_02714	8624.69688440012	8212.46060058165	8285.09796014037	13349.9979992182	12988.2546173914	13134.3475398259
EFM745_02715	11102.0519361937	12161.369280667	11731.1033751784	9689.19892740636	10164.9787049709	10310.2713559712
EFM745_02716	1013.00753130019	764.392656099187	819.579750308496	1263.25781119144	1428.43140985305	1221.10714089084
EFM745_02718	4010.99921709231	3768.46486209753	3689.10110368885	3161.02341998223	3005.04035184854	3031.49420865758
EFM745_02719	2498.32640482676	2122.70843170604	1868.3640070592	1766.4881334254	1746.51917885214	1707.20989645453
EFM745_02720	2941.46021239822	2614.16847868797	2496.44388834888	2284.68869407823	2192.03962549372	2224.15943519404
EFM745_02721	931.857513041223	819.704580206008	840.416523621424	772.694613773433	654.944692069553	636.081942728854
EFM745_02722	3907.05424988419	3438.40682316502	3490.65564356573	2966.41032053705	2862.7899209918	2835.77668781793
EFM745_02723	3.64719183186388	3.62701141684074	4.96113650307806	0	0.987850214282885	0
EFM745_02724	2071.60496049869	1682.9332974141	1807.83814172165	1021.43088288679	1092.56233699687	947.740821022423
EFM745_02725	2320.5258030234	2659.50612139847	2466.67706933041	1676.66670291225	1671.44256256664	1647.64369445986
EFM745_02726	7785.84276307143	7511.54064427718	8047.95563529324	3085.02067108648	3041.590809777	3067.65940272578
EFM745_02727	2.73539387389791	0	1.98445460123123	2.30311360290144	0	3.19104653542903
EFM745_02728	14482.9987643315	11917.4527628845	12309.5718914373	13901.5937071131	13576.0254948897	13482.1716121877
EFM745_02729	8774.23174950654	7244.95530513938	7280.96393191737	5955.85177710312	5798.68075784053	5801.32260140998
EFM745_02730	8284.59624607881	7675.66291088922	7720.52062609008	2274.32468286517	2288.84894649344	2329.46397086319
EFM745_02731	847.060302950387	658.302572156595	771.952839878947	1110.10075659849	1101.45298892542	1082.82845768892
EFM745_02732	152.270258980317	159.588502340993	157.764140797882	368.49817646423	293.391513642017	315.913607007474
EFM745_02733	470.487746310441	510.501856920335	460.393467485644	195.764656246622	185.715840285182	197.8448851966
EFM745_02734	2540.2691108932	2699.40324698372	2721.67948558863	1771.09436063121	1703.05376942369	1734.86563309492
EFM745_02735	5540.99619055921	4841.15348862818	4647.59267608353	38949.1056954677	38799.7928663889	35256.8094877769
EFM745_02736	1224.5446575483	1388.23861979579	1287.91103619907	2513.84849756692	2516.05449577851	2492.20734417008
EFM745_02737	3243.26533648496	2928.8117190989	2775.25975982187	936.215679579435	862.393237068959	869.028339815173
EFM745_02738	2307.76063161187	2251.46733700389	2038.03487546447	11773.5167380322	11735.6605456807	11153.7713235029
EFM745_02739	139.505087568794	123.318388172585	138.911822086186	865.970714690941	792.255871854874	695.648144723529
EFM745_02740	8159.67992583748	8315.83042596161	9086.81761903778	2234.0201948144	2476.54048720719	2160.33850448546
EFM745_02741	8215.2996012734	7353.76564764461	7132.12983682503	4561.3164905463	4571.77079170119	4351.52379214673
EFM745_02742	5136.15789722232	5079.62948928546	4964.11318497991	1915.03896081255	1923.34436720878	1905.05478165113
EFM745_02743	4893.61964040337	4942.70980829972	4788.48895277095	2056.68044739099	2119.92655985107	2064.60710842258
EFM745_02744	443.133807571462	467.884472772456	460.393467485644	203.825553856777	209.424245427972	215.927482230698
EFM745_02745	15418.5034692046	14913.3641931949	15432.1112064746	12384.9933996025	12364.9211321789	12062.1559039217
EFM745_02746	4551.69540616613	5030.66483515811	4616.83362976445	2318.0838413203	2407.39097220739	2373.07494018072
EFM745_02747	1881.95098524176	1757.28703145934	1738.38223067855	992.64196285052	915.737148640234	939.231363594612
EFM745_02748	22.7949489491493	24.482327063675	36.7124101227777	14.9702384188594	5.92710128569731	8.50945742781076
EFM745_02749	91.1797957965971	107.903589651012	98.2305027609457	31.0920336391694	24.6962553570721	32.9741475327667
EFM745_02750	723.967578624981	654.675560739754	773.937294480178	397.287096500498	360.565328213253	356.333529789575
EFM745_02751	212.448924206071	223.967954989916	212.336642331741	41.4560448522259	75.0766162854993	56.3751554592463
EFM745_02752	1121.51148829814	1110.77224640748	939.639253682985	2787.91901631219	2472.58908635006	2915.55285120366
EFM745_02753	466.840554478577	418.919818645106	416.735466258557	249.887825914806	264.743857427813	236.137443621748
EFM745_02754	43.7663019823666	38.990372731038	37.7046374233933	44.9107152565781	35.5626077141839	37.2288762466721
EFM745_02755	771.381072439212	791.595241725492	715.395883743857	625.295343187741	556.159670641264	598.853066482182
EFM745_02756	120.357330451508	152.334479507311	167.686413804039	65.638737682691	68.1616647855191	92.540349527442
EFM745_02757	50.1488876881284	53.498418398401	46.6346831289338	27.6373632348173	27.6598059999208	28.7194188188613
EFM745_02758	19.1477571172854	19.9485627926241	22.8212279141591	35.6982608449723	18.7691540713748	17.0189148556215
EFM745_02759	5.47078774779583	5.44051712526112	3.96890920246245	6.90934080870432	1.97570042856577	1.06368217847634
EFM745_02760	24.6185448650812	24.482327063675	24.8056825153903	24.1826928304651	21.7327047142235	27.655736640385
EFM745_02761	0.911797957965971	0.906752854210186	2.97668190184684	11.5155680145072	11.8542025713946	3.19104653542903
EFM745_02762	0.911797957965971	2.72025856263056	2.97668190184684	6.90934080870432	2.96355064284865	3.19104653542903
EFM745_02763	86.6208060067673	97.0225554004899	130.974003681261	29.9404768377187	49.3925107141442	37.2288762466721
EFM745_02764	222.478701743697	248.450282053591	234.165642945285	140.489929776988	154.10463342813	169.125466377739
EFM745_02765	86.6208060067673	79.7942511704964	79.378184049249	44.9107152565781	48.4046604998614	29.7831009973376
EFM745_02766	368.366375018252	404.411772977743	374.069692332086	421.469789330963	467.253151355805	395.6897703932
EFM745_02767	163.211834475909	175.910053716776	177.608686810195	891.304964322857	714.215704926526	805.207409106593
EFM745_02768	160.476440602011	155.961490924152	161.733050000345	101.336998527663	73.1009158569335	76.5851168502968
EFM745_02769	321.864679161988	365.421400246705	360.178510123468	283.282973156877	316.112068570523	319.104653542903
EFM745_02770	577.16810739246	565.813781027156	483.214695399803	4813.50743006401	4171.69145491662	4835.49918335346
EFM745_02771	135.85789573693	116.064365338904	107.160548466486	142.793043379889	119.529875928229	124.450814881732
EFM745_02772	137.681491652862	147.80071523626	136.927367484955	154.308611394396	155.092483642413	141.469729737354
EFM745_02773	128.563512073202	125.131893881006	113.11391227018	131.277475365382	98.7850214282885	103.177171312205
EFM745_02774	47.4134938142305	41.7106312936685	42.6657739264714	39.1529312493245	46.4289600712956	29.7831009973376
EFM745_02775	69.2966448054138	52.5916655441908	47.6269104295494	62.1840672783389	62.2345634998218	80.8398455642022
EFM745_02776	10.9415754955917	11.7877871047324	11.9067276073874	19.5764656246622	9.87850214282885	10.6368217847634
EFM745_02777	37.3837162766048	40.8038784394584	33.7357282209308	33.3951472420709	32.5990570713352	32.9741475327667
EFM745_02779	10.0297775376257	22.6688213552546	9.92227300615613	25.3342496319158	19.7570042856577	13.8278683201925
EFM745_02780	206.06633850031	187.697840821508	206.383278528047	399.5902101034	377.358781856062	366.970351574339
EFM745_02781	0.911797957965971	0.906752854210186	1.98445460123123	0	5.92710128569731	3.19104653542903
EFM745_02782	41.0309081084687	52.5916655441908	38.6968647240089	176.18819062196	160.031734713827	168.061784199262
EFM745_02783	81.1500182589714	77.0739926078658	65.4870018406305	210.734894665482	194.606492213728	201.035931732029
EFM745_02784	166.859026307773	171.376289445725	174.632004908348	109.397896137818	112.614924428249	132.960272309543
EFM745_02785	19.1477571172854	16.3215513757833	26.7901371166215	42.6076016536766	37.5383081427496	36.1651940681957
EFM745_02786	8.20618162169374	6.3472699794713	16.8678641104654	24.1826928304651	23.7084051427892	12.7641861417161
EFM745_02787	15.5005652854215	9.97428139631204	16.8678641104654	33.3951472420709	13.8299029999604	22.3373257480032
EFM745_02788	4.55898978982986	7.25402283368149	5.95336380369368	6.90934080870432	8.89065192854596	5.31841089238172
EFM745_02789	15.5005652854215	19.9485627926241	10.9145003067717	17.2733520217608	16.793453642809	12.7641861417161
EFM745_02790	2.73539387389791	2.72025856263056	2.97668190184684	4.60622720580288	3.95140085713154	2.12736435695269
EFM745_02791	13.6769693694896	2.72025856263056	4.96113650307806	5.7577840072536	6.9149514999802	11.7005039632398
EFM745_02792	84.7972100908353	73.446981191025	64.4947745400148	104.791668932015	79.0280171426308	69.1393416009624
EFM745_02793	1560.08630607978	1455.33833100735	1485.36426902157	726.632341715404	751.754013069275	715.85810611458
EFM745_02794	258.03882210437	233.035483532018	255.002416258213	595.354866350022	592.710128569731	560.560508057034
EFM745_02795	4.55898978982986	2.72025856263056	1.98445460123123	4.60622720580288	5.92710128569731	9.5731396062871
EFM745_02796	21.8831509911833	18.1350570842037	15.8756368098498	17.2733520217608	23.7084051427892	24.4646901049559
EFM745_02820	2.73539387389791	2.72025856263056	2.97668190184684	0	0.987850214282885	3.19104653542903
EFM745_02821	1134.27665970967	1322.95241429266	1275.01208129106	693.237194473333	633.211987355329	627.572485301043
EFM745_02822	140.41688552676	105.183331088382	128.98954908003	461.774277381739	408.969988713114	429.727600104443
EFM745_02823	89.3561998806652	97.9293082547001	106.168321165871	259.100280326412	248.938253999287	261.665815905181
EFM745_02824	30.089332612877	30.8295970431463	32.7435009203152	71.3965216899446	89.8943694997425	92.540349527442
EFM745_02825	142.240481442692	123.318388172585	105.176093865255	444.500925359978	417.86064064166	494.6122129915
EFM745_02826	165.947228349807	180.443817987827	188.523187116966	342.012370030864	373.40738099893	409.517638713393
EFM745_02827	243.450054776914	292.88117190989	250.041279755134	383.46841488309	398.103636356003	423.345507033585
EFM745_02828	55.6196754359242	48.96465412735	48.619137730165	225.705133084341	249.92610421357	224.436939658509
EFM745_02829	388.425930093504	406.225278686163	378.038601534548	1950.73722165752	1960.88267535153	2017.80509256963
EFM745_02830	186.918581383024	138.733186694158	165.701959202807	824.514669838715	685.568048712322	859.455200208886
EFM745_02831	148.623067148453	155.054738069942	135.935140184339	943.125020388139	902.895095854557	891.365665563177
EFM745_02832	41.0309081084687	46.2443955647195	49.6113650307806	140.489929776988	147.18968192815	170.189148556215
EFM745_02833	537.048997241957	525.009902587698	540.763878835509	1691.63694133111	1799.86309042342	1747.62981923663
EFM745_02834	987.477188477147	1030.07124238277	1147.01475951165	1032.9464509013	1009.58291899711	1012.62543390948
EFM745_02835	11.8533734535576	16.3215513757833	1.98445460123123	25.3342496319158	15.8056034285262	17.0189148556215
EFM745_02836	35.5601203606729	23.5755742094648	33.7357282209308	123.216577755227	119.529875928229	110.62294656154
EFM745_02837	244.36185273488	236.662494948858	228.212279141591	671.35761524577	590.734428141165	644.591400156665
EFM745_02838	159.564642644045	200.392380780451	175.624232208963	598.809536754374	624.321335426783	532.904771416649
EFM745_02842	74.7674325532096	72.5402283368149	61.518092638168	166.975736210354	172.873787499505	173.380195091644
EFM745_02843	26.4421407810132	17.2283042299935	17.860091411081	47.2138288594795	58.2831626426902	44.6746514960065
EFM745_02848	34.6483224027069	25.3890799178852	34.7279555215464	62.1840672783389	61.2467132855389	48.9293802099118
EFM745_02849	43.7663019823666	48.96465412735	36.7124101227777	114.004123343621	118.542025713946	104.240853490682
EFM745_02850	61.0904631837201	58.9389355236621	56.5569561350899	156.611724997298	133.359778928189	159.552326771452
EFM745_02851	6.3825857057618	6.3472699794713	7.9378184049249	21.8795792275637	13.8299029999604	13.8278683201925
EFM745_02852	123.092724325406	113.344106776273	104.183866564639	240.6753715032	233.132650570761	247.837947584988
EFM745_02853	17.3241612013535	29.0160913347259	19.8445460123123	40.3044880507752	38.5261583570325	52.1204267453409
EFM745_02854	11.8533734535576	24.482327063675	22.8212279141591	40.3044880507752	48.4046604998614	29.7831009973376
EFM745_02855	20.9713530332173	14.508045667363	15.8756368098498	34.5467040435216	38.5261583570325	51.0567445668645
EFM745_02856	100.297775376257	97.9293082547001	93.2693662578676	314.375006796046	275.610209784925	272.302637689944
EFM745_02857	20.0595550752514	25.3890799178852	22.8212279141591	64.4871808812403	64.2102639283875	53.1841089238172
EFM745_02858	40.1191101505027	40.8038784394584	26.7901371166215	77.1543056971982	81.0037175711966	75.5214346718205
EFM745_02859	8.20618162169374	6.3472699794713	3.96890920246245	19.5764656246622	30.6233566427694	23.4010079264796
EFM745_02860	165.947228349807	179.537065133617	152.803004294804	445.652482161429	514.669961641383	516.949538739503
EFM745_02861	83.8854121328693	92.488791129439	104.183866564639	246.433155510454	276.598059999208	249.965311941941
EFM745_02862	115.798340661678	93.3955439836491	89.3004570554052	225.705133084341	258.816756142116	249.965311941941
EFM745_02863	13.6769693694896	21.7620685010445	22.8212279141591	49.5169424623809	54.3317617855587	48.9293802099118
EFM745_02864	399.367505589095	362.701141684074	395.89869294563	879.78939630835	831.769880426189	815.844230891356
EFM745_02865	717.584992919219	729.029294784989	699.520246934007	1455.56779703371	1363.23329571038	1321.09326566762
EFM745_02866	91.1797957965971	96.1158025462797	97.2382754603301	158.914838600199	146.201831713867	149.979187165165
EFM745_02867	358.336597480627	274.746114825686	286.753689877912	857.909817080786	734.960559426466	784.997447715542
EFM745_02868	23.7067469071153	18.1350570842037	17.860091411081	69.0934080870432	66.1859643569533	49.9930623883882
EFM745_02871	4.55898978982986	7.25402283368149	1.98445460123123	6.90934080870432	4.93925107141442	10.6368217847634
EFM745_02872	3.64719183186388	1.81350570842037	0.992227300615613	2.30311360290144	5.92710128569731	6.38209307085807
EFM745_02873	0.911797957965971	0.906752854210186	0	3.45467040435216	1.97570042856577	4.25472871390538
EFM745_02874	0.911797957965971	3.62701141684074	4.96113650307806	5.7577840072536	0.987850214282885	3.19104653542903
EFM745_02875	11.8533734535576	11.7877871047324	7.9378184049249	32.2435904406202	33.5869072856181	25.5283722834323
EFM745_02876	8.20618162169374	6.3472699794713	5.95336380369368	18.4249088232115	14.8177532142433	24.4646901049559
EFM745_02877	10.9415754955917	12.6945399589426	13.8911822086186	19.5764656246622	21.7327047142235	27.655736640385
EFM745_02878	19.1477571172854	21.7620685010445	20.8367733129279	21.8795792275637	27.6598059999208	26.5920544619086
EFM745_02879	53.7960795199923	48.0579012731398	57.5491834357056	11.5155680145072	26.6719557856379	14.8915504986688
EFM745_02880	175.065207929466	191.324852238349	216.305551534204	35.6982608449723	67.1738145712362	52.1204267453409
EFM745_02881	2.73539387389791	4.53376427105093	0.992227300615613	4.60622720580288	3.95140085713154	6.38209307085807
EFM745_02882	938.240098746984	986.547105380682	921.779162271904	1283.98583361755	1362.2454454961	1358.32214191429
EFM745_02883	144.975875316589	140.546692402579	144.865185889879	101.336998527663	116.56632528538	106.368217847634
EFM745_02884	837.030525412762	697.292944887633	692.574655829698	316.678120398948	354.638226927556	396.753452571677
EFM745_02885	34.6483224027069	42.6173841478787	45.6424558283182	28.788920036268	23.7084051427892	28.7194188188613
EFM745_02886	268.068599641996	263.865080575164	280.800326074218	126.671248159579	127.432677642492	120.196086167827
EFM745_02887	801.470405052089	856.881447228626	716.388111044473	532.019242270233	538.378366784172	516.949538739503
EFM745_02888	460.457968772815	398.064502998272	358.194055522236	307.465665987342	313.148517927675	268.047908976039
EFM745_02889	2984.31471642262	3185.42277684038	3253.5133187186	6994.55601201167	7331.82429040757	7010.72923833759
EFM745_02890	9.11797957965971	6.3472699794713	8.93004570554052	12.6671248159579	5.92710128569731	7.44577524933441
EFM745_02891	6.3825857057618	3.62701141684074	11.9067276073874	11.5155680145072	14.8177532142433	11.7005039632398
EFM745_02892	172.329814055569	203.112639343082	187.530959816351	141.641486578439	121.505576356795	108.495582204587
EFM745_02893	181.447793635228	222.154449281496	202.414369325585	284.434529958328	265.731707642096	252.092676298894
EFM745_02894	31.912928528809	48.0579012731398	39.6890920246245	309.768779590244	355.626077141839	381.861902073008
EFM745_02896	937.328300789018	867.762481479148	834.46315981773	172.733520217608	173.861637713788	165.93441984231
EFM745_02897	173.241612013535	225.781460698336	161.733050000345	178.491304224862	165.958835999525	188.271745590313
EFM745_02898	4249.89028207939	4829.36570152345	4780.55113436602	199.219326650975	210.412095642254	234.010079264796
EFM745_02899	7711.98712847618	8288.62784033531	8018.18881627477	1098.58518858399	1129.11279492534	1126.43942700645
EFM745_02900	2764.57140855282	2664.03988566953	2765.33748681571	424.924459735316	508.742860355686	440.364421889207
EFM745_02901	166.859026307773	180.443817987827	221.266688037282	289.040757164131	334.881222641898	318.040971364427
EFM745_02902	124.004522283372	112.437353922063	124.028412576952	150.853940990044	179.788738999485	186.14438123336
EFM745_02903	35.5601203606729	50.7781598357704	39.6890920246245	38.0013744478738	41.4897089998812	42.5472871390538
EFM745_02904	12.7651714115236	6.3472699794713	11.9067276073874	12.6671248159579	10.8663523571117	7.44577524933441
EFM745_02906	133.122501863032	107.903589651012	120.059503374489	100.185441726213	99.7728716425714	78.7124812072495
EFM745_02907	560.755744149072	533.170678275589	538.779424234278	289.040757164131	290.427962999168	294.639963437947
EFM745_02908	289.951750633179	275.652867679896	312.551599693918	84.0636465059025	92.8579201425912	63.8209307085807
EFM745_02909	481.429321806033	405.318525831953	439.556694172717	237.220701098848	275.610209784925	234.010079264796
EFM745_02911	134.034299820998	141.453445256789	145.857413190495	87.5183169102547	130.396228285341	107.431900026111
EFM745_02913	975.623815023589	1089.91693076064	1022.9863469347	2166.0783435288	1981.62752985147	1965.68466582428
EFM745_02915	854.354686614115	987.453858234892	908.880207363901	695.540308076235	716.191405355092	714.794423936103
EFM745_02916	56.5314733938902	83.4212625873371	74.417047546171	31.0920336391694	37.5383081427496	31.9104653542903
EFM745_02917	599.963056341609	618.405446571347	676.699019019848	363.891949258427	381.310182713194	357.397211968052
EFM745_02918	279.010175137587	334.591803203559	286.753689877912	377.710630875836	440.581195570167	401.008181285582
EFM745_02919	493.28269525959	467.884472772456	452.455649080719	988.035735644718	914.749298425951	909.448262597275
EFM745_02920	1178.04296169203	1235.90414028848	1215.47844325413	1857.46112074001	1860.12195349467	1841.23385094255
EFM745_02921	455.898978982986	534.077431129799	500.082559510269	464.07739098464	444.532596427298	387.180312965389
EFM745_02922	14.5887673274555	22.6688213552546	15.8756368098498	55.2747264696346	46.4289600712956	34.037829711243
EFM745_02924	18.2359591593194	14.508045667363	20.8367733129279	16.1217952203101	11.8542025713946	8.50945742781076
EFM745_02925	3.64719183186388	3.62701141684074	2.97668190184684	3.45467040435216	7.90280171426308	4.25472871390538
EFM745_02926	448.604595319258	437.05487572931	454.440103681951	339.709256427962	357.601777570404	368.034033752815
EFM745_02927	31.001130570843	39.8971255852482	33.7357282209308	65.638737682691	64.2102639283875	71.2667059579151
EFM745_02928	92.0915937545631	103.369825379961	97.2382754603301	82.9120897044518	96.8093209997227	88.2856208135366
EFM745_02929	454.075383067054	454.283179959303	421.696602761635	489.411640616556	576.904525141205	530.777407059696
EFM745_02930	137.681491652862	139.639939548369	147.841867791726	241.826928304651	251.901804642136	212.736435695269
EFM745_02931	16.4123632433875	17.2283042299935	8.93004570554052	24.1826928304651	34.574757499901	30.846783175814
EFM745_02932	3.64719183186388	2.72025856263056	3.96890920246245	5.7577840072536	2.96355064284865	8.50945742781076
EFM745_02934	6.3825857057618	9.97428139631204	17.860091411081	2.30311360290144	7.90280171426308	7.44577524933441
EFM745_02935	216.096116037935	220.340943573075	234.165642945285	180.794417827763	176.825188356636	161.679691128404
EFM745_02936	160.476440602011	155.054738069942	142.880731288648	118.610350549424	124.469126999644	107.431900026111
EFM745_02937	3.64719183186388	7.25402283368149	2.97668190184684	3.45467040435216	2.96355064284865	2.12736435695269
EFM745_02938	176.888803845398	146.89396238205	180.585368712042	73.6996352928461	111.627074213966	67.0119772440097
EFM745_02939	3754.78399090387	4337.90565454153	4214.98157301512	1813.70196228488	1943.10137149443	1865.69854104751
EFM745_02940	6618.74137687498	5984.56883778723	5603.10756657637	2729.18961943821	2879.58337463461	2745.36370264745
EFM745_02941	49.2370897301624	67.0997112115538	70.4481383437085	35.6982608449723	40.5018587855983	31.9104653542903
EFM745_02942	818.794566253442	763.485903244976	780.882885584487	394.983982897597	425.763442355923	373.352444645197
EFM745_02943	1536.37955917266	1421.78847540157	1469.48863221172	660.993604032713	723.106356855072	722.240199185438
EFM745_02944	167.770824265739	188.604593675719	184.554277914504	59.8809536754374	74.0887660712164	64.884612887057
EFM745_02945	433.104030033836	391.7172330188	453.447876381335	196.916213048073	188.679390928031	189.335427768789
EFM745_02947	563.49113802297	552.212488214003	612.204244479833	171.581963416157	162.007435142393	168.061784199262
EFM745_02948	246.185448650812	243.00976492833	247.064597853288	135.883702571185	119.529875928229	135.087636666496
EFM745_02949	248.009044566744	287.440654784629	254.010188957597	226.856689885792	209.424245427972	235.073761443272
EFM745_02950	240.714660903016	261.144822012533	281.792553374834	249.887825914806	266.719557856379	270.175273332991
EFM745_02951	51.0606856460944	46.2443955647195	44.6502285277026	38.0013744478738	36.5504579284667	35.1015118897194
EFM745_02952	74.7674325532096	66.1929583573436	87.3160024541739	71.3965216899446	94.833620571157	97.8587604198237
EFM745_02953	21.8831509911833	20.8553156468343	20.8367733129279	14.9702384188594	26.6719557856379	15.9552326771452
EFM745_02954	16.4123632433875	14.508045667363	13.8911822086186	14.9702384188594	15.8056034285262	21.2736435695269
EFM745_02955	145.887673274555	126.038646735216	118.075048773258	720.87455770815	698.410101498	915.830355668133
EFM745_02956	132.210703905066	138.733186694158	137.91959478557	215.341121871285	169.910236856656	251.028994120417
EFM745_02957	20.9713530332173	29.0160913347259	20.8367733129279	16.1217952203101	14.8177532142433	21.2736435695269
EFM745_02958	135.85789573693	121.504882464165	116.090594172027	266.009621135116	254.865355284984	256.347405012799
EFM745_02959	53.7960795199923	42.6173841478787	69.4559110430929	140.489929776988	123.481276785361	128.705543595638
EFM745_02960	36.4719183186388	43.5241370020889	53.5802742332431	133.580588968283	154.10463342813	145.724458451259
EFM745_02961	50.1488876881284	49.8714069815602	51.5958196320119	206.128667459679	158.056034285262	159.552326771452
EFM745_02962	131.2989059471	133.292669568897	143.872958589264	385.771528485991	366.49242949895	370.161398109768
EFM745_02963	310.923103666396	323.710768953036	320.489418098843	1142.34434703911	1135.03989621103	1060.49113194092
EFM745_02964	210.625328290139	222.154449281496	237.142324847131	739.299466531362	824.854928926209	789.252176429448
EFM745_02965	78.4146243850735	71.6334754826047	73.4248202455554	221.098905878538	219.3027475708	228.691668372414
EFM745_02966	173.241612013535	122.411635318375	160.740822699729	245.281598709003	185.715840285182	202.099613910505
EFM745_02967	6.3825857057618	7.25402283368149	0	29.9404768377187	27.6598059999208	40.4199227821011
EFM745_02968	3.64719183186388	0.906752854210186	0.992227300615613	2.30311360290144	3.95140085713154	5.31841089238172
EFM745_02969	31.912928528809	35.3633613141972	32.7435009203152	9.21245441160576	16.793453642809	17.0189148556215
EFM745_02970	39.2073121925368	46.2443955647195	46.6346831289338	67.9418512855925	98.7850214282885	94.6677138843947
EFM745_02972	39.2073121925368	30.8295970431463	25.7979098160059	25.3342496319158	24.6962553570721	24.4646901049559
EFM745_02973	2312.3196214017	2308.59276681913	2331.73415644669	1756.12412221235	1694.16311749515	1623.1790043549
EFM745_02974	319.12928528809	252.077293470432	260.955780061906	236.069144297398	199.545743285143	199.972249553553
EFM745_02975	257.127024146404	270.212350554635	255.994643558828	275.222075546722	255.853205499267	251.028994120417
EFM745_02976	119.445532493542	110.623848213643	80.3704113498646	142.793043379889	148.177532142433	156.361280236023
EFM745_02977	14.5887673274555	23.5755742094648	22.8212279141591	23.0311360290144	28.6476562142037	42.5472871390538
EFM745_02978	444.957403487394	432.521111458259	461.38569478626	499.775651829612	483.058754784331	458.447018923304
EFM745_02979	525.195623788399	575.788062423468	609.227562577986	444.500925359978	491.949406712877	419.09077831968
EFM745_02980	33.7365244447409	57.1254298152417	72.4325929449397	8.06089761015504	10.8663523571117	4.25472871390538
EFM745_02981	556.196754359242	566.720533881366	577.476288958287	453.713379771584	433.666244070187	427.60023574749
EFM745_02982	121.269128409474	165.029019466254	159.748595399114	57.577840072536	55.3196119998416	63.8209307085807
EFM745_02983	623.669803248724	606.617659466614	630.064335890914	651.781149621107	632.224137141046	645.655082335141
EFM745_02984	198.771954836582	157.774996632572	166.694186503423	95.5792145204097	123.481276785361	96.7950782413474
EFM745_02985	107.592159039985	126.945399589426	96.2460481597144	152.005497791495	174.849487928071	162.743373306881
EFM745_02987	392.073121925368	321.897263244616	375.061919632702	533.170799071683	478.119503712916	433.982328818349
EFM745_02988	18.2359591593194	32.6431027515667	27.7823644172372	18.4249088232115	17.7813038570919	18.0825970340979
EFM745_02989	677.465882768717	697.292944887633	675.706791719232	897.062748330111	909.810047354537	843.499967531741
EFM745_02990	23.7067469071153	26.2958327720954	23.8134552147747	36.849817646423	63.2224137141046	63.8209307085807
EFM745_02991	9.11797957965971	9.06752854210186	11.9067276073874	51.8200560652824	54.3317617855587	52.1204267453409
EFM745_02992	60.1786652257541	57.1254298152417	68.4636837424773	308.617222788793	304.257865999129	302.085738687282
EFM745_02993	45.5898978982986	48.0579012731398	34.7279555215464	246.433155510454	242.023302499307	191.462792125742
EFM745_02994	200.595550752514	162.308760903623	190.507641718198	3270.42131612004	3124.57022777677	2911.29812248975
EFM745_02995	530.666411536195	529.543666858748	467.339058589954	11933.5831334338	11759.3689508235	10545.3451174145
EFM745_02996	970.153027275793	933.955439836491	860.261069633736	39843.8653301949	38281.1715038904	35956.7123612143
EFM745_02997	76.5910284691416	95.2090496920695	98.2305027609457	51.8200560652824	49.3925107141442	63.8209307085807
EFM745_02998	32.824726486775	32.6431027515667	29.7668190184684	72.5480784913953	88.9065192854596	78.7124812072495
EFM745_02999	7.29438366372777	25.3890799178852	16.8678641104654	9.21245441160576	3.95140085713154	6.38209307085807
EFM745_03000	2.73539387389791	4.53376427105093	4.96113650307806	3.45467040435216	3.95140085713154	8.50945742781076
EFM745_03001	192.38936913082	182.257323696247	187.530959816351	192.30998584227	189.667241142314	180.825970340979
EFM745_03002	230.684883365391	218.527437864655	249.049052454519	313.223449994596	366.49242949895	335.059886220048
EFM745_03003	258.950620062336	256.611057741483	254.010188957597	354.679494846822	361.553178427536	315.913607007474
EFM745_03004	423.986050454177	443.402145708781	501.074786810885	566.565946313754	582.831626426902	617.999345694756
EFM745_03005	227.949489491493	223.061202135706	242.10346135021	350.073267641019	367.480279713233	332.932521863096
EFM745_03006	10.0297775376257	22.6688213552546	21.8290006135435	8.06089761015504	6.9149514999802	15.9552326771452
EFM745_03007	1986.80775040785	2037.47366341029	1830.65936963581	2296.20426209274	2311.56950142195	2297.5535055089
EFM745_03008	2095.3117074058	2111.82739745552	2039.02710276508	2965.2587637356	2827.22731327762	2912.36180466823
EFM745_03009	1822.68411797398	1977.62797503242	1852.48837024935	16623.8739857426	15579.3857294554	15856.3102345469
EFM745_03010	17.3241612013535	27.2025856263056	30.759046319084	125.519691358128	121.505576356795	117.005039632398
EFM745_03011	54.7078774779583	53.498418398401	49.6113650307806	61.0325104768881	49.3925107141442	55.3114732807699
EFM745_03012	44.6780999403326	32.6431027515667	44.6502285277026	80.6089761015504	87.9186690711768	99.9861247767764
EFM745_03013	2.73539387389791	9.97428139631204	5.95336380369368	9.21245441160576	5.92710128569731	9.5731396062871
EFM745_03014	15.5005652854215	11.7877871047324	10.9145003067717	25.3342496319158	18.7691540713748	21.2736435695269
EFM745_03015	130.387107989134	121.504882464165	115.098366871411	128.974361762481	109.6513737854	106.368217847634
EFM745_03016	106.680361082019	91.5820382752288	92.277138957252	124.368134556678	125.456977213926	112.750310918493
EFM745_03017	173.241612013535	196.76536936361	228.212279141591	298.253211575736	286.476562142037	293.576281259471
EFM745_03018	57.4432713518562	55.3119241068213	63.5025472393992	177.339747423411	169.910236856656	155.297598057546
EFM745_03020	434.927625949768	429.800852895628	412.766557056095	867.122271492392	800.158673569137	797.761633857258
EFM745_03021	128.563512073202	136.012928131528	163.717504601576	133.580588968283	127.432677642492	126.578179238685
EFM745_03022	358.336597480627	352.726860287762	350.256237117311	490.563197418007	449.471847498713	458.447018923304
EFM745_03023	190.565773214888	180.443817987827	194.47655092066	420.318232529513	378.346632070345	435.046010996825
EFM745_03024	132.210703905066	127.852152443636	121.051730675105	827.969340243068	768.547466712084	927.530859631372
EFM745_03025	68.3848468474478	50.7781598357704	54.5725015338587	977.671724431661	825.842779140492	1062.61849629787
EFM745_03026	15.5005652854215	10.8810342505222	6.94559110430929	390.377755691794	406.994288284549	421.218142676632
EFM745_03027	53.7960795199923	68.0064640657639	57.5491834357056	1057.12914373176	1004.64366792569	1121.12101611407
EFM745_03028	175.065207929466	200.392380780451	179.593141411426	143.94460018134	162.007435142393	179.762288162502
EFM745_03029	5.47078774779583	9.97428139631204	2.97668190184684	20.728022426113	20.7448544999406	25.5283722834323
EFM745_03031	445.86920144536	447.029157125622	421.696602761635	381.165301280188	373.40738099893	418.027096141203
EFM745_03032	78.4146243850735	72.5402283368149	103.191639264024	77.1543056971982	101.748572071137	97.8587604198237
EFM745_03034	333.718052615545	289.254160493049	334.380600307462	1179.19416468554	1284.20527856775	1175.36880721636
EFM745_03036	1241.86881874965	1235.90414028848	1193.64944264058	1363.44325291765	1391.88095192458	1207.27927257065
EFM745_03037	1700.50319160654	1485.26117519628	1493.3020874265	1774.54903103556	1537.09493342417	1514.68342215031
EFM745_03038	151.358461022351	119.691376755745	140.896276687417	485.956970212204	514.669961641383	437.173375353778
EFM745_03039	451.339989193156	597.550130924512	651.893336504458	1841.3393255197	1915.44156549451	1730.61090438101
EFM745_03040	74.7674325532096	52.5916655441908	48.619137730165	28.788920036268	24.6962553570721	34.037829711243
EFM745_03041	210.625328290139	132.385916714687	153.79523159542	110.549452939269	89.8943694997425	127.641861417161
EFM745_03042	74.7674325532096	66.1929583573436	79.378184049249	38.0013744478738	47.4168102855785	49.9930623883882
EFM745_03043	416.691666790449	364.514647392495	386.968647240089	199.219326650975	220.290597785083	292.512599080995
EFM745_03044	59.2668672677881	56.2186769610315	60.5258653375524	27.6373632348173	27.6598059999208	41.4836049605774
EFM745_03045	9.11797957965971	8.16077568789167	11.9067276073874	9.21245441160576	2.96355064284865	1.06368217847634
EFM745_03046	52.8842815620263	30.8295970431463	41.6735466258557	19.5764656246622	25.684105571355	36.1651940681957
EFM745_03047	31.912928528809	29.0160913347259	39.6890920246245	12.6671248159579	14.8177532142433	19.1462792125742
EFM745_03048	68.3848468474478	54.4051712526111	56.5569561350899	34.5467040435216	37.5383081427496	53.1841089238172
EFM745_03049	55.6196754359242	57.1254298152417	46.6346831289338	29.9404768377187	28.6476562142037	32.9741475327667
EFM745_03050	2408.05840698813	2644.0913228769	2398.21338558794	1210.28619832471	1327.6706879962	1256.20865278056
EFM745_03051	372.013566850116	397.157750144061	452.455649080719	255.64560992206	278.573760427774	259.538451548228
EFM745_03052	369.278172976218	403.505020123533	456.424558283182	175.036633820509	157.068184070979	164.870737663833
EFM745_03053	187.83037934099	153.241232361521	170.663095705885	187.703758636467	193.618641999445	151.042869343641
EFM745_03054	16.4123632433875	21.7620685010445	19.8445460123123	18.4249088232115	16.793453642809	8.50945742781076
EFM745_03055	300.89332612877	252.984046324642	207.375505828663	290.192313965581	295.367214070583	278.684730760802
EFM745_03056	900.85638247038	752.604868994454	716.388111044473	1127.37410862025	1192.33520863944	1112.61155868626
EFM745_03057	200.595550752514	212.180167885183	209.359960429894	214.189565069834	236.09620121361	249.965311941941
EFM745_03058	1176.2193657761	1368.29005700317	1116.25571319256	7374.56975649041	7366.39904790747	7596.81811867805
EFM745_03059	2170.99093791698	2626.86301864691	2458.73925092549	8440.91135463378	10305.2534353991	9315.72851909582
EFM745_03060	66.5612509315159	60.7524412320824	60.5258653375524	48.3653856609302	61.2467132855389	51.0567445668645
EFM745_03061	15.5005652854215	12.6945399589426	16.8678641104654	8.06089761015504	17.7813038570919	22.3373257480032
EFM745_03062	436.7512218657	486.92628271087	517.94265092135	541.231696681838	594.685828998297	540.350546665983
EFM745_03063	84.7972100908353	98.8360611089102	89.3004570554052	97.8823281233112	118.542025713946	112.750310918493
EFM745_03064	25.5303428230472	22.6688213552546	22.8212279141591	35.6982608449723	39.5140085713154	30.846783175814
EFM745_03065	8.20618162169374	5.44051712526112	6.94559110430929	14.9702384188594	14.8177532142433	12.7641861417161
EFM745_03066	15.5005652854215	19.0418099384139	18.8523187116966	20.728022426113	18.7691540713748	17.0189148556215
EFM745_03067	186.006783425058	197.67212221782	209.359960429894	686.327853664629	652.968991640987	629.699849657996
EFM745_03069	362.895587270457	311.016228994094	311.559372393302	359.285722052625	339.820473713312	323.359382256809
EFM745_03070	435.839423907734	547.678723942952	474.284649694263	484.805413410753	432.678393855904	427.60023574749
EFM745_03071	290.863548591145	258.424563449903	272.862507669294	163.521065806002	155.092483642413	142.53341191583
EFM745_03072	3.64719183186388	4.53376427105093	5.95336380369368	6.90934080870432	2.96355064284865	4.25472871390538
EFM745_03073	144.975875316589	138.733186694158	150.818549693573	77.1543056971982	88.9065192854596	88.2856208135366
EFM745_03074	95.738785586427	87.0482740041778	105.176093865255	43.7591584551273	46.4289600712956	49.9930623883882
EFM745_03075	79.3264223430395	50.7781598357704	75.4092748467866	50.6684992638317	56.3074622141244	39.3562406036247
EFM745_03078	124.004522283372	94.3022968378593	107.160548466486	63.3356240797896	62.2345634998218	63.8209307085807
EFM745_03080	62.914059099652	74.3537340452352	78.3859567486334	35.6982608449723	48.4046604998614	45.7383336744828
EFM745_03081	20.0595550752514	19.0418099384139	19.8445460123123	11.5155680145072	11.8542025713946	13.8278683201925
EFM745_03082	142.240481442692	126.038646735216	132.958458282492	293.646984369934	260.792456570682	277.621048582326
EFM745_03083	31.912928528809	40.8038784394584	37.7046374233933	194.613099445172	164.970985785242	180.825970340979
EFM745_03084	14.5887673274555	13.6012928131528	12.898954908003	14.9702384188594	16.793453642809	17.0189148556215
EFM745_03085	25.5303428230472	24.482327063675	26.7901371166215	10.3640112130565	12.8420527856775	12.7641861417161
EFM745_03086	87.5326039647332	86.1415211499676	88.3082297547896	43.7591584551273	59.2710128569731	47.8656980314355
EFM745_03087	86.6208060067673	59.8456883778723	74.417047546171	17.2733520217608	41.4897089998812	39.3562406036247
EFM745_03088	46.5016958562645	32.6431027515667	41.6735466258557	21.8795792275637	23.7084051427892	25.5283722834323
EFM745_03107	99.3859774182909	116.064365338904	135.935140184339	225.705133084341	224.241998642215	221.24589312308
EFM745_03110	557.108552317208	473.324989897717	454.440103681951	1239.07511836097	1500.5444754957	1299.81962209809
EFM745_03111	175.977005887432	164.122266612044	200.429914724354	450.258709367231	479.107353927199	514.822174382551
EFM745_03112	552.549562527379	528.636914004538	542.74833343674	889.001850719956	810.037175711966	872.219386350602
EFM745_03113	4259.00826165905	4294.38151753944	3946.08797454829	11567.3880705725	12787.7210238919	12930.1205615584
EFM745_03114	51.9724836040604	45.3376427105093	46.6346831289338	20.728022426113	8.89065192854596	25.5283722834323
EFM745_03115	325.511870993852	300.135194743572	300.644872086531	244.130041907553	329.941971570484	259.538451548228
EFM745_03116	72.9438366372777	70.7267226283945	73.4248202455554	62.1840672783389	76.0644664997821	57.4388376377226
EFM745_03117	537.960795199923	510.501856920335	504.051468712731	791.119522596645	728.045607926486	749.895935825823
EFM745_03119	20.0595550752514	22.6688213552546	26.7901371166215	101.336998527663	109.6513737854	106.368217847634
EFM745_03120	316.393891414192	264.771833429374	259.963552761291	384.61997168454	392.176535070305	414.836049605774
EFM745_03121	403.926495378925	365.421400246705	357.201828221621	497.472538226711	514.669961641383	531.841089238172
EFM745_03122	25400.867513016	23591.8957608406	22387.6245837901	146055.403798399	159940.852494113	155307.171197153
EFM745_03123	5386.90233566296	5325.35951277642	5270.71142087014	35996.514056548	35713.7487969691	33585.7647853906
EFM745_03124	1261.01657586694	1215.04882464165	1155.94480521719	2197.17037716797	2289.83679670773	2134.81013220202
EFM745_03125	277.186579221655	231.221977823597	246.072370552672	616.082888776135	695.446550855151	622.254074408661
EFM745_03126	255.303428230472	178.630312279407	180.585368712042	757.724375354574	798.182973140571	832.863145746978
EFM745_03127	186.918581383024	170.469536591515	189.515414417582	332.799915619258	399.091486570285	352.07880107567
EFM745_03128	1746.09308950483	1884.23243104877	1711.59209356193	3066.59576226327	3067.27491534836	3078.29622451054
EFM745_03129	16.4123632433875	19.9485627926241	16.8678641104654	33.3951472420709	47.4168102855785	48.9293802099118
EFM745_03130	316.393891414192	257.517810595693	254.010188957597	733.541682524109	634.199837569612	666.928725904668
EFM745_03131	432.19223207587	468.791225626666	477.26133159611	285.586086759778	298.330764713431	263.793180262133
EFM745_03133	554.37315844331	646.514785051862	560.608424847821	495.16942462381	491.949406712877	490.357484277595
EFM745_03135	1050.3912475768	1043.67253519592	1015.04852852977	963.853042814252	962.16610871153	947.740821022423
EFM745_03136	240.714660903016	233.942236386228	343.310646013002	900.517418734463	992.789465354299	870.09202199365
EFM745_03137	54.7078774779583	33.5498556057769	47.6269104295494	97.8823281233112	89.8943694997425	76.5851168502968
EFM745_03138	339.188840363341	364.514647392495	310.567145092687	715.116773700897	754.717563712124	708.412330865245
EFM745_03139	171.418016097603	176.816806570986	192.492096319429	238.372257900299	204.484994356557	205.290660445934
EFM745_03141	2.73539387389791	4.53376427105093	5.95336380369368	19.5764656246622	22.7205549285064	27.655736640385
EFM745_03142	749.497921448028	771.646678932868	690.590201228467	1009.91531487228	1060.95113013982	1121.12101611407
EFM745_03143	1543.67394283639	1573.21620205467	1662.97295583177	2084.3178106258	2060.6555469941	2073.1165658504
EFM745_03144	164.123632433875	142.360198110999	174.632004908348	92.1245441160576	101.748572071137	77.6487990287732
EFM745_03149	0.911797957965971	0	0	5.7577840072536	5.92710128569731	0
EFM745_03150	0.911797957965971	0.906752854210186	0.992227300615613	2.30311360290144	3.95140085713154	2.12736435695269
EFM745_03159	57.4432713518562	48.0579012731398	59.5336380369368	23.0311360290144	29.6355064284865	29.7831009973376
EFM745_03160	128.563512073202	126.038646735216	117.082821472642	47.2138288594795	54.3317617855587	59.5662019946753
EFM745_03162	0	0.906752854210186	1.98445460123123	2.30311360290144	0	5.31841089238172
EFM745_03164	259.862418020302	202.205886488871	209.359960429894	115.155680145072	102.73642228542	119.132403989351
EFM745_03165	286.304558801315	234.848989240438	274.846962270525	94.427657718959	99.7728716425714	106.368217847634
EFM745_03166	69.2966448054138	39.8971255852482	47.6269104295494	19.5764656246622	17.7813038570919	31.9104653542903
EFM745_03168	72.0320386793117	65.2862055031334	60.5258653375524	38.0013744478738	62.2345634998218	47.8656980314355
EFM745_03169	11.8533734535576	5.44051712526112	3.96890920246245	1.15155680145072	0.987850214282885	7.44577524933441
EFM745_03173	372.925364808082	415.292807228265	399.867602148092	2914.59026447177	2526.92084813562	2317.76346689995
EFM745_03175	14.5887673274555	9.97428139631204	17.860091411081	73.6996352928461	79.0280171426308	49.9930623883882
EFM745_03176	356.513001564695	320.990510390406	336.365054908693	762.330602560377	788.304470997742	755.214346718205
EFM745_03177	53.7960795199923	50.7781598357704	49.6113650307806	63.3356240797896	66.1859643569533	52.1204267453409
EFM745_03178	521.548431956536	433.427864312469	503.059241412116	665.599831238516	688.531599355171	729.685974434772
EFM745_03179	139.505087568794	120.598129609955	112.121684969564	122.065020953776	135.335479356755	148.915504986688
EFM745_03180	6.3825857057618	5.44051712526112	5.95336380369368	5.7577840072536	9.87850214282885	4.25472871390538
EFM745_03181	9.11797957965971	8.16077568789167	12.898954908003	11.5155680145072	18.7691540713748	15.9552326771452
EFM745_03182	734.909154120573	779.80745462076	796.758522394337	1366.897923322	1248.64267085357	1182.8145824657
EFM745_03183	625.493399164656	619.312199425557	626.095426688452	1394.53528655682	1355.33049399612	1381.72314984077
EFM745_03184	440.398413697564	515.035621191386	492.144741105344	237.220701098848	210.412095642254	220.182210944603
EFM745_03185	0	1.81350570842037	0	9.21245441160576	5.92710128569731	7.44577524933441
EFM745_03186	0.911797957965971	1.81350570842037	0.992227300615613	8.06089761015504	10.8663523571117	3.19104653542903
EFM745_03192	19.1477571172854	28.1093384805158	28.7745917178528	99.0338849247619	137.311179785321	91.4766673489656
EFM745_03193	272.627589431825	267.492091992005	281.792553374834	619.537559180487	762.620365426387	694.584462545053
EFM745_03194	43.7663019823666	50.7781598357704	62.5103199387836	47.2138288594795	42.477559214164	47.8656980314355
EFM745_03195	7.29438366372777	5.44051712526112	13.8911822086186	6.90934080870432	14.8177532142433	14.8915504986688
EFM745_03196	31.001130570843	23.5755742094648	22.8212279141591	32.2435904406202	30.6233566427694	34.037829711243
EFM745_03197	48.3252917721965	51.6849126899806	62.5103199387836	70.2449648884939	77.052316714065	76.5851168502968
EFM745_03198	41.0309081084687	32.6431027515667	39.6890920246245	50.6684992638317	33.5869072856181	56.3751554592463
EFM745_03199	49.2370897301624	43.5241370020889	49.6113650307806	54.1231696681838	52.3560613569929	67.0119772440097
EFM745_03200	14.5887673274555	9.97428139631204	18.8523187116966	14.9702384188594	20.7448544999406	19.1462792125742
EFM745_03201	9.11797957965971	5.44051712526112	5.95336380369368	5.7577840072536	2.96355064284865	12.7641861417161
EFM745_03202	10.0297775376257	5.44051712526112	9.92227300615613	16.1217952203101	17.7813038570919	21.2736435695269
EFM745_03203	30.089332612877	26.2958327720954	26.7901371166215	19.5764656246622	11.8542025713946	20.2099613910505
EFM745_03204	55.6196754359242	73.446981191025	64.4947745400148	77.1543056971982	61.2467132855389	64.884612887057
EFM745_03205	30.089332612877	39.8971255852482	35.7201828221621	52.9716128667331	35.5626077141839	40.4199227821011
EFM745_03206	44.6780999403326	31.7363498973565	32.7435009203152	54.1231696681838	65.1981141426704	49.9930623883882
EFM745_03210	59.2668672677881	35.3633613141972	57.5491834357056	50.6684992638317	73.1009158569335	60.6298841731516
EFM745_03211	373.837162766048	357.260624558813	380.02305613578	498.624095028162	449.471847498713	488.230119920642
EFM745_03212	10.0297775376257	6.3472699794713	3.96890920246245	1.15155680145072	2.96355064284865	2.12736435695269
EFM745_03213	16.4123632433875	18.1350570842037	15.8756368098498	11.5155680145072	5.92710128569731	3.19104653542903
EFM745_03214	19.1477571172854	4.53376427105093	14.8834095092342	5.7577840072536	7.90280171426308	8.50945742781076
EFM745_03215	51.0606856460944	58.9389355236621	46.6346831289338	47.2138288594795	62.2345634998218	64.884612887057
EFM745_03216	57.4432713518562	46.2443955647195	49.6113650307806	48.3653856609302	38.5261583570325	49.9930623883882
EFM745_03217	31.001130570843	42.6173841478787	31.7512736196996	28.788920036268	46.4289600712956	40.4199227821011
EFM745_03218	103.033169250155	83.4212625873371	85.3315478529427	137.035259372636	108.663523571117	112.750310918493
EFM745_03219	4.55898978982986	7.25402283368149	12.898954908003	5.7577840072536	7.90280171426308	8.50945742781076
EFM745_03228	157.741046728113	145.08045667363	159.748595399114	142.793043379889	174.849487928071	146.788140629736
EFM745_03229	277.186579221655	267.492091992005	322.473872700074	237.220701098848	313.148517927675	290.385234724042
EFM745_03230	0	4.53376427105093	0	0	2.96355064284865	2.12736435695269
