gene_id	rna_bhi_rep1	rna_bhi_rep2	rna_bhi_rep3	rna_serum_rep1	rna_serum_rep2	rna_serum_rep3
EFM745_00001	0	0	0	0	0	0
EFM745_00002	0	0	0	0	0	0
EFM745_00003	0	0	0	0	0	0
EFM745_00004	0	0	0	0	0	0
EFM745_00005	0	0	0	0	0	0
EFM745_00006	0	0	0	0	0	0
EFM745_00026	10551	9620	8733	8352	9661	9161
EFM745_00027	5024	4258	4080	3864	4435	4179
EFM745_00028	23675	22251	20165	11345	12617	11409
EFM745_00029	2225	2107	2157	952	1007	1034
EFM745_00030	23471	22599	22818	4736	5734	5125
EFM745_00031	218	264	231	390	426	394
EFM745_00032	79537	68379	66782	22325	27712	23498
EFM745_00033	68422	62201	59146	19993	22663	20250
EFM745_00034	4515	4558	4244	7343	7973	7211
EFM745_00035	651	713	647	908	1143	1108
EFM745_00036	3185	3105	2738	2723	3137	3041
EFM745_00037	0	0	2	0	0	0
EFM745_00038	1679	1457	1269	23192	28192	24940
EFM745_00039	3035	2762	2694	2661	3143	2858
EFM745_00040	3	0	1	0	0	0
EFM745_00041	8020	7859	7238	7780	9200	8326
EFM745_00042	959	882	880	1040	1148	1084
EFM745_00043	18035	18129	16326	4111	4772	4080
EFM745_00044	1416	1434	1421	946	1111	916
EFM745_00045	1538	1467	1290	544	591	585
EFM745_00046	5070	5341	4807	3562	4116	3727
EFM745_00047	485	564	494	938	1218	1030
EFM745_00048	1	1	0	0	0	1
EFM745_00049	16462	16268	14661	2588	2831	2724
EFM745_00050	9003	8808	7842	859	924	868
EFM745_00051	14760	14491	13383	2084	2376	2191
EFM745_00052	8108	8552	7773	1105	1338	1191
EFM745_00053	12237	12838	11155	1870	2197	1937
EFM745_00054	14317	12119	10738	1603	1879	1728
EFM745_00055	2460	2550	2440	312	341	303
EFM745_00056	19721	19665	17269	2017	2255	2104
EFM745_00057	13281	14232	12400	834	1021	858
EFM745_00058	32120	30429	27588	880	1045	784
EFM745_00059	30244	29565	26696	831	1017	774
EFM745_00060	57895	60756	52877	1266	1543	1263
EFM745_00061	19216	16306	15038	381	406	300
EFM745_00062	24453	20973	18527	512	538	441
EFM745_00063	45374	39789	36904	889	1084	855
EFM745_00064	38780	40095	34372	704	842	669
EFM745_00065	38627	35617	30583	535	697	612
EFM745_00066	23639	25646	25070	421	485	355
EFM745_00067	42092	36938	34343	1340	1712	1446
EFM745_00068	21593	21021	19221	726	974	769
EFM745_00069	456	458	446	468	551	509
EFM745_00070	6195	5878	6000	6005	7223	6597
EFM745_00071	3229	3584	2995	4342	5337	4945
EFM745_00072	3148	3008	2798	3320	3607	3332
EFM745_00073	3024	3199	2867	3234	3564	3344
EFM745_00074	102901	104655	96067	53214	62111	57487
EFM745_00075	21987	24405	24890	8868	10976	9887
EFM745_00076	11934	11927	10579	11677	12760	11650
EFM745_00077	2401	2404	1915	40448	40028	39718
EFM745_00078	52	49	63	42	50	49
EFM745_00079	8589	8880	7742	1961	2176	2045
EFM745_00080	10944	10142	9598	4747	5486	5023
EFM745_00081	3204	3366	3193	3267	3776	3584
EFM745_00082	754	675	690	287	406	355
EFM745_00083	10755	10794	9758	7481	8656	7747
EFM745_00084	2090	2050	1791	1502	1725	1687
EFM745_00085	617	644	579	552	602	525
EFM745_00086	3583	3860	3471	1443	1755	1609
EFM745_00087	496	754	572	496	588	547
EFM745_00088	789	880	797	3283	3598	3752
EFM745_00089	7991	7834	7140	7783	8701	7928
EFM745_00090	9604	10324	8429	16905	17116	16380
EFM745_00091	10042	10728	9399	16016	19490	17150
EFM745_00092	1048	977	906	336	380	369
EFM745_00093	309	296	246	485	555	548
EFM745_00094	707	798	726	286	380	352
EFM745_00095	638	601	532	886	859	876
EFM745_00096	1	1	2	0	3	1
EFM745_00097	0	0	0	0	0	0
EFM745_00098	22	31	26	20	26	23
EFM745_00099	1922	1887	1633	2432	2929	2739
EFM745_00100	5725	5601	5022	5939	6330	6161
EFM745_00101	3258	3068	2579	1084	1225	1118
EFM745_00102	4776	4728	4236	1508	1625	1578
EFM745_00103	5293	5360	4563	1189	1549	1471
EFM745_00104	20203	20764	19502	3485	3960	3638
EFM745_00105	10732	11255	10070	3100	3561	3288
EFM745_00106	890	951	957	151	160	135
EFM745_00107	1	2	1	0	0	0
EFM745_00108	11559	12836	11229	6248	7554	6658
EFM745_00109	7755	8198	6880	2659	3368	2882
EFM745_00110	7331	6713	5681	2512	2789	2576
EFM745_00111	4715	4991	4568	1413	1719	1490
EFM745_00112	2098	2131	1965	634	766	624
EFM745_00113	3992	3752	3250	1094	1276	1189
EFM745_00114	4753	4962	4470	1398	1726	1481
EFM745_00115	4306	4719	3849	1202	1380	1300
EFM745_00116	2761	2683	2511	816	1036	867
EFM745_00117	3362	3394	3121	1381	1796	1521
EFM745_00118	7139	7454	6685	1831	2024	1848
EFM745_00119	1	1	0	1	1	0
EFM745_00120	20951	20843	19150	4182	4740	4359
EFM745_00121	7411	7394	7279	1473	1695	1561
EFM745_00122	5527	5590	5149	994	1182	1131
EFM745_00123	2311	2561	2462	240	345	280
EFM745_00124	7397	7144	6374	2101	2340	2107
EFM745_00125	13683	14156	12650	5660	6911	6165
EFM745_00126	7607	7894	7043	2995	3529	3194
EFM745_00127	21468	19901	17938	9889	11601	10470
EFM745_00128	4334	4078	3892	1775	2032	1939
EFM745_00129	8090	8558	7304	2432	3152	2788
EFM745_00130	4200	3973	3701	1658	1928	1779
EFM745_00131	2321	2272	2022	1169	1279	1076
EFM745_00132	3618	2959	2716	1682	1736	1642
EFM745_00133	3569	2636	2454	1369	1543	1499
EFM745_00134	3865	3755	3165	1665	1908	1676
EFM745_00135	8884	8764	7868	4951	5091	4893
EFM745_00136	5727	5324	4833	1855	2393	2192
EFM745_00137	351	336	304	946	1025	954
EFM745_00138	4245	4512	4090	7671	8733	8324
EFM745_00139	31	40	46	19	22	18
EFM745_00140	0	0	0	0	0	0
EFM745_00141	1	1	0	0	0	0
EFM745_00142	1	0	1	1	0	0
EFM745_00143	0	0	0	0	0	0
EFM745_00144	0	0	0	0	0	0
EFM745_00145	0	0	0	0	0	0
EFM745_00147	6	7	4	21	33	35
EFM745_00148	0	0	0	0	0	0
EFM745_00149	0	0	0	0	0	0
EFM745_00150	0	0	0	0	0	0
EFM745_00151	19	17	13	78	82	67
EFM745_00152	0	0	0	0	0	0
EFM745_00153	0	0	0	0	0	0
EFM745_00154	1	0	0	0	0	0
EFM745_00155	24	21	17	371	505	436
EFM745_00156	26	31	40	316	402	338
EFM745_00157	93	81	78	1518	1857	1760
EFM745_00158	2	0	1	19	34	26
EFM745_00159	2	5	6	262	289	237
EFM745_00160	8	5	6	319	388	385
EFM745_00161	4	5	6	212	269	216
EFM745_00162	9	3	6	317	360	351
EFM745_00163	4	4	3	216	246	199
EFM745_00164	7	5	5	223	310	289
EFM745_00165	3	5	2	82	106	71
EFM745_00166	18	15	17	830	981	879
EFM745_00167	6	2	1	244	255	231
EFM745_00168	72	50	55	634	730	630
EFM745_00169	14	22	15	203	228	231
EFM745_00170	41	41	27	794	901	899
EFM745_00171	1	4	3	35	48	46
EFM745_00172	5	2	2	77	81	84
EFM745_00173	65	46	47	935	958	974
EFM745_00174	27	24	21	398	448	468
EFM745_00175	15	19	13	209	235	230
EFM745_00176	4	7	1	114	108	92
EFM745_00177	402	412	448	290	383	341
EFM745_00178	85	70	66	574	731	679
EFM745_00179	11	20	22	27	32	39
EFM745_00180	0	0	0	0	0	0
EFM745_00181	0	0	0	0	0	0
EFM745_00182	0	0	0	0	0	0
EFM745_00183	0	0	0	0	0	0
EFM745_00184	30	26	23	209	254	204
EFM745_00185	13	17	8	129	138	112
EFM745_00186	23	28	31	259	313	255
EFM745_00187	11	11	7	78	122	87
EFM745_00188	29	30	28	335	416	400
EFM745_00189	7	4	3	49	26	30
EFM745_00190	21	26	20	279	265	244
EFM745_00191	15	10	13	99	120	117
EFM745_00192	4	2	3	62	88	77
EFM745_00193	251	258	207	4869	5387	4885
EFM745_00194	123	128	114	2186	2719	2518
EFM745_00195	85	71	92	1345	1781	1582
EFM745_00196	0	0	0	1	1	2
EFM745_00197	26	24	22	512	687	611
EFM745_00198	0	2	1	35	31	38
EFM745_00199	5	12	8	111	131	150
EFM745_00200	57	37	22	1275	1304	1231
EFM745_00201	69	58	78	1791	2026	1647
EFM745_00202	19	22	13	451	536	519
EFM745_00203	37	35	34	942	1101	828
EFM745_00204	194	193	169	5577	6203	6016
EFM745_00205	1034	998	960	4254	4638	4514
EFM745_00206	52	71	66	2271	2540	2516
EFM745_00207	289	226	216	2939	3374	3283
EFM745_00208	28	38	25	1197	1776	1343
EFM745_00209	895	893	882	621	771	712
EFM745_00210	444	470	384	335	396	329
EFM745_00211	192	196	168	405	497	415
EFM745_00212	1055	1212	1112	658	750	696
EFM745_00213	25023	26845	23877	25802	30075	27427
EFM745_00214	2987	3299	3014	815	872	786
EFM745_00215	1612	1707	1655	3146	3093	2967
EFM745_00216	189	168	162	417	470	452
EFM745_00217	423	501	478	947	1090	957
EFM745_00218	6152	6229	5307	1837	2203	2061
EFM745_00219	4219	3967	3470	1702	1928	1828
EFM745_00220	5143	5520	4897	2548	2952	2728
EFM745_00221	5702	5578	5012	3408	3899	3373
EFM745_00222	3558	3904	3625	2728	3202	2857
EFM745_00223	12976	11013	9718	2643	2842	2641
EFM745_00224	4447	4129	3732	525	594	588
EFM745_00226	183	168	127	118	119	116
EFM745_00227	0	0	0	0	0	0
EFM745_00228	28	30	26	24	31	34
EFM745_00229	28	40	27	29	47	33
EFM745_00230	22	28	30	36	50	53
EFM745_00231	13717	12797	11146	10219	11696	11356
EFM745_00232	5780	4935	4539	3137	3579	3371
EFM745_00233	538	549	507	276	281	298
EFM745_00234	38	35	26	28	21	36
EFM745_00235	325	348	292	1626	1883	2028
EFM745_00236	67	75	63	407	543	486
EFM745_00237	3731	4310	3898	5389	6372	6030
EFM745_00238	15998	16946	15724	13423	15015	13803
EFM745_00239	9248	9159	8541	7685	8965	8012
EFM745_00240	919	970	907	733	822	716
EFM745_00241	460	434	391	605	749	645
EFM745_00242	856	937	893	469	468	440
EFM745_00243	2750	2833	2456	378	444	425
EFM745_00244	54	54	56	28	22	18
EFM745_00245	508	450	431	232	264	243
EFM745_00246	124	114	111	116	138	147
EFM745_00247	97202	98988	91338	9057	10620	9961
EFM745_00248	225578	220559	176363	23710	24288	25951
EFM745_00250	46185	51433	43671	6521	7530	7096
EFM745_00251	54694	60398	52710	7234	8602	8083
EFM745_00252	1330	1153	1070	1371	1557	1538
EFM745_00253	1479	1493	1403	1748	2154	1793
EFM745_00254	1414	1281	1281	1063	1194	1182
EFM745_00255	801	682	704	1156	1334	1179
EFM745_00256	5525	5362	5120	1374	1687	1571
EFM745_00257	107	83	101	81	151	131
EFM745_00258	566	513	459	281	285	312
EFM745_00259	1657	1740	1686	3459	4510	3903
EFM745_00260	1443	1336	1500	488	656	591
EFM745_00262	1123	1233	1120	260	304	280
EFM745_00263	199	194	176	148	181	147
EFM745_00264	141	155	143	176	235	188
EFM745_00265	47	45	50	117	134	124
EFM745_00266	329	416	315	257	332	291
EFM745_00267	185	202	176	234	280	235
EFM745_00268	790	673	657	557	646	605
EFM745_00269	4975	4389	4105	2153	2536	2155
EFM745_00270	1818	1872	1723	862	967	883
EFM745_00271	1562	1169	987	400	429	394
EFM745_00273	694	631	588	219	277	266
EFM745_00274	1935	1954	1818	467	515	518
EFM745_00275	5978	4939	4977	1835	1995	1895
EFM745_00276	5094	4952	4428	1997	2476	2155
EFM745_00277	1490	1389	1216	1600	1830	1587
EFM745_00278	898	841	821	981	1107	933
EFM745_00279	980	957	862	500	631	532
EFM745_00280	6506	6963	6852	2890	3103	3030
EFM745_00281	0	0	0	0	0	0
EFM745_00282	8714	9476	8687	10764	12655	11629
EFM745_00283	589	641	591	321	349	330
EFM745_00284	4774	5572	4920	10235	12388	11397
EFM745_00285	5973	6428	6060	23978	26177	24239
EFM745_00286	655	754	718	170	194	187
EFM745_00287	11313	10505	8964	4757	5326	4980
EFM745_00288	6739	6867	6281	3501	3829	3738
EFM745_00289	880	852	830	288	371	324
EFM745_00290	1691	1681	1520	1122	1291	1093
EFM745_00291	489	513	449	281	336	286
EFM745_00292	469	464	360	230	264	282
EFM745_00293	15890	15681	14322	17270	20288	18513
EFM745_00294	9022	8452	7292	5089	6069	5362
EFM745_00295	19662	19720	16860	7094	8821	7613
EFM745_00296	8644	7981	7147	1786	2206	1815
EFM745_00297	1832	2129	1757	6912	7272	6754
EFM745_00298	1225	1307	1114	3164	3500	3305
EFM745_00299	3069	2901	2737	3647	4041	3850
EFM745_00300	31622	31984	27676	39787	45394	43387
EFM745_00301	1240	1264	1210	602	825	684
EFM745_00302	1370	1268	1134	682	869	738
EFM745_00303	660	580	526	233	230	183
EFM745_00304	1134	994	942	153	179	169
EFM745_00305	1185	1319	1171	795	927	903
EFM745_00307	172	170	187	776	948	932
EFM745_00308	2703	3095	2752	12854	13644	12338
EFM745_00309	586	463	484	1467	1937	1841
EFM745_00310	889	849	756	457	523	519
EFM745_00311	9200	8900	8064	1339	1563	1349
EFM745_00312	7745	8604	7763	577	698	610
EFM745_00313	13	18	23	5	8	5
EFM745_00314	40	33	21	18	24	17
EFM745_00315	17	16	18	6	7	10
EFM745_00316	16	9	19	12	7	11
EFM745_00317	5	7	5	1	1	6
EFM745_00318	24	47	39	25	26	30
EFM745_00319	45	36	45	18	26	26
EFM745_00320	601	700	655	3862	4528	4175
EFM745_00321	927	812	963	293	365	315
EFM745_00322	2917	2740	2742	1095	1276	1238
EFM745_00323	1404	1337	1322	1558	1617	1529
EFM745_00324	938	777	708	860	937	939
EFM745_00325	981	1168	1013	3146	3758	3584
EFM745_00326	1506	1409	1356	4492	4792	4477
EFM745_00327	7751	8381	7283	14763	16460	15072
EFM745_00328	3454	3259	2975	4076	4487	4142
EFM745_00329	4396	3910	3599	6117	6702	6233
EFM745_00330	754	672	641	1386	1578	1469
EFM745_00331	483	479	473	198	212	204
EFM745_00335	239	210	174	91	107	90
EFM745_00336	42	23	31	22	17	20
EFM745_00337	178	139	130	81	75	73
EFM745_00338	5	9	8	4	0	1
EFM745_00339	33	48	37	24	25	17
EFM745_00340	32	33	27	14	17	14
EFM745_00341	41	44	50	19	19	28
EFM745_00342	23	39	25	22	15	9
EFM745_00343	50	50	48	38	47	37
EFM745_00344	5	5	8	7	7	8
EFM745_00345	17	23	13	7	10	15
EFM745_00346	33	49	44	53	44	43
EFM745_00347	91	103	83	60	66	60
EFM745_00348	533	612	537	310	379	394
EFM745_00349	75	76	64	161	157	188
EFM745_00350	174	140	142	119	133	147
EFM745_00351	190	195	171	112	115	114
EFM745_00352	159	184	143	74	79	84
EFM745_00353	297	303	269	133	137	136
EFM745_00354	370	338	349	127	144	126
EFM745_00355	7410	9320	8698	4230	5176	4492
EFM745_00356	5213	4975	4443	3218	3739	3359
EFM745_00357	1454	1317	1176	516	546	523
EFM745_00358	329	317	321	182	189	186
EFM745_00359	310	314	237	122	156	136
EFM745_00360	186	229	179	61	58	61
EFM745_00361	545	525	519	414	473	448
EFM745_00362	546	578	534	482	502	504
EFM745_00363	314	385	324	218	246	248
EFM745_00364	282	272	269	147	187	156
EFM745_00365	62	66	69	19	27	27
EFM745_00366	113	128	93	90	86	87
EFM745_00367	22	20	16	16	16	27
EFM745_00368	16	20	18	13	10	13
EFM745_00369	3050	2799	2710	1092	1235	1100
EFM745_00370	1515	1527	1506	434	561	524
EFM745_00371	91	105	84	190	229	228
EFM745_00372	3960	4312	3962	2005	2609	2431
EFM745_00373	173	197	194	109	118	110
EFM745_00374	19	18	29	21	19	21
EFM745_00375	10	4	8	14	16	13
EFM745_00376	68	63	62	744	812	1125
EFM745_00377	8	6	9	384	397	492
EFM745_00378	269	278	263	230	248	228
EFM745_00379	852	803	796	117	152	133
EFM745_00380	1242	1186	1063	881	1056	943
EFM745_00381	1756	1591	1432	1097	1358	1136
EFM745_00382	144	149	112	86	54	60
EFM745_00383	1510	1530	1334	1014	1150	1015
EFM745_00384	46073	47889	38933	1701	2033	1873
EFM745_00385	35392	32388	29897	1572	1723	1490
EFM745_00386	1128	1029	961	440	494	450
EFM745_00387	23605	23479	20856	6273	7447	6715
EFM745_00389	8505	8406	7709	35456	42606	40108
EFM745_00390	1322	1360	1351	365	438	451
EFM745_00391	5928	4942	4600	1914	2155	2000
EFM745_00392	4780	5279	3844	1926	2196	2021
EFM745_00393	6286	6605	5855	1433	1849	1616
EFM745_00394	5542	5289	4663	903	1097	983
EFM745_00395	477	488	496	538	548	439
EFM745_00396	1529	1761	1543	321	419	387
EFM745_00397	97	81	88	78	87	81
EFM745_00398	0	0	0	0	0	1
EFM745_00399	8467	8362	7879	3360	4451	4008
EFM745_00430	0	0	0	0	0	0
EFM745_00431	38636	41587	36320	14612	17375	16173
EFM745_00432	3182	3183	2941	1481	1595	1416
EFM745_00433	3650	3420	2854	940	1144	1034
EFM745_00434	33840	26356	24263	27781	31291	29570
EFM745_00435	6568	6238	5261	3864	4357	4008
EFM745_00436	2748	2305	2359	2060	2239	2145
EFM745_00437	8186	9180	8280	7154	8811	8129
EFM745_00438	3767	3747	3686	3320	3649	3489
EFM745_00439	1104	1076	893	419	377	421
EFM745_00440	2563	2304	2342	902	1061	920
EFM745_00441	11040	10669	9343	4877	5528	5115
EFM745_00442	792	753	696	266	292	276
EFM745_00443	76467	86325	78614	18730	22327	20385
EFM745_00444	4483	4579	4304	3260	3861	3767
EFM745_00445	2481	2046	1872	1617	1649	1629
EFM745_00446	347	336	313	124	132	145
EFM745_00447	2534	2692	2403	3305	3832	3441
EFM745_00448	69985	72853	66743	227118	267673	243801
EFM745_00449	1212	1092	1322	853	1177	1033
EFM745_00450	5715	5380	4852	5393	6048	5439
EFM745_00451	3675	3286	2969	4601	4821	4658
EFM745_00452	1121	1191	1124	1598	1829	1706
EFM745_00453	4057	4050	3581	5873	6499	5705
EFM745_00454	20031	20162	18447	13181	14836	13897
EFM745_00455	7404	7435	6417	3949	4561	4149
EFM745_00456	7295	6726	6131	4094	4731	4392
EFM745_00457	4359	4121	3594	2197	2430	2306
EFM745_00458	2176	1982	1738	1526	1630	1497
EFM745_00459	5491	4969	4605	3968	4502	4220
EFM745_00460	5561	5476	4423	9459	10595	9836
EFM745_00461	11402	10431	9222	16465	18290	15797
EFM745_00462	978	844	806	554	609	542
EFM745_00463	2066	2007	1716	1218	1364	1253
EFM745_00464	583	415	382	336	354	325
EFM745_00465	843	823	717	598	638	642
EFM745_00466	3268	3151	2891	6622	7307	7297
EFM745_00467	866	682	593	1527	1790	1620
EFM745_00469	9433	9254	9078	5410	6451	5479
EFM745_00470	13729	14686	12863	7263	8743	7742
EFM745_00471	4015	4223	3658	1972	2310	1978
EFM745_00472	690	615	688	245	277	308
EFM745_00473	894	878	865	358	458	400
EFM745_00474	1721	1964	1812	443	540	505
EFM745_00475	4483	4294	3830	3408	3835	3707
EFM745_00476	5465	5505	4850	4786	5557	5191
EFM745_00477	1467	1984	1576	1239	1486	1377
EFM745_00478	22427	21237	20336	27525	30676	29846
EFM745_00479	16276	14904	13798	13794	16377	15351
EFM745_00480	3398	3240	3049	1264	1458	1314
EFM745_00481	4190	4389	4118	2568	2900	2622
EFM745_00482	6093	5473	5177	3777	4120	3839
EFM745_00483	2876	2863	2641	1922	2406	2093
EFM745_00484	1756	1624	1495	1023	1219	1074
EFM745_00485	2419	2373	2026	2161	2284	2255
EFM745_00486	1204	1086	1011	1303	1507	1360
EFM745_00487	3403	3225	3036	5370	6462	5434
EFM745_00488	87	102	87	11	10	8
EFM745_00489	3129	2713	2450	1042	1083	1103
EFM745_00490	3821	4945	3990	1671	1847	1781
EFM745_00491	1752	1975	1723	498	623	543
EFM745_00492	6324	6735	5863	1699	2010	1784
EFM745_00493	2339	2190	2049	864	915	832
EFM745_00495	18964	20734	18520	11914	13624	12060
EFM745_00496	3906	3898	3451	3811	4235	4157
EFM745_00497	6738	5884	5139	4434	4979	4586
EFM745_00498	2200	2083	1787	1475	1849	1634
EFM745_00499	1717	1689	1605	1229	1397	1280
EFM745_00500	4953	4854	4464	3390	3889	3333
EFM745_00501	2115	2297	1986	1198	1405	1246
EFM745_00502	590	420	411	780	927	885
EFM745_00503	29	29	30	7	5	6
EFM745_00504	5	2	2	1	0	1
EFM745_00505	954	892	824	1523	1781	1701
EFM745_00506	378	391	441	57	70	58
EFM745_00507	295	317	285	430	480	483
EFM745_00508	378	434	419	121	110	132
EFM745_00509	387	417	368	75	102	94
EFM745_00510	680	696	634	88	97	86
EFM745_00511	17369	17092	15718	5076	5707	5396
EFM745_00512	520	435	455	1760	1975	1933
EFM745_00513	76	80	73	62	72	58
EFM745_00514	333	372	356	212	217	226
EFM745_00515	1213	1342	1153	194	195	186
EFM745_00516	1633	1735	1568	212	292	242
EFM745_00517	9	8	15	13	14	14
EFM745_00518	135	139	128	146	163	172
EFM745_00519	387	388	361	370	398	427
EFM745_00520	215	207	177	1271	1408	1182
EFM745_00521	208	221	178	247	253	236
EFM745_00522	76	74	96	104	142	141
EFM745_00523	4	2	7	3	4	1
EFM745_00524	537	486	596	139	139	120
EFM745_00525	542	499	418	71	106	132
EFM745_00526	1042	1105	949	898	994	981
EFM745_00527	3543	3676	3220	688	684	665
EFM745_00528	625	562	571	394	463	429
EFM745_00529	3044	2930	2597	988	1076	957
EFM745_00530	28	30	38	61	83	66
EFM745_00531	852	852	761	2063	2582	2277
EFM745_00532	1373	1284	1090	864	1054	916
EFM745_00533	643	556	489	409	460	439
EFM745_00534	85	87	67	173	213	214
EFM745_00535	325	295	274	666	893	750
EFM745_00536	5	7	4	1	1	1
EFM745_00537	129	150	137	70	88	96
EFM745_00538	4	6	5	7	13	12
EFM745_00539	7	6	5	13	9	10
EFM745_00540	6	4	10	5	8	8
EFM745_00541	109	136	110	111	101	99
EFM745_00543	0	0	0	0	0	0
EFM745_00545	64	52	47	43	36	41
EFM745_00546	1442	1335	1218	2539	2977	2730
EFM745_00547	110	123	100	181	244	228
EFM745_00548	6	4	3	8	6	8
EFM745_00549	8	7	4	12	14	15
EFM745_00550	2	0	4	4	8	9
EFM745_00551	7	16	8	9	9	20
EFM745_00552	5	4	7	2	0	3
EFM745_00554	0	0	0	0	0	0
EFM745_00556	33	24	23	6	15	10
EFM745_00557	1	1	0	1	0	0
EFM745_00558	18	24	18	11	20	15
EFM745_00559	43	39	40	36	22	35
EFM745_00560	44	37	52	13	12	12
EFM745_00561	120	134	138	43	44	56
EFM745_00562	940	1015	923	346	399	324
EFM745_00563	665	713	622	244	273	214
EFM745_00564	131	154	138	42	49	53
EFM745_00565	201	237	201	42	58	61
EFM745_00566	119	101	97	38	49	41
EFM745_00567	2552	2646	2530	1047	1264	1069
EFM745_00568	84	118	86	54	72	43
EFM745_00569	218	221	185	100	109	99
EFM745_00570	11	16	10	14	25	18
EFM745_00571	7	8	4	20	33	25
EFM745_00572	121	126	124	28	42	47
EFM745_00573	26	27	50	4	7	8
EFM745_00574	152	185	145	48	49	38
EFM745_00575	1070	999	897	308	323	324
EFM745_00576	24	27	32	8	8	14
EFM745_00577	37	34	40	59	55	69
EFM745_00578	832	773	725	921	1043	985
EFM745_00579	61	65	40	29	40	42
EFM745_00580	473	516	420	544	639	591
EFM745_00581	35	35	40	34	47	53
EFM745_00582	226	235	215	270	295	257
EFM745_00583	22	14	15	19	21	17
EFM745_00584	98	94	90	80	125	80
EFM745_00585	311	300	306	304	386	330
EFM745_00586	127	108	149	148	206	190
EFM745_00587	54	47	52	66	78	49
EFM745_00588	48	44	40	57	75	63
EFM745_00589	28	37	27	15	21	16
EFM745_00590	192	242	201	200	258	245
EFM745_00591	10	18	12	22	22	20
EFM745_00592	42	44	27	63	58	55
EFM745_00593	528	540	507	763	844	772
EFM745_00594	298	245	239	416	503	483
EFM745_00595	69	73	76	96	163	123
EFM745_00596	0	0	0	3	0	1
EFM745_00597	423	444	400	513	602	519
EFM745_00599	218	217	232	342	405	328
EFM745_00600	35876	34066	35704	3481	4323	3805
EFM745_00601	57966	59635	59510	2986	3402	3249
EFM745_00602	19275	23285	20330	15936	19060	17528
EFM745_00603	1154	1151	1062	850	942	923
EFM745_00604	120	80	114	57	62	46
EFM745_00605	187	162	153	1763	1740	1535
EFM745_00606	44	55	63	20	21	18
EFM745_00607	142	119	143	45	33	34
EFM745_00608	68	87	78	43	43	47
EFM745_00609	16	21	16	11	11	12
EFM745_00610	7	9	7	4	4	4
EFM745_00611	13	18	5	4	6	4
EFM745_00612	20	20	18	7	9	6
EFM745_00613	28	33	34	14	16	10
EFM745_00614	16	19	14	7	12	16
EFM745_00615	34	41	30	10	16	16
EFM745_00616	1362	1469	1237	1227	1365	1247
EFM745_00617	74616	68587	65179	27342	30829	28664
EFM745_00618	75230	70742	66837	29219	32469	30145
EFM745_00621	523	515	483	344	447	364
EFM745_00622	226	227	197	131	186	145
EFM745_00623	374	401	299	336	403	352
EFM745_00624	2015	2220	1931	2284	2656	2341
EFM745_00625	1807	1758	1429	2575	2668	2466
EFM745_00626	11686	11847	10342	2490	2810	2545
EFM745_00627	1974	2165	2076	1089	1276	1209
EFM745_00628	883	772	797	365	414	380
EFM745_00629	850	912	797	339	405	373
EFM745_00630	7134	6744	6170	2627	3118	3603
EFM745_00631	8512	7529	7137	6345	7324	7968
EFM745_00632	1615	1620	1415	1054	1174	1180
EFM745_00633	269	279	269	64	59	80
EFM745_00634	8164	7963	7378	3671	4035	3886
EFM745_00635	6584	6398	5748	2172	2274	2456
EFM745_00636	4588	5505	4685	971	1048	1053
EFM745_00637	9979	10709	9509	15372	18116	17202
EFM745_00638	715	778	846	1060	1117	1095
EFM745_00651	2797	2402	2132	1897	2017	1995
EFM745_00652	1603	1432	1410	1829	2020	1824
EFM745_00653	5616	5176	4858	2375	2814	2405
EFM745_00654	16707	15467	14281	29237	33522	30796
EFM745_00655	6876	7076	6624	3245	3732	3460
EFM745_00656	11650	10978	9802	5430	6413	6150
EFM745_00657	1062	858	897	561	589	542
EFM745_00658	4889	4129	4067	1959	2262	2123
EFM745_00659	3808	3923	3449	1182	1383	1218
EFM745_00660	2173	2277	2135	663	717	634
EFM745_00661	9228	9484	8679	2848	3264	3080
EFM745_00662	5232	4534	4166	1286	1418	1259
EFM745_00663	132	167	120	19	32	21
EFM745_00664	6256	6112	5694	3920	4452	3902
EFM745_00665	6644	6903	6277	1927	2274	1928
EFM745_00666	2109	1696	1637	451	495	436
EFM745_00667	1102	1301	1468	204	309	252
EFM745_00668	10963	10830	9713	6733	7894	7396
EFM745_00669	5314	5670	5126	3789	4598	4056
EFM745_00670	1173	1184	1195	697	923	816
EFM745_00671	7396	6835	6551	3767	4232	3781
EFM745_00672	18952	17641	16174	9092	10242	9077
EFM745_00673	42755	40530	34593	20600	23217	21496
EFM745_00674	14020	12672	12805	3211	3881	3644
EFM745_00675	38340	33960	30976	14689	14713	14766
EFM745_00676	10819	12979	13315	3125	4099	3910
EFM745_00677	5309	5096	4447	4121	4490	4562
EFM745_00678	2900	2811	2500	1927	2191	1955
EFM745_00679	4403	4321	3882	1892	2268	1976
EFM745_00680	12113	11791	10478	30392	35523	32014
EFM745_00681	6625	5518	4831	2552	2822	2590
EFM745_00682	11348	11503	10596	2224	2522	2394
EFM745_00683	1894	2331	1933	2664	3159	3085
EFM745_00684	1271	1406	1280	2922	3171	3182
EFM745_00685	1178	1122	1100	741	957	837
EFM745_00686	566	742	668	324	504	440
EFM745_00687	704	731	665	139	159	164
EFM745_00688	13	14	8	1	2	6
EFM745_00689	291	330	294	81	140	123
EFM745_00690	1261	1384	1185	417	445	457
EFM745_00691	1223	1402	1273	413	492	384
EFM745_00692	56	55	49	48	48	40
EFM745_00693	111	127	92	66	63	75
EFM745_00694	6	10	6	4	5	2
EFM745_00695	154	136	111	93	81	105
EFM745_00696	534	609	480	573	661	638
EFM745_00697	520	572	496	395	466	412
EFM745_00698	41	58	41	28	17	24
EFM745_00699	18	32	21	10	19	8
EFM745_00700	55	39	36	23	31	32
EFM745_00701	146	112	150	67	97	98
EFM745_00703	53181	56097	50347	22865	25960	23918
EFM745_00704	5115	4762	4694	2913	3493	3238
EFM745_00705	1834	1750	1488	1041	1188	1012
EFM745_00706	980	1037	1005	647	694	693
EFM745_00707	11229	9989	9354	2165	2487	2073
EFM745_00708	9190	8158	7674	3308	3817	3226
EFM745_00709	4293	3013	2931	1341	1431	1373
EFM745_00710	38755	34238	30901	54652	63408	57727
EFM745_00711	20849	17965	16435	17083	20234	17308
EFM745_00712	11206	9748	9010	8239	10082	8989
EFM745_00713	8105	7284	6787	5888	7049	6196
EFM745_00714	9883	9759	9449	5936	7357	6476
EFM745_00715	7988	7885	7515	5984	7125	6041
EFM745_00716	7181	6603	6165	8106	9003	8125
EFM745_00717	65236	81190	68298	17426	22975	20568
EFM745_00718	6471	7123	6401	3132	3804	3438
EFM745_00719	3361	3542	2941	1464	1945	1779
EFM745_00720	62726	63647	59914	10226	11586	11165
EFM745_00721	63611	59399	57399	12046	13761	13308
EFM745_00722	150726	143841	139753	38644	42505	40663
EFM745_00723	368861	376684	347343	101303	122497	116827
EFM745_00724	11848	11289	11465	1457	1820	1786
EFM745_00725	68937	54920	48596	11130	12236	11250
EFM745_00726	29533	33037	31778	5713	6694	6178
EFM745_00727	16152	16808	15462	3614	3794	3510
EFM745_00728	54050	60499	55567	9800	11873	10785
EFM745_00729	29422	30156	26404	3872	4547	3902
EFM745_00730	31561	28190	26360	4217	5075	4598
EFM745_00731	97358	79834	78254	14229	15958	14257
EFM745_00732	45104	38214	34433	5978	7116	6830
EFM745_00733	11178	14720	14388	1957	2161	1892
EFM745_00734	59402	65482	52690	8038	9464	8791
EFM745_00735	34058	32640	31745	4428	5202	4714
EFM745_00736	73515	69872	61690	10207	10841	9828
EFM745_00737	40254	37417	36929	4966	6064	5520
EFM745_00738	25938	24384	20907	2665	3527	3080
EFM745_00739	34390	37559	37482	4149	5620	4971
EFM745_00740	47233	46569	42043	7379	8396	8103
EFM745_00741	48474	45288	40535	5832	6784	6487
EFM745_00742	64595	63314	55716	9227	9750	9760
EFM745_00743	13469	13784	12198	1704	2098	1854
EFM745_00744	54194	45135	46891	5927	7021	5944
EFM745_00745	168828	158789	141930	19704	22188	20418
EFM745_00746	51703	50480	45939	5097	5918	5825
EFM745_00747	22679	17316	17510	2734	2892	2764
EFM745_00748	21265	18631	19073	3170	3307	2871
EFM745_00749	28689	30743	27612	4580	5472	5033
EFM745_00750	24255	23859	22528	3068	4057	3519
EFM745_00751	88566	71549	74252	12598	14592	13157
EFM745_00752	105793	104761	91110	17495	18608	18384
EFM745_00754	3004	2710	2423	2710	2993	2894
EFM745_00755	3602	3342	3003	3364	3647	3343
EFM745_00756	1532	1518	1382	1643	1948	1756
EFM745_00757	1315	1272	1046	558	608	561
EFM745_00758	1410	1267	1154	662	834	762
EFM745_00759	249	211	236	142	196	178
EFM745_00760	158	169	131	130	158	146
EFM745_00761	29	33	29	32	49	43
EFM745_00762	65	79	76	498	574	477
EFM745_00763	55	52	44	1274	1556	1409
EFM745_00764	90	93	71	19	26	18
EFM745_00765	53	34	40	18	21	15
EFM745_00766	4198	4263	3741	4487	5065	4608
EFM745_00767	6554	7527	7390	4101	4396	4177
EFM745_00768	2573	2527	2455	2040	2509	2277
EFM745_00769	41207	42389	36761	32900	38385	35054
EFM745_00770	7372	7045	6352	5458	6636	5653
EFM745_00771	11775	11283	9828	6599	7246	6721
EFM745_00772	9717	8726	9661	3168	3586	3152
EFM745_00773	28	26	40	68	103	62
EFM745_00774	2811	2318	2233	6088	6575	6333
EFM745_00775	3852	3426	3218	6231	6917	6698
EFM745_00776	1872	1759	1717	2971	3719	3430
EFM745_00777	2000	1923	1756	2762	3198	3393
EFM745_00778	13224	12839	12044	43988	53101	50397
EFM745_00779	2996	3184	2776	1717	1950	1794
EFM745_00780	16311	16198	14841	14617	16326	14657
EFM745_00781	2526	2304	2023	1344	1710	1549
EFM745_00782	4938	4406	4233	3045	3676	3365
EFM745_00783	7447	7096	6366	5372	6109	5467
EFM745_00784	585	621	635	1669	2233	1961
EFM745_00785	90	85	85	4176	5023	4816
EFM745_00786	207	190	144	8448	8876	9490
EFM745_00787	143	166	109	5238	5649	5971
EFM745_00788	371	352	290	16217	18648	20219
EFM745_00789	31	45	34	9	13	14
EFM745_00790	92	89	83	48	53	60
EFM745_00791	89	110	97	20	24	25
EFM745_00792	14	16	13	5	6	4
EFM745_00793	2497	2925	2529	4384	4960	4329
EFM745_00794	1683	1559	1502	3320	3768	3508
EFM745_00795	15	11	19	5	4	9
EFM745_00796	62	64	54	16	15	22
EFM745_00797	145	165	140	46	60	56
EFM745_00798	3	5	0	1	0	2
EFM745_00799	17977	17136	16488	2719	3425	3228
EFM745_00800	398	361	310	184	209	234
EFM745_00801	572	626	553	195	284	282
EFM745_00802	1821	1844	1680	1135	1213	1166
EFM745_00803	118	140	123	96	102	95
EFM745_00804	2310	2081	1954	1258	1461	1371
EFM745_00805	1026	1066	1052	2471	2758	2665
EFM745_00806	559	581	470	25026	32309	28577
EFM745_00807	47828	54394	52691	8698	9974	9487
EFM745_00808	1164	1289	1169	251	315	274
EFM745_00809	1909	1657	1565	555	569	531
EFM745_00810	2198	2229	2028	1117	1227	1209
EFM745_00811	1474	1328	1304	487	539	517
EFM745_00812	636	623	578	281	316	288
EFM745_00813	8462	8617	7398	3545	4241	3822
EFM745_00814	6826	6223	5471	3569	4037	3819
EFM745_00815	2757	2634	2118	1169	1328	1320
EFM745_00816	2641	3143	2782	397	393	409
EFM745_00817	1310	1270	1199	569	725	613
EFM745_00818	1334	1398	1203	2672	3070	2789
EFM745_00819	2970	3340	3113	1812	2142	1947
EFM745_00820	6076	5560	5023	3682	3967	3689
EFM745_00821	2145	1977	1831	1426	1388	1345
EFM745_00822	5066	4948	4646	3894	4047	3988
EFM745_00823	5662	5925	4390	12294	13428	14224
EFM745_00824	31	60	61	72	124	74
EFM745_00825	2492	2687	2488	12035	14116	13029
EFM745_00826	837	969	905	1601	1990	1668
EFM745_00827	1183	1240	1307	1592	2319	1887
EFM745_00828	4790	4767	4469	5593	5883	5483
EFM745_00829	7822	7606	7061	8139	8938	8606
EFM745_00830	1845	1769	1724	2411	2867	2614
EFM745_00832	898	888	928	693	698	709
EFM745_00833	1063	1077	933	552	579	590
EFM745_00834	1913	1814	1640	1712	1843	1669
EFM745_00835	1750	1740	1674	2091	2286	2227
EFM745_00836	1603	1635	1616	401	521	484
EFM745_00837	30084	28516	20384	9301	11718	11506
EFM745_00839	22552	22358	20576	22883	25070	23365
EFM745_00840	102	107	95	77	89	105
EFM745_00841	7896	7781	6982	6856	8066	7450
EFM745_00842	1074	1057	959	906	991	912
EFM745_00843	3128	3037	2918	4800	5850	5457
EFM745_00844	984	947	894	2602	2813	2696
EFM745_00845	2639	2443	2181	9158	10456	9716
EFM745_00846	2184	2443	2149	2145	2375	2148
EFM745_00847	834	886	800	804	887	831
EFM745_00848	5617	5754	5681	1736	1882	1693
EFM745_00849	8	7	9	1	4	2
EFM745_00850	1	3	1	1	2	2
EFM745_00851	41	65	68	16	26	15
EFM745_00852	672	541	510	259	248	232
EFM745_00853	873	910	815	434	537	519
EFM745_00854	1428	1504	1331	628	700	643
EFM745_00855	637	604	605	213	238	270
EFM745_00856	818	810	667	1677	1846	1670
EFM745_00857	7650	7386	6615	2529	3133	2809
EFM745_00858	5284	5546	4761	1940	2242	1890
EFM745_00859	29512	30369	28255	6377	7319	6939
EFM745_00860	471	474	418	473	537	560
EFM745_00861	2770	2938	2641	3339	3807	3585
EFM745_00862	629	692	673	770	932	856
EFM745_00863	135	182	165	413	515	459
EFM745_00864	908	877	757	3231	3527	3083
EFM745_00865	8375	8338	7262	5797	6836	6435
EFM745_00866	5998	5208	4815	1413	1681	1554
EFM745_00867	434	514	474	577	791	612
EFM745_00868	664	722	725	1175	1219	1121
EFM745_00869	34	35	39	18	20	25
EFM745_00870	49	49	51	30	28	36
EFM745_00871	168	156	127	141	183	184
EFM745_00872	468	498	428	642	700	673
EFM745_00873	149	154	144	262	246	243
EFM745_00874	749	806	726	1344	1548	1458
EFM745_00875	13218	13520	12112	5851	6623	5920
EFM745_00876	214	221	219	209	208	203
EFM745_00877	4050	4171	3610	3670	3978	4007
EFM745_00878	8465	8028	6962	13602	14945	14853
EFM745_00879	1930	1939	1922	373	489	374
EFM745_00880	13549	14119	12057	9288	9507	9352
EFM745_00881	3	6	3	0	4	1
EFM745_00882	3399	3420	3005	87347	100961	105410
EFM745_00883	66	83	77	152	228	172
EFM745_00884	768	1325	847	462	770	698
EFM745_00885	89	99	78	102	96	98
EFM745_00886	41	39	40	17	32	32
EFM745_00887	27	24	16	22	24	26
EFM745_00888	24	16	16	10	19	18
EFM745_00889	27	40	28	31	44	38
EFM745_00890	338	359	325	242	322	290
EFM745_00891	522	462	432	1337	1381	1425
EFM745_00892	464	401	382	895	883	1048
EFM745_00893	357	415	354	441	502	516
EFM745_00894	3	4	5	2	1	4
EFM745_00895	598	647	632	346	390	348
EFM745_00896	5222	5125	4447	2460	2629	2520
EFM745_00897	3269	3132	2775	1078	1350	1033
EFM745_00898	1648	1735	1591	417	440	434
EFM745_00899	2731	2528	2215	400	514	489
EFM745_00900	2302	2071	2062	546	607	554
EFM745_00901	921	982	957	641	762	761
EFM745_00902	555	619	526	332	423	375
EFM745_00904	61122	61468	54653	16873	19134	18549
EFM745_00905	12476	12394	11714	2270	2748	2501
EFM745_00906	22541	23299	20592	3561	4274	4320
EFM745_00907	98	94	91	51	55	62
EFM745_00908	166	156	159	80	89	94
EFM745_00909	10	17	12	8	8	10
EFM745_00910	461	531	485	487	573	531
EFM745_00911	82	71	108	1028	1204	1057
EFM745_00912	367	322	254	834	935	755
EFM745_00913	602	495	482	1167	1256	1075
EFM745_00914	17318	16224	14153	22454	24757	22708
EFM745_00915	26	31	33	29	35	19
EFM745_00916	36	27	27	57	69	60
EFM745_00917	3704	3804	3792	2093	2488	2095
EFM745_00918	262	328	316	280	440	360
EFM745_00919	3455	3678	3296	6864	7447	6966
EFM745_00920	1373	1344	1325	2765	2976	2630
EFM745_00921	2807	2697	2388	7590	8060	7913
EFM745_00922	8715	9278	8264	2554	3078	2802
EFM745_00923	7271	7468	6650	6205	7108	6765
EFM745_00924	488	519	495	201	285	239
EFM745_00925	18	21	17	12	16	14
EFM745_00926	8	18	17	3	10	6
EFM745_00927	1344	1526	1360	859	1032	937
EFM745_00928	210	197	234	160	245	201
EFM745_00929	2207	2187	1983	1562	2020	1673
EFM745_00930	210	233	190	205	218	260
EFM745_00931	146	175	154	103	149	106
EFM745_00932	0	2	1	0	0	0
EFM745_00933	60	61	68	80	103	84
EFM745_00934	10	15	11	8	15	14
EFM745_00935	1	0	0	0	0	2
EFM745_00936	4	8	7	3	3	2
EFM745_00937	5	5	8	7	10	8
EFM745_00938	1	3	1	1	0	0
EFM745_00939	20	22	31	16	17	18
EFM745_00940	114	136	102	132	142	129
EFM745_00941	1641	1724	1636	1231	1507	1274
EFM745_00942	2045	2013	1803	2205	2545	2254
EFM745_00943	132	151	148	103	123	107
EFM745_00944	31	47	24	18	23	18
EFM745_00945	109	142	104	95	86	95
EFM745_00946	258	229	225	202	252	278
EFM745_00947	2311	2409	2295	2048	2265	2060
EFM745_00948	888	1204	922	1586	2047	1901
EFM745_00949	227	171	239	187	203	179
EFM745_00950	456	483	405	218	291	233
EFM745_00951	4488	4920	3906	3855	4838	4225
EFM745_00952	88	98	102	79	66	79
EFM745_00953	85	61	69	36	58	58
EFM745_00954	32	35	27	24	22	21
EFM745_00955	150	103	97	89	81	85
EFM745_00956	260	201	169	109	141	123
EFM745_00957	220	161	161	137	155	143
EFM745_00958	13	15	8	7	11	6
EFM745_00959	70	56	41	65	75	72
EFM745_00960	352	315	286	443	467	451
EFM745_00961	253	235	206	444	520	502
EFM745_00962	415	470	403	286	358	314
EFM745_00963	1218	1259	1211	1790	2210	2027
EFM745_00964	365	363	395	470	526	475
EFM745_00965	164	195	147	48	69	52
EFM745_00966	20	24	26	6	7	12
EFM745_00967	13	16	11	6	6	6
EFM745_00968	2	1	0	0	0	0
EFM745_00969	495	490	452	124	130	110
EFM745_00970	384	407	372	87	93	85
EFM745_00971	1651	1494	1310	470	473	445
EFM745_00972	64	57	58	77	118	98
EFM745_00973	95	90	75	130	121	113
EFM745_00974	1479	1649	1519	538	650	588
EFM745_00975	4423	4490	4429	577	650	588
EFM745_00976	242	265	248	177	160	201
EFM745_00977	685	666	470	148	235	187
EFM745_00978	555	547	498	1247	1448	1231
EFM745_00979	908	971	816	1879	2346	1979
EFM745_00980	515	549	464	1443	1559	1516
EFM745_00981	331	309	262	1070	1148	1170
EFM745_00982	220	239	201	325	340	337
EFM745_00983	55	46	35	99	110	68
EFM745_00984	13	7	14	13	13	13
EFM745_00985	2304	2249	1885	1079	1226	1150
EFM745_00986	709	677	717	642	777	745
EFM745_00987	55	75	66	73	87	73
EFM745_00988	123	158	124	120	110	136
EFM745_00989	101	105	87	61	78	74
EFM745_00990	338	328	304	372	455	435
EFM745_00991	1458	1564	1401	2116	2443	2246
EFM745_00992	602	495	524	1003	999	896
EFM745_00993	289	242	273	399	416	352
EFM745_00994	1049	972	855	1698	1953	1836
EFM745_00995	1149	1198	1013	1709	2057	1848
EFM745_00996	1176	1001	1064	1746	1986	1828
EFM745_00997	671	853	580	422	528	559
EFM745_00998	642	675	530	1100	1215	1284
EFM745_00999	194	218	159	614	618	616
EFM745_01000	460	442	460	67	73	76
EFM745_01001	184	209	187	445	529	504
EFM745_01002	468	504	447	641	711	654
EFM745_01003	140	140	111	30	48	34
EFM745_01004	5	2	1	0	2	0
EFM745_01005	1	2	3	3	2	3
EFM745_01006	355	312	315	154	162	168
EFM745_01007	1505	1631	1434	788	911	776
EFM745_01009	11556	11670	10880	6405	7776	7561
EFM745_01010	10918	11234	10142	319	359	357
EFM745_01011	3669	3616	3559	163	205	180
EFM745_01012	405	405	351	35	49	41
EFM745_01013	368	309	273	29	44	23
EFM745_01014	2613	2825	2726	666	735	753
EFM745_01015	376	477	412	193	226	180
EFM745_01016	67	71	58	56	34	45
EFM745_01017	266	240	233	233	276	277
EFM745_01018	536	519	433	733	842	862
EFM745_01019	92	92	87	66	94	79
EFM745_01020	2364	2580	2328	3626	4076	3804
EFM745_01021	158	168	146	143	164	162
EFM745_01022	472	444	412	519	576	527
EFM745_01023	77	80	86	80	84	75
EFM745_01024	182	192	161	55	64	50
EFM745_01025	414	473	454	1114	1338	1252
EFM745_01026	779	825	763	203	307	287
EFM745_01027	1864	1858	1903	76	110	84
EFM745_01028	3173	3094	2967	250	263	269
EFM745_01029	103	104	103	81	81	76
EFM745_01030	78	101	81	38	69	60
EFM745_01031	159	192	179	127	128	125
EFM745_01032	316	339	323	217	214	218
EFM745_01033	192	204	171	146	157	145
EFM745_01034	2813	2720	2482	2820	3073	2968
EFM745_01035	277	262	280	333	406	358
EFM745_01036	971	920	836	1585	1885	1718
EFM745_01037	841	841	723	150	174	193
EFM745_01038	251	244	228	19	22	19
EFM745_01039	438	466	484	307	444	314
EFM745_01040	623	617	629	427	505	494
EFM745_01041	2001	2181	1937	1088	1338	1270
EFM745_01042	1392	1232	1148	660	791	708
EFM745_01043	1183	1307	1116	1787	2207	1945
EFM745_01044	1250	1186	1229	135	153	128
EFM745_01045	2759	2968	2745	403	560	564
EFM745_01046	7154	6967	6127	1893	2465	2288
EFM745_01047	624	663	602	260	301	289
EFM745_01048	8929	9087	8359	15048	16988	15888
EFM745_01049	25	30	19	125	148	193
EFM745_01050	34	57	43	506	525	641
EFM745_01051	1330	1435	1124	2858	2986	3513
EFM745_01052	2003	2012	1833	652	787	729
EFM745_01053	517	550	563	209	272	262
EFM745_01054	180	198	188	77	104	103
EFM745_01055	1139	1111	1027	715	827	729
EFM745_01056	5372	5351	4670	613	743	664
EFM745_01057	419	485	374	572	693	617
EFM745_01058	410	355	320	70	105	100
EFM745_01059	1116	776	860	260	250	267
EFM745_01060	1450	1019	1252	493	566	546
EFM745_01061	439	296	326	207	213	216
EFM745_01062	5012	3138	3785	2702	2800	3045
EFM745_01063	874	582	688	257	226	277
EFM745_01064	4409	4075	4059	795	966	863
EFM745_01065	1142	1314	1097	564	843	752
EFM745_01066	3231	3190	2873	2689	2995	2703
EFM745_01067	282	251	213	2445	2684	2427
EFM745_01068	85	107	106	935	1097	1070
EFM745_01072	159	169	158	1663	2013	1719
EFM745_01073	9214	9504	8592	4108	4635	4364
EFM745_01074	9477	10567	9494	2228	2330	2449
EFM745_01075	6863	8398	7119	1760	2015	1924
EFM745_01076	10681	11884	10642	3949	4917	4215
EFM745_01077	710	643	572	5816	6709	6886
EFM745_01078	620	581	528	4506	4726	4863
EFM745_01079	569	546	527	3065	3232	3599
EFM745_01080	460	469	407	2375	2392	2503
EFM745_01081	712	567	486	2388	2518	2669
EFM745_01082	975	899	811	4169	4234	4477
EFM745_01083	1716	1643	1342	6522	6491	6967
EFM745_01084	908	778	757	3323	3489	3742
EFM745_01085	1773	1585	1506	5281	5294	5719
EFM745_01086	3254	3390	2845	4778	5298	5021
EFM745_01087	1	0	1	0	0	0
EFM745_01088	20	18	16	3	1	2
EFM745_01089	589	569	541	567	621	577
EFM745_01090	528	580	492	368	368	340
EFM745_01091	1593	1627	1509	1325	1498	1423
EFM745_01092	310	296	277	183	197	213
EFM745_01093	273	249	203	85	90	106
EFM745_01094	1680	2032	1580	24	48	37
EFM745_01095	279	286	246	241	251	243
EFM745_01096	652	680	652	368	393	395
EFM745_01097	199	181	170	63	93	94
EFM745_01098	2331	2199	2010	3598	3655	3606
EFM745_01099	1940	1871	1900	2796	3422	3258
EFM745_01100	943	881	837	589	738	598
EFM745_01101	753	764	668	590	716	641
EFM745_01102	2853	2635	2168	2025	2577	2127
EFM745_01103	1921	1973	1734	2153	2256	2252
EFM745_01104	4212	4107	3681	5898	6442	5695
EFM745_01105	8682	9905	10139	3775	4979	4410
EFM745_01106	521	527	467	888	973	1049
EFM745_01107	1396	1450	1332	297	366	350
EFM745_01108	446	335	408	57	82	79
EFM745_01109	785	731	580	736	844	790
EFM745_01110	980	1008	836	2328	2694	2652
EFM745_01111	1497	1582	1274	3268	3587	3623
EFM745_01112	93	83	98	218	257	239
EFM745_01113	1363	1254	1057	9829	10436	8602
EFM745_01114	251	213	187	3559	3748	3288
EFM745_01115	158	146	155	2760	2883	2527
EFM745_01116	1298	1189	1206	424	501	431
EFM745_01117	251	248	204	313	365	315
EFM745_01118	83	57	68	317	304	326
EFM745_01119	32	24	23	17	21	11
EFM745_01120	839	869	687	311	388	354
EFM745_01121	475	484	430	275	333	292
EFM745_01122	22	31	21	14	32	33
EFM745_01123	45	67	62	34	48	40
EFM745_01124	88	77	78	1138	1094	1095
EFM745_01125	236	216	202	661	703	702
EFM745_01126	68	60	71	205	219	225
EFM745_01127	53	59	51	106	113	92
EFM745_01128	54	47	47	83	95	76
EFM745_01129	96	83	63	104	137	106
EFM745_01130	11	6	7	8	11	10
EFM745_01131	105	85	90	58	73	72
EFM745_01132	15	14	10	6	16	18
EFM745_01133	34	31	22	17	26	30
EFM745_01134	13	10	12	0	5	5
EFM745_01135	2339	2644	2183	1833	2243	2012
EFM745_01136	2335	2343	2050	1778	2113	1790
EFM745_01137	10161	11470	11203	1623	1999	1798
EFM745_01138	9213	7315	6887	1110	1324	1318
EFM745_01139	4997	4998	4445	7491	8091	7607
EFM745_01140	2522	2701	2396	3014	3668	3363
EFM745_01141	2344	1978	1659	666	785	770
EFM745_01142	579	563	516	200	256	226
EFM745_01143	3204	3038	2752	1404	1446	1360
EFM745_01144	2199	1776	1622	1227	1303	1243
EFM745_01145	159	164	174	95	81	98
EFM745_01146	7060	7595	6875	5739	6756	6357
EFM745_01147	2229	1924	1774	2292	2609	2480
EFM745_01148	8041	7000	6826	7752	8584	7685
EFM745_01149	3168	3203	2921	929	1046	1030
EFM745_01150	1914	2145	1874	987	1057	1008
EFM745_01151	439	421	382	498	504	476
EFM745_01152	298	309	262	745	752	781
EFM745_01153	6097	6636	6014	5482	6834	6496
EFM745_01154	106	109	99	2326	2788	2765
EFM745_01155	131	118	118	3120	3344	3568
EFM745_01156	152	168	145	570	692	645
EFM745_01157	1020	1007	840	791	997	877
EFM745_01158	1406	1315	1260	1142	1136	1012
EFM745_01159	6265	5998	5649	7056	7867	7138
EFM745_01160	1990	1763	1805	555	628	552
EFM745_01161	818	968	824	1650	1797	1715
EFM745_01162	1268	1442	1316	172	201	184
EFM745_01163	141	192	168	60	79	64
EFM745_01164	1226	1344	1260	1375	1532	1487
EFM745_01165	9666	8970	7566	4037	4168	4120
EFM745_01166	1276	1072	1042	505	537	508
EFM745_01167	2949	2754	2467	1434	1490	1338
EFM745_01169	2126	2405	2208	356	397	399
EFM745_01170	2412	2230	1857	666	690	655
EFM745_01171	3455	3170	3066	2403	2669	2391
EFM745_01172	2001	2138	1935	1549	1900	1595
EFM745_01173	4631	4416	3932	6874	7460	6652
EFM745_01174	2210	2136	2015	3669	4019	3532
EFM745_01175	1796	1822	1496	2050	2355	2234
EFM745_01176	6403	6239	5340	8859	11154	9482
EFM745_01177	856	987	886	1493	1825	1656
EFM745_01178	340	389	371	256	302	234
EFM745_01179	145	151	132	61	76	67
EFM745_01180	503	541	467	311	321	357
EFM745_01181	351	349	341	277	281	319
EFM745_01182	12	7	10	3	2	3
EFM745_01183	69	79	61	23	35	16
EFM745_01184	21	25	19	5	8	8
EFM745_01185	66	70	73	9	15	18
EFM745_01186	2166	2284	1997	1182	1351	1146
EFM745_01187	2260	2190	2071	1545	1804	1485
EFM745_01188	8142	8444	7501	7790	8458	7749
EFM745_01189	0	3	1	0	2	2
EFM745_01190	298	296	300	226	238	225
EFM745_01191	93	96	103	61	60	57
EFM745_01192	47	67	52	29	26	25
EFM745_01193	119	134	108	122	158	100
EFM745_01194	14747	16239	14262	1988	2422	2085
EFM745_01195	100	120	106	239	264	224
EFM745_01196	1390	1250	1056	2069	2379	2001
EFM745_01197	109	107	82	123	133	125
EFM745_01198	6	22	11	31	33	34
EFM745_01199	18	27	19	22	41	33
EFM745_01200	118	144	121	128	144	157
EFM745_01201	346	417	390	388	420	436
EFM745_01202	272	227	282	104	134	123
EFM745_01203	33	50	43	22	25	28
EFM745_01204	536	566	538	830	956	878
EFM745_01205	1366	1480	1401	2807	3123	2851
EFM745_01206	988	1097	786	3137	3471	3821
EFM745_01207	2	1	1	2	1	3
EFM745_01208	159	143	120	254	285	282
EFM745_01209	380	346	308	265	336	314
EFM745_01210	520	589	497	775	1046	919
EFM745_01211	633	571	518	955	1159	1038
EFM745_01212	140	156	134	356	383	357
EFM745_01213	4083	3756	3820	93	125	130
EFM745_01214	5470	5491	4981	238	274	266
EFM745_01215	7004	6540	6115	420	481	418
EFM745_01216	713	804	709	532	600	500
EFM745_01217	1486	1489	1471	1259	1502	1194
EFM745_01218	647	638	639	264	243	263
EFM745_01219	705	741	686	293	335	303
EFM745_01220	1132	1077	1086	272	345	274
EFM745_01221	1662	1892	1653	1046	1227	1148
EFM745_01222	94	90	90	101	132	113
EFM745_01223	1034	950	892	4739	5149	4714
EFM745_01225	4026	3849	3601	620	723	776
EFM745_01226	6076	5356	4949	1437	1626	1525
EFM745_01227	1604	1473	1427	780	911	878
EFM745_01230	116	87	100	43	57	46
EFM745_01231	48	44	34	24	29	20
EFM745_01232	126	136	147	76	72	65
EFM745_01233	125	170	121	91	106	108
EFM745_01234	1754	1800	1567	1804	2215	1917
EFM745_01235	668	712	669	3142	3456	3068
EFM745_01236	197	158	154	2325	2957	2599
EFM745_01237	648	664	523	2041	2164	2095
EFM745_01238	5108	5140	4341	3641	4679	3902
EFM745_01239	593	568	496	810	952	859
EFM745_01240	844	802	745	2360	2579	2615
EFM745_01241	1209	1206	1141	1282	1358	1244
EFM745_01242	101	96	96	80	93	88
EFM745_01243	308	270	268	173	192	197
EFM745_01244	888	711	657	547	628	619
EFM745_01245	1646	1397	1300	627	726	648
EFM745_01246	5106	4852	4206	3764	4122	3838
EFM745_01247	1044	1092	955	898	1114	978
EFM745_01248	1730	1972	1770	1380	1744	1585
EFM745_01249	182	249	200	78	99	83
EFM745_01250	4529	4378	3869	1405	1669	1561
EFM745_01251	4959	4682	4327	2547	2924	2714
EFM745_01252	2686	2894	2741	1656	1872	1799
EFM745_01253	1781	1766	1590	320	332	354
EFM745_01254	2627	2589	2430	519	631	566
EFM745_01255	556	547	470	175	201	168
EFM745_01256	1371	1159	1131	515	585	515
EFM745_01257	1528	1735	1426	855	980	988
EFM745_01258	5411	5106	4603	3685	4066	3786
EFM745_01259	547	553	508	652	765	639
EFM745_01260	2796	2662	2466	2673	3172	2891
EFM745_01261	566	600	572	448	524	478
EFM745_01262	7312	7560	6761	1887	2098	1941
EFM745_01263	550	432	339	325	408	390
EFM745_01264	807	637	593	880	1019	885
EFM745_01265	705	710	671	1119	1296	1149
EFM745_01266	1074	1006	1025	1244	1406	1260
EFM745_01267	637	647	584	1068	1267	1043
EFM745_01268	6778	6215	5474	2176	2431	2207
EFM745_01269	38	35	28	62	46	66
EFM745_01270	113	161	119	106	122	122
EFM745_01271	819	875	749	1842	1959	1798
EFM745_01272	447	456	401	349	419	380
EFM745_01273	1006	919	808	675	827	956
EFM745_01274	1953	1925	1907	2963	3360	3106
EFM745_01275	1022	926	878	1324	1487	1342
EFM745_01276	471	508	444	558	628	532
EFM745_01277	785	715	713	731	884	840
EFM745_01278	1272	1248	1019	1248	1529	1334
EFM745_01279	827	870	800	1002	1227	1090
EFM745_01280	640	580	547	110	125	96
EFM745_01281	1587	1193	1103	665	757	650
EFM745_01282	756	637	620	443	511	459
EFM745_01283	1088	920	869	558	675	617
EFM745_01284	2468	2240	2020	1252	1726	1484
EFM745_01285	8750	9281	7978	3266	3777	3396
EFM745_01286	185	168	141	4659	4591	4881
EFM745_01287	85	71	57	1539	1694	1737
EFM745_01288	136	159	107	1445	1682	1824
EFM745_01289	143	131	116	274	290	329
EFM745_01290	296	319	286	125	136	128
EFM745_01291	265	235	243	66	87	60
EFM745_01292	269	230	183	53	84	73
EFM745_01293	455	579	530	271	285	284
EFM745_01294	66	78	69	10	17	6
EFM745_01295	183	214	176	55	62	73
EFM745_01296	38	41	52	17	21	16
EFM745_01297	577	533	502	345	422	353
EFM745_01299	1881	1913	1751	837	1033	923
EFM745_01300	4	3	5	1	2	3
EFM745_01301	9223	9189	8320	6808	7858	9167
EFM745_01302	40979	41224	37901	39068	44837	48341
EFM745_01303	365	366	367	223	286	258
EFM745_01304	8099	7749	7111	1265	1426	1349
EFM745_01305	205390	226260	197317	34753	45032	38073
EFM745_01306	6054	5473	4529	3855	4233	4262
EFM745_01307	3054	2803	2387	1980	2222	2145
EFM745_01308	24957	31298	27774	5247	6185	5697
EFM745_01309	10	15	7	17	13	14
EFM745_01310	30	24	19	31	45	29
EFM745_01311	35	37	42	53	76	72
EFM745_01312	82	73	71	134	149	166
EFM745_01313	512	468	391	2390	3104	2596
EFM745_01314	399	540	382	88	117	93
EFM745_01315	45	56	37	3	1	4
EFM745_01316	667	690	623	291	369	344
EFM745_01317	2878	2946	2651	6511	7165	6454
EFM745_01318	2474	2288	2033	5498	6311	6031
EFM745_01319	2948	3106	2790	8365	9943	8909
EFM745_01320	8517	8362	7951	4359	4737	4434
EFM745_01321	1309	1514	1347	736	928	866
EFM745_01322	4838	4717	4339	2997	3276	2912
EFM745_01323	5748	5724	5139	4022	4346	4116
EFM745_01324	1561	1551	1587	1741	2039	1718
EFM745_01325	3466	3612	3460	1684	1859	1742
EFM745_01326	5799	5644	5519	4913	6346	5537
EFM745_01327	813	885	965	948	1065	936
EFM745_01328	1346	1449	1278	533	646	590
EFM745_01329	1149	1116	955	1946	2187	2023
EFM745_01330	1590	1445	1403	535	623	708
EFM745_01331	8918	8302	7807	5688	6215	6519
EFM745_01332	630	563	587	1064	1238	1137
EFM745_01333	2856	2832	2734	5020	5651	5092
EFM745_01334	176	224	230	16	31	33
EFM745_01335	2631	2946	2597	525	634	609
EFM745_01336	3030	3074	2939	818	1142	914
EFM745_01337	1312	1549	1181	332	424	333
EFM745_01338	3509	3450	3164	1377	1715	1387
EFM745_01339	3527	3546	3246	4218	4975	4441
EFM745_01340	2546	2251	2157	3393	4124	3597
EFM745_01341	2318	2327	2248	2706	2983	2569
EFM745_01342	4268	4111	3848	5483	6068	5453
EFM745_01343	1711	1892	1684	506	558	534
EFM745_01344	182	227	198	61	73	59
EFM745_01345	2665	2839	2676	902	1123	974
EFM745_01347	196	215	220	49	60	51
EFM745_01348	5361	5342	4514	526	584	627
EFM745_01349	345	370	362	478	558	454
EFM745_01351	66024	74331	62692	10521	11746	10785
EFM745_01352	22413	24852	21632	4418	4678	4420
EFM745_01353	72093	65724	59235	16951	18086	16238
EFM745_01354	7842	8235	7335	10607	12236	11713
EFM745_01355	5485	5499	5032	11411	12083	10898
EFM745_01356	12921	13367	11412	32876	34949	32500
EFM745_01357	5546	5373	5142	7597	8661	8189
EFM745_01358	5635	5498	5612	6245	7756	6794
EFM745_01359	412	410	451	645	727	652
EFM745_01360	854	757	715	559	604	610
EFM745_01361	6700	6707	5735	9588	10863	10168
EFM745_01362	10535	11745	9767	17812	19437	19078
EFM745_01363	3332	4034	3677	4489	6150	5422
EFM745_01364	1845	1776	1697	2656	3071	2878
EFM745_01365	2744	2740	2623	4167	4524	4174
EFM745_01366	380	385	402	412	412	350
EFM745_01367	1972	1931	1843	2120	2482	2118
EFM745_01368	2349	2481	2259	2656	2971	2577
EFM745_01369	1738	1651	1559	1659	1879	1460
EFM745_01370	9090	9038	8115	10263	11660	10546
EFM745_01371	86	67	76	107	122	111
EFM745_01372	523	606	503	900	1011	1028
EFM745_01373	126	118	127	83	116	112
EFM745_01374	3859	3417	3171	3622	4487	3855
EFM745_01375	7322	7132	6251	7739	9346	9486
EFM745_01376	967	1154	1041	1635	1887	1753
EFM745_01377	14593	13039	11357	6317	7076	6817
EFM745_01378	5269	5166	4642	2377	2840	2466
EFM745_01379	4378	4437	3961	1591	1909	1586
EFM745_01380	3834	3320	3141	1950	2221	1953
EFM745_01381	7749	8169	7700	4965	5743	4883
EFM745_01382	29950	28384	25097	14442	17324	15699
EFM745_01383	21630	19507	18910	15161	16730	15552
EFM745_01384	4636	4231	4102	5432	6000	5634
EFM745_01385	10073	10127	8523	11481	13398	12158
EFM745_01386	16295	15721	13534	17111	19929	18643
EFM745_01387	18925	19372	16122	18611	19517	17147
EFM745_01388	14168	14353	13338	2431	2961	2640
EFM745_01389	6466	6465	5927	2902	3398	3193
EFM745_01390	1593	1775	1850	553	625	547
EFM745_01391	350	307	295	306	343	318
EFM745_01392	1706	2002	1853	1298	1443	1325
EFM745_01393	2366	2538	2414	1847	2207	2032
EFM745_01394	3631	3694	3232	2689	3015	2785
EFM745_01395	2256	2359	1950	3309	3981	3680
EFM745_01396	86	80	67	2828	2834	3441
EFM745_01397	130	155	97	4376	5207	6207
EFM745_01398	201	189	153	5804	6382	8696
EFM745_01399	7	4	2	178	168	215
EFM745_01400	2	1	1	57	41	51
EFM745_01401	6	4	4	54	62	68
EFM745_01402	334	302	244	449	551	525
EFM745_01403	262	304	329	1201	1961	1511
EFM745_01405	574	635	578	806	1018	875
EFM745_01406	139	148	137	174	235	229
EFM745_01407	691	720	659	612	794	696
EFM745_01408	1179	1135	1023	591	770	623
EFM745_01409	381	373	333	217	254	217
EFM745_01410	469	484	451	388	432	402
EFM745_01411	1170	1357	1251	869	1077	995
EFM745_01412	105	127	118	1873	2278	2002
EFM745_01413	12	17	16	169	254	180
EFM745_01414	43	39	36	290	441	304
EFM745_01415	13	6	11	118	121	126
EFM745_01416	211	203	204	956	1247	1137
EFM745_01417	149	139	122	972	1196	1067
EFM745_01418	40	59	33	318	394	324
EFM745_01419	0	0	0	0	0	0
EFM745_01420	77	80	86	506	585	499
EFM745_01421	25	27	11	143	157	197
EFM745_01422	6	4	3	16	16	36
EFM745_01423	7	6	6	41	43	36
EFM745_01424	38	32	23	169	174	169
EFM745_01425	12	14	9	59	84	55
EFM745_01426	29	36	18	154	189	173
EFM745_01427	20	13	18	72	87	65
EFM745_01428	0	0	0	0	0	0
EFM745_01429	0	0	0	0	0	0
EFM745_01430	0	0	0	0	0	0
EFM745_01431	0	0	0	0	0	0
EFM745_01432	0	0	0	0	0	0
EFM745_01433	0	0	0	0	0	0
EFM745_01434	19	30	23	9	15	22
EFM745_01435	6	5	2	63	80	80
EFM745_01436	18	14	14	76	71	69
EFM745_01437	24	30	13	56	81	92
EFM745_01438	15	8	14	53	59	57
EFM745_01439	98	117	107	421	536	479
EFM745_01440	32	34	29	276	358	277
EFM745_01441	3	2	5	207	197	161
EFM745_01442	48	50	40	397	471	388
EFM745_01443	13	17	18	338	353	346
EFM745_01444	2	4	2	88	130	106
EFM745_01445	2	0	1	41	42	32
EFM745_01446	0	0	0	13	16	11
EFM745_01447	5	5	9	129	168	149
EFM745_01448	23	13	21	310	338	319
EFM745_01449	2	1	2	50	65	61
EFM745_01450	84	74	96	998	1258	1089
EFM745_01451	1	0	0	1	0	0
EFM745_01452	14	11	8	71	81	74
EFM745_01453	78	69	87	220	295	267
EFM745_01454	154	211	147	409	445	441
EFM745_01455	102	101	79	216	235	190
EFM745_01456	0	0	0	0	0	0
EFM745_01457	0	0	0	0	0	0
EFM745_01458	0	0	0	0	0	0
EFM745_01459	0	0	0	0	0	0
EFM745_01460	0	0	0	0	0	0
EFM745_01462	0	0	0	0	0	0
EFM745_01463	0	0	0	0	0	0
EFM745_01464	0	0	0	0	0	0
EFM745_01465	0	0	0	0	0	0
EFM745_01466	0	0	0	0	0	0
EFM745_01467	0	0	0	0	0	0
EFM745_01468	46	46	33	25	33	32
EFM745_01469	71	80	86	84	65	84
EFM745_01470	0	1	0	0	0	1
EFM745_01471	31	22	27	35	56	30
EFM745_01472	222	224	229	494	570	493
EFM745_01473	432	492	417	482	555	458
EFM745_01474	446	407	393	428	530	430
EFM745_01475	6057	5975	5525	3517	4382	3558
EFM745_01476	5813	5249	4700	5244	6141	5278
EFM745_01477	338	292	269	372	420	408
EFM745_01478	60	51	42	46	41	42
EFM745_01479	40	29	27	25	36	34
EFM745_01480	51	59	47	42	54	40
EFM745_01481	37	35	25	35	39	39
EFM745_01482	13	23	16	8	22	19
EFM745_01483	196	184	151	211	223	218
EFM745_01484	125	133	148	150	193	149
EFM745_01485	944	918	859	691	859	803
EFM745_01486	151	145	159	229	222	223
EFM745_01487	47	34	40	18	26	22
EFM745_01488	4	9	1	4	3	2
EFM745_01489	54	47	31	33	42	44
EFM745_01490	273	223	203	287	309	292
EFM745_01491	1728	965	923	1169	1325	1245
EFM745_01492	1395	1193	1259	823	969	794
EFM745_01494	69	53	49	91	95	92
EFM745_01495	1084	936	874	1041	1115	1097
EFM745_01496	778	968	787	1239	1395	1258
EFM745_01497	1788	1664	1530	3028	3344	3228
EFM745_01498	4105	4760	4062	1209	1568	1369
EFM745_01499	117	137	121	135	168	188
EFM745_01500	525	503	484	137	137	162
EFM745_01501	941	1006	1028	394	476	411
EFM745_01502	39	23	34	23	27	23
EFM745_01503	1590	1516	1290	823	945	836
EFM745_01504	2973	2898	2607	4341	4925	4589
EFM745_01505	620	599	546	563	678	588
EFM745_01506	4609	4652	4329	3725	4709	4096
EFM745_01507	49	56	53	89	113	107
EFM745_01508	241	272	224	307	369	300
EFM745_01509	229	229	212	182	224	177
EFM745_01510	110	101	96	95	104	87
EFM745_01511	50	66	57	12	18	15
EFM745_01512	40	36	28	11	14	12
EFM745_01513	4	8	12	23	33	46
EFM745_01514	2	0	4	5	1	4
EFM745_01515	37	31	37	17	21	13
EFM745_01516	1787	1836	1653	1044	1198	1093
EFM745_01517	3328	3499	3309	1213	1459	1400
EFM745_01518	617	579	526	752	844	766
EFM745_01519	421	439	409	635	673	589
EFM745_01520	2092	2099	1879	3170	3533	3214
EFM745_01521	2357	2662	2353	3189	3501	3185
EFM745_01522	1027	1037	932	1028	1185	1067
EFM745_01523	1683	1752	1562	1701	2208	2130
EFM745_01524	45	37	37	30	21	26
EFM745_01525	61	54	76	58	68	70
EFM745_01526	2310	2500	2397	649	780	676
EFM745_01527	6826	6759	5854	2685	3104	2694
EFM745_01528	1700	1538	1503	358	421	363
EFM745_01529	2900	2810	2611	657	765	608
EFM745_01530	242	328	377	126	203	131
EFM745_01531	6185	5656	5087	7647	9288	8447
EFM745_01532	1742	2063	1643	6886	7649	6957
EFM745_01533	3505	3377	2992	4836	5721	5159
EFM745_01534	366	410	389	1311	1808	1558
EFM745_01536	497	552	518	1759	2300	2073
EFM745_01537	146	165	157	27	53	37
EFM745_01538	269	328	227	375	520	463
EFM745_01539	7056	7324	6226	2474	2880	2503
EFM745_01540	308	284	280	390	489	449
EFM745_01542	276	313	270	123	135	126
EFM745_01543	230	241	240	102	158	102
EFM745_01544	904	974	873	391	445	415
EFM745_01545	1872	1784	1522	2010	2092	2036
EFM745_01546	7805	6935	6447	4726	5209	4715
EFM745_01547	3650	3877	3458	1289	1418	1482
EFM745_01548	469	446	425	3803	4875	4435
EFM745_01549	228	265	200	420	415	414
EFM745_01550	1193	960	814	130322	149874	133991
EFM745_01551	92	96	95	7092	7746	7183
EFM745_01552	133	112	97	11138	14379	12808
EFM745_01553	158	144	157	10068	12797	10782
EFM745_01554	432	384	375	20817	25171	21662
EFM745_01555	411	372	344	18523	21683	18051
EFM745_01556	607	573	484	25241	30272	25642
EFM745_01557	2329	2352	2195	4071	5186	4663
EFM745_01558	191	332	287	223	434	393
EFM745_01559	21203	20478	18923	11316	12669	11489
EFM745_01560	530	493	540	542	657	643
EFM745_01561	2348	2020	2023	1248	1501	1333
EFM745_01562	1133	1305	1175	536	568	540
EFM745_01563	1170	1086	1047	706	697	606
EFM745_01564	2727	2809	2515	1339	1526	1354
EFM745_01565	472	444	324	15632	20272	19239
EFM745_01566	480	506	473	1924	2320	2324
EFM745_01567	163	164	146	644	699	684
EFM745_01569	13545	13126	11313	162275	163314	166964
EFM745_01570	2023	1947	1863	1934	2136	1926
EFM745_01571	2185	2461	2252	1688	2003	1800
EFM745_01572	14	13	16	36	44	42
EFM745_01573	128	138	114	98	126	112
EFM745_01574	0	3	4	25	25	41
EFM745_01575	12	6	5	27	36	50
EFM745_01576	2	9	10	20	16	17
EFM745_01577	10	21	11	11	8	13
EFM745_01578	58	52	34	11	28	13
EFM745_01579	68	76	62	45	43	25
EFM745_01580	3195	3144	2843	2090	2451	2165
EFM745_01581	2	3	4	4	12	5
EFM745_01582	3638	3207	2909	2788	2971	2753
EFM745_01583	721	705	631	466	505	510
EFM745_01584	111	117	91	11	10	8
EFM745_01585	10564	10145	8977	6144	7237	6584
EFM745_01586	6828	5993	5535	3603	4381	3739
EFM745_01587	2569	2356	2555	16612	16416	15071
EFM745_01588	24	28	21	15	18	16
EFM745_01589	28	39	24	16	8	17
EFM745_01590	13536	12878	11491	14183	15524	14713
EFM745_01591	91	100	92	78	72	82
EFM745_01592	1364	1326	1079	1294	1284	1304
EFM745_01593	1317	1177	1039	1222	1304	1265
EFM745_01594	1802	1764	1518	1826	2027	1772
EFM745_01595	4612	4770	4393	2738	3201	2879
EFM745_01596	5618	5726	5530	5521	6229	5806
EFM745_01597	160	129	158	24	32	42
EFM745_01598	95	111	110	16	19	19
EFM745_01599	2015	1917	1818	478	552	450
EFM745_01600	1047	930	1095	4612	5706	4643
EFM745_01601	239	278	261	280	397	335
EFM745_01602	1054	1096	991	474	558	442
EFM745_01604	45	30	54	106	113	122
EFM745_01605	1165	1098	964	1099	1147	1143
EFM745_01606	2789	2710	2612	1621	1921	1651
EFM745_01607	2871	2874	2699	2556	2859	2741
EFM745_01608	953	1002	974	756	868	792
EFM745_01609	506	495	435	1048	1184	1017
EFM745_01610	569	549	540	969	1115	1072
EFM745_01611	8283	7004	6135	3918	4353	4135
EFM745_01612	1144	1199	1057	1092	1414	1160
EFM745_01613	956	872	887	468	562	476
EFM745_01614	2141	2050	1973	9547	11192	9502
EFM745_01619	3	0	0	1	6	0
EFM745_01620	0	1	0	2	4	4
EFM745_01621	120	127	136	722	934	759
EFM745_01622	68	85	78	157	167	175
EFM745_01625	168	147	147	584	627	554
EFM745_01626	2088	2116	1786	9967	12534	11165
EFM745_01627	412	361	322	635	673	647
EFM745_01628	1040	1012	927	1050	1152	1161
EFM745_01629	2100	1973	1811	700	796	830
EFM745_01630	830	823	781	1736	2170	1833
EFM745_01631	1010	815	853	1935	2184	1984
EFM745_01632	915	971	812	1412	1722	1559
EFM745_01633	33003	33114	30876	19716	21572	20322
EFM745_01634	2690	2852	2480	861	953	948
EFM745_01635	4889	4687	4042	2639	3017	2687
EFM745_01636	131	136	143	573	796	644
EFM745_01638	19962	20153	17939	8747	10038	8702
EFM745_01639	2586	2731	2343	2436	2692	2288
EFM745_01640	1073	1011	931	1360	1580	1335
EFM745_01641	368	349	313	81	104	99
EFM745_01642	37683	38406	34126	24973	31475	29241
EFM745_01643	12495	13321	11987	8609	9478	9035
EFM745_01644	2104	2655	2438	1111	1469	1335
EFM745_01645	1966	1847	1884	1314	1557	1527
EFM745_01646	3067	3195	2777	2123	2353	2317
EFM745_01647	600	515	504	725	804	810
EFM745_01648	581	667	561	682	740	630
EFM745_01649	4314	4513	4109	1733	2028	1982
EFM745_01650	1264	1381	1371	611	791	689
EFM745_01651	1070	1000	905	643	834	734
EFM745_01652	1253	1302	1139	1236	1377	1229
EFM745_01653	1755	1706	1519	2590	2897	2561
EFM745_01654	18	13	9	25	15	19
EFM745_01655	526	507	433	1076	1261	1225
EFM745_01656	76	68	56	62	76	75
EFM745_01657	24	11	18	30	21	28
EFM745_01658	14	28	18	11	15	19
EFM745_01659	29	26	22	14	15	16
EFM745_01660	98	116	81	116	108	94
EFM745_01661	101	104	109	123	117	111
EFM745_01662	165	157	127	177	242	231
EFM745_01663	3177	3404	2848	4265	4833	4457
EFM745_01664	3473	3613	3140	3299	3563	3383
EFM745_01665	77	75	93	304	414	343
EFM745_01666	87	72	84	60	63	53
EFM745_01667	103	141	115	78	81	75
EFM745_01668	10	17	22	6	7	6
EFM745_01669	186	195	165	130	184	139
EFM745_01670	379	403	371	376	416	341
EFM745_01671	203	213	239	324	411	354
EFM745_01672	575	564	502	708	864	818
EFM745_01674	3325	3447	3027	983	1063	970
EFM745_01675	2645	2549	2442	6435	6666	6211
EFM745_01676	5195	4509	4016	11081	12070	11635
EFM745_01677	7560	6938	5968	17091	18969	17812
EFM745_01678	1591	1558	1500	1843	2283	2111
EFM745_01679	910	858	860	672	847	786
EFM745_01680	10	14	4	2	3	5
EFM745_01681	11	13	10	5	7	6
EFM745_01682	2	0	2	0	2	0
EFM745_01683	7	5	18	8	8	6
EFM745_01684	9	4	4	1	1	1
EFM745_01685	19	12	10	4	4	4
EFM745_01686	71	62	49	22	24	40
EFM745_01687	179	183	157	122	125	112
EFM745_01688	65	61	67	27	30	27
EFM745_01689	44	55	45	27	32	37
EFM745_01690	3	3	4	1	1	1
EFM745_01691	23	19	22	5	8	1
EFM745_01692	5	7	2	0	1	5
EFM745_01693	51	48	50	18	26	18
EFM745_01694	343	328	300	113	125	114
EFM745_01695	92	110	96	25	44	31
EFM745_01696	4	6	7	3	5	3
EFM745_01697	2982	2995	2736	1690	2104	1917
EFM745_01698	205	203	163	214	294	246
EFM745_01699	376	311	290	634	710	585
EFM745_01700	40	38	36	34	47	39
EFM745_01701	33	33	50	41	41	52
EFM745_01702	192	232	189	374	471	384
EFM745_01703	175	183	145	232	221	356
EFM745_01704	6	7	5	11	17	13
EFM745_01705	13	17	13	10	5	8
EFM745_01706	9	9	8	2	5	7
EFM745_01707	272	288	241	172	186	203
EFM745_01708	402	445	401	519	621	565
EFM745_01709	346	346	336	337	384	337
EFM745_01710	515	464	393	321	325	327
EFM745_01711	387	412	329	389	452	369
EFM745_01712	879	796	756	408	457	427
EFM745_01713	117	122	121	98	115	123
EFM745_01714	707	681	605	496	561	506
EFM745_01715	1261	1442	1339	522	589	497
EFM745_01716	723	741	689	425	561	466
EFM745_01717	14033	13421	11838	10606	11760	10696
EFM745_01718	2160	2100	1972	1787	2124	1955
EFM745_01719	2216	2362	2043	2211	2447	2252
EFM745_01720	2194	2041	1929	2653	3006	2699
EFM745_01721	3265	3341	2975	5691	6706	6292
EFM745_01722	2115	2141	1962	1796	1977	1984
EFM745_01723	1179	1300	1193	1534	1659	1648
EFM745_01725	1929	1667	1554	1326	1577	1377
EFM745_01726	8302	8128	7214	6925	7702	6859
EFM745_01727	818	742	806	780	921	830
EFM745_01728	1830	1982	1789	1791	1990	1826
EFM745_01729	5093	4538	4118	5535	5984	5639
EFM745_01730	1410	1328	1210	1415	1566	1423
EFM745_01731	11732	10559	9696	9197	10600	9742
EFM745_01732	12647	11267	9947	12534	14072	12880
EFM745_01733	6090	5457	5230	7107	7583	7099
EFM745_01734	6602	5307	5234	5368	6143	5621
EFM745_01735	185	184	192	57	78	76
EFM745_01736	168	152	133	24	28	35
EFM745_01737	210	192	172	90	110	104
EFM745_01738	1803	1873	1804	4385	5934	5309
EFM745_01739	372	310	290	335	375	361
EFM745_01740	2349	2238	1863	1166	1327	1257
EFM745_01741	1769	1771	1546	1448	1626	1566
EFM745_01742	423	418	372	155	192	206
EFM745_01743	617	538	520	465	498	448
EFM745_01744	21436	18847	17811	7248	8281	7321
EFM745_01745	106	91	94	142	162	148
EFM745_01746	274	331	255	352	429	368
EFM745_01747	387	432	401	502	623	532
EFM745_01749	646	725	685	2500	2880	2572
EFM745_01750	7781	7462	7206	1769	2219	2286
EFM745_01751	152502	180160	169739	53047	65085	60733
EFM745_01752	70484	66480	61575	33185	39000	36373
EFM745_01753	73633	69655	59479	21097	22606	22004
EFM745_01754	111317	110776	106847	46788	54908	49984
EFM745_01755	0	1	0	1	2	0
EFM745_01756	0	0	0	0	0	0
EFM745_01757	5	3	5	2	4	5
EFM745_01758	1322	1398	1231	2199	2425	2303
EFM745_01759	3533	2658	2737	1468	1982	1763
EFM745_01760	10565	8431	7813	5205	5623	5338
EFM745_01762	1076	1054	973	1451	1591	1411
EFM745_01763	785	940	795	1591	1712	1526
EFM745_01764	1589	1792	1852	1988	2583	2268
EFM745_01765	801	835	706	1055	1124	1094
EFM745_01766	7463	7073	6121	8768	9891	9070
EFM745_01767	1095	1219	1138	1100	1432	1229
EFM745_01768	5849	5957	5807	4354	5266	4756
EFM745_01769	1934	1921	1763	1395	1522	1404
EFM745_01770	5366	4795	4680	3279	3556	3209
EFM745_01771	3223	3315	3312	2439	2831	2253
EFM745_01772	19699	20257	18091	16120	18421	16196
EFM745_01773	13884	14681	11748	8351	10153	8403
EFM745_01774	16586	17685	16368	13356	14902	13193
EFM745_01775	7423	7123	6109	7467	7681	6953
EFM745_01776	1344	1166	1259	1483	1599	1547
EFM745_01777	16193	17034	15313	15012	16178	16007
EFM745_01778	850	690	665	783	779	854
EFM745_01779	468	442	420	513	522	572
EFM745_01780	427	325	322	418	483	458
EFM745_01781	170	167	131	154	188	161
EFM745_01782	646	524	585	149	182	171
EFM745_01785	1036	1244	1090	4428	6119	5926
EFM745_01786	772	753	733	878	1082	956
EFM745_01787	470	553	504	635	706	625
EFM745_01788	159	144	139	123	152	135
EFM745_01789	413	425	399	434	569	590
EFM745_01790	92	101	77	32	31	35
EFM745_01791	97	110	109	37	37	42
EFM745_01792	8267	9119	7530	36780	43129	41041
EFM745_01793	15864	15135	13536	18653	21194	19102
EFM745_01794	3473	3095	2849	2227	2438	2204
EFM745_01795	3836	3476	3132	4249	5083	4636
EFM745_01796	3348	3394	3195	6114	6312	5741
EFM745_01797	1329	1325	1216	1489	1765	1629
EFM745_01798	1199	1168	1022	1376	1539	1304
EFM745_01799	1497	1425	1292	2714	3207	2927
EFM745_01800	934	841	774	2090	2193	2002
EFM745_01801	2192	2199	2111	3878	4767	4180
EFM745_01802	2100	1973	1839	3140	3581	3185
EFM745_01803	2575	3184	2827	4605	5349	4849
EFM745_01804	257	243	237	170	221	206
EFM745_01805	107	103	110	37	68	50
EFM745_01806	8385	8261	8018	9902	10942	10145
EFM745_01807	1673	1672	1527	1860	2342	2326
EFM745_01808	164	161	164	226	244	240
EFM745_01809	1	1	4	0	0	0
EFM745_01810	2258	2089	1731	2448	2454	2357
EFM745_01811	1304	1401	1245	1245	1511	1421
EFM745_01812	4656	4435	4002	6372	7280	6689
EFM745_01813	5399	5458	4824	8108	8890	8167
EFM745_01814	770	785	721	1588	1851	1731
EFM745_01815	5943	5793	4920	15832	17636	16782
EFM745_01816	4277	4210	4067	3779	4487	3878
EFM745_01817	14558	14625	13417	9145	10574	9662
EFM745_01818	9347	9634	8546	16787	19801	18329
EFM745_01819	3691	3759	3350	479	555	451
EFM745_01820	1	1	1	1	0	0
EFM745_01821	458	526	506	369	450	451
EFM745_01822	4100	5290	4204	2265	2610	2480
EFM745_01823	1834	1618	1570	1253	1350	1380
EFM745_01824	1029	970	895	3028	3469	3272
EFM745_01825	1032	1027	925	2934	3447	3160
EFM745_01826	28	20	18	50	37	47
EFM745_01827	128	141	105	78	92	114
EFM745_01828	96	134	111	75	95	86
EFM745_01829	234	217	186	827	979	864
EFM745_01830	348	365	307	743	820	700
EFM745_01831	4619	4312	4031	3010	3235	3196
EFM745_01832	14789	13640	11586	8134	8569	8364
EFM745_01833	453	449	464	214	265	226
EFM745_01834	629	665	637	484	589	568
EFM745_01835	688	620	555	225	202	243
EFM745_01836	48083	53085	49027	38856	49788	43087
EFM745_01837	33468	34267	32386	32595	33043	32144
EFM745_01838	203	215	182	145	174	192
EFM745_01839	2637	2477	2166	3004	3268	2880
EFM745_01840	8276	8434	7281	9513	10236	9215
EFM745_01841	1360	1394	1277	1638	1900	1766
EFM745_01842	915	785	762	888	907	890
EFM745_01843	6732	6438	5498	5623	6364	5656
EFM745_01844	1012	1013	865	640	782	649
EFM745_01845	3065	3132	2789	253	284	287
EFM745_01846	13072	13125	11802	2562	3106	2584
EFM745_01847	1297	1288	1231	374	444	381
EFM745_01848	3397	3508	2903	1267	1574	1343
EFM745_01849	2105	2197	1948	924	1115	1014
EFM745_01850	1661	1426	1300	756	825	812
EFM745_01851	1221	1295	1112	351	406	336
EFM745_01852	2351	2223	2023	778	885	826
EFM745_01853	1426	1150	1032	515	613	540
EFM745_01854	1064	1081	883	465	538	451
EFM745_01855	2884	2691	2525	1352	1593	1302
EFM745_01856	1591	1704	1420	757	812	728
EFM745_01857	1517	1549	1299	453	470	404
EFM745_01858	698	788	616	157	193	167
EFM745_01859	1278	1241	1051	341	395	366
EFM745_01860	786	718	682	264	296	228
EFM745_01861	1176	1230	1020	397	536	428
EFM745_01862	1406	1162	1079	521	619	561
EFM745_01863	931	864	813	466	581	550
EFM745_01864	13	13	19	4	16	15
EFM745_01865	802	741	666	338	384	324
EFM745_01866	1257	1597	1266	736	783	734
EFM745_01867	16	10	11	29	48	44
EFM745_01868	13	9	11	40	55	70
EFM745_01869	16	23	14	25	28	29
EFM745_01870	4	5	8	6	6	6
EFM745_01871	18	21	21	14	22	13
EFM745_01872	5979	6065	5967	1180	1360	1278
EFM745_01873	441	344	321	2526	2885	2582
EFM745_01874	903	717	667	1053	1234	962
EFM745_01875	2906	2749	2583	7805	8733	8346
EFM745_01876	5282	5259	4637	5182	5978	5515
EFM745_01878	652	531	534	236	238	243
EFM745_01879	1254	1350	1170	1482	1756	1601
EFM745_01880	7708	7663	7059	2748	3476	3046
EFM745_01881	28	49	42	51	72	58
EFM745_01882	2141	1996	1576	10567	11628	10694
EFM745_01883	40	48	46	22	40	33
EFM745_01884	112	58	99	80	58	92
EFM745_01886	15733	13445	15392	8195	10204	9682
EFM745_01887	3332	3396	3087	1891	2125	1957
EFM745_01888	1787	1345	1308	1063	1149	1060
EFM745_01889	7082	6462	5915	4050	4307	3934
EFM745_01890	9160	9301	8783	5213	6531	5456
EFM745_01891	482	454	404	463	537	528
EFM745_01892	323	288	295	343	386	400
EFM745_01893	106	79	84	118	156	139
EFM745_01894	1142	1053	988	1480	1655	1521
EFM745_01895	8823	9522	9145	3220	4254	3528
EFM745_01896	2	0	3	2	1	0
EFM745_01897	26	32	30	95	113	93
EFM745_01898	399	421	328	242	274	274
EFM745_01899	129	133	96	140	136	123
EFM745_01900	1652	1825	1528	1651	1803	1747
EFM745_01901	2011	2273	2031	2943	3511	3166
EFM745_01902	39	29	42	43	52	53
EFM745_01903	88	90	91	153	140	122
EFM745_01904	12	12	14	39	37	31
EFM745_01905	4	7	7	13	16	16
EFM745_01906	24	32	36	116	89	97
EFM745_01907	40	31	34	39	49	69
EFM745_01908	16	24	20	19	24	24
EFM745_01909	2015	2095	1899	1813	2372	2058
EFM745_01910	215	264	221	119	156	164
EFM745_01911	2	4	3	1	3	1
EFM745_01912	1	0	0	0	0	0
EFM745_01913	2	2	1	1	4	0
EFM745_01914	0	0	1	0	0	0
EFM745_01915	3	1	5	7	2	0
EFM745_01916	274	305	268	74	84	69
EFM745_01917	110	102	93	430	545	422
EFM745_01918	9	36	27	8	19	4
EFM745_01919	3350	3218	2890	3488	4167	3751
EFM745_01920	12	20	11	5	9	3
EFM745_01921	17	27	20	9	14	8
EFM745_01922	56	58	61	53	50	56
EFM745_01923	225	250	229	182	221	213
EFM745_01924	549	490	581	128	171	149
EFM745_01925	303	246	252	721	887	778
EFM745_01926	0	0	0	1	1	0
EFM745_01927	68	93	79	53	85	50
EFM745_01928	937	921	811	304	349	286
EFM745_01929	2748	2580	2466	5771	6329	5842
EFM745_01930	873	978	839	1640	1960	1711
EFM745_01931	1690	1399	1276	1459	1806	1678
EFM745_01932	851	796	710	759	866	842
EFM745_01933	5437	5154	4670	5326	6691	5862
EFM745_01934	477	454	378	288	324	315
EFM745_01935	462	438	382	278	358	337
EFM745_01936	630	619	527	752	848	797
EFM745_01937	17599	20583	22665	4115	4402	4299
EFM745_01938	4403	3426	3588	443	631	544
EFM745_01939	392	448	371	336	341	319
EFM745_01940	1011	1267	1257	629	727	639
EFM745_01941	2931	2766	2544	2087	2289	2127
EFM745_01943	15623	19862	18516	3850	5354	4372
EFM745_01944	292	247	240	65	87	69
EFM745_01945	21	8	19	11	20	15
EFM745_01946	2	0	1	0	0	0
EFM745_01947	1	1	0	3	2	0
EFM745_01948	0	0	0	1	1	1
EFM745_01949	40	34	38	28	39	32
EFM745_01951	0	0	0	1	0	0
EFM745_01953	58	33	36	19	40	29
EFM745_01954	9	11	10	6	3	2
EFM745_01955	0	1	0	0	0	1
EFM745_01956	1	3	2	4	3	2
EFM745_01957	1	1	0	0	0	0
EFM745_01959	0	0	0	0	0	0
EFM745_01961	4	9	10	5	2	3
EFM745_01962	1042	964	951	1672	1902	1693
EFM745_01963	391	341	331	784	864	772
EFM745_01964	9	16	14	5	7	4
EFM745_01965	42	64	51	21	20	20
EFM745_01966	0	0	0	0	2	0
EFM745_01967	32	37	41	13	21	10
EFM745_01968	19	7	7	5	3	6
EFM745_01969	16	15	11	5	7	6
EFM745_01970	41	73	55	18	19	17
EFM745_01971	126	138	133	54	64	59
EFM745_01972	56	54	54	35	56	40
EFM745_01973	71	84	50	31	40	42
EFM745_01974	708	753	730	48	64	73
EFM745_01975	490	492	419	101	120	116
EFM745_01976	1102	1051	969	216	226	247
EFM745_01977	3095	2665	2506	1604	1629	1476
EFM745_01978	156	164	136	97	127	102
EFM745_01979	30	44	25	30	37	34
EFM745_01980	17	12	10	9	6	7
EFM745_01981	34	27	26	26	25	30
EFM745_01982	37	33	28	11	21	18
EFM745_01983	23	23	19	19	17	20
EFM745_01984	16	16	13	25	26	27
EFM745_01985	10	11	8	8	14	16
EFM745_01986	13	22	9	10	6	12
EFM745_01987	61	62	44	36	59	38
EFM745_01988	45	37	38	26	30	34
EFM745_01989	0	0	1	0	1	0
EFM745_01990	0	0	0	0	0	0
EFM745_01991	520	633	593	1366	1706	1584
EFM745_01992	9	11	5	7	7	6
EFM745_01993	1	2	1	3	2	3
EFM745_01995	72	58	69	51	64	65
EFM745_01996	70	76	62	69	72	45
EFM745_01997	719	737	670	1054	1242	1162
EFM745_01998	65	74	74	133	159	165
EFM745_01999	72	69	67	43	41	43
EFM745_02000	14	8	10	11	6	7
EFM745_02001	18	22	26	11	15	7
EFM745_02002	12	20	20	7	12	14
EFM745_02003	62	55	51	41	44	39
EFM745_02004	75	54	68	41	54	47
EFM745_02005	1	0	1	0	0	0
EFM745_02006	837	843	820	286	355	319
EFM745_02007	67	81	64	30	36	44
EFM745_02008	325	217	202	197	232	173
EFM745_02009	144	123	115	129	153	138
EFM745_02010	306	359	257	321	385	389
EFM745_02011	308	315	267	315	331	300
EFM745_02012	0	0	0	0	0	0
EFM745_02013	21	20	22	8	10	13
EFM745_02014	9	9	8	4	8	2
EFM745_02015	10	20	11	20	18	25
EFM745_02016	3617	3495	2971	415	550	469
EFM745_02017	2192	2294	1986	492	543	496
EFM745_02018	974	1000	936	983	1178	1077
EFM745_02019	196	162	141	3207	2972	3306
EFM745_02020	11	21	16	33	54	46
EFM745_02021	1	2	4	5	4	2
EFM745_02023	3	1	2	4	3	2
EFM745_02024	136	139	139	134	147	151
EFM745_02026	1666	1630	1465	720	903	849
EFM745_02027	441	411	341	157	216	164
EFM745_02028	1343	1227	1221	1086	1220	1197
EFM745_02029	1513	1517	1427	1629	1875	1708
EFM745_02030	101	87	82	55	57	67
EFM745_02031	116	136	121	89	115	134
EFM745_02032	9302	9664	8873	12187	14120	13413
EFM745_02033	1624	1492	1418	990	1213	1034
EFM745_02034	651	702	635	793	933	854
EFM745_02035	715	702	584	875	1067	969
EFM745_02036	1206	1008	1019	1293	1514	1319
EFM745_02037	4860	4692	4163	6362	7780	6803
EFM745_02038	19966	22848	21106	18767	22169	19845
EFM745_02039	6	7	12	5	2	6
EFM745_02040	35	29	33	65	77	79
EFM745_02041	0	0	0	0	0	0
EFM745_02042	2	15	9	3	4	4
EFM745_02043	213	273	297	171	230	179
EFM745_02044	669	799	831	6954	7140	6687
EFM745_02045	7	14	16	13	13	13
EFM745_02046	1183	1352	979	8515	8211	7097
EFM745_02047	2460	2392	2164	1050	1199	1112
EFM745_02048	716	742	760	655	807	724
EFM745_02049	8	11	7	8	12	6
EFM745_02050	110	119	118	238	283	242
EFM745_02051	174	188	150	466	550	514
EFM745_02052	0	0	1	0	1	0
EFM745_02053	41	47	38	50	59	55
EFM745_02054	5491	5257	4923	11360	13369	11681
EFM745_02056	539	544	526	228	229	222
EFM745_02057	1935	2064	1801	3020	3080	3110
EFM745_02058	955	1189	994	866	1054	888
EFM745_02059	228	232	208	213	215	225
EFM745_02060	1153	1226	1038	941	951	909
EFM745_02061	269	291	283	1848	1985	1643
EFM745_02062	381	372	335	1097	1291	1186
EFM745_02063	381	250	232	1119	1185	1244
EFM745_02064	25	18	25	37	41	44
EFM745_02065	533	565	516	2286	2512	2311
EFM745_02066	1210	1194	1123	4964	5470	5245
EFM745_02067	350	410	342	1291	1623	1554
EFM745_02068	448	486	440	1524	1967	1684
EFM745_02069	474	495	383	1969	2144	2050
EFM745_02070	88	59	74	279	300	327
EFM745_02071	30	24	21	74	103	87
EFM745_02072	52	46	29	125	132	121
EFM745_02073	344	370	293	861	873	864
EFM745_02074	92	81	84	205	248	217
EFM745_02075	78	106	89	181	231	231
EFM745_02076	0	0	0	0	0	0
EFM745_02077	0	0	0	1	0	1
EFM745_02078	406	398	388	1183	1496	1392
EFM745_02079	0	2	0	3	5	3
EFM745_02080	830	952	861	1256	1606	1555
EFM745_02081	487	454	431	1854	1996	2003
EFM745_02082	906	883	771	874	1045	843
EFM745_02083	80	77	67	63	68	58
EFM745_02084	62	45	42	67	47	53
EFM745_02085	81	97	85	63	83	86
EFM745_02086	127	109	91	103	115	126
EFM745_02087	303	302	268	360	385	377
EFM745_02088	240	296	235	217	284	268
EFM745_02089	252	259	225	184	252	257
EFM745_02090	659	692	608	677	790	743
EFM745_02091	17	14	7	15	12	19
EFM745_02092	71	123	100	69	75	101
EFM745_02093	13	15	16	7	16	13
EFM745_02094	82	92	75	74	73	94
EFM745_02095	154	126	118	131	156	145
EFM745_02096	202	182	163	197	261	278
EFM745_02097	524	338	340	291	356	331
EFM745_02098	116	84	84	56	81	77
EFM745_02099	607	599	516	495	599	582
EFM745_02100	0	0	0	0	0	0
EFM745_02101	0	0	0	0	0	0
EFM745_02102	0	0	0	0	0	0
EFM745_02103	21	24	13	7	20	21
EFM745_02104	14	6	9	15	15	15
EFM745_02105	17	8	12	10	13	12
EFM745_02106	20	16	16	23	22	20
EFM745_02107	225	259	204	163	195	162
EFM745_02108	5	5	3	0	1	1
EFM745_02109	1	0	1	0	0	0
EFM745_02110	57	60	58	19	25	19
EFM745_02111	6	8	6	9	10	8
EFM745_02112	72	82	66	29	34	35
EFM745_02113	4	1	2	1	2	0
EFM745_02114	17167	18474	15737	6194	7226	6854
EFM745_02115	335	314	300	2145	1935	1858
EFM745_02116	1594	2008	2050	194	256	224
EFM745_02117	2274	2161	1972	260	337	289
EFM745_02118	569	564	523	6184	7494	7001
EFM745_02119	323	334	302	400	481	394
EFM745_02120	106	103	112	156	193	202
EFM745_02121	196	206	191	252	312	259
EFM745_02122	741	666	620	283	340	316
EFM745_02123	698	580	548	271	327	279
EFM745_02124	1579	1321	1080	275	358	316
EFM745_02125	8323	7050	6331	1501	1871	1547
EFM745_02126	1880	1570	1625	936	1119	883
EFM745_02127	178	187	147	327	364	304
EFM745_02128	710	636	622	1528	1736	1604
EFM745_02129	1019	1209	1307	4994	6483	5176
EFM745_02130	5430	5427	4763	4231	4457	4588
EFM745_02131	7448	7711	6220	5304	5422	5577
EFM745_02132	2144	2175	1800	1152	1267	1244
EFM745_02133	1280	1351	1330	266	283	244
EFM745_02134	778	736	819	185	210	190
EFM745_02135	2266	2122	1752	369	461	382
EFM745_02136	5247	4972	4437	1111	1298	1116
EFM745_02137	758	708	619	228	265	260
EFM745_02138	7024	7848	6700	3505	3854	4257
EFM745_02139	4378	3904	3373	1003	1099	1139
EFM745_02140	1241	1014	992	185	217	196
EFM745_02141	14901	15623	13169	100196	117617	110288
EFM745_02142	42	40	35	17	28	28
EFM745_02143	0	0	0	1	1	0
EFM745_02144	65	50	55	23	44	48
EFM745_02145	1585	1664	1548	1309	1445	1398
EFM745_02146	51528	55989	52729	6417	7558	6600
EFM745_02147	63814	60543	53656	11154	12373	11290
EFM745_02148	8077	7427	6271	2235	2764	2410
EFM745_02149	4724	3883	3741	3322	3826	3397
EFM745_02150	3295	3399	3092	1127	1301	1178
EFM745_02151	1016	1046	1080	410	532	481
EFM745_02152	5816	5044	4745	2947	3488	3054
EFM745_02153	15635	13604	11968	8353	9104	8314
EFM745_02154	12141	11871	10748	7249	8342	7484
EFM745_02155	5750	6300	5905	1221	1429	1298
EFM745_02156	15067	15335	14209	3869	4316	3982
EFM745_02157	2992	2694	2586	727	967	876
EFM745_02158	5475	4629	4006	1331	1443	1476
EFM745_02159	24039	22175	21223	9617	10712	10147
EFM745_02160	7603	8416	6641	4716	5668	5377
EFM745_02161	223	225	185	900	1047	976
EFM745_02162	797	757	685	3794	4086	3855
EFM745_02163	346	378	332	1660	1913	1711
EFM745_02164	1056	871	785	283	336	346
EFM745_02165	1748	1618	1514	345	418	449
EFM745_02166	1094	1018	1023	5262	6171	5377
EFM745_02167	638	562	555	4336	4820	4408
EFM745_02168	66	69	76	395	433	404
EFM745_02169	96	133	107	381	438	405
EFM745_02170	65	72	67	49	41	47
EFM745_02171	257	302	254	288	361	329
EFM745_02172	547	637	546	519	570	590
EFM745_02173	189	189	162	1625	1548	1744
EFM745_02174	141	108	107	52	69	85
EFM745_02175	1006	841	719	812	989	845
EFM745_02176	6888	7407	6707	1273	1443	1410
EFM745_02177	7021	6917	6456	1361	1396	1345
EFM745_02178	37808	39978	35305	12022	13527	12435
EFM745_02179	8377	6752	6072	1914	2138	1989
EFM745_02180	12	11	11	1	5	2
EFM745_02181	21120	19871	18052	9022	10613	9376
EFM745_02182	30277	30783	29208	12133	13541	13283
EFM745_02183	2615	2579	2315	3974	4401	4107
EFM745_02184	4608	4269	3830	7023	8216	7507
EFM745_02185	8619	8350	7943	2873	3403	3038
EFM745_02186	8802	9362	7947	3500	3937	3466
EFM745_02187	2813	2806	2493	3357	3540	3358
EFM745_02188	4723	4918	4366	5155	5765	5254
EFM745_02189	2318	2434	2306	2395	2954	2664
EFM745_02190	31	33	35	43	41	56
EFM745_02191	40	43	45	58	69	65
EFM745_02192	163	155	166	370	460	372
EFM745_02193	8	4	3	10	9	11
EFM745_02194	129	114	103	149	162	153
EFM745_02195	30	21	30	204	203	246
EFM745_02196	31	29	25	227	279	237
EFM745_02197	34	40	26	112	112	123
EFM745_02198	1528	1519	1261	2341	2526	2423
EFM745_02199	7746	6638	6284	4924	5503	5056
EFM745_02200	3386	2704	2565	4797	5903	5415
EFM745_02201	8915	7669	6958	12415	12971	12044
EFM745_02202	11006	9466	8335	13220	15393	14364
EFM745_02203	20829	20879	19195	7104	8339	8701
EFM745_02205	849	730	747	816	946	820
EFM745_02206	2885	2607	2363	4633	5206	4844
EFM745_02207	1084	1022	955	1608	2119	1881
EFM745_02208	972	970	909	369	386	372
EFM745_02209	45585	46878	41952	8392	9887	9100
EFM745_02210	25711	25572	22158	18694	21832	21388
EFM745_02211	4930	4662	4231	2182	2481	2266
EFM745_02212	781	691	645	4715	5119	4860
EFM745_02213	50	54	42	1407	1474	1370
EFM745_02214	17	18	18	245	207	250
EFM745_02215	11982	12465	10078	213	257	246
EFM745_02216	17722	22182	16733	197	281	290
EFM745_02217	17403	17737	16630	306	372	336
EFM745_02218	1865	1867	1680	1060	1299	1139
EFM745_02219	6052	5899	5304	3504	3940	3715
EFM745_02220	5910	4944	4584	3059	3402	3130
EFM745_02221	3312	2576	2289	1224	1626	1414
EFM745_02222	5723	4867	4628	2754	3518	3127
EFM745_02223	9930	8279	7872	7230	8221	7481
EFM745_02224	18510	16062	13740	12690	14447	14002
EFM745_02225	5651	5531	4858	901	972	927
EFM745_02226	101	92	123	24	26	28
EFM745_02227	1535	1363	1397	513	611	580
EFM745_02228	338	286	242	516	615	622
EFM745_02229	169	210	153	104	106	105
EFM745_02230	89	71	62	88	87	76
EFM745_02231	91	80	83	117	129	113
EFM745_02233	2127	2085	1848	510	592	554
EFM745_02234	2433	2167	2033	749	958	859
EFM745_02235	3687	3474	2949	1230	1393	1197
EFM745_02236	3058	3038	2762	1061	1265	1179
EFM745_02237	4179	3661	3420	1214	1469	1235
EFM745_02238	788	851	792	238	278	253
EFM745_02239	2317	2666	2222	715	845	742
EFM745_02240	408	405	420	173	209	212
EFM745_02241	39	43	37	49	56	46
EFM745_02242	43	67	59	83	92	106
EFM745_02243	109	120	110	49	46	49
EFM745_02244	71	71	75	36	31	41
EFM745_02245	22	21	30	13	29	22
EFM745_02246	44	50	41	65	66	77
EFM745_02247	88	84	75	78	83	79
EFM745_02248	34	25	26	26	32	28
EFM745_02249	861	883	810	568	756	669
EFM745_02250	594	545	530	359	405	385
EFM745_02251	1311	1416	1205	767	835	759
EFM745_02252	1080	1104	932	522	552	478
EFM745_02253	1511	1537	1358	578	626	650
EFM745_02254	34720	33970	30952	7717	8818	7917
EFM745_02255	824	756	747	75	97	71
EFM745_02256	1357	1260	1097	1472	1762	1370
EFM745_02257	1108	944	838	2099	2277	2126
EFM745_02258	3888	3900	3390	2653	2930	2826
EFM745_02259	1921	2124	1697	1294	1516	1362
EFM745_02260	1900	1712	1515	1068	1304	1129
EFM745_02261	13948	14498	13348	5259	6185	5447
EFM745_02262	2456	2782	2473	2999	3752	3213
EFM745_02263	6831	7194	5983	10415	12720	11578
EFM745_02264	5584	5700	5025	4824	5761	4980
EFM745_02265	2034	1896	1728	2812	2918	2673
EFM745_02266	584	499	454	783	818	700
EFM745_02267	2244	2204	2129	11207	12097	10247
EFM745_02268	1046	1029	983	2186	2556	2253
EFM745_02269	3626	4059	3721	6107	7284	6560
EFM745_02270	4534	4527	4068	8021	9058	8531
EFM745_02271	2702	2939	2359	5607	6365	5963
EFM745_02272	0	0	0	0	0	0
EFM745_02273	451	463	432	403	415	337
EFM745_02274	463	489	439	393	482	407
EFM745_02275	922	983	856	1103	1233	1192
EFM745_02276	2446	2524	2086	592	684	730
EFM745_02277	543	509	476	193	220	192
EFM745_02278	1096	1170	1027	352	461	409
EFM745_02279	3557	3476	3239	2061	2182	2191
EFM745_02280	652	720	650	722	944	858
EFM745_02281	1037	956	868	1585	1551	1528
EFM745_02282	1579	1546	1462	2206	2589	2183
EFM745_02283	7919	7911	7009	4341	5024	4507
EFM745_02284	87	79	94	21	30	26
EFM745_02285	2	2	1	3	5	1
EFM745_02286	4	11	8	4	6	2
EFM745_02287	519	608	494	1835	2071	1982
EFM745_02288	183	227	190	280	311	269
EFM745_02289	456	390	376	8493	9753	9019
EFM745_02290	31	15	21	10	6	10
EFM745_02291	50	27	41	33	31	32
EFM745_02292	5	6	5	3	9	4
EFM745_02293	11	15	9	9	7	1
EFM745_02294	37	33	29	24	28	25
EFM745_02295	0	0	0	0	0	0
EFM745_02296	25	20	18	26	21	23
EFM745_02297	45	65	52	40	45	37
EFM745_02299	1439	1641	1529	205	281	258
EFM745_02300	722	495	391	2436	2668	2576
EFM745_02301	60	55	48	158	202	169
EFM745_02302	56	59	62	152	164	164
EFM745_02303	295	332	313	618	728	682
EFM745_02304	9	9	10	9	10	8
EFM745_02305	226	276	252	34	40	33
EFM745_02306	56	56	70	54	41	52
EFM745_02307	96	91	85	112	126	127
EFM745_02308	319	273	260	414	407	439
EFM745_02309	356	357	350	155	182	185
EFM745_02310	13	6	4	17	21	17
EFM745_02311	2	3	1	9	13	16
EFM745_02312	0	0	0	3	5	1
EFM745_02313	3	1	4	2	1	0
EFM745_02314	2	2	0	1	3	0
EFM745_02315	3	4	3	2	2	2
EFM745_02316	2	3	4	2	3	1
EFM745_02317	1	4	2	1	1	1
EFM745_02318	5	0	1	1	0	0
EFM745_02319	6	2	3	2	5	2
EFM745_02320	21	19	15	16	15	13
EFM745_02321	18	19	20	7	7	12
EFM745_02322	242	272	309	274	363	304
EFM745_02324	15516	19166	18333	8212	12037	10265
EFM745_02325	23	19	24	10	30	22
EFM745_02326	173	187	168	267	317	303
EFM745_02327	301	282	276	306	366	376
EFM745_02328	158	191	197	212	260	222
EFM745_02329	198	154	174	286	254	256
EFM745_02331	70	86	85	2238	2316	2227
EFM745_02332	101	100	78	1617	1742	1701
EFM745_02333	52	52	44	6753	7231	7077
EFM745_02334	42	41	35	4353	4556	4448
EFM745_02335	9	4	6	422	465	397
EFM745_02336	65	56	57	6771	6691	6280
EFM745_02337	168	147	98	19617	17825	17983
EFM745_02338	523	423	450	4721	4525	4394
EFM745_02339	47	33	31	517	581	548
EFM745_02340	1708	1580	1401	27463	26775	25339
EFM745_02341	241	276	264	2632	2810	2762
EFM745_02342	144	205	167	21	22	24
EFM745_02343	60	69	64	14	31	27
EFM745_02344	151	131	132	89	81	76
EFM745_02345	35	25	33	32	52	27
EFM745_02346	1753	1596	1474	13008	12650	12310
EFM745_02347	669	535	406	5040	4691	4797
EFM745_02348	1271	1518	1314	10166	11533	10221
EFM745_02349	158	143	167	1183	1183	1153
EFM745_02350	0	1	0	0	0	0
EFM745_02351	78	55	78	97	117	95
EFM745_02352	100	110	118	162	213	178
EFM745_02353	64	78	65	12	28	27
EFM745_02354	48	55	44	30	29	18
EFM745_02355	5672	5653	4753	541	615	580
EFM745_02356	375	392	321	91	102	89
EFM745_02357	704	603	491	129	121	106
EFM745_02358	3859	4134	3512	1022	1096	1062
EFM745_02359	233	275	304	47	65	59
EFM745_02361	1051	960	882	711	855	784
EFM745_02362	200	207	194	212	237	232
EFM745_02363	66952	65405	58931	86257	98480	87584
EFM745_02364	849	938	854	723	902	843
EFM745_02365	577	633	595	806	963	886
EFM745_02366	330	317	291	117	110	123
EFM745_02367	19210	21794	18009	686	796	685
EFM745_02368	5884	6735	5745	134	195	195
EFM745_02369	189	238	188	120	143	174
EFM745_02370	164	210	190	45	42	47
EFM745_02371	227	233	188	55	52	61
EFM745_02372	396	406	361	94	99	71
EFM745_02373	296	323	306	143	186	167
EFM745_02374	988	888	824	154	175	149
EFM745_02375	1126	1199	1019	656	771	695
EFM745_02376	106	137	94	255	267	236
EFM745_02377	69	78	60	87	95	79
EFM745_02378	190	203	199	521	726	626
EFM745_02379	23	17	18	66	73	93
EFM745_02380	91	73	63	896	949	1231
EFM745_02381	84	73	75	94	114	124
EFM745_02382	23	33	33	21	15	19
EFM745_02383	39	42	36	7	14	11
EFM745_02384	7225	7901	7204	1175	1355	1325
EFM745_02385	2965	2854	2677	2248	2454	2265
EFM745_02386	6645	6611	5631	5368	6280	5844
EFM745_02387	2273	2078	1971	4166	4476	3541
EFM745_02388	772	749	660	1670	2004	1493
EFM745_02389	440	348	276	958	1192	994
EFM745_02390	285	327	311	128	178	150
EFM745_02391	995	958	890	811	894	840
EFM745_02392	816	841	799	697	758	709
EFM745_02393	966	983	896	43	57	47
EFM745_02394	3566	3787	3557	345	423	366
EFM745_02395	5775	5886	5546	480	626	545
EFM745_02396	2016	1975	2128	230	307	260
EFM745_02397	2036	2210	1991	1845	2100	2019
EFM745_02398	3189	3367	3262	3602	3958	3460
EFM745_02399	626	725	624	171	200	212
EFM745_02400	965	993	812	236	283	299
EFM745_02401	1124	1055	1050	369	426	350
EFM745_02402	3044	3872	3339	409	476	453
EFM745_02403	443	384	411	38	43	45
EFM745_02404	7021	6891	6853	998	1194	1049
EFM745_02405	4363	4566	4026	563	650	534
EFM745_02406	1742	1984	1490	936	1044	1000
EFM745_02407	5036	5347	4879	4766	5316	4808
EFM745_02408	2269	2308	2016	4436	4962	4596
EFM745_02409	875	807	737	2952	3683	3205
EFM745_02410	1342	1252	1097	3640	4127	4074
EFM745_02411	2269	2513	2088	3809	4861	4295
EFM745_02412	1589	1464	1387	4072	4607	4290
EFM745_02413	365	378	320	1227	1495	1338
EFM745_02414	523	531	436	21274	21936	20830
EFM745_02415	342	355	318	555	594	543
EFM745_02416	287	300	292	344	466	448
EFM745_02417	241	270	194	21	22	21
EFM745_02418	65	70	50	6	4	3
EFM745_02419	243	258	224	291	317	293
EFM745_02420	70	62	76	12	15	16
EFM745_02421	25	23	28	6	16	12
EFM745_02422	168	149	140	70	67	73
EFM745_02423	73	69	85	54	51	38
EFM745_02424	101	133	121	55	71	58
EFM745_02425	312	297	258	159	221	185
EFM745_02426	499	593	590	93	113	107
EFM745_02427	3506	3458	3148	787	1035	807
EFM745_02428	4368	4071	3990	1328	1468	1419
EFM745_02429	185	188	149	4024	3999	4664
EFM745_02430	21	24	12	93	116	155
EFM745_02431	57	61	53	130	104	139
EFM745_02432	164	154	135	78	79	69
EFM745_02433	35	37	36	9	16	18
EFM745_02434	5	5	8	2	4	3
EFM745_02435	1	0	0	0	0	0
EFM745_02436	4601	4583	4251	5818	7495	6546
EFM745_02437	45	52	48	101	142	131
EFM745_02438	301	308	310	493	627	548
EFM745_02439	994	730	684	187	249	183
EFM745_02440	7211	6317	5992	1668	1891	1711
EFM745_02441	2112	1827	1633	2576	2562	2576
EFM745_02442	4886	4773	3965	2705	3555	3121
EFM745_02443	902	858	740	420	565	539
EFM745_02444	863	1024	897	3858	4408	4315
EFM745_02445	542	509	470	2427	2812	2770
EFM745_02446	1116	1146	1078	7377	8754	8278
EFM745_02447	576	638	562	566	722	614
EFM745_02448	1	2	2	4	3	4
EFM745_02449	7211	6877	6152	8987	10074	9736
EFM745_02450	4172	4143	3776	3928	3933	3662
EFM745_02451	2424	2424	2124	2268	2284	2214
EFM745_02452	1436	1615	1261	1381	1621	1440
EFM745_02453	1100	1021	898	1862	2108	2586
EFM745_02454	1027	997	918	1368	1668	2023
EFM745_02455	594	540	505	1014	1200	1368
EFM745_02456	306	248	209	544	486	700
EFM745_02457	348	406	376	1025	1032	1279
EFM745_02458	3433	3367	3094	7494	8337	10845
EFM745_02459	1028	1064	937	2380	2861	3870
EFM745_02460	747	796	704	1701	1893	2610
EFM745_02461	626	656	615	1276	1478	2051
EFM745_02462	864	840	778	1339	1619	2189
EFM745_02463	520	567	471	1208	1371	1855
EFM745_02465	4035	4602	3983	4512	4936	4589
EFM745_02466	1348	1279	1108	1627	1864	1753
EFM745_02467	559	695	668	836	940	829
EFM745_02468	1747	1547	1283	1902	2042	2096
EFM745_02469	2169	1933	1831	20204	24925	21173
EFM745_02470	1734	1753	1655	3365	3795	3342
EFM745_02471	1760	1695	1425	1360	1629	1500
EFM745_02472	546	493	421	394	402	387
EFM745_02473	1823	1843	1615	1489	1792	1659
EFM745_02474	1641	1743	1515	1691	2089	1943
EFM745_02475	24980	25300	23155	4589	5518	5020
EFM745_02476	197	199	196	259	272	263
EFM745_02477	13010	12685	11420	5854	6736	6171
EFM745_02478	2206	2358	2130	1858	2247	2074
EFM745_02479	33	46	42	59	90	83
EFM745_02480	106	124	71	50	44	44
EFM745_02481	34	34	35	31	30	31
EFM745_02482	59	80	70	45	58	48
EFM745_02483	17	23	12	25	23	18
EFM745_02484	1150	1052	948	791	875	806
EFM745_02485	7763	7883	7087	7384	8270	7435
EFM745_02486	8719	8584	7765	4927	5649	5127
EFM745_02488	5662	7144	6576	4140	5097	4749
EFM745_02489	884	922	748	391	456	477
EFM745_02490	1005	981	987	251	347	310
EFM745_02491	12737	12023	10495	4973	6018	5391
EFM745_02492	0	0	0	0	0	0
EFM745_02493	103	126	107	21	26	22
EFM745_02494	2022	1769	1549	2147	2357	2218
EFM745_02495	1590	1716	1502	1026	1215	1040
EFM745_02496	304	312	283	349	433	356
EFM745_02497	119	146	123	179	205	150
EFM745_02498	964	931	738	4382	4634	4362
EFM745_02499	5953	5970	5086	8218	8728	8704
EFM745_02500	1515	1508	1629	1043	1184	997
EFM745_02501	4615	4656	3774	12426	13954	12933
EFM745_02502	1032	925	896	242	274	309
EFM745_02503	215	257	265	204	286	260
EFM745_02504	32619	28955	26293	67341	75403	72597
EFM745_02505	1287	1635	1723	1145	1546	1206
EFM745_02506	2677	2496	2411	1947	2366	2036
EFM745_02507	363	327	359	3153	3716	3673
EFM745_02508	8048	7095	6744	1187	1427	1314
EFM745_02509	19262	18287	16005	3983	4459	4241
EFM745_02510	1177	1059	989	1869	1813	1675
EFM745_02511	1648	1555	1348	1453	1732	1590
EFM745_02512	2242	2156	1945	1015	1148	1129
EFM745_02513	4809	4217	3849	8553	9622	8873
EFM745_02514	15451	12285	11076	4431	5091	4831
EFM745_02515	4379	4616	4072	26285	29349	27660
EFM745_02516	3148	2990	2704	573	663	554
EFM745_02517	22	22	22	27	19	29
EFM745_02518	974	1029	863	716	846	742
EFM745_02519	4064	3505	2934	673	800	743
EFM745_02520	9101	8544	7860	724	888	737
EFM745_02521	13163	15208	13167	849	1143	931
EFM745_02522	5577	5887	5292	3662	3966	3834
EFM745_02523	1075	1100	1104	325	387	405
EFM745_02524	2011	1981	1847	989	1074	976
EFM745_02525	369	367	354	218	268	196
EFM745_02526	4462	4375	3910	2102	2363	2105
EFM745_02527	1323	1507	1318	393	476	387
EFM745_02528	1430	1348	1289	893	1058	1044
EFM745_02529	982	862	848	489	603	538
EFM745_02530	7067	6156	5339	4492	4666	4547
EFM745_02531	4247	4576	4097	3417	3996	3870
EFM745_02532	4950	4530	4305	1103	1335	1261
EFM745_02533	15706	15196	13519	3487	3990	3536
EFM745_02534	6534	6678	5938	750	868	738
EFM745_02535	3606	3536	3414	4925	5914	5130
EFM745_02536	9234	9404	8500	10716	11775	11257
EFM745_02537	7942	8330	7294	9296	10778	10041
EFM745_02538	1	2	2	1	0	1
EFM745_02539	2157	2136	2288	963	1248	1099
EFM745_02540	5199	5789	5150	2159	2671	2353
EFM745_02541	477	653	574	86	113	110
EFM745_02542	459	485	465	859	964	925
EFM745_02543	358	411	349	502	577	589
EFM745_02544	535	515	478	314	327	350
EFM745_02545	997	845	786	4565	4985	4678
EFM745_02547	949	742	613	577	625	667
EFM745_02548	175	133	119	24143	30827	25087
EFM745_02549	702	562	426	1198	1332	1216
EFM745_02550	1311	1252	1121	2261	2579	2401
EFM745_02551	34	51	51	51	62	57
EFM745_02552	210	185	174	1737	2004	1795
EFM745_02553	72	69	55	676	733	715
EFM745_02554	246	279	216	1594	1497	1523
EFM745_02555	1566	1825	1595	3590	4970	4420
EFM745_02557	189	176	165	234	285	248
EFM745_02558	2824	2758	2478	6379	8268	7392
EFM745_02559	1398	1272	1134	584	697	568
EFM745_02560	1725	1809	1632	1354	1628	1424
EFM745_02561	2457	2407	2220	2761	3153	3049
EFM745_02562	1533	1876	1708	1278	1709	1417
EFM745_02563	838	761	742	1111	1346	1221
EFM745_02564	1472	1649	1706	383	547	453
EFM745_02565	5089	5597	4899	919	1045	960
EFM745_02566	700	761	708	270	330	335
EFM745_02567	959	871	812	289	304	309
EFM745_02568	10518	11410	10524	1417	2054	1931
EFM745_02569	1385	1344	1257	1653	1844	1647
EFM745_02570	370	405	362	901	1087	916
EFM745_02571	662	596	567	366	488	439
EFM745_02572	333	319	291	149	180	166
EFM745_02573	186	156	173	92	102	85
EFM745_02574	81	67	73	34	33	42
EFM745_02575	3241	3148	2812	2051	2361	2261
EFM745_02576	813	819	774	619	755	652
EFM745_02577	1364	1442	1237	755	878	809
EFM745_02578	2499	2565	2158	2579	3005	2823
EFM745_02579	2062	1862	1714	1862	2221	1998
EFM745_02580	4527	4602	4189	3750	4131	3772
EFM745_02581	26177	22609	20966	16417	19278	16898
EFM745_02582	6978	6863	6055	4146	4675	4213
EFM745_02583	1338	1368	1147	878	1113	1008
EFM745_02584	3552	3468	3200	1733	1922	1893
EFM745_02585	26140	26745	24599	7392	8554	7666
EFM745_02586	1588	1404	1215	697	808	763
EFM745_02587	505	474	498	340	404	321
EFM745_02588	11667	10892	9546	4381	4977	4077
EFM745_02589	13867	13417	12134	5012	5473	4865
EFM745_02590	5536	5726	4790	1516	1679	1543
EFM745_02591	8764	9524	8120	1970	2295	2090
EFM745_02592	553	454	446	497	586	540
EFM745_02593	3213	2679	2636	2319	3048	2504
EFM745_02594	20	13	13	11	27	22
EFM745_02595	12	10	8	9	9	8
EFM745_02596	11	3	11	3	3	1
EFM745_02597	37	38	36	20	20	29
EFM745_02598	40	49	43	38	36	44
EFM745_02599	86	78	74	34	35	28
EFM745_02600	1322	1274	1056	51336	61292	69095
EFM745_02601	373	213	216	63769	73165	81470
EFM745_02602	320	190	162	55799	61743	68442
EFM745_02603	84	48	56	13612	14160	15734
EFM745_02604	205	127	119	38467	45304	48023
EFM745_02605	180	109	80	42071	47990	51183
EFM745_02606	402	191	156	95158	108160	109694
EFM745_02607	103	34	38	27183	30336	30577
EFM745_02608	18	12	6	6478	7059	6936
EFM745_02609	126	63	50	32361	37775	35843
EFM745_02610	260	302	278	1716	2171	2001
EFM745_02611	4286	4604	3858	45367	55955	48333
EFM745_02612	1736	1728	1675	15850	18080	16357
EFM745_02613	140	126	128	5222	6756	5312
EFM745_02614	6076	6798	6087	11060	14194	12033
EFM745_02615	3227	3100	3009	7265	8347	7629
EFM745_02617	69	70	45	65	68	60
EFM745_02618	6	20	18	13	18	20
EFM745_02619	25	25	21	26	18	23
EFM745_02620	14	19	21	13	20	24
EFM745_02621	24	32	30	21	18	20
EFM745_02622	2146	2080	1903	3661	3835	3614
EFM745_02623	2340	2095	1946	3211	3452	3170
EFM745_02624	4335	3958	3619	5708	6276	5841
EFM745_02625	1176	958	997	1641	1547	1464
EFM745_02626	1535	1523	1423	1428	1619	1454
EFM745_02627	365	395	373	748	874	749
EFM745_02628	260	242	266	220	237	221
EFM745_02629	2210	2232	1956	4427	4677	4571
EFM745_02630	581	455	459	1317	1422	1287
EFM745_02631	67	57	67	805	979	900
EFM745_02632	49	46	34	461	480	475
EFM745_02633	56	47	49	342	339	345
EFM745_02634	54	71	59	102	148	122
EFM745_02635	16	16	25	10	17	20
EFM745_02636	8187	8600	7457	4769	5414	5107
EFM745_02637	3528	3365	3216	2588	2812	2542
EFM745_02638	4677	4566	4268	3217	3602	3553
EFM745_02639	84	78	95	79	103	80
EFM745_02641	491	512	444	175	248	191
EFM745_02642	372	379	404	212	275	241
EFM745_02643	19	28	12	13	28	19
EFM745_02644	379	435	412	196	285	269
EFM745_02645	73	73	67	131	167	153
EFM745_02646	425	436	367	1280	1670	1418
EFM745_02647	793	778	703	819	911	862
EFM745_02648	2598	2864	2511	3676	4645	4420
EFM745_02649	381	346	346	1134	1171	1086
EFM745_02650	254	277	215	657	755	673
EFM745_02651	526	531	457	1110	1202	1178
EFM745_02652	345	300	320	843	990	935
EFM745_02654	1915	1946	1691	2603	3017	2557
EFM745_02655	151	107	86	214	182	138
EFM745_02656	1104	1064	955	1379	1585	1386
EFM745_02657	1965	1966	1723	1782	2203	1784
EFM745_02658	72	101	105	22	24	31
EFM745_02659	2309	2614	2309	280	367	338
EFM745_02660	2993	2910	3062	7083	8225	7040
EFM745_02661	729	711	671	1178	1337	1226
EFM745_02662	87	87	64	1076	1112	1139
EFM745_02663	40	49	50	653	652	612
EFM745_02664	547	537	538	903	904	903
EFM745_02665	74	81	88	502	683	616
EFM745_02666	1498	1494	1442	465	542	437
EFM745_02667	8159	8341	7578	3168	3632	3271
EFM745_02668	1804	1925	1687	692	707	765
EFM745_02669	5852	6891	6454	2632	3050	3056
EFM745_02670	19845	18893	17162	11294	12330	11144
EFM745_02671	14424	13236	11350	5142	6000	5374
EFM745_02672	1357	1227	1138	1373	1374	1207
EFM745_02673	2770	2812	2570	1226	1509	1379
EFM745_02674	3303	3653	3511	1702	2062	1711
EFM745_02675	5641	6454	5032	2017	2569	2458
EFM745_02676	10593	9987	8900	4051	4447	3729
EFM745_02677	4298	3947	3131	700	813	750
EFM745_02678	2602	2621	2530	512	576	532
EFM745_02679	7293	7580	6860	2036	2422	2305
EFM745_02680	12847	12874	11038	2019	2319	2110
EFM745_02681	473	552	496	112	121	108
EFM745_02682	1771	1881	1618	840	1061	849
EFM745_02683	2269	2302	2024	891	1034	898
EFM745_02684	107	102	101	2964	3353	3070
EFM745_02685	277	310	275	6771	8419	8117
EFM745_02686	3390	3129	2989	3243	3513	3581
EFM745_02687	435	469	434	356	489	445
EFM745_02688	1862	1919	1773	1884	2154	2034
EFM745_02689	1631	1757	1612	1528	1914	1644
EFM745_02690	3739	3411	3071	3101	3547	3213
EFM745_02691	10392	10276	9368	5029	5592	5214
EFM745_02692	711	645	580	2269	2957	2672
EFM745_02693	1226	1055	1157	858	1014	945
EFM745_02694	1914	2151	1915	1350	1611	1446
EFM745_02695	4943	5143	4638	2573	3289	2925
EFM745_02696	6088	5389	5116	1118	1320	1150
EFM745_02697	1535	1603	1484	237	292	253
EFM745_02698	2049	2061	1708	2121	2346	2280
EFM745_02699	3382	3353	3082	3042	3415	3026
EFM745_02700	1051	1054	952	665	655	607
EFM745_02701	383	353	316	216	244	217
EFM745_02702	2816	2493	2141	2731	3182	2850
EFM745_02703	5963	5607	4837	5506	5979	5595
EFM745_02704	837	696	645	1175	1273	1273
EFM745_02705	23822	27648	27460	21472	28398	25832
EFM745_02706	13421	12145	11505	3459	3940	3638
EFM745_02707	22984	21807	20620	26059	27772	25018
EFM745_02708	4366	4006	3549	648	794	783
EFM745_02709	8359	8084	7112	2279	2563	2576
EFM745_02710	382	411	352	663	647	677
EFM745_02711	71	47	54	68	77	74
EFM745_02712	729	725	758	826	1084	929
EFM745_02713	462	439	413	228	272	258
EFM745_02714	9459	9057	8350	11593	13148	12348
EFM745_02715	12176	13412	11823	8414	10290	9693
EFM745_02716	1111	843	826	1097	1446	1148
EFM745_02718	4399	4156	3718	2745	3042	2850
EFM745_02719	2740	2341	1883	1534	1768	1605
EFM745_02720	3226	2883	2516	1984	2219	2091
EFM745_02721	1022	904	847	671	663	598
EFM745_02722	4285	3792	3518	2576	2898	2666
EFM745_02723	4	4	5	0	1	0
EFM745_02724	2272	1856	1822	887	1106	891
EFM745_02725	2545	2933	2486	1456	1692	1549
EFM745_02726	8539	8284	8111	2679	3079	2884
EFM745_02727	3	0	2	2	0	3
EFM745_02728	15884	13143	12406	12072	13743	12675
EFM745_02729	9623	7990	7338	5172	5870	5454
EFM745_02730	9086	8465	7781	1975	2317	2190
EFM745_02731	929	726	778	964	1115	1018
EFM745_02732	167	176	159	320	297	297
EFM745_02733	516	563	464	170	188	186
EFM745_02734	2786	2977	2743	1538	1724	1631
EFM745_02735	6077	5339	4684	33823	39277	33146
EFM745_02736	1343	1531	1298	2183	2547	2343
EFM745_02737	3557	3230	2797	813	873	817
EFM745_02738	2531	2483	2054	10224	11880	10486
EFM745_02739	153	136	140	752	802	654
EFM745_02740	8949	9171	9158	1940	2507	2031
EFM745_02741	9010	8110	7188	3961	4628	4091
EFM745_02742	5633	5602	5003	1663	1947	1791
EFM745_02743	5367	5451	4826	1786	2146	1941
EFM745_02744	486	516	464	177	212	203
EFM745_02745	16910	16447	15553	10755	12517	11340
EFM745_02746	4992	5548	4653	2013	2437	2231
EFM745_02747	2064	1938	1752	862	927	883
EFM745_02748	25	27	37	13	6	8
EFM745_02749	100	119	99	27	25	31
EFM745_02750	794	722	780	345	365	335
EFM745_02751	233	247	214	36	76	53
EFM745_02752	1230	1225	947	2421	2503	2741
EFM745_02753	512	462	420	217	268	222
EFM745_02754	48	43	38	39	36	35
EFM745_02755	846	873	721	543	563	563
EFM745_02756	132	168	169	57	69	87
EFM745_02757	55	59	47	24	28	27
EFM745_02758	21	22	23	31	19	16
EFM745_02759	6	6	4	6	2	1
EFM745_02760	27	27	25	21	22	26
EFM745_02761	1	1	3	10	12	3
EFM745_02762	1	3	3	6	3	3
EFM745_02763	95	107	132	26	50	35
EFM745_02764	244	274	236	122	156	159
EFM745_02765	95	88	80	39	49	28
EFM745_02766	404	446	377	366	473	372
EFM745_02767	179	194	179	774	723	757
EFM745_02768	176	172	163	88	74	72
EFM745_02769	353	403	363	246	320	300
EFM745_02770	633	624	487	4180	4223	4546
EFM745_02771	149	128	108	124	121	117
EFM745_02772	151	163	138	134	157	133
EFM745_02773	141	138	114	114	100	97
EFM745_02774	52	46	43	34	47	28
EFM745_02775	76	58	48	54	63	76
EFM745_02776	12	13	12	17	10	10
EFM745_02777	41	45	34	29	33	31
EFM745_02778	3	0	0	1	2	1
EFM745_02779	11	25	10	22	20	13
EFM745_02780	226	207	208	347	382	345
EFM745_02781	1	1	2	0	6	3
EFM745_02782	45	58	39	153	162	158
EFM745_02783	89	85	66	183	197	189
EFM745_02784	183	189	176	95	114	125
EFM745_02785	21	18	27	37	38	34
EFM745_02786	9	7	17	21	24	12
EFM745_02787	17	11	17	29	14	21
EFM745_02788	5	8	6	6	9	5
EFM745_02789	17	22	11	15	17	12
EFM745_02790	3	3	3	4	4	2
EFM745_02791	15	3	5	5	7	11
EFM745_02792	93	81	65	91	80	65
EFM745_02793	1711	1605	1497	631	761	673
EFM745_02794	283	257	257	517	600	527
EFM745_02795	5	3	2	4	6	9
EFM745_02796	24	20	16	15	24	23
EFM745_02797	0	0	0	0	0	0
EFM745_02798	0	0	0	0	0	0
EFM745_02799	0	0	0	0	0	0
EFM745_02800	0	0	0	0	0	0
EFM745_02801	0	0	0	0	0	0
EFM745_02819	0	4	4	0	0	0
EFM745_02820	3	3	3	0	1	3
EFM745_02821	1244	1459	1285	602	641	590
EFM745_02822	154	116	130	401	414	404
EFM745_02823	98	108	107	225	252	246
EFM745_02824	33	34	33	62	91	87
EFM745_02825	156	136	106	386	423	465
EFM745_02826	182	199	190	297	378	385
EFM745_02827	267	323	252	333	403	398
EFM745_02828	61	54	49	196	253	211
EFM745_02829	426	448	381	1694	1985	1897
EFM745_02830	205	153	167	716	694	808
EFM745_02831	163	171	137	819	914	838
EFM745_02832	45	51	50	122	149	160
EFM745_02833	589	579	545	1469	1822	1643
EFM745_02834	1083	1136	1156	897	1022	952
EFM745_02835	13	18	2	22	16	16
EFM745_02836	39	26	34	107	121	104
EFM745_02837	268	261	230	583	598	606
EFM745_02838	175	221	177	520	632	501
EFM745_02840	0	0	0	0	0	0
EFM745_02842	82	80	62	145	175	163
EFM745_02843	29	19	18	41	59	42
EFM745_02844	0	0	0	0	0	0
EFM745_02845	0	0	0	0	0	0
EFM745_02846	0	0	0	0	0	0
EFM745_02847	0	0	0	0	0	0
EFM745_02848	38	28	35	54	62	46
EFM745_02849	48	54	37	99	120	98
EFM745_02850	67	65	57	136	135	150
EFM745_02851	7	7	8	19	14	13
EFM745_02852	135	125	105	209	236	233
EFM745_02853	19	32	20	35	39	49
EFM745_02854	13	27	23	35	49	28
EFM745_02855	23	16	16	30	39	48
EFM745_02856	110	108	94	273	279	256
EFM745_02857	22	28	23	56	65	50
EFM745_02858	44	45	27	67	82	71
EFM745_02859	9	7	4	17	31	22
EFM745_02860	182	198	154	387	521	486
EFM745_02861	92	102	105	214	280	235
EFM745_02862	127	103	90	196	262	235
EFM745_02863	15	24	23	43	55	46
EFM745_02864	438	400	399	764	842	767
EFM745_02865	787	804	705	1264	1380	1242
EFM745_02866	100	106	98	138	148	141
EFM745_02867	393	303	289	745	744	738
EFM745_02868	26	20	18	60	67	47
EFM745_02871	5	8	2	6	5	10
EFM745_02872	4	2	1	2	6	6
EFM745_02873	1	1	0	3	2	4
EFM745_02874	1	4	5	5	1	3
EFM745_02875	13	13	8	28	34	24
EFM745_02876	9	7	6	16	15	23
EFM745_02877	12	14	14	17	22	26
EFM745_02878	21	24	21	19	28	25
EFM745_02879	59	53	58	10	27	14
EFM745_02880	192	211	218	31	68	49
EFM745_02881	3	5	1	4	4	6
EFM745_02882	1029	1088	929	1115	1379	1277
EFM745_02883	159	155	146	88	118	100
EFM745_02884	918	769	698	275	359	373
EFM745_02885	38	47	46	25	24	27
EFM745_02886	294	291	283	110	129	113
EFM745_02887	879	945	722	462	545	486
EFM745_02888	505	439	361	267	317	252
EFM745_02889	3273	3513	3279	6074	7422	6591
EFM745_02890	10	7	9	11	6	7
EFM745_02891	7	4	12	10	15	11
EFM745_02892	189	224	189	123	123	102
EFM745_02893	199	245	204	247	269	237
EFM745_02894	35	53	40	269	360	359
EFM745_02895	1	0	0	2	0	1
EFM745_02896	1028	957	841	150	176	156
EFM745_02897	190	249	163	155	168	177
EFM745_02898	4661	5326	4818	173	213	220
EFM745_02899	8458	9141	8081	954	1143	1059
EFM745_02900	3032	2938	2787	369	515	414
EFM745_02901	183	199	223	251	339	299
EFM745_02902	136	124	125	131	182	175
EFM745_02903	39	56	40	33	42	40
EFM745_02904	14	7	12	11	11	7
EFM745_02905	0	2	2	2	0	1
EFM745_02906	146	119	121	87	101	74
EFM745_02907	615	588	543	251	294	277
EFM745_02908	318	304	315	73	94	60
EFM745_02909	528	447	443	206	279	220
EFM745_02910	0	0	0	0	0	0
EFM745_02911	147	156	147	76	132	101
EFM745_02912	0	0	0	0	2	0
EFM745_02913	1070	1202	1031	1881	2006	1848
EFM745_02915	937	1089	916	604	725	672
EFM745_02916	62	92	75	27	38	30
EFM745_02917	658	682	682	316	386	336
EFM745_02918	306	369	289	328	446	377
EFM745_02919	541	516	456	858	926	855
EFM745_02920	1292	1363	1225	1613	1883	1731
EFM745_02921	500	589	504	403	450	364
EFM745_02922	16	25	16	48	47	32
EFM745_02923	2	2	1	0	2	0
EFM745_02924	20	16	21	14	12	8
EFM745_02925	4	4	3	3	8	4
EFM745_02926	492	482	458	295	362	346
EFM745_02927	34	44	34	57	65	67
EFM745_02928	101	114	98	72	98	83
EFM745_02929	498	501	425	425	584	499
EFM745_02930	151	154	149	210	255	200
EFM745_02931	18	19	9	21	35	29
EFM745_02932	4	3	4	5	3	8
EFM745_02933	1	0	0	0	1	1
EFM745_02934	7	11	18	2	8	7
EFM745_02935	237	243	236	157	179	152
EFM745_02936	176	171	144	103	126	101
EFM745_02937	4	8	3	3	3	2
EFM745_02938	194	162	182	64	113	63
EFM745_02939	4118	4784	4248	1575	1967	1754
EFM745_02940	7259	6600	5647	2370	2915	2581
EFM745_02941	54	74	71	31	41	30
EFM745_02942	898	842	787	343	431	351
EFM745_02943	1685	1568	1481	574	732	679
EFM745_02944	184	208	186	52	75	61
EFM745_02945	475	432	457	171	191	178
EFM745_02947	618	609	617	149	164	158
EFM745_02948	270	268	249	118	121	127
EFM745_02949	272	317	256	197	212	221
EFM745_02950	264	288	284	217	270	254
EFM745_02951	56	51	45	33	37	33
EFM745_02952	82	73	88	62	96	92
EFM745_02953	24	23	21	13	27	15
EFM745_02954	18	16	14	13	16	20
EFM745_02955	160	139	119	626	707	861
EFM745_02956	145	153	139	187	172	236
EFM745_02957	23	32	21	14	15	20
EFM745_02958	149	134	117	231	258	241
EFM745_02959	59	47	70	122	125	121
EFM745_02960	40	48	54	116	156	137
EFM745_02961	55	55	52	179	160	150
EFM745_02962	144	147	145	335	371	348
EFM745_02963	341	357	323	992	1149	997
EFM745_02964	231	245	239	642	835	742
EFM745_02965	86	79	74	192	222	215
EFM745_02966	190	135	162	213	188	190
EFM745_02967	7	8	0	26	28	38
EFM745_02968	4	1	1	2	4	5
EFM745_02969	35	39	33	8	17	16
EFM745_02970	43	51	47	59	100	89
EFM745_02971	2	2	2	0	0	1
EFM745_02972	43	34	26	22	25	23
EFM745_02973	2536	2546	2350	1525	1715	1526
EFM745_02974	350	278	263	205	202	188
EFM745_02975	282	298	258	239	259	236
EFM745_02976	131	122	81	124	150	147
EFM745_02977	16	26	23	20	29	40
EFM745_02978	488	477	465	434	489	431
EFM745_02979	576	635	614	386	498	394
EFM745_02980	37	63	73	7	11	4
EFM745_02981	610	625	582	394	439	402
EFM745_02982	133	182	161	50	56	60
EFM745_02983	684	669	635	566	640	607
EFM745_02984	218	174	168	83	125	91
EFM745_02985	118	140	97	132	177	153
EFM745_02986	1	0	0	0	0	0
EFM745_02987	430	355	378	463	484	408
EFM745_02988	20	36	28	16	18	17
EFM745_02989	743	769	681	779	921	793
EFM745_02990	26	29	24	32	64	60
EFM745_02991	10	10	12	45	55	49
EFM745_02992	66	63	69	268	308	284
EFM745_02993	50	53	35	214	245	180
EFM745_02994	220	179	192	2840	3163	2737
EFM745_02995	582	584	471	10363	11904	9914
EFM745_02996	1064	1030	867	34600	38752	33804
EFM745_02997	84	105	99	45	50	60
EFM745_02998	36	36	30	63	90	74
EFM745_02999	8	28	17	8	4	6
EFM745_03000	3	5	5	3	4	8
EFM745_03001	211	201	189	167	192	170
EFM745_03002	253	241	251	272	371	315
EFM745_03003	284	283	256	308	366	297
EFM745_03004	465	489	505	492	590	581
EFM745_03005	250	246	244	304	372	313
EFM745_03006	11	25	22	7	7	15
EFM745_03007	2179	2247	1845	1994	2340	2160
EFM745_03008	2298	2329	2055	2575	2862	2738
EFM745_03009	1999	2181	1867	14436	15771	14907
EFM745_03010	19	30	31	109	123	110
EFM745_03011	60	59	50	53	50	52
EFM745_03012	49	36	45	70	89	94
EFM745_03013	3	11	6	8	6	9
EFM745_03014	17	13	11	22	19	20
EFM745_03015	143	134	116	112	111	100
EFM745_03016	117	101	93	108	127	106
EFM745_03017	190	217	230	259	290	276
EFM745_03018	63	61	64	154	172	146
EFM745_03019	0	0	0	0	0	0
EFM745_03020	477	474	416	753	810	750
EFM745_03021	141	150	165	116	129	119
EFM745_03022	393	389	353	426	455	431
EFM745_03023	209	199	196	365	383	409
EFM745_03024	145	141	122	719	778	872
EFM745_03025	75	56	55	849	836	999
EFM745_03026	17	12	7	339	412	396
EFM745_03027	59	75	58	918	1017	1054
EFM745_03028	192	221	181	125	164	169
EFM745_03029	6	11	3	18	21	24
EFM745_03030	0	0	0	0	0	1
EFM745_03031	489	493	425	331	378	393
EFM745_03032	86	80	104	67	103	92
EFM745_03033	0	0	0	0	0	0
EFM745_03034	366	319	337	1024	1300	1105
EFM745_03035	0	1	0	1	1	1
EFM745_03036	1362	1363	1203	1184	1409	1135
EFM745_03037	1865	1638	1505	1541	1556	1424
EFM745_03038	166	132	142	422	521	411
EFM745_03039	495	659	657	1599	1939	1627
EFM745_03040	82	58	49	25	25	32
EFM745_03041	231	146	155	96	91	120
EFM745_03042	82	73	80	33	48	47
EFM745_03043	457	402	390	173	223	275
EFM745_03044	65	62	61	24	28	39
EFM745_03045	10	9	12	8	3	1
EFM745_03046	58	34	42	17	26	34
EFM745_03047	35	32	40	11	15	18
EFM745_03048	75	60	57	30	38	50
EFM745_03049	61	63	47	26	29	31
EFM745_03050	2641	2916	2417	1051	1344	1181
EFM745_03051	408	438	456	222	282	244
EFM745_03052	405	445	460	152	159	155
EFM745_03053	206	169	172	163	196	142
EFM745_03054	18	24	20	16	17	8
EFM745_03055	330	279	209	252	299	262
EFM745_03056	988	830	722	979	1207	1046
EFM745_03057	220	234	211	186	239	235
EFM745_03058	1290	1509	1125	6404	7457	7142
EFM745_03059	2381	2897	2478	7330	10432	8758
EFM745_03060	73	67	61	42	62	48
EFM745_03061	17	14	17	7	18	21
EFM745_03062	479	537	522	470	602	508
EFM745_03063	93	109	90	85	120	106
EFM745_03064	28	25	23	31	40	29
EFM745_03065	9	6	7	13	15	12
EFM745_03066	17	21	19	18	19	16
EFM745_03067	204	218	211	596	661	592
EFM745_03069	398	343	314	312	344	304
EFM745_03070	478	604	478	421	438	402
EFM745_03071	319	285	275	142	157	134
EFM745_03072	4	5	6	6	3	4
EFM745_03073	159	153	152	67	90	83
EFM745_03074	105	96	106	38	47	47
EFM745_03075	87	56	76	44	57	37
EFM745_03076	0	0	0	0	0	0
EFM745_03077	0	0	0	0	0	1
EFM745_03078	136	104	108	55	63	60
EFM745_03079	0	0	0	0	0	0
EFM745_03080	69	82	79	31	49	43
EFM745_03081	22	21	20	10	12	13
EFM745_03082	156	139	134	255	264	261
EFM745_03083	35	45	38	169	167	170
EFM745_03084	16	15	13	13	17	16
EFM745_03085	28	27	27	9	13	12
EFM745_03086	96	95	89	38	60	45
EFM745_03087	95	66	75	15	42	37
EFM745_03088	51	36	42	19	24	24
EFM745_03089	0	0	0	0	0	0
EFM745_03090	0	0	0	0	0	0
EFM745_03091	0	0	0	0	0	0
EFM745_03092	0	0	0	0	0	0
EFM745_03093	0	0	0	0	0	0
EFM745_03094	0	0	0	0	0	0
EFM745_03095	0	0	0	0	0	0
EFM745_03096	0	0	0	0	0	0
EFM745_03097	0	0	0	0	0	0
EFM745_03098	0	0	0	0	0	0
EFM745_03099	0	0	0	0	0	0
EFM745_03100	0	0	0	0	0	0
EFM745_03101	0	0	0	0	0	0
EFM745_03102	1	0	1	0	0	1
EFM745_03103	0	0	0	0	0	0
EFM745_03104	0	0	0	0	0	0
EFM745_03105	0	0	0	0	0	0
EFM745_03106	1	1	1	2	1	2
EFM745_03107	109	128	137	196	227	208
EFM745_03108	0	0	0	0	0	0
EFM745_03109	0	0	0	0	0	0
EFM745_03110	611	522	458	1076	1519	1222
EFM745_03111	193	181	202	391	485	484
EFM745_03112	606	583	547	772	820	820
EFM745_03113	4671	4736	3977	10045	12945	12156
EFM745_03114	57	50	47	18	9	24
EFM745_03115	357	331	303	212	334	244
EFM745_03116	80	78	74	54	77	54
EFM745_03117	590	563	508	687	737	705
EFM745_03118	0	1	0	0	1	0
EFM745_03119	22	25	27	88	111	100
EFM745_03120	347	292	262	334	397	390
EFM745_03121	443	403	360	432	521	500
EFM745_03122	27858	26018	22563	126833	161908	146009
EFM745_03123	5908	5873	5312	31259	36153	31575
EFM745_03124	1383	1340	1165	1908	2318	2007
EFM745_03125	304	255	248	535	704	585
EFM745_03126	280	197	182	658	808	783
EFM745_03127	205	188	191	289	404	331
EFM745_03128	1915	2078	1725	2663	3105	2894
EFM745_03129	18	22	17	29	48	46
EFM745_03130	347	284	256	637	642	627
EFM745_03131	474	517	481	248	302	248
EFM745_03132	0	0	0	0	0	0
EFM745_03133	608	713	565	430	498	461
EFM745_03135	1152	1151	1023	837	974	891
EFM745_03136	264	258	346	782	1005	818
EFM745_03137	60	37	48	85	91	72
EFM745_03138	372	402	313	621	764	666
EFM745_03139	188	195	194	207	207	193
EFM745_03140	0	0	0	0	0	0
EFM745_03141	3	5	6	17	23	26
EFM745_03142	822	851	696	877	1074	1054
EFM745_03143	1693	1735	1676	1810	2086	1949
EFM745_03144	180	157	176	80	103	73
EFM745_03145	0	0	0	0	0	0
EFM745_03146	0	0	0	0	0	0
EFM745_03147	0	0	0	1	2	1
EFM745_03148	0	0	0	0	0	0
EFM745_03149	1	0	0	5	6	0
EFM745_03150	1	1	1	2	4	2
EFM745_03151	0	0	0	0	0	0
EFM745_03152	0	0	0	0	0	0
EFM745_03153	0	0	0	0	0	0
EFM745_03154	0	0	0	0	0	0
EFM745_03155	0	0	0	0	0	0
EFM745_03156	0	0	0	0	0	0
EFM745_03157	0	0	0	0	0	0
EFM745_03158	0	0	0	0	0	0
EFM745_03159	63	53	60	20	30	28
EFM745_03160	141	139	118	41	55	56
EFM745_03162	0	1	2	2	0	5
EFM745_03164	285	223	211	100	104	112
EFM745_03165	314	259	277	82	101	100
EFM745_03166	76	44	48	17	18	30
EFM745_03167	0	0	0	0	0	0
EFM745_03168	79	72	61	33	63	45
EFM745_03169	13	6	4	1	1	7
EFM745_03170	0	0	0	0	0	0
EFM745_03171	0	0	0	0	0	0
EFM745_03172	0	0	0	0	0	0
EFM745_03173	409	458	403	2531	2558	2179
EFM745_03174	1	0	0	0	1	5
EFM745_03175	16	11	18	64	80	47
EFM745_03176	391	354	339	662	798	710
EFM745_03177	59	56	50	55	67	49
EFM745_03178	572	478	507	578	697	686
EFM745_03179	153	133	113	106	137	140
EFM745_03180	7	6	6	5	10	4
EFM745_03181	10	9	13	10	19	15
EFM745_03182	806	860	803	1187	1264	1112
EFM745_03183	686	683	631	1211	1372	1299
EFM745_03184	483	568	496	206	213	207
EFM745_03185	0	2	0	8	6	7
EFM745_03186	1	2	1	7	11	3
EFM745_03187	0	0	0	0	0	0
EFM745_03188	0	0	0	0	0	0
EFM745_03189	0	0	0	0	0	0
EFM745_03190	0	0	0	0	0	0
EFM745_03191	0	0	0	4	3	1
EFM745_03192	21	31	29	86	139	86
EFM745_03193	299	295	284	538	772	653
EFM745_03194	48	56	63	41	43	45
EFM745_03195	8	6	14	6	15	14
EFM745_03196	34	26	23	28	31	32
EFM745_03197	53	57	63	61	78	72
EFM745_03198	45	36	40	44	34	53
EFM745_03199	54	48	50	47	53	63
EFM745_03200	16	11	19	13	21	18
EFM745_03201	10	6	6	5	3	12
EFM745_03202	11	6	10	14	18	20
EFM745_03203	33	29	27	17	12	19
EFM745_03204	61	81	65	67	62	61
EFM745_03205	33	44	36	46	36	38
EFM745_03206	49	35	33	47	66	47
EFM745_03208	0	1	1	1	3	3
EFM745_03210	65	39	58	44	74	57
EFM745_03211	410	394	383	433	455	459
EFM745_03212	11	7	4	1	3	2
EFM745_03213	18	20	16	10	6	3
EFM745_03214	21	5	15	5	8	8
EFM745_03215	56	65	47	41	63	61
EFM745_03216	63	51	50	42	39	47
EFM745_03217	34	47	32	25	47	38
EFM745_03218	113	92	86	119	110	106
EFM745_03219	5	8	13	5	8	8
EFM745_03220	0	1	0	0	0	0
EFM745_03221	0	0	0	0	0	0
EFM745_03222	0	0	1	0	1	0
EFM745_03223	0	0	0	0	0	0
EFM745_03224	0	1	0	0	1	2
EFM745_03225	0	1	0	1	0	0
EFM745_03226	0	0	0	1	0	0
EFM745_03227	0	0	1	0	3	0
EFM745_03228	173	160	161	124	177	138
EFM745_03229	304	295	325	206	317	273
EFM745_03230	0	5	0	0	3	2
EFM745_03231	0	0	0	0	0	0
EFM745_03232	0	0	0	0	0	0
EFM745_03233	0	0	0	0	0	0
EFM745_03234	0	0	0	0	0	0
EFM745_03235	0	0	0	0	0	0
EFM745_03236	0	0	0	0	0	0
EFM745_03237	1	0	2	0	1	3
EFM745_03238	0	0	0	0	0	0
EFM745_03239	0	0	0	0	0	0
EFM745_03240	0	0	1	0	0	0
EFM745_03241	0	0	0	1	0	0
EFM745_03242	0	0	0	0	0	0
EFM745_03243	0	0	0	0	0	0
EFM745_03244	0	0	0	0	0	0
EFM745_03245	0	0	0	0	0	0
EFM745_03246	0	0	0	0	0	0
EFM745_03247	0	0	0	0	0	0
EFM745_03248	0	0	0	0	0	0
EFM745_03249	0	0	0	0	0	0
__no_feature	831895	807690	760315	4116180	4399191	4436682
__ambiguous	1051276	1153779	987433	566383	679152	605555
__too_low_aQual	165564	157606	146582	239080	283675	260891
__not_aligned	165526	166165	141299	201628	209231	198201
__alignment_not_unique	0	0	0	0	0	0
