tig00000002_pilon_pilon	gi|1332906111|ref|NZ_NBSL01000002.1|	NZ_NBSL01000002	98.939	8105	218577	3127954	0.0	14456	Enterococcus avium strain FDAARGOS_182 scf7180000000006_trim_quiver_pilon, whole genome shotgun sequence
tig00000002_pilon_pilon	gi|1332906111|ref|NZ_NBSL01000002.1|	NZ_NBSL01000002	99.490	3722	218577	3127954	0.0	6769	Enterococcus avium strain FDAARGOS_182 scf7180000000006_trim_quiver_pilon, whole genome shotgun sequence
tig00000002_pilon_pilon	gi|1332906111|ref|NZ_NBSL01000002.1|	NZ_NBSL01000002	98.907	3658	218577	3127954	0.0	6532	Enterococcus avium strain FDAARGOS_182 scf7180000000006_trim_quiver_pilon, whole genome shotgun sequence
tig00000002_pilon_pilon	gi|1332906111|ref|NZ_NBSL01000002.1|	NZ_NBSL01000002	98.212	1510	218577	3127954	0.0	2636	Enterococcus avium strain FDAARGOS_182 scf7180000000006_trim_quiver_pilon, whole genome shotgun sequence
tig00000002_pilon_pilon	gi|1332906111|ref|NZ_NBSL01000002.1|	NZ_NBSL01000002	97.476	1545	218577	3127954	0.0	2634	Enterococcus avium strain FDAARGOS_182 scf7180000000006_trim_quiver_pilon, whole genome shotgun sequence
tig00000002_pilon_pilon	gi|1332906111|ref|NZ_NBSL01000002.1|	NZ_NBSL01000002	97.593	1537	218577	3127954	0.0	2632	Enterococcus avium strain FDAARGOS_182 scf7180000000006_trim_quiver_pilon, whole genome shotgun sequence
tig00000002_pilon_pilon	gi|1332906111|ref|NZ_NBSL01000002.1|	NZ_NBSL01000002	97.413	1546	218577	3127954	0.0	2632	Enterococcus avium strain FDAARGOS_182 scf7180000000006_trim_quiver_pilon, whole genome shotgun sequence
tig00000002_pilon_pilon	gi|1332906111|ref|NZ_NBSL01000002.1|	NZ_NBSL01000002	97.593	1537	218577	3127954	0.0	2632	Enterococcus avium strain FDAARGOS_182 scf7180000000006_trim_quiver_pilon, whole genome shotgun sequence
tig00000002_pilon_pilon	gi|1332906111|ref|NZ_NBSL01000002.1|	NZ_NBSL01000002	98.207	1506	218577	3127954	0.0	2628	Enterococcus avium strain FDAARGOS_182 scf7180000000006_trim_quiver_pilon, whole genome shotgun sequence
tig00000002_pilon_pilon	gi|1332906111|ref|NZ_NBSL01000002.1|	NZ_NBSL01000002	98.206	1505	218577	3127954	0.0	2627	Enterococcus avium strain FDAARGOS_182 scf7180000000006_trim_quiver_pilon, whole genome shotgun sequence
tig00000002_pilon_pilon	gi|1332906111|ref|NZ_NBSL01000002.1|	NZ_NBSL01000002	97.647	1530	218577	3127954	0.0	2627	Enterococcus avium strain FDAARGOS_182 scf7180000000006_trim_quiver_pilon, whole genome shotgun sequence
tig00000002_pilon_pilon	gi|1332906111|ref|NZ_NBSL01000002.1|	NZ_NBSL01000002	98.204	1503	218577	3127954	0.0	2623	Enterococcus avium strain FDAARGOS_182 scf7180000000006_trim_quiver_pilon, whole genome shotgun sequence
tig00000002_pilon_pilon	gi|1332906111|ref|NZ_NBSL01000002.1|	NZ_NBSL01000002	98.202	1502	218577	3127954	0.0	2621	Enterococcus avium strain FDAARGOS_182 scf7180000000006_trim_quiver_pilon, whole genome shotgun sequence
tig00000002_pilon_pilon	gi|1332906111|ref|NZ_NBSL01000002.1|	NZ_NBSL01000002	98.201	1501	218577	3127954	0.0	2619	Enterococcus avium strain FDAARGOS_182 scf7180000000006_trim_quiver_pilon, whole genome shotgun sequence
tig00000002_pilon_pilon	gi|1332906111|ref|NZ_NBSL01000002.1|	NZ_NBSL01000002	97.013	1540	218577	3127954	0.0	2584	Enterococcus avium strain FDAARGOS_182 scf7180000000006_trim_quiver_pilon, whole genome shotgun sequence
tig00000002_pilon_pilon	gi|1332906111|ref|NZ_NBSL01000002.1|	NZ_NBSL01000002	96.697	1544	218577	3127954	0.0	2566	Enterococcus avium strain FDAARGOS_182 scf7180000000006_trim_quiver_pilon, whole genome shotgun sequence
tig00000002_pilon_pilon	gi|1332906111|ref|NZ_NBSL01000002.1|	NZ_NBSL01000002	96.747	1537	218577	3127954	0.0	2560	Enterococcus avium strain FDAARGOS_182 scf7180000000006_trim_quiver_pilon, whole genome shotgun sequence
tig00000002_pilon_pilon	gi|1332906111|ref|NZ_NBSL01000002.1|	NZ_NBSL01000002	96.690	1541	218577	3127954	0.0	2560	Enterococcus avium strain FDAARGOS_182 scf7180000000006_trim_quiver_pilon, whole genome shotgun sequence
tig00000002_pilon_pilon	gi|1332906111|ref|NZ_NBSL01000002.1|	NZ_NBSL01000002	96.747	1537	218577	3127954	0.0	2560	Enterococcus avium strain FDAARGOS_182 scf7180000000006_trim_quiver_pilon, whole genome shotgun sequence
tig00000002_pilon_pilon	gi|1332906111|ref|NZ_NBSL01000002.1|	NZ_NBSL01000002	98.737	1425	218577	3127954	0.0	2531	Enterococcus avium strain FDAARGOS_182 scf7180000000006_trim_quiver_pilon, whole genome shotgun sequence
tig00000002_pilon_pilon	gi|1332906111|ref|NZ_NBSL01000002.1|	NZ_NBSL01000002	97.133	1500	218577	3127954	0.0	2531	Enterococcus avium strain FDAARGOS_182 scf7180000000006_trim_quiver_pilon, whole genome shotgun sequence
tig00000002_pilon_pilon	gi|1332906111|ref|NZ_NBSL01000002.1|	NZ_NBSL01000002	97.014	1507	218577	3127954	0.0	2531	Enterococcus avium strain FDAARGOS_182 scf7180000000006_trim_quiver_pilon, whole genome shotgun sequence
tig00000002_pilon_pilon	gi|1332906111|ref|NZ_NBSL01000002.1|	NZ_NBSL01000002	96.950	1508	218577	3127954	0.0	2527	Enterococcus avium strain FDAARGOS_182 scf7180000000006_trim_quiver_pilon, whole genome shotgun sequence
tig00000002_pilon_pilon	gi|1332906111|ref|NZ_NBSL01000002.1|	NZ_NBSL01000002	98.600	1429	218577	3127954	0.0	2525	Enterococcus avium strain FDAARGOS_182 scf7180000000006_trim_quiver_pilon, whole genome shotgun sequence
tig00000002_pilon_pilon	gi|1332906111|ref|NZ_NBSL01000002.1|	NZ_NBSL01000002	96.883	1508	218577	3127954	0.0	2521	Enterococcus avium strain FDAARGOS_182 scf7180000000006_trim_quiver_pilon, whole genome shotgun sequence
tig00000002_pilon_pilon	gi|1332906111|ref|NZ_NBSL01000002.1|	NZ_NBSL01000002	97.004	1502	218577	3127954	0.0	2521	Enterococcus avium strain FDAARGOS_182 scf7180000000006_trim_quiver_pilon, whole genome shotgun sequence
tig00000002_pilon_pilon	gi|1332906111|ref|NZ_NBSL01000002.1|	NZ_NBSL01000002	97.002	1501	218577	3127954	0.0	2519	Enterococcus avium strain FDAARGOS_182 scf7180000000006_trim_quiver_pilon, whole genome shotgun sequence
tig00000002_pilon_pilon	gi|1332906111|ref|NZ_NBSL01000002.1|	NZ_NBSL01000002	97.002	1501	218577	3127954	0.0	2519	Enterococcus avium strain FDAARGOS_182 scf7180000000006_trim_quiver_pilon, whole genome shotgun sequence
tig00000002_pilon_pilon	gi|1332906111|ref|NZ_NBSL01000002.1|	NZ_NBSL01000002	99.634	1366	218577	3127954	0.0	2494	Enterococcus avium strain FDAARGOS_182 scf7180000000006_trim_quiver_pilon, whole genome shotgun sequence
tig00000002_pilon_pilon	gi|1332906111|ref|NZ_NBSL01000002.1|	NZ_NBSL01000002	99.346	1377	218577	3127954	0.0	2492	Enterococcus avium strain FDAARGOS_182 scf7180000000006_trim_quiver_pilon, whole genome shotgun sequence
tig00000002_pilon_pilon	gi|1332906111|ref|NZ_NBSL01000002.1|	NZ_NBSL01000002	99.489	1371	218577	3127954	0.0	2492	Enterococcus avium strain FDAARGOS_182 scf7180000000006_trim_quiver_pilon, whole genome shotgun sequence
tig00000002_pilon_pilon	gi|1332906111|ref|NZ_NBSL01000002.1|	NZ_NBSL01000002	99.489	1370	218577	3127954	0.0	2490	Enterococcus avium strain FDAARGOS_182 scf7180000000006_trim_quiver_pilon, whole genome shotgun sequence
tig00000002_pilon_pilon	gi|1332906111|ref|NZ_NBSL01000002.1|	NZ_NBSL01000002	99.274	1378	218577	3127954	0.0	2488	Enterococcus avium strain FDAARGOS_182 scf7180000000006_trim_quiver_pilon, whole genome shotgun sequence
tig00000002_pilon_pilon	gi|1332906111|ref|NZ_NBSL01000002.1|	NZ_NBSL01000002	99.417	1372	218577	3127954	0.0	2488	Enterococcus avium strain FDAARGOS_182 scf7180000000006_trim_quiver_pilon, whole genome shotgun sequence
tig00000002_pilon_pilon	gi|1332906111|ref|NZ_NBSL01000002.1|	NZ_NBSL01000002	99.488	1366	218577	3127954	0.0	2484	Enterococcus avium strain FDAARGOS_182 scf7180000000006_trim_quiver_pilon, whole genome shotgun sequence
tig00000002_pilon_pilon	gi|1332906111|ref|NZ_NBSL01000002.1|	NZ_NBSL01000002	99.416	1370	218577	3127954	0.0	2484	Enterococcus avium strain FDAARGOS_182 scf7180000000006_trim_quiver_pilon, whole genome shotgun sequence
tig00000002_pilon_pilon	gi|1332906111|ref|NZ_NBSL01000002.1|	NZ_NBSL01000002	99.415	1367	218577	3127954	0.0	2481	Enterococcus avium strain FDAARGOS_182 scf7180000000006_trim_quiver_pilon, whole genome shotgun sequence
tig00000002_pilon_pilon	gi|1332906111|ref|NZ_NBSL01000002.1|	NZ_NBSL01000002	99.268	1367	218577	3127954	0.0	2468	Enterococcus avium strain FDAARGOS_182 scf7180000000006_trim_quiver_pilon, whole genome shotgun sequence
tig00000002_pilon_pilon	gi|1332906111|ref|NZ_NBSL01000002.1|	NZ_NBSL01000002	99.195	1366	218577	3127954	0.0	2462	Enterococcus avium strain FDAARGOS_182 scf7180000000006_trim_quiver_pilon, whole genome shotgun sequence
tig00000002_pilon_pilon	gi|1332906111|ref|NZ_NBSL01000002.1|	NZ_NBSL01000002	99.195	1366	218577	3127954	0.0	2460	Enterococcus avium strain FDAARGOS_182 scf7180000000006_trim_quiver_pilon, whole genome shotgun sequence
tig00000002_pilon_pilon	gi|1332906111|ref|NZ_NBSL01000002.1|	NZ_NBSL01000002	97.684	1425	218577	3127954	0.0	2447	Enterococcus avium strain FDAARGOS_182 scf7180000000006_trim_quiver_pilon, whole genome shotgun sequence
tig00000002_pilon_pilon	gi|1332906111|ref|NZ_NBSL01000002.1|	NZ_NBSL01000002	97.535	1420	218577	3127954	0.0	2427	Enterococcus avium strain FDAARGOS_182 scf7180000000006_trim_quiver_pilon, whole genome shotgun sequence
tig00000002_pilon_pilon	gi|1332906111|ref|NZ_NBSL01000002.1|	NZ_NBSL01000002	94.059	1515	218577	3127954	0.0	2298	Enterococcus avium strain FDAARGOS_182 scf7180000000006_trim_quiver_pilon, whole genome shotgun sequence
tig00000002_pilon_pilon	gi|1332906111|ref|NZ_NBSL01000002.1|	NZ_NBSL01000002	93.902	1525	218577	3127954	0.0	2298	Enterococcus avium strain FDAARGOS_182 scf7180000000006_trim_quiver_pilon, whole genome shotgun sequence
tig00000002_pilon_pilon	gi|1332906111|ref|NZ_NBSL01000002.1|	NZ_NBSL01000002	94.005	1518	218577	3127954	0.0	2296	Enterococcus avium strain FDAARGOS_182 scf7180000000006_trim_quiver_pilon, whole genome shotgun sequence
tig00000002_pilon_pilon	gi|1332906111|ref|NZ_NBSL01000002.1|	NZ_NBSL01000002	88.728	1801	218577	3127954	0.0	2194	Enterococcus avium strain FDAARGOS_182 scf7180000000006_trim_quiver_pilon, whole genome shotgun sequence
tig00000002_pilon_pilon	gi|1332906111|ref|NZ_NBSL01000002.1|	NZ_NBSL01000002	88.777	1791	218577	3127954	0.0	2189	Enterococcus avium strain FDAARGOS_182 scf7180000000006_trim_quiver_pilon, whole genome shotgun sequence
tig00000002_pilon_pilon	gi|1332906111|ref|NZ_NBSL01000002.1|	NZ_NBSL01000002	88.364	1418	218577	3127954	0.0	1701	Enterococcus avium strain FDAARGOS_182 scf7180000000006_trim_quiver_pilon, whole genome shotgun sequence
tig00000002_pilon_pilon	gi|1332906111|ref|NZ_NBSL01000002.1|	NZ_NBSL01000002	99.623	795	218577	3127954	0.0	1452	Enterococcus avium strain FDAARGOS_182 scf7180000000006_trim_quiver_pilon, whole genome shotgun sequence
tig00000002_pilon_pilon	gi|1332906111|ref|NZ_NBSL01000002.1|	NZ_NBSL01000002	78.014	2165	218577	3127954	0.0	1336	Enterococcus avium strain FDAARGOS_182 scf7180000000006_trim_quiver_pilon, whole genome shotgun sequence
tig00000002_pilon_pilon	gi|1332906111|ref|NZ_NBSL01000002.1|	NZ_NBSL01000002	93.931	725	218577	3127954	0.0	1094	Enterococcus avium strain FDAARGOS_182 scf7180000000006_trim_quiver_pilon, whole genome shotgun sequence
tig00000002_pilon_pilon	gi|1332906111|ref|NZ_NBSL01000002.1|	NZ_NBSL01000002	99.558	453	218577	3127954	0.0	826	Enterococcus avium strain FDAARGOS_182 scf7180000000006_trim_quiver_pilon, whole genome shotgun sequence
tig00000002_pilon_pilon	gi|1332906111|ref|NZ_NBSL01000002.1|	NZ_NBSL01000002	100.000	422	218577	3127954	0.0	780	Enterococcus avium strain FDAARGOS_182 scf7180000000006_trim_quiver_pilon, whole genome shotgun sequence
tig00000002_pilon_pilon	gi|1332906111|ref|NZ_NBSL01000002.1|	NZ_NBSL01000002	75.694	1477	218577	3127954	0.0	708	Enterococcus avium strain FDAARGOS_182 scf7180000000006_trim_quiver_pilon, whole genome shotgun sequence
tig00000002_pilon_pilon	gi|1332906111|ref|NZ_NBSL01000002.1|	NZ_NBSL01000002	75.694	1477	218577	3127954	0.0	708	Enterococcus avium strain FDAARGOS_182 scf7180000000006_trim_quiver_pilon, whole genome shotgun sequence
tig00000002_pilon_pilon	gi|1332906111|ref|NZ_NBSL01000002.1|	NZ_NBSL01000002	100.000	368	218577	3127954	0.0	680	Enterococcus avium strain FDAARGOS_182 scf7180000000006_trim_quiver_pilon, whole genome shotgun sequence
tig00000002_pilon_pilon	gi|1332906111|ref|NZ_NBSL01000002.1|	NZ_NBSL01000002	75.918	1362	218577	3127954	0.0	678	Enterococcus avium strain FDAARGOS_182 scf7180000000006_trim_quiver_pilon, whole genome shotgun sequence
tig00000002_pilon_pilon	gi|1332906111|ref|NZ_NBSL01000002.1|	NZ_NBSL01000002	75.918	1362	218577	3127954	0.0	678	Enterococcus avium strain FDAARGOS_182 scf7180000000006_trim_quiver_pilon, whole genome shotgun sequence
tig00000002_pilon_pilon	gi|1332906111|ref|NZ_NBSL01000002.1|	NZ_NBSL01000002	80.179	782	218577	3127954	1.74e-156	571	Enterococcus avium strain FDAARGOS_182 scf7180000000006_trim_quiver_pilon, whole genome shotgun sequence
tig00000002_pilon_pilon	gi|1332906111|ref|NZ_NBSL01000002.1|	NZ_NBSL01000002	80.397	755	218577	3127954	1.05e-153	562	Enterococcus avium strain FDAARGOS_182 scf7180000000006_trim_quiver_pilon, whole genome shotgun sequence
tig00000002_pilon_pilon	gi|1332906111|ref|NZ_NBSL01000002.1|	NZ_NBSL01000002	80.511	744	218577	3127954	3.77e-153	560	Enterococcus avium strain FDAARGOS_182 scf7180000000006_trim_quiver_pilon, whole genome shotgun sequence
tig00000002_pilon_pilon	gi|1332906111|ref|NZ_NBSL01000002.1|	NZ_NBSL01000002	80.511	744	218577	3127954	3.77e-153	560	Enterococcus avium strain FDAARGOS_182 scf7180000000006_trim_quiver_pilon, whole genome shotgun sequence
tig00000002_pilon_pilon	gi|1332906111|ref|NZ_NBSL01000002.1|	NZ_NBSL01000002	99.180	244	218577	3127954	5.13e-117	440	Enterococcus avium strain FDAARGOS_182 scf7180000000006_trim_quiver_pilon, whole genome shotgun sequence
tig00000002_pilon_pilon	gi|1332906111|ref|NZ_NBSL01000002.1|	NZ_NBSL01000002	95.855	193	218577	3127954	1.17e-78	313	Enterococcus avium strain FDAARGOS_182 scf7180000000006_trim_quiver_pilon, whole genome shotgun sequence
tig00000002_pilon_pilon	gi|1332906111|ref|NZ_NBSL01000002.1|	NZ_NBSL01000002	94.924	197	218577	3127954	1.51e-77	309	Enterococcus avium strain FDAARGOS_182 scf7180000000006_trim_quiver_pilon, whole genome shotgun sequence
tig00000002_pilon_pilon	gi|1332906111|ref|NZ_NBSL01000002.1|	NZ_NBSL01000002	91.707	205	218577	3127954	2.54e-70	285	Enterococcus avium strain FDAARGOS_182 scf7180000000006_trim_quiver_pilon, whole genome shotgun sequence
tig00000002_pilon_pilon	gi|1332906111|ref|NZ_NBSL01000002.1|	NZ_NBSL01000002	85.714	203	218577	3127954	3.38e-49	215	Enterococcus avium strain FDAARGOS_182 scf7180000000006_trim_quiver_pilon, whole genome shotgun sequence
tig00000002_pilon_pilon	gi|1332906111|ref|NZ_NBSL01000002.1|	NZ_NBSL01000002	97.170	106	218577	3127954	4.44e-38	178	Enterococcus avium strain FDAARGOS_182 scf7180000000006_trim_quiver_pilon, whole genome shotgun sequence
tig00000002_pilon_pilon	gi|1332906111|ref|NZ_NBSL01000002.1|	NZ_NBSL01000002	97.115	104	218577	3127954	1.60e-37	176	Enterococcus avium strain FDAARGOS_182 scf7180000000006_trim_quiver_pilon, whole genome shotgun sequence
tig00000002_pilon_pilon	gi|1332906111|ref|NZ_NBSL01000002.1|	NZ_NBSL01000002	97.115	104	218577	3127954	1.60e-37	176	Enterococcus avium strain FDAARGOS_182 scf7180000000006_trim_quiver_pilon, whole genome shotgun sequence
tig00000002_pilon_pilon	gi|1332906111|ref|NZ_NBSL01000002.1|	NZ_NBSL01000002	98.000	100	218577	3127954	5.74e-37	174	Enterococcus avium strain FDAARGOS_182 scf7180000000006_trim_quiver_pilon, whole genome shotgun sequence
tig00000002_pilon_pilon	gi|1332906111|ref|NZ_NBSL01000002.1|	NZ_NBSL01000002	98.000	100	218577	3127954	5.74e-37	174	Enterococcus avium strain FDAARGOS_182 scf7180000000006_trim_quiver_pilon, whole genome shotgun sequence
tig00000002_pilon_pilon	gi|1332906111|ref|NZ_NBSL01000002.1|	NZ_NBSL01000002	97.115	104	218577	3127954	5.74e-37	174	Enterococcus avium strain FDAARGOS_182 scf7180000000006_trim_quiver_pilon, whole genome shotgun sequence
tig00000002_pilon_pilon	gi|1332906111|ref|NZ_NBSL01000002.1|	NZ_NBSL01000002	97.030	101	218577	3127954	7.43e-36	171	Enterococcus avium strain FDAARGOS_182 scf7180000000006_trim_quiver_pilon, whole genome shotgun sequence
tig00000002_pilon_pilon	gi|1332906111|ref|NZ_NBSL01000002.1|	NZ_NBSL01000002	97.959	98	218577	3127954	7.43e-36	171	Enterococcus avium strain FDAARGOS_182 scf7180000000006_trim_quiver_pilon, whole genome shotgun sequence
tig00000002_pilon_pilon	gi|1332906111|ref|NZ_NBSL01000002.1|	NZ_NBSL01000002	97.917	96	218577	3127954	3.45e-34	165	Enterococcus avium strain FDAARGOS_182 scf7180000000006_trim_quiver_pilon, whole genome shotgun sequence
tig00000002_pilon_pilon	gi|1332906111|ref|NZ_NBSL01000002.1|	NZ_NBSL01000002	100.000	89	218577	3127954	3.45e-34	165	Enterococcus avium strain FDAARGOS_182 scf7180000000006_trim_quiver_pilon, whole genome shotgun sequence
tig00000002_pilon_pilon	gi|1332906111|ref|NZ_NBSL01000002.1|	NZ_NBSL01000002	95.349	86	218577	3127954	9.74e-25	134	Enterococcus avium strain FDAARGOS_182 scf7180000000006_trim_quiver_pilon, whole genome shotgun sequence
tig00000002_pilon_pilon	gi|1332906111|ref|NZ_NBSL01000002.1|	NZ_NBSL01000002	95.349	86	218577	3127954	9.74e-25	134	Enterococcus avium strain FDAARGOS_182 scf7180000000006_trim_quiver_pilon, whole genome shotgun sequence
tig00000002_pilon_pilon	gi|1332906111|ref|NZ_NBSL01000002.1|	NZ_NBSL01000002	96.667	60	218577	3127954	3.55e-14	99.0	Enterococcus avium strain FDAARGOS_182 scf7180000000006_trim_quiver_pilon, whole genome shotgun sequence
tig00000002_pilon_pilon	gi|1332906111|ref|NZ_NBSL01000002.1|	NZ_NBSL01000002	98.148	54	218577	3127954	4.60e-13	95.3	Enterococcus avium strain FDAARGOS_182 scf7180000000006_trim_quiver_pilon, whole genome shotgun sequence
tig00000002_pilon_pilon	gi|1409079002|ref|NZ_LS483306.1|	NZ_LS483306	98.377	7577	218577	2421598	0.0	13274	Enterococcus cecorum strain NCTC12421 chromosome 1, complete sequence
tig00000002_pilon_pilon	gi|1409079002|ref|NZ_LS483306.1|	NZ_LS483306	96.466	1896	218577	2421598	0.0	3123	Enterococcus cecorum strain NCTC12421 chromosome 1, complete sequence
tig00000002_pilon_pilon	gi|1409079002|ref|NZ_LS483306.1|	NZ_LS483306	94.573	1898	218577	2421598	0.0	2924	Enterococcus cecorum strain NCTC12421 chromosome 1, complete sequence
tig00000002_pilon_pilon	gi|1409079002|ref|NZ_LS483306.1|	NZ_LS483306	94.468	1898	218577	2421598	0.0	2913	Enterococcus cecorum strain NCTC12421 chromosome 1, complete sequence
tig00000002_pilon_pilon	gi|1409079002|ref|NZ_LS483306.1|	NZ_LS483306	94.468	1898	218577	2421598	0.0	2913	Enterococcus cecorum strain NCTC12421 chromosome 1, complete sequence
tig00000002_pilon_pilon	gi|1409079002|ref|NZ_LS483306.1|	NZ_LS483306	94.204	1898	218577	2421598	0.0	2892	Enterococcus cecorum strain NCTC12421 chromosome 1, complete sequence
tig00000002_pilon_pilon	gi|1409079002|ref|NZ_LS483306.1|	NZ_LS483306	99.601	1503	218577	2421598	0.0	2743	Enterococcus cecorum strain NCTC12421 chromosome 1, complete sequence
tig00000002_pilon_pilon	gi|1409079002|ref|NZ_LS483306.1|	NZ_LS483306	99.337	1509	218577	2421598	0.0	2730	Enterococcus cecorum strain NCTC12421 chromosome 1, complete sequence
tig00000002_pilon_pilon	gi|1409079002|ref|NZ_LS483306.1|	NZ_LS483306	98.535	1502	218577	2421598	0.0	2652	Enterococcus cecorum strain NCTC12421 chromosome 1, complete sequence
tig00000002_pilon_pilon	gi|1409079002|ref|NZ_LS483306.1|	NZ_LS483306	98.154	1517	218577	2421598	0.0	2647	Enterococcus cecorum strain NCTC12421 chromosome 1, complete sequence
tig00000002_pilon_pilon	gi|1409079002|ref|NZ_LS483306.1|	NZ_LS483306	91.522	1899	218577	2421598	0.0	2610	Enterococcus cecorum strain NCTC12421 chromosome 1, complete sequence
tig00000002_pilon_pilon	gi|1409079002|ref|NZ_LS483306.1|	NZ_LS483306	91.522	1899	218577	2421598	0.0	2610	Enterococcus cecorum strain NCTC12421 chromosome 1, complete sequence
tig00000002_pilon_pilon	gi|1409079002|ref|NZ_LS483306.1|	NZ_LS483306	91.421	1900	218577	2421598	0.0	2601	Enterococcus cecorum strain NCTC12421 chromosome 1, complete sequence
tig00000002_pilon_pilon	gi|1409079002|ref|NZ_LS483306.1|	NZ_LS483306	91.407	1897	218577	2421598	0.0	2591	Enterococcus cecorum strain NCTC12421 chromosome 1, complete sequence
tig00000002_pilon_pilon	gi|1409079002|ref|NZ_LS483306.1|	NZ_LS483306	90.722	1897	218577	2421598	0.0	2518	Enterococcus cecorum strain NCTC12421 chromosome 1, complete sequence
tig00000002_pilon_pilon	gi|1409079002|ref|NZ_LS483306.1|	NZ_LS483306	89.889	1899	218577	2421598	0.0	2431	Enterococcus cecorum strain NCTC12421 chromosome 1, complete sequence
tig00000002_pilon_pilon	gi|1409079002|ref|NZ_LS483306.1|	NZ_LS483306	89.784	1899	218577	2421598	0.0	2420	Enterococcus cecorum strain NCTC12421 chromosome 1, complete sequence
tig00000002_pilon_pilon	gi|1409079002|ref|NZ_LS483306.1|	NZ_LS483306	89.784	1899	218577	2421598	0.0	2420	Enterococcus cecorum strain NCTC12421 chromosome 1, complete sequence
tig00000002_pilon_pilon	gi|1409079002|ref|NZ_LS483306.1|	NZ_LS483306	89.784	1899	218577	2421598	0.0	2418	Enterococcus cecorum strain NCTC12421 chromosome 1, complete sequence
tig00000002_pilon_pilon	gi|1409079002|ref|NZ_LS483306.1|	NZ_LS483306	89.648	1903	218577	2421598	0.0	2409	Enterococcus cecorum strain NCTC12421 chromosome 1, complete sequence
tig00000002_pilon_pilon	gi|1409079002|ref|NZ_LS483306.1|	NZ_LS483306	89.679	1899	218577	2421598	0.0	2407	Enterococcus cecorum strain NCTC12421 chromosome 1, complete sequence
tig00000002_pilon_pilon	gi|1409079002|ref|NZ_LS483306.1|	NZ_LS483306	91.164	1709	218577	2421598	0.0	2311	Enterococcus cecorum strain NCTC12421 chromosome 1, complete sequence
tig00000002_pilon_pilon	gi|1409079002|ref|NZ_LS483306.1|	NZ_LS483306	91.197	1704	218577	2421598	0.0	2307	Enterococcus cecorum strain NCTC12421 chromosome 1, complete sequence
tig00000002_pilon_pilon	gi|1409079002|ref|NZ_LS483306.1|	NZ_LS483306	90.340	1708	218577	2421598	0.0	2228	Enterococcus cecorum strain NCTC12421 chromosome 1, complete sequence
tig00000002_pilon_pilon	gi|1409079002|ref|NZ_LS483306.1|	NZ_LS483306	90.281	1708	218577	2421598	0.0	2222	Enterococcus cecorum strain NCTC12421 chromosome 1, complete sequence
tig00000002_pilon_pilon	gi|1409079002|ref|NZ_LS483306.1|	NZ_LS483306	90.222	1708	218577	2421598	0.0	2217	Enterococcus cecorum strain NCTC12421 chromosome 1, complete sequence
tig00000002_pilon_pilon	gi|1409079002|ref|NZ_LS483306.1|	NZ_LS483306	89.819	1709	218577	2421598	0.0	2180	Enterococcus cecorum strain NCTC12421 chromosome 1, complete sequence
tig00000002_pilon_pilon	gi|1409079002|ref|NZ_LS483306.1|	NZ_LS483306	89.801	1706	218577	2421598	0.0	2174	Enterococcus cecorum strain NCTC12421 chromosome 1, complete sequence
tig00000002_pilon_pilon	gi|1409079002|ref|NZ_LS483306.1|	NZ_LS483306	89.702	1709	218577	2421598	0.0	2169	Enterococcus cecorum strain NCTC12421 chromosome 1, complete sequence
tig00000002_pilon_pilon	gi|1409079002|ref|NZ_LS483306.1|	NZ_LS483306	91.760	267	218577	2421598	1.90e-96	372	Enterococcus cecorum strain NCTC12421 chromosome 1, complete sequence
tig00000002_pilon_pilon	gi|1409079002|ref|NZ_LS483306.1|	NZ_LS483306	84.259	216	218577	2421598	1.23e-43	196	Enterococcus cecorum strain NCTC12421 chromosome 1, complete sequence
tig00000002_pilon_pilon	gi|1409079002|ref|NZ_LS483306.1|	NZ_LS483306	86.709	158	218577	2421598	2.06e-36	172	Enterococcus cecorum strain NCTC12421 chromosome 1, complete sequence
tig00000002_pilon_pilon	gi|1409079002|ref|NZ_LS483306.1|	NZ_LS483306	87.755	147	218577	2421598	2.67e-35	169	Enterococcus cecorum strain NCTC12421 chromosome 1, complete sequence
tig00000002_pilon_pilon	gi|1409079002|ref|NZ_LS483306.1|	NZ_LS483306	85.987	157	218577	2421598	3.45e-34	165	Enterococcus cecorum strain NCTC12421 chromosome 1, complete sequence
tig00000002_pilon_pilon	gi|1409079002|ref|NZ_LS483306.1|	NZ_LS483306	85.987	157	218577	2421598	3.45e-34	165	Enterococcus cecorum strain NCTC12421 chromosome 1, complete sequence
tig00000002_pilon_pilon	gi|1409079002|ref|NZ_LS483306.1|	NZ_LS483306	85.535	159	218577	2421598	1.24e-33	163	Enterococcus cecorum strain NCTC12421 chromosome 1, complete sequence
tig00000002_pilon_pilon	gi|1409079002|ref|NZ_LS483306.1|	NZ_LS483306	87.075	147	218577	2421598	1.24e-33	163	Enterococcus cecorum strain NCTC12421 chromosome 1, complete sequence
tig00000002_pilon_pilon	gi|1409079002|ref|NZ_LS483306.1|	NZ_LS483306	87.075	147	218577	2421598	1.24e-33	163	Enterococcus cecorum strain NCTC12421 chromosome 1, complete sequence
tig00000002_pilon_pilon	gi|1409079002|ref|NZ_LS483306.1|	NZ_LS483306	93.519	108	218577	2421598	4.47e-33	161	Enterococcus cecorum strain NCTC12421 chromosome 1, complete sequence
tig00000002_pilon_pilon	gi|1409079002|ref|NZ_LS483306.1|	NZ_LS483306	86.395	147	218577	2421598	5.78e-32	158	Enterococcus cecorum strain NCTC12421 chromosome 1, complete sequence
tig00000002_pilon_pilon	gi|1409079002|ref|NZ_LS483306.1|	NZ_LS483306	98.824	85	218577	2421598	2.69e-30	152	Enterococcus cecorum strain NCTC12421 chromosome 1, complete sequence
tig00000002_pilon_pilon	gi|1409079002|ref|NZ_LS483306.1|	NZ_LS483306	88.764	89	218577	2421598	5.90e-17	108	Enterococcus cecorum strain NCTC12421 chromosome 1, complete sequence
tig00000002_pilon_pilon	gi|2073829839|ref|NZ_CP079881.1|	NZ_CP079881	96.843	5227	218577	168866	0.0	8737	Enterococcus lactis strain CX 2-6_2 plasmid pXC, complete sequence
tig00000002_pilon_pilon	gi|2073829839|ref|NZ_CP079881.1|	NZ_CP079881	91.964	5923	218577	168866	0.0	8279	Enterococcus lactis strain CX 2-6_2 plasmid pXC, complete sequence
tig00000002_pilon_pilon	gi|2073829839|ref|NZ_CP079881.1|	NZ_CP079881	98.405	4577	218577	168866	0.0	8030	Enterococcus lactis strain CX 2-6_2 plasmid pXC, complete sequence
tig00000002_pilon_pilon	gi|2073829839|ref|NZ_CP079881.1|	NZ_CP079881	98.935	4319	218577	168866	0.0	7720	Enterococcus lactis strain CX 2-6_2 plasmid pXC, complete sequence
tig00000002_pilon_pilon	gi|2073829839|ref|NZ_CP079881.1|	NZ_CP079881	94.109	3242	218577	168866	0.0	4913	Enterococcus lactis strain CX 2-6_2 plasmid pXC, complete sequence
tig00000002_pilon_pilon	gi|2073829839|ref|NZ_CP079881.1|	NZ_CP079881	99.838	2471	218577	168866	0.0	4542	Enterococcus lactis strain CX 2-6_2 plasmid pXC, complete sequence
tig00000002_pilon_pilon	gi|2073829839|ref|NZ_CP079881.1|	NZ_CP079881	95.733	2367	218577	168866	0.0	3812	Enterococcus lactis strain CX 2-6_2 plasmid pXC, complete sequence
tig00000002_pilon_pilon	gi|2073829839|ref|NZ_CP079881.1|	NZ_CP079881	94.830	2321	218577	168866	0.0	3594	Enterococcus lactis strain CX 2-6_2 plasmid pXC, complete sequence
tig00000002_pilon_pilon	gi|2073829839|ref|NZ_CP079881.1|	NZ_CP079881	99.927	1367	218577	168866	0.0	2518	Enterococcus lactis strain CX 2-6_2 plasmid pXC, complete sequence
tig00000002_pilon_pilon	gi|2073829839|ref|NZ_CP079881.1|	NZ_CP079881	99.781	1371	218577	168866	0.0	2514	Enterococcus lactis strain CX 2-6_2 plasmid pXC, complete sequence
tig00000002_pilon_pilon	gi|2073829839|ref|NZ_CP079881.1|	NZ_CP079881	99.854	1366	218577	168866	0.0	2510	Enterococcus lactis strain CX 2-6_2 plasmid pXC, complete sequence
tig00000002_pilon_pilon	gi|2073829839|ref|NZ_CP079881.1|	NZ_CP079881	99.416	1371	218577	168866	0.0	2486	Enterococcus lactis strain CX 2-6_2 plasmid pXC, complete sequence
tig00000002_pilon_pilon	gi|2073829839|ref|NZ_CP079881.1|	NZ_CP079881	99.272	1374	218577	168866	0.0	2481	Enterococcus lactis strain CX 2-6_2 plasmid pXC, complete sequence
tig00000002_pilon_pilon	gi|2073829839|ref|NZ_CP079881.1|	NZ_CP079881	99.414	1366	218577	168866	0.0	2479	Enterococcus lactis strain CX 2-6_2 plasmid pXC, complete sequence
tig00000002_pilon_pilon	gi|2073829839|ref|NZ_CP079881.1|	NZ_CP079881	91.325	1660	218577	168866	0.0	2246	Enterococcus lactis strain CX 2-6_2 plasmid pXC, complete sequence
tig00000002_pilon_pilon	gi|2073829839|ref|NZ_CP079881.1|	NZ_CP079881	99.353	1082	218577	168866	0.0	1958	Enterococcus lactis strain CX 2-6_2 plasmid pXC, complete sequence
tig00000002_pilon_pilon	gi|2073829839|ref|NZ_CP079881.1|	NZ_CP079881	99.442	1076	218577	168866	0.0	1953	Enterococcus lactis strain CX 2-6_2 plasmid pXC, complete sequence
tig00000002_pilon_pilon	gi|2073829839|ref|NZ_CP079881.1|	NZ_CP079881	99.719	1066	218577	168866	0.0	1953	Enterococcus lactis strain CX 2-6_2 plasmid pXC, complete sequence
tig00000002_pilon_pilon	gi|2073829839|ref|NZ_CP079881.1|	NZ_CP079881	99.168	1082	218577	168866	0.0	1947	Enterococcus lactis strain CX 2-6_2 plasmid pXC, complete sequence
tig00000002_pilon_pilon	gi|2073829839|ref|NZ_CP079881.1|	NZ_CP079881	99.438	1068	218577	168866	0.0	1940	Enterococcus lactis strain CX 2-6_2 plasmid pXC, complete sequence
tig00000002_pilon_pilon	gi|2073829839|ref|NZ_CP079881.1|	NZ_CP079881	99.061	1065	218577	168866	0.0	1912	Enterococcus lactis strain CX 2-6_2 plasmid pXC, complete sequence
tig00000002_pilon_pilon	gi|2073829839|ref|NZ_CP079881.1|	NZ_CP079881	99.521	1044	218577	168866	0.0	1899	Enterococcus lactis strain CX 2-6_2 plasmid pXC, complete sequence
tig00000002_pilon_pilon	gi|2073829839|ref|NZ_CP079881.1|	NZ_CP079881	99.330	1044	218577	168866	0.0	1890	Enterococcus lactis strain CX 2-6_2 plasmid pXC, complete sequence
tig00000002_pilon_pilon	gi|2073829839|ref|NZ_CP079881.1|	NZ_CP079881	97.201	929	218577	168866	0.0	1572	Enterococcus lactis strain CX 2-6_2 plasmid pXC, complete sequence
tig00000002_pilon_pilon	gi|2073829839|ref|NZ_CP079881.1|	NZ_CP079881	99.630	810	218577	168866	0.0	1480	Enterococcus lactis strain CX 2-6_2 plasmid pXC, complete sequence
tig00000002_pilon_pilon	gi|2073829839|ref|NZ_CP079881.1|	NZ_CP079881	99.629	809	218577	168866	0.0	1478	Enterococcus lactis strain CX 2-6_2 plasmid pXC, complete sequence
tig00000002_pilon_pilon	gi|2073829839|ref|NZ_CP079881.1|	NZ_CP079881	99.385	813	218577	168866	0.0	1472	Enterococcus lactis strain CX 2-6_2 plasmid pXC, complete sequence
tig00000002_pilon_pilon	gi|2073829839|ref|NZ_CP079881.1|	NZ_CP079881	99.382	809	218577	168866	0.0	1467	Enterococcus lactis strain CX 2-6_2 plasmid pXC, complete sequence
tig00000002_pilon_pilon	gi|2073829839|ref|NZ_CP079881.1|	NZ_CP079881	99.260	811	218577	168866	0.0	1465	Enterococcus lactis strain CX 2-6_2 plasmid pXC, complete sequence
tig00000002_pilon_pilon	gi|2073829839|ref|NZ_CP079881.1|	NZ_CP079881	99.135	809	218577	168866	0.0	1456	Enterococcus lactis strain CX 2-6_2 plasmid pXC, complete sequence
tig00000002_pilon_pilon	gi|2073829839|ref|NZ_CP079881.1|	NZ_CP079881	99.135	809	218577	168866	0.0	1456	Enterococcus lactis strain CX 2-6_2 plasmid pXC, complete sequence
tig00000002_pilon_pilon	gi|2073829839|ref|NZ_CP079881.1|	NZ_CP079881	98.640	809	218577	168866	0.0	1434	Enterococcus lactis strain CX 2-6_2 plasmid pXC, complete sequence
tig00000002_pilon_pilon	gi|2073829839|ref|NZ_CP079881.1|	NZ_CP079881	84.639	1315	218577	168866	0.0	1291	Enterococcus lactis strain CX 2-6_2 plasmid pXC, complete sequence
tig00000002_pilon_pilon	gi|2073829839|ref|NZ_CP079881.1|	NZ_CP079881	99.857	699	218577	168866	0.0	1286	Enterococcus lactis strain CX 2-6_2 plasmid pXC, complete sequence
tig00000002_pilon_pilon	gi|2073829839|ref|NZ_CP079881.1|	NZ_CP079881	99.713	698	218577	168866	0.0	1279	Enterococcus lactis strain CX 2-6_2 plasmid pXC, complete sequence
tig00000002_pilon_pilon	gi|2073829839|ref|NZ_CP079881.1|	NZ_CP079881	99.142	699	218577	168866	0.0	1258	Enterococcus lactis strain CX 2-6_2 plasmid pXC, complete sequence
tig00000002_pilon_pilon	gi|2073829839|ref|NZ_CP079881.1|	NZ_CP079881	99.130	690	218577	168866	0.0	1242	Enterococcus lactis strain CX 2-6_2 plasmid pXC, complete sequence
tig00000002_pilon_pilon	gi|2073829839|ref|NZ_CP079881.1|	NZ_CP079881	82.940	1313	218577	168866	0.0	1168	Enterococcus lactis strain CX 2-6_2 plasmid pXC, complete sequence
tig00000002_pilon_pilon	gi|2073829839|ref|NZ_CP079881.1|	NZ_CP079881	82.788	1313	218577	168866	0.0	1157	Enterococcus lactis strain CX 2-6_2 plasmid pXC, complete sequence
tig00000002_pilon_pilon	gi|2073829839|ref|NZ_CP079881.1|	NZ_CP079881	82.788	1313	218577	168866	0.0	1157	Enterococcus lactis strain CX 2-6_2 plasmid pXC, complete sequence
tig00000002_pilon_pilon	gi|2073829839|ref|NZ_CP079881.1|	NZ_CP079881	82.669	1304	218577	168866	0.0	1140	Enterococcus lactis strain CX 2-6_2 plasmid pXC, complete sequence
tig00000002_pilon_pilon	gi|2073829839|ref|NZ_CP079881.1|	NZ_CP079881	99.117	566	218577	168866	0.0	1018	Enterococcus lactis strain CX 2-6_2 plasmid pXC, complete sequence
tig00000002_pilon_pilon	gi|2073829839|ref|NZ_CP079881.1|	NZ_CP079881	91.565	735	218577	168866	0.0	1013	Enterococcus lactis strain CX 2-6_2 plasmid pXC, complete sequence
tig00000002_pilon_pilon	gi|2073829839|ref|NZ_CP079881.1|	NZ_CP079881	91.429	735	218577	168866	0.0	1007	Enterococcus lactis strain CX 2-6_2 plasmid pXC, complete sequence
tig00000002_pilon_pilon	gi|2073829839|ref|NZ_CP079881.1|	NZ_CP079881	89.093	816	218577	168866	0.0	1003	Enterococcus lactis strain CX 2-6_2 plasmid pXC, complete sequence
tig00000002_pilon_pilon	gi|2073829839|ref|NZ_CP079881.1|	NZ_CP079881	90.934	739	218577	168866	0.0	992	Enterococcus lactis strain CX 2-6_2 plasmid pXC, complete sequence
tig00000002_pilon_pilon	gi|2073829839|ref|NZ_CP079881.1|	NZ_CP079881	99.627	536	218577	168866	0.0	979	Enterococcus lactis strain CX 2-6_2 plasmid pXC, complete sequence
tig00000002_pilon_pilon	gi|2073829839|ref|NZ_CP079881.1|	NZ_CP079881	99.627	536	218577	168866	0.0	979	Enterococcus lactis strain CX 2-6_2 plasmid pXC, complete sequence
tig00000002_pilon_pilon	gi|2073829839|ref|NZ_CP079881.1|	NZ_CP079881	88.669	759	218577	168866	0.0	917	Enterococcus lactis strain CX 2-6_2 plasmid pXC, complete sequence
tig00000002_pilon_pilon	gi|2073829839|ref|NZ_CP079881.1|	NZ_CP079881	88.259	758	218577	168866	0.0	898	Enterococcus lactis strain CX 2-6_2 plasmid pXC, complete sequence
tig00000002_pilon_pilon	gi|2073829839|ref|NZ_CP079881.1|	NZ_CP079881	98.384	495	218577	168866	0.0	867	Enterococcus lactis strain CX 2-6_2 plasmid pXC, complete sequence
tig00000002_pilon_pilon	gi|2073829839|ref|NZ_CP079881.1|	NZ_CP079881	98.569	489	218577	168866	0.0	861	Enterococcus lactis strain CX 2-6_2 plasmid pXC, complete sequence
tig00000002_pilon_pilon	gi|2073829839|ref|NZ_CP079881.1|	NZ_CP079881	98.182	495	218577	168866	0.0	861	Enterococcus lactis strain CX 2-6_2 plasmid pXC, complete sequence
tig00000002_pilon_pilon	gi|2073829839|ref|NZ_CP079881.1|	NZ_CP079881	98.367	490	218577	168866	0.0	857	Enterococcus lactis strain CX 2-6_2 plasmid pXC, complete sequence
tig00000002_pilon_pilon	gi|2073829839|ref|NZ_CP079881.1|	NZ_CP079881	95.158	537	218577	168866	0.0	846	Enterococcus lactis strain CX 2-6_2 plasmid pXC, complete sequence
tig00000002_pilon_pilon	gi|2073829839|ref|NZ_CP079881.1|	NZ_CP079881	97.576	495	218577	168866	0.0	845	Enterococcus lactis strain CX 2-6_2 plasmid pXC, complete sequence
tig00000002_pilon_pilon	gi|2073829839|ref|NZ_CP079881.1|	NZ_CP079881	80.112	1076	218577	168866	0.0	785	Enterococcus lactis strain CX 2-6_2 plasmid pXC, complete sequence
tig00000002_pilon_pilon	gi|2073829839|ref|NZ_CP079881.1|	NZ_CP079881	87.639	631	218577	168866	0.0	719	Enterococcus lactis strain CX 2-6_2 plasmid pXC, complete sequence
tig00000002_pilon_pilon	gi|2073829839|ref|NZ_CP079881.1|	NZ_CP079881	100.000	301	218577	168866	4.88e-152	556	Enterococcus lactis strain CX 2-6_2 plasmid pXC, complete sequence
tig00000002_pilon_pilon	gi|2073829839|ref|NZ_CP079881.1|	NZ_CP079881	100.000	300	218577	168866	1.75e-151	555	Enterococcus lactis strain CX 2-6_2 plasmid pXC, complete sequence
tig00000002_pilon_pilon	gi|2073829839|ref|NZ_CP079881.1|	NZ_CP079881	100.000	300	218577	168866	1.75e-151	555	Enterococcus lactis strain CX 2-6_2 plasmid pXC, complete sequence
tig00000002_pilon_pilon	gi|2073829839|ref|NZ_CP079881.1|	NZ_CP079881	99.333	300	218577	168866	3.80e-148	544	Enterococcus lactis strain CX 2-6_2 plasmid pXC, complete sequence
tig00000002_pilon_pilon	gi|2073829839|ref|NZ_CP079881.1|	NZ_CP079881	98.925	279	218577	168866	3.00e-134	497	Enterococcus lactis strain CX 2-6_2 plasmid pXC, complete sequence
tig00000002_pilon_pilon	gi|2073829839|ref|NZ_CP079881.1|	NZ_CP079881	77.806	775	218577	168866	1.42e-122	459	Enterococcus lactis strain CX 2-6_2 plasmid pXC, complete sequence
tig00000002_pilon_pilon	gi|2073829839|ref|NZ_CP079881.1|	NZ_CP079881	75.358	978	218577	168866	8.52e-120	449	Enterococcus lactis strain CX 2-6_2 plasmid pXC, complete sequence
tig00000002_pilon_pilon	gi|2073829839|ref|NZ_CP079881.1|	NZ_CP079881	75.284	967	218577	168866	5.13e-117	440	Enterococcus lactis strain CX 2-6_2 plasmid pXC, complete sequence
tig00000002_pilon_pilon	gi|2073829839|ref|NZ_CP079881.1|	NZ_CP079881	75.155	966	218577	168866	8.58e-115	433	Enterococcus lactis strain CX 2-6_2 plasmid pXC, complete sequence
tig00000002_pilon_pilon	gi|2073829839|ref|NZ_CP079881.1|	NZ_CP079881	75.104	964	218577	168866	1.11e-113	429	Enterococcus lactis strain CX 2-6_2 plasmid pXC, complete sequence
tig00000002_pilon_pilon	gi|2073829839|ref|NZ_CP079881.1|	NZ_CP079881	93.043	230	218577	168866	2.49e-85	335	Enterococcus lactis strain CX 2-6_2 plasmid pXC, complete sequence
tig00000002_pilon_pilon	gi|2073829839|ref|NZ_CP079881.1|	NZ_CP079881	95.545	202	218577	168866	1.94e-81	322	Enterococcus lactis strain CX 2-6_2 plasmid pXC, complete sequence
tig00000002_pilon_pilon	gi|2073829839|ref|NZ_CP079881.1|	NZ_CP079881	95.477	199	218577	168866	9.01e-80	316	Enterococcus lactis strain CX 2-6_2 plasmid pXC, complete sequence
tig00000002_pilon_pilon	gi|2073829839|ref|NZ_CP079881.1|	NZ_CP079881	95.918	196	218577	168866	9.01e-80	316	Enterococcus lactis strain CX 2-6_2 plasmid pXC, complete sequence
tig00000002_pilon_pilon	gi|2073829839|ref|NZ_CP079881.1|	NZ_CP079881	87.805	246	218577	168866	1.96e-71	289	Enterococcus lactis strain CX 2-6_2 plasmid pXC, complete sequence
tig00000002_pilon_pilon	gi|2073829839|ref|NZ_CP079881.1|	NZ_CP079881	100.000	154	218577	168866	2.54e-70	285	Enterococcus lactis strain CX 2-6_2 plasmid pXC, complete sequence
tig00000002_pilon_pilon	gi|2073829839|ref|NZ_CP079881.1|	NZ_CP079881	94.767	172	218577	168866	3.31e-64	265	Enterococcus lactis strain CX 2-6_2 plasmid pXC, complete sequence
tig00000002_pilon_pilon	gi|2073829839|ref|NZ_CP079881.1|	NZ_CP079881	85.600	250	218577	168866	7.17e-61	254	Enterococcus lactis strain CX 2-6_2 plasmid pXC, complete sequence
tig00000002_pilon_pilon	gi|2073829839|ref|NZ_CP079881.1|	NZ_CP079881	99.200	125	218577	168866	1.56e-52	226	Enterococcus lactis strain CX 2-6_2 plasmid pXC, complete sequence
tig00000002_pilon_pilon	gi|2073829839|ref|NZ_CP079881.1|	NZ_CP079881	97.500	120	218577	168866	2.04e-46	206	Enterococcus lactis strain CX 2-6_2 plasmid pXC, complete sequence
tig00000002_pilon_pilon	gi|2073829839|ref|NZ_CP079881.1|	NZ_CP079881	80.201	298	218577	168866	2.63e-45	202	Enterococcus lactis strain CX 2-6_2 plasmid pXC, complete sequence
tig00000002_pilon_pilon	gi|2073829839|ref|NZ_CP079881.1|	NZ_CP079881	100.000	107	218577	168866	3.41e-44	198	Enterococcus lactis strain CX 2-6_2 plasmid pXC, complete sequence
tig00000002_pilon_pilon	gi|2073829839|ref|NZ_CP079881.1|	NZ_CP079881	100.000	107	218577	168866	3.41e-44	198	Enterococcus lactis strain CX 2-6_2 plasmid pXC, complete sequence
tig00000002_pilon_pilon	gi|2073829839|ref|NZ_CP079881.1|	NZ_CP079881	100.000	107	218577	168866	3.41e-44	198	Enterococcus lactis strain CX 2-6_2 plasmid pXC, complete sequence
tig00000002_pilon_pilon	gi|2073829839|ref|NZ_CP079881.1|	NZ_CP079881	98.131	107	218577	168866	7.37e-41	187	Enterococcus lactis strain CX 2-6_2 plasmid pXC, complete sequence
tig00000002_pilon_pilon	gi|2073829839|ref|NZ_CP079881.1|	NZ_CP079881	99.038	104	218577	168866	7.37e-41	187	Enterococcus lactis strain CX 2-6_2 plasmid pXC, complete sequence
tig00000002_pilon_pilon	gi|2073829839|ref|NZ_CP079881.1|	NZ_CP079881	98.131	107	218577	168866	7.37e-41	187	Enterococcus lactis strain CX 2-6_2 plasmid pXC, complete sequence
tig00000002_pilon_pilon	gi|2073829839|ref|NZ_CP079881.1|	NZ_CP079881	85.380	171	218577	168866	1.60e-37	176	Enterococcus lactis strain CX 2-6_2 plasmid pXC, complete sequence
tig00000002_pilon_pilon	gi|1224458755|ref|NZ_FOXW01000004.1|	NZ_FOXW01000004	93.241	4572	218577	294833	0.0	6721	Desemzia incerta strain DSM 20581, whole genome shotgun sequence
tig00000002_pilon_pilon	gi|1224458755|ref|NZ_FOXW01000004.1|	NZ_FOXW01000004	80.000	150	218577	294833	5.90e-17	108	Desemzia incerta strain DSM 20581, whole genome shotgun sequence
tig00000002_pilon_pilon	gi|1969334876|ref|NZ_CP068483.1|	NZ_CP068483	91.812	4531	218577	2858749	0.0	6301	Enterococcus hirae strain FDAARGOS_1123 chromosome
tig00000002_pilon_pilon	gi|1969334876|ref|NZ_CP068483.1|	NZ_CP068483	85.433	508	218577	2858749	1.38e-142	525	Enterococcus hirae strain FDAARGOS_1123 chromosome
tig00000002_pilon_pilon	gi|1969334876|ref|NZ_CP068483.1|	NZ_CP068483	80.429	746	218577	2858749	1.38e-142	525	Enterococcus hirae strain FDAARGOS_1123 chromosome
tig00000002_pilon_pilon	gi|1969334876|ref|NZ_CP068483.1|	NZ_CP068483	92.014	288	218577	2858749	3.13e-104	398	Enterococcus hirae strain FDAARGOS_1123 chromosome
tig00000002_pilon_pilon	gi|1969334876|ref|NZ_CP068483.1|	NZ_CP068483	87.307	323	218577	2858749	8.82e-95	366	Enterococcus hirae strain FDAARGOS_1123 chromosome
tig00000002_pilon_pilon	gi|1969334876|ref|NZ_CP068483.1|	NZ_CP068483	85.269	353	218577	2858749	4.11e-93	361	Enterococcus hirae strain FDAARGOS_1123 chromosome
tig00000002_pilon_pilon	gi|1969334876|ref|NZ_CP068483.1|	NZ_CP068483	84.099	283	218577	2858749	2.56e-65	268	Enterococcus hirae strain FDAARGOS_1123 chromosome
tig00000002_pilon_pilon	gi|1969334876|ref|NZ_CP068483.1|	NZ_CP068483	87.500	184	218577	2858749	1.22e-48	213	Enterococcus hirae strain FDAARGOS_1123 chromosome
tig00000002_pilon_pilon	gi|1969334876|ref|NZ_CP068483.1|	NZ_CP068483	87.432	183	218577	2858749	4.37e-48	211	Enterococcus hirae strain FDAARGOS_1123 chromosome
tig00000002_pilon_pilon	gi|1969334876|ref|NZ_CP068483.1|	NZ_CP068483	87.432	183	218577	2858749	4.37e-48	211	Enterococcus hirae strain FDAARGOS_1123 chromosome
tig00000002_pilon_pilon	gi|1969334876|ref|NZ_CP068483.1|	NZ_CP068483	78.571	350	218577	2858749	1.57e-47	209	Enterococcus hirae strain FDAARGOS_1123 chromosome
tig00000002_pilon_pilon	gi|1969334876|ref|NZ_CP068483.1|	NZ_CP068483	83.256	215	218577	2858749	2.05e-41	189	Enterococcus hirae strain FDAARGOS_1123 chromosome
tig00000002_pilon_pilon	gi|1969334876|ref|NZ_CP068483.1|	NZ_CP068483	88.514	148	218577	2858749	4.44e-38	178	Enterococcus hirae strain FDAARGOS_1123 chromosome
tig00000002_pilon_pilon	gi|1969334876|ref|NZ_CP068483.1|	NZ_CP068483	89.474	133	218577	2858749	9.61e-35	167	Enterococcus hirae strain FDAARGOS_1123 chromosome
tig00000002_pilon_pilon	gi|1969334876|ref|NZ_CP068483.1|	NZ_CP068483	89.394	132	218577	2858749	3.45e-34	165	Enterococcus hirae strain FDAARGOS_1123 chromosome
tig00000002_pilon_pilon	gi|1969334876|ref|NZ_CP068483.1|	NZ_CP068483	89.313	131	218577	2858749	1.24e-33	163	Enterococcus hirae strain FDAARGOS_1123 chromosome
tig00000002_pilon_pilon	gi|1969334876|ref|NZ_CP068483.1|	NZ_CP068483	93.000	100	218577	2858749	1.62e-27	143	Enterococcus hirae strain FDAARGOS_1123 chromosome
tig00000002_pilon_pilon	gi|1969334876|ref|NZ_CP068483.1|	NZ_CP068483	92.000	100	218577	2858749	7.53e-26	137	Enterococcus hirae strain FDAARGOS_1123 chromosome
tig00000002_pilon_pilon	gi|1969334876|ref|NZ_CP068483.1|	NZ_CP068483	90.110	91	218577	2858749	1.27e-18	113	Enterococcus hirae strain FDAARGOS_1123 chromosome
tig00000002_pilon_pilon	gi|1969334876|ref|NZ_CP068483.1|	NZ_CP068483	90.909	88	218577	2858749	1.27e-18	113	Enterococcus hirae strain FDAARGOS_1123 chromosome
tig00000002_pilon_pilon	gi|1969334876|ref|NZ_CP068483.1|	NZ_CP068483	90.909	88	218577	2858749	1.27e-18	113	Enterococcus hirae strain FDAARGOS_1123 chromosome
tig00000002_pilon_pilon	gi|1969334876|ref|NZ_CP068483.1|	NZ_CP068483	89.773	88	218577	2858749	1.64e-17	110	Enterococcus hirae strain FDAARGOS_1123 chromosome
tig00000002_pilon_pilon	gi|1969334876|ref|NZ_CP068483.1|	NZ_CP068483	91.358	81	218577	2858749	1.64e-17	110	Enterococcus hirae strain FDAARGOS_1123 chromosome
tig00000002_pilon_pilon	gi|1969334876|ref|NZ_CP068483.1|	NZ_CP068483	91.358	81	218577	2858749	1.64e-17	110	Enterococcus hirae strain FDAARGOS_1123 chromosome
tig00000002_pilon_pilon	gi|1969334876|ref|NZ_CP068483.1|	NZ_CP068483	92.754	69	218577	2858749	9.88e-15	100	Enterococcus hirae strain FDAARGOS_1123 chromosome
tig00000002_pilon_pilon	gi|1969334876|ref|NZ_CP068483.1|	NZ_CP068483	92.754	69	218577	2858749	9.88e-15	100	Enterococcus hirae strain FDAARGOS_1123 chromosome
tig00000002_pilon_pilon	gi|1969334876|ref|NZ_CP068483.1|	NZ_CP068483	92.754	69	218577	2858749	9.88e-15	100	Enterococcus hirae strain FDAARGOS_1123 chromosome
tig00000002_pilon_pilon	gi|1969334876|ref|NZ_CP068483.1|	NZ_CP068483	91.045	67	218577	2858749	5.95e-12	91.6	Enterococcus hirae strain FDAARGOS_1123 chromosome
tig00000002_pilon_pilon	gi|1969334876|ref|NZ_CP068483.1|	NZ_CP068483	91.045	67	218577	2858749	5.95e-12	91.6	Enterococcus hirae strain FDAARGOS_1123 chromosome
tig00000002_pilon_pilon	gi|1969334876|ref|NZ_CP068483.1|	NZ_CP068483	91.045	67	218577	2858749	5.95e-12	91.6	Enterococcus hirae strain FDAARGOS_1123 chromosome
tig00000002_pilon_pilon	gi|1832478644|ref|NZ_CP048838.1|	NZ_CP048838	98.808	3524	218577	4718906	0.0	6276	[Clostridium] innocuum strain ATCC 14501 chromosome, complete genome
tig00000002_pilon_pilon	gi|1832478644|ref|NZ_CP048838.1|	NZ_CP048838	99.026	2054	218577	4718906	0.0	3681	[Clostridium] innocuum strain ATCC 14501 chromosome, complete genome
tig00000002_pilon_pilon	gi|1832478644|ref|NZ_CP048838.1|	NZ_CP048838	97.669	1244	218577	4718906	0.0	2121	[Clostridium] innocuum strain ATCC 14501 chromosome, complete genome
tig00000002_pilon_pilon	gi|1473957029|ref|NZ_QROT01000007.1|	NZ_QROT01000007	98.269	3524	218577	209581	0.0	6170	Eubacterium ventriosum strain AF37-4 AF37-4.Scaf7, whole genome shotgun sequence
tig00000002_pilon_pilon	gi|1473957029|ref|NZ_QROT01000007.1|	NZ_QROT01000007	98.539	2054	218577	209581	0.0	3626	Eubacterium ventriosum strain AF37-4 AF37-4.Scaf7, whole genome shotgun sequence
tig00000002_pilon_pilon	gi|1473957029|ref|NZ_QROT01000007.1|	NZ_QROT01000007	96.354	192	218577	209581	3.24e-79	315	Eubacterium ventriosum strain AF37-4 AF37-4.Scaf7, whole genome shotgun sequence
tig00000002_pilon_pilon	gi|1993000796|ref|NZ_JAFBDT010000044.1|	NZ_JAFBDT010000044	98.321	3515	218577	8928	0.0	6163	Fusibacter tunisiensis strain DSM 24436 Ga0454032_44, whole genome shotgun sequence
tig00000002_pilon_pilon	gi|1993000796|ref|NZ_JAFBDT010000044.1|	NZ_JAFBDT010000044	98.497	2062	218577	8928	0.0	3627	Fusibacter tunisiensis strain DSM 24436 Ga0454032_44, whole genome shotgun sequence
tig00000002_pilon_pilon	gi|1993000796|ref|NZ_JAFBDT010000044.1|	NZ_JAFBDT010000044	94.222	1246	218577	8928	0.0	1882	Fusibacter tunisiensis strain DSM 24436 Ga0454032_44, whole genome shotgun sequence
tig00000002_pilon_pilon	gi|501548321|ref|NZ_KB946309.1|	NZ_KB946309	83.253	6676	218577	1429197	0.0	6072	Enterococcus pallens ATCC BAA-351 acvKb-supercont1.5, whole genome shotgun sequence
tig00000002_pilon_pilon	gi|501548321|ref|NZ_KB946309.1|	NZ_KB946309	75.894	1315	218577	1429197	0.0	652	Enterococcus pallens ATCC BAA-351 acvKb-supercont1.5, whole genome shotgun sequence
tig00000002_pilon_pilon	gi|501548321|ref|NZ_KB946309.1|	NZ_KB946309	75.805	1335	218577	1429197	2.18e-180	651	Enterococcus pallens ATCC BAA-351 acvKb-supercont1.5, whole genome shotgun sequence
tig00000002_pilon_pilon	gi|501548321|ref|NZ_KB946309.1|	NZ_KB946309	75.000	1336	218577	1429197	7.99e-165	599	Enterococcus pallens ATCC BAA-351 acvKb-supercont1.5, whole genome shotgun sequence
tig00000002_pilon_pilon	gi|501548321|ref|NZ_KB946309.1|	NZ_KB946309	74.981	1331	218577	1429197	1.03e-163	595	Enterococcus pallens ATCC BAA-351 acvKb-supercont1.5, whole genome shotgun sequence
tig00000002_pilon_pilon	gi|501548321|ref|NZ_KB946309.1|	NZ_KB946309	74.981	1323	218577	1429197	2.24e-160	584	Enterococcus pallens ATCC BAA-351 acvKb-supercont1.5, whole genome shotgun sequence
tig00000002_pilon_pilon	gi|501548321|ref|NZ_KB946309.1|	NZ_KB946309	74.981	1319	218577	1429197	2.24e-160	584	Enterococcus pallens ATCC BAA-351 acvKb-supercont1.5, whole genome shotgun sequence
tig00000002_pilon_pilon	gi|501548321|ref|NZ_KB946309.1|	NZ_KB946309	74.831	1331	218577	1429197	2.24e-160	584	Enterococcus pallens ATCC BAA-351 acvKb-supercont1.5, whole genome shotgun sequence
tig00000002_pilon_pilon	gi|501548321|ref|NZ_KB946309.1|	NZ_KB946309	74.829	1319	218577	1429197	4.84e-157	573	Enterococcus pallens ATCC BAA-351 acvKb-supercont1.5, whole genome shotgun sequence
tig00000002_pilon_pilon	gi|3156233859|ref|NZ_BAAHSH010000010.1|	NZ_BAAHSH010000010	97.391	3526	218577	33815	0.0	6000	Faecalimonas hominis strain OB7656 sequence10, whole genome shotgun sequence
tig00000002_pilon_pilon	gi|3156233859|ref|NZ_BAAHSH010000010.1|	NZ_BAAHSH010000010	97.774	2022	218577	33815	0.0	3483	Faecalimonas hominis strain OB7656 sequence10, whole genome shotgun sequence
tig00000002_pilon_pilon	gi|3156233859|ref|NZ_BAAHSH010000010.1|	NZ_BAAHSH010000010	98.541	1165	218577	33815	0.0	2056	Faecalimonas hominis strain OB7656 sequence10, whole genome shotgun sequence
tig00000002_pilon_pilon	gi|1980661048|ref|NZ_JAETXN010000002.1|	NZ_JAETXN010000002	97.389	3524	218577	419087	0.0	5999	Peptoniphilus asaccharolyticus strain FDAARGOS_1135 000001F_arrow_pilon, whole genome shotgun sequence
tig00000002_pilon_pilon	gi|1980661048|ref|NZ_JAETXN010000002.1|	NZ_JAETXN010000002	98.393	2054	218577	419087	0.0	3609	Peptoniphilus asaccharolyticus strain FDAARGOS_1135 000001F_arrow_pilon, whole genome shotgun sequence
tig00000002_pilon_pilon	gi|1980661048|ref|NZ_JAETXN010000002.1|	NZ_JAETXN010000002	88.853	1238	218577	419087	0.0	1509	Peptoniphilus asaccharolyticus strain FDAARGOS_1135 000001F_arrow_pilon, whole genome shotgun sequence
tig00000002_pilon_pilon	gi|289422896|ref|NZ_ADJN01000029.1|	NZ_ADJN01000029	96.857	3532	218577	9820	0.0	5901	Peptostreptococcus anaerobius 653-L contig00045, whole genome shotgun sequence
tig00000002_pilon_pilon	gi|289422896|ref|NZ_ADJN01000029.1|	NZ_ADJN01000029	98.004	2054	218577	9820	0.0	3565	Peptostreptococcus anaerobius 653-L contig00045, whole genome shotgun sequence
tig00000002_pilon_pilon	gi|289422896|ref|NZ_ADJN01000029.1|	NZ_ADJN01000029	90.442	1245	218577	9820	0.0	1620	Peptostreptococcus anaerobius 653-L contig00045, whole genome shotgun sequence
tig00000002_pilon_pilon	gi|551236981|ref|NZ_ATVB01000034.1|	NZ_ATVB01000034	97.960	3383	218577	3895	0.0	5866	Alloscardovia omnicolens DSM 21503 G464DRAFT_scaffold00034.34_C, whole genome shotgun sequence
tig00000002_pilon_pilon	gi|238915976|ref|NC_012778.1|	NC_012778	96.549	3419	218577	2144190	0.0	5657	Lachnospira eligens ATCC 27750, complete sequence
tig00000002_pilon_pilon	gi|238915976|ref|NC_012778.1|	NC_012778	97.274	2054	218577	2144190	0.0	3482	Lachnospira eligens ATCC 27750, complete sequence
tig00000002_pilon_pilon	gi|238915976|ref|NC_012778.1|	NC_012778	96.610	118	218577	2144190	1.23e-43	196	Lachnospira eligens ATCC 27750, complete sequence
tig00000002_pilon_pilon	gi|1409067562|ref|NZ_LS483427.1|	NZ_LS483427	96.387	3404	218577	1988850	0.0	5605	Arcanobacterium haemolyticum strain NCTC8452 chromosome 1, complete sequence
tig00000002_pilon_pilon	gi|1302523992|ref|NZ_CP018062.1|	NZ_CP018062	87.479	4864	218577	147076	0.0	5603	Enterococcus mundtii strain DSM 4838 plasmid pLDW-8, complete sequence
tig00000002_pilon_pilon	gi|1302523992|ref|NZ_CP018062.1|	NZ_CP018062	87.459	4864	218577	147076	0.0	5596	Enterococcus mundtii strain DSM 4838 plasmid pLDW-8, complete sequence
tig00000002_pilon_pilon	gi|1302523992|ref|NZ_CP018062.1|	NZ_CP018062	92.608	2205	218577	147076	0.0	3168	Enterococcus mundtii strain DSM 4838 plasmid pLDW-8, complete sequence
tig00000002_pilon_pilon	gi|1302523992|ref|NZ_CP018062.1|	NZ_CP018062	92.608	2205	218577	147076	0.0	3168	Enterococcus mundtii strain DSM 4838 plasmid pLDW-8, complete sequence
tig00000002_pilon_pilon	gi|1302523992|ref|NZ_CP018062.1|	NZ_CP018062	85.238	2398	218577	147076	0.0	2440	Enterococcus mundtii strain DSM 4838 plasmid pLDW-8, complete sequence
tig00000002_pilon_pilon	gi|1302523992|ref|NZ_CP018062.1|	NZ_CP018062	85.736	2005	218577	147076	0.0	2104	Enterococcus mundtii strain DSM 4838 plasmid pLDW-8, complete sequence
tig00000002_pilon_pilon	gi|1302523992|ref|NZ_CP018062.1|	NZ_CP018062	86.985	1214	218577	147076	0.0	1354	Enterococcus mundtii strain DSM 4838 plasmid pLDW-8, complete sequence
tig00000002_pilon_pilon	gi|1302523992|ref|NZ_CP018062.1|	NZ_CP018062	86.974	1213	218577	147076	0.0	1352	Enterococcus mundtii strain DSM 4838 plasmid pLDW-8, complete sequence
tig00000002_pilon_pilon	gi|1302523992|ref|NZ_CP018062.1|	NZ_CP018062	86.831	1215	218577	147076	0.0	1345	Enterococcus mundtii strain DSM 4838 plasmid pLDW-8, complete sequence
tig00000002_pilon_pilon	gi|1302523992|ref|NZ_CP018062.1|	NZ_CP018062	86.056	1212	218577	147076	0.0	1288	Enterococcus mundtii strain DSM 4838 plasmid pLDW-8, complete sequence
tig00000002_pilon_pilon	gi|1302523992|ref|NZ_CP018062.1|	NZ_CP018062	79.167	1848	218577	147076	0.0	1251	Enterococcus mundtii strain DSM 4838 plasmid pLDW-8, complete sequence
tig00000002_pilon_pilon	gi|1302523992|ref|NZ_CP018062.1|	NZ_CP018062	92.495	493	218577	147076	0.0	689	Enterococcus mundtii strain DSM 4838 plasmid pLDW-8, complete sequence
tig00000002_pilon_pilon	gi|1302523992|ref|NZ_CP018062.1|	NZ_CP018062	83.655	673	218577	147076	1.02e-173	628	Enterococcus mundtii strain DSM 4838 plasmid pLDW-8, complete sequence
tig00000002_pilon_pilon	gi|1302523992|ref|NZ_CP018062.1|	NZ_CP018062	72.634	2050	218577	147076	3.67e-173	627	Enterococcus mundtii strain DSM 4838 plasmid pLDW-8, complete sequence
tig00000002_pilon_pilon	gi|1302523992|ref|NZ_CP018062.1|	NZ_CP018062	77.760	634	218577	147076	1.48e-92	359	Enterococcus mundtii strain DSM 4838 plasmid pLDW-8, complete sequence
tig00000002_pilon_pilon	gi|1302523992|ref|NZ_CP018062.1|	NZ_CP018062	75.436	802	218577	147076	4.13e-88	344	Enterococcus mundtii strain DSM 4838 plasmid pLDW-8, complete sequence
tig00000002_pilon_pilon	gi|1302523992|ref|NZ_CP018062.1|	NZ_CP018062	75.436	802	218577	147076	4.13e-88	344	Enterococcus mundtii strain DSM 4838 plasmid pLDW-8, complete sequence
tig00000002_pilon_pilon	gi|1302523992|ref|NZ_CP018062.1|	NZ_CP018062	84.351	262	218577	147076	3.33e-59	248	Enterococcus mundtii strain DSM 4838 plasmid pLDW-8, complete sequence
tig00000002_pilon_pilon	gi|1302523992|ref|NZ_CP018062.1|	NZ_CP018062	84.351	262	218577	147076	3.33e-59	248	Enterococcus mundtii strain DSM 4838 plasmid pLDW-8, complete sequence
tig00000002_pilon_pilon	gi|1302523992|ref|NZ_CP018062.1|	NZ_CP018062	85.455	110	218577	147076	1.27e-18	113	Enterococcus mundtii strain DSM 4838 plasmid pLDW-8, complete sequence
tig00000002_pilon_pilon	gi|1957252017|ref|NZ_AP024085.1|	NZ_AP024085	95.246	3513	218577	2869982	0.0	5550	Faecalibacillus intestinalis strain 14EGH31 chromosome, complete genome
tig00000002_pilon_pilon	gi|1957252017|ref|NZ_AP024085.1|	NZ_AP024085	94.867	2065	218577	2869982	0.0	3216	Faecalibacillus intestinalis strain 14EGH31 chromosome, complete genome
tig00000002_pilon_pilon	gi|1957252017|ref|NZ_AP024085.1|	NZ_AP024085	85.014	1081	218577	2869982	0.0	1085	Faecalibacillus intestinalis strain 14EGH31 chromosome, complete genome
tig00000002_pilon_pilon	gi|1957252017|ref|NZ_AP024085.1|	NZ_AP024085	79.528	127	218577	2869982	5.95e-12	91.6	Faecalibacillus intestinalis strain 14EGH31 chromosome, complete genome
tig00000002_pilon_pilon	gi|1957252017|ref|NZ_AP024085.1|	NZ_AP024085	79.528	127	218577	2869982	5.95e-12	91.6	Faecalibacillus intestinalis strain 14EGH31 chromosome, complete genome
tig00000002_pilon_pilon	gi|1957252017|ref|NZ_AP024085.1|	NZ_AP024085	79.528	127	218577	2869982	5.95e-12	91.6	Faecalibacillus intestinalis strain 14EGH31 chromosome, complete genome
tig00000002_pilon_pilon	gi|1459866773|ref|NZ_QEOA01000002.1|	NZ_QEOA01000002	95.856	3378	218577	618517	0.0	5461	Bacteroides galacturonicus strain DSM 3978 Ga0215663_101, whole genome shotgun sequence
tig00000002_pilon_pilon	gi|1459866773|ref|NZ_QEOA01000002.1|	NZ_QEOA01000002	95.620	2055	218577	618517	0.0	3295	Bacteroides galacturonicus strain DSM 3978 Ga0215663_101, whole genome shotgun sequence
tig00000002_pilon_pilon	gi|1459866773|ref|NZ_QEOA01000002.1|	NZ_QEOA01000002	92.793	222	218577	618517	1.94e-81	322	Bacteroides galacturonicus strain DSM 3978 Ga0215663_101, whole genome shotgun sequence
tig00000002_pilon_pilon	gi|2755332691|ref|NZ_JBEPMA010000012.1|	NZ_JBEPMA010000012	94.803	3502	218577	46637	0.0	5459	Peptoniphilus olsenii strain DSM 21460 Ga0480188_12, whole genome shotgun sequence
tig00000002_pilon_pilon	gi|2755332691|ref|NZ_JBEPMA010000012.1|	NZ_JBEPMA010000012	95.326	2054	218577	46637	0.0	3258	Peptoniphilus olsenii strain DSM 21460 Ga0480188_12, whole genome shotgun sequence
tig00000002_pilon_pilon	gi|2755332691|ref|NZ_JBEPMA010000012.1|	NZ_JBEPMA010000012	97.995	1097	218577	46637	0.0	1901	Peptoniphilus olsenii strain DSM 21460 Ga0480188_12, whole genome shotgun sequence
tig00000002_pilon_pilon	gi|2369407785|ref|NZ_JAOQJR010000018.1|	NZ_JAOQJR010000018	94.681	3516	218577	48274	0.0	5456	[Clostridium] ammoniilyticum strain H4_15 .13470_2_71.18, whole genome shotgun sequence
tig00000002_pilon_pilon	gi|2369407785|ref|NZ_JAOQJR010000018.1|	NZ_JAOQJR010000018	94.673	2065	218577	48274	0.0	3193	[Clostridium] ammoniilyticum strain H4_15 .13470_2_71.18, whole genome shotgun sequence
tig00000002_pilon_pilon	gi|2369407785|ref|NZ_JAOQJR010000018.1|	NZ_JAOQJR010000018	84.143	1091	218577	48274	0.0	1031	[Clostridium] ammoniilyticum strain H4_15 .13470_2_71.18, whole genome shotgun sequence
tig00000002_pilon_pilon	gi|1222085038|ref|NZ_FONU01000015.1|	NZ_FONU01000015	95.796	3378	218577	90085	0.0	5450	[Lactobacillus] rogosae strain ATCC 27753, whole genome shotgun sequence
tig00000002_pilon_pilon	gi|1222085038|ref|NZ_FONU01000015.1|	NZ_FONU01000015	95.572	2055	218577	90085	0.0	3290	[Lactobacillus] rogosae strain ATCC 27753, whole genome shotgun sequence
tig00000002_pilon_pilon	gi|1222085038|ref|NZ_FONU01000015.1|	NZ_FONU01000015	93.243	222	218577	90085	4.16e-83	327	[Lactobacillus] rogosae strain ATCC 27753, whole genome shotgun sequence
tig00000002_pilon_pilon	gi|2570258027|ref|NZ_JAUSWF010000003.1|	NZ_JAUSWF010000003	94.535	3513	218577	167728	0.0	5421	Aedoeadaptatus ivorii strain DSM 10022 Ga0480185_03, whole genome shotgun sequence
tig00000002_pilon_pilon	gi|2570258027|ref|NZ_JAUSWF010000003.1|	NZ_JAUSWF010000003	97.670	2017	218577	167728	0.0	3463	Aedoeadaptatus ivorii strain DSM 10022 Ga0480185_03, whole genome shotgun sequence
tig00000002_pilon_pilon	gi|2570258027|ref|NZ_JAUSWF010000003.1|	NZ_JAUSWF010000003	91.515	1096	218577	167728	0.0	1506	Aedoeadaptatus ivorii strain DSM 10022 Ga0480185_03, whole genome shotgun sequence
tig00000002_pilon_pilon	gi|1372218108|ref|NZ_PYLP01000017.1|	NZ_PYLP01000017	94.411	3489	218577	53739	0.0	5358	Faecalibacillus faecis strain SNUG30370 scaffold_16, whole genome shotgun sequence
tig00000002_pilon_pilon	gi|1372218108|ref|NZ_PYLP01000017.1|	NZ_PYLP01000017	94.673	2065	218577	53739	0.0	3193	Faecalibacillus faecis strain SNUG30370 scaffold_16, whole genome shotgun sequence
tig00000002_pilon_pilon	gi|1372218108|ref|NZ_PYLP01000017.1|	NZ_PYLP01000017	84.241	1047	218577	53739	0.0	989	Faecalibacillus faecis strain SNUG30370 scaffold_16, whole genome shotgun sequence
tig00000002_pilon_pilon	gi|2302651783|ref|NZ_CP102270.1|	NZ_CP102270	94.910	3379	218577	2521323	0.0	5282	Eshraghiella crossota strain DSM 2876 chromosome, complete genome
tig00000002_pilon_pilon	gi|2302651783|ref|NZ_CP102270.1|	NZ_CP102270	94.671	2008	218577	2521323	0.0	3114	Eshraghiella crossota strain DSM 2876 chromosome, complete genome
tig00000002_pilon_pilon	gi|2736292477|ref|NZ_JAFREL020000004.1|	NZ_JAFREL020000004	81.402	6377	218577	551346	0.0	5166	Candidatus Enterococcus ferrettii strain 665A scaffold00004, whole genome shotgun sequence
tig00000002_pilon_pilon	gi|2736292477|ref|NZ_JAFREL020000004.1|	NZ_JAFREL020000004	77.045	1577	218577	551346	0.0	867	Candidatus Enterococcus ferrettii strain 665A scaffold00004, whole genome shotgun sequence
tig00000002_pilon_pilon	gi|2736292477|ref|NZ_JAFREL020000004.1|	NZ_JAFREL020000004	80.027	741	218577	551346	2.94e-149	547	Candidatus Enterococcus ferrettii strain 665A scaffold00004, whole genome shotgun sequence
tig00000002_pilon_pilon	gi|1196839727|ref|NZ_NGMO01000002.1|	NZ_NGMO01000002	98.995	2885	218577	855978	0.0	5153	Candidatus Enterococcus wittei strain 10A9_DIV0425 scaffold00002, whole genome shotgun sequence
tig00000002_pilon_pilon	gi|1196839727|ref|NZ_NGMO01000002.1|	NZ_NGMO01000002	99.699	1327	218577	855978	0.0	2429	Candidatus Enterococcus wittei strain 10A9_DIV0425 scaffold00002, whole genome shotgun sequence
tig00000002_pilon_pilon	gi|1196839727|ref|NZ_NGMO01000002.1|	NZ_NGMO01000002	96.938	1339	218577	855978	0.0	2246	Candidatus Enterococcus wittei strain 10A9_DIV0425 scaffold00002, whole genome shotgun sequence
tig00000002_pilon_pilon	gi|1196839727|ref|NZ_NGMO01000002.1|	NZ_NGMO01000002	96.866	1340	218577	855978	0.0	2242	Candidatus Enterococcus wittei strain 10A9_DIV0425 scaffold00002, whole genome shotgun sequence
tig00000002_pilon_pilon	gi|1196839727|ref|NZ_NGMO01000002.1|	NZ_NGMO01000002	96.657	1346	218577	855978	0.0	2237	Candidatus Enterococcus wittei strain 10A9_DIV0425 scaffold00002, whole genome shotgun sequence
tig00000002_pilon_pilon	gi|1196839727|ref|NZ_NGMO01000002.1|	NZ_NGMO01000002	96.601	1324	218577	855978	0.0	2194	Candidatus Enterococcus wittei strain 10A9_DIV0425 scaffold00002, whole genome shotgun sequence
tig00000002_pilon_pilon	gi|1196839727|ref|NZ_NGMO01000002.1|	NZ_NGMO01000002	99.349	1075	218577	855978	0.0	1947	Candidatus Enterococcus wittei strain 10A9_DIV0425 scaffold00002, whole genome shotgun sequence
tig00000002_pilon_pilon	gi|1196839727|ref|NZ_NGMO01000002.1|	NZ_NGMO01000002	99.531	1065	218577	855978	0.0	1940	Candidatus Enterococcus wittei strain 10A9_DIV0425 scaffold00002, whole genome shotgun sequence
tig00000002_pilon_pilon	gi|1196839727|ref|NZ_NGMO01000002.1|	NZ_NGMO01000002	99.071	1076	218577	855978	0.0	1932	Candidatus Enterococcus wittei strain 10A9_DIV0425 scaffold00002, whole genome shotgun sequence
tig00000002_pilon_pilon	gi|1196839727|ref|NZ_NGMO01000002.1|	NZ_NGMO01000002	97.204	1073	218577	855978	0.0	1808	Candidatus Enterococcus wittei strain 10A9_DIV0425 scaffold00002, whole genome shotgun sequence
tig00000002_pilon_pilon	gi|1196839727|ref|NZ_NGMO01000002.1|	NZ_NGMO01000002	99.258	809	218577	855978	0.0	1458	Candidatus Enterococcus wittei strain 10A9_DIV0425 scaffold00002, whole genome shotgun sequence
tig00000002_pilon_pilon	gi|1196839727|ref|NZ_NGMO01000002.1|	NZ_NGMO01000002	99.257	808	218577	855978	0.0	1456	Candidatus Enterococcus wittei strain 10A9_DIV0425 scaffold00002, whole genome shotgun sequence
tig00000002_pilon_pilon	gi|1196839727|ref|NZ_NGMO01000002.1|	NZ_NGMO01000002	99.010	808	218577	855978	0.0	1445	Candidatus Enterococcus wittei strain 10A9_DIV0425 scaffold00002, whole genome shotgun sequence
tig00000002_pilon_pilon	gi|1196839727|ref|NZ_NGMO01000002.1|	NZ_NGMO01000002	99.010	808	218577	855978	0.0	1445	Candidatus Enterococcus wittei strain 10A9_DIV0425 scaffold00002, whole genome shotgun sequence
tig00000002_pilon_pilon	gi|1196839727|ref|NZ_NGMO01000002.1|	NZ_NGMO01000002	80.714	1540	218577	855978	0.0	1190	Candidatus Enterococcus wittei strain 10A9_DIV0425 scaffold00002, whole genome shotgun sequence
tig00000002_pilon_pilon	gi|1196839727|ref|NZ_NGMO01000002.1|	NZ_NGMO01000002	93.834	746	218577	855978	0.0	1112	Candidatus Enterococcus wittei strain 10A9_DIV0425 scaffold00002, whole genome shotgun sequence
tig00000002_pilon_pilon	gi|1196839727|ref|NZ_NGMO01000002.1|	NZ_NGMO01000002	91.281	734	218577	855978	0.0	996	Candidatus Enterococcus wittei strain 10A9_DIV0425 scaffold00002, whole genome shotgun sequence
tig00000002_pilon_pilon	gi|1196839727|ref|NZ_NGMO01000002.1|	NZ_NGMO01000002	91.281	734	218577	855978	0.0	996	Candidatus Enterococcus wittei strain 10A9_DIV0425 scaffold00002, whole genome shotgun sequence
tig00000002_pilon_pilon	gi|1196839727|ref|NZ_NGMO01000002.1|	NZ_NGMO01000002	86.496	822	218577	855978	0.0	894	Candidatus Enterococcus wittei strain 10A9_DIV0425 scaffold00002, whole genome shotgun sequence
tig00000002_pilon_pilon	gi|1196839727|ref|NZ_NGMO01000002.1|	NZ_NGMO01000002	86.375	822	218577	855978	0.0	889	Candidatus Enterococcus wittei strain 10A9_DIV0425 scaffold00002, whole genome shotgun sequence
tig00000002_pilon_pilon	gi|1196839727|ref|NZ_NGMO01000002.1|	NZ_NGMO01000002	86.375	822	218577	855978	0.0	889	Candidatus Enterococcus wittei strain 10A9_DIV0425 scaffold00002, whole genome shotgun sequence
tig00000002_pilon_pilon	gi|1196839727|ref|NZ_NGMO01000002.1|	NZ_NGMO01000002	86.375	822	218577	855978	0.0	889	Candidatus Enterococcus wittei strain 10A9_DIV0425 scaffold00002, whole genome shotgun sequence
tig00000002_pilon_pilon	gi|1196839727|ref|NZ_NGMO01000002.1|	NZ_NGMO01000002	98.583	494	218577	855978	0.0	870	Candidatus Enterococcus wittei strain 10A9_DIV0425 scaffold00002, whole genome shotgun sequence
tig00000002_pilon_pilon	gi|1196839727|ref|NZ_NGMO01000002.1|	NZ_NGMO01000002	98.975	488	218577	855978	0.0	870	Candidatus Enterococcus wittei strain 10A9_DIV0425 scaffold00002, whole genome shotgun sequence
tig00000002_pilon_pilon	gi|1196839727|ref|NZ_NGMO01000002.1|	NZ_NGMO01000002	90.217	644	218577	855978	0.0	839	Candidatus Enterococcus wittei strain 10A9_DIV0425 scaffold00002, whole genome shotgun sequence
tig00000002_pilon_pilon	gi|1196839727|ref|NZ_NGMO01000002.1|	NZ_NGMO01000002	90.297	639	218577	855978	0.0	833	Candidatus Enterococcus wittei strain 10A9_DIV0425 scaffold00002, whole genome shotgun sequence
tig00000002_pilon_pilon	gi|1196839727|ref|NZ_NGMO01000002.1|	NZ_NGMO01000002	90.297	639	218577	855978	0.0	833	Candidatus Enterococcus wittei strain 10A9_DIV0425 scaffold00002, whole genome shotgun sequence
tig00000002_pilon_pilon	gi|1196839727|ref|NZ_NGMO01000002.1|	NZ_NGMO01000002	90.297	639	218577	855978	0.0	833	Candidatus Enterococcus wittei strain 10A9_DIV0425 scaffold00002, whole genome shotgun sequence
tig00000002_pilon_pilon	gi|1196839727|ref|NZ_NGMO01000002.1|	NZ_NGMO01000002	76.370	1515	218577	855978	0.0	778	Candidatus Enterococcus wittei strain 10A9_DIV0425 scaffold00002, whole genome shotgun sequence
tig00000002_pilon_pilon	gi|1196839727|ref|NZ_NGMO01000002.1|	NZ_NGMO01000002	85.507	621	218577	855978	1.31e-177	641	Candidatus Enterococcus wittei strain 10A9_DIV0425 scaffold00002, whole genome shotgun sequence
tig00000002_pilon_pilon	gi|1196839727|ref|NZ_NGMO01000002.1|	NZ_NGMO01000002	98.007	301	218577	855978	6.40e-141	520	Candidatus Enterococcus wittei strain 10A9_DIV0425 scaffold00002, whole genome shotgun sequence
tig00000002_pilon_pilon	gi|1196839727|ref|NZ_NGMO01000002.1|	NZ_NGMO01000002	98.000	300	218577	855978	2.30e-140	518	Candidatus Enterococcus wittei strain 10A9_DIV0425 scaffold00002, whole genome shotgun sequence
tig00000002_pilon_pilon	gi|1196839727|ref|NZ_NGMO01000002.1|	NZ_NGMO01000002	100.000	276	218577	855978	3.85e-138	510	Candidatus Enterococcus wittei strain 10A9_DIV0425 scaffold00002, whole genome shotgun sequence
tig00000002_pilon_pilon	gi|1196839727|ref|NZ_NGMO01000002.1|	NZ_NGMO01000002	99.639	277	218577	855978	4.98e-137	507	Candidatus Enterococcus wittei strain 10A9_DIV0425 scaffold00002, whole genome shotgun sequence
tig00000002_pilon_pilon	gi|1196839727|ref|NZ_NGMO01000002.1|	NZ_NGMO01000002	96.748	246	218577	855978	4.02e-108	411	Candidatus Enterococcus wittei strain 10A9_DIV0425 scaffold00002, whole genome shotgun sequence
tig00000002_pilon_pilon	gi|1196839727|ref|NZ_NGMO01000002.1|	NZ_NGMO01000002	73.825	1085	218577	855978	1.88e-101	388	Candidatus Enterococcus wittei strain 10A9_DIV0425 scaffold00002, whole genome shotgun sequence
tig00000002_pilon_pilon	gi|1196839727|ref|NZ_NGMO01000002.1|	NZ_NGMO01000002	100.000	177	218577	855978	4.16e-83	327	Candidatus Enterococcus wittei strain 10A9_DIV0425 scaffold00002, whole genome shotgun sequence
tig00000002_pilon_pilon	gi|1196839727|ref|NZ_NGMO01000002.1|	NZ_NGMO01000002	82.527	372	218577	855978	4.19e-78	311	Candidatus Enterococcus wittei strain 10A9_DIV0425 scaffold00002, whole genome shotgun sequence
tig00000002_pilon_pilon	gi|1196839727|ref|NZ_NGMO01000002.1|	NZ_NGMO01000002	100.000	154	218577	855978	2.54e-70	285	Candidatus Enterococcus wittei strain 10A9_DIV0425 scaffold00002, whole genome shotgun sequence
tig00000002_pilon_pilon	gi|1196839727|ref|NZ_NGMO01000002.1|	NZ_NGMO01000002	100.000	110	218577	855978	7.32e-46	204	Candidatus Enterococcus wittei strain 10A9_DIV0425 scaffold00002, whole genome shotgun sequence
tig00000002_pilon_pilon	gi|1196839727|ref|NZ_NGMO01000002.1|	NZ_NGMO01000002	100.000	110	218577	855978	7.32e-46	204	Candidatus Enterococcus wittei strain 10A9_DIV0425 scaffold00002, whole genome shotgun sequence
tig00000002_pilon_pilon	gi|1196839727|ref|NZ_NGMO01000002.1|	NZ_NGMO01000002	73.083	613	218577	855978	1.23e-43	196	Candidatus Enterococcus wittei strain 10A9_DIV0425 scaffold00002, whole genome shotgun sequence
tig00000002_pilon_pilon	gi|1196839727|ref|NZ_NGMO01000002.1|	NZ_NGMO01000002	72.920	613	218577	855978	5.70e-42	191	Candidatus Enterococcus wittei strain 10A9_DIV0425 scaffold00002, whole genome shotgun sequence
tig00000002_pilon_pilon	gi|1196839727|ref|NZ_NGMO01000002.1|	NZ_NGMO01000002	91.156	147	218577	855978	5.70e-42	191	Candidatus Enterococcus wittei strain 10A9_DIV0425 scaffold00002, whole genome shotgun sequence
tig00000002_pilon_pilon	gi|1196839727|ref|NZ_NGMO01000002.1|	NZ_NGMO01000002	85.417	192	218577	855978	2.05e-41	189	Candidatus Enterococcus wittei strain 10A9_DIV0425 scaffold00002, whole genome shotgun sequence
tig00000002_pilon_pilon	gi|1196839727|ref|NZ_NGMO01000002.1|	NZ_NGMO01000002	85.340	191	218577	855978	7.37e-41	187	Candidatus Enterococcus wittei strain 10A9_DIV0425 scaffold00002, whole genome shotgun sequence
tig00000002_pilon_pilon	gi|1196839727|ref|NZ_NGMO01000002.1|	NZ_NGMO01000002	72.757	613	218577	855978	2.65e-40	185	Candidatus Enterococcus wittei strain 10A9_DIV0425 scaffold00002, whole genome shotgun sequence
tig00000002_pilon_pilon	gi|1196839727|ref|NZ_NGMO01000002.1|	NZ_NGMO01000002	98.913	92	218577	855978	3.45e-34	165	Candidatus Enterococcus wittei strain 10A9_DIV0425 scaffold00002, whole genome shotgun sequence
tig00000002_pilon_pilon	gi|2073829819|ref|NZ_CP079880.1|	NZ_CP079880	99.029	2883	218577	2559204	0.0	5151	Enterococcus lactis strain CX 2-6_2 chromosome, complete genome
tig00000002_pilon_pilon	gi|2073829819|ref|NZ_CP079880.1|	NZ_CP079880	99.854	1371	218577	2559204	0.0	2519	Enterococcus lactis strain CX 2-6_2 chromosome, complete genome
tig00000002_pilon_pilon	gi|2073829819|ref|NZ_CP079880.1|	NZ_CP079880	99.782	1373	218577	2559204	0.0	2518	Enterococcus lactis strain CX 2-6_2 chromosome, complete genome
tig00000002_pilon_pilon	gi|2073829819|ref|NZ_CP079880.1|	NZ_CP079880	99.854	1369	218577	2559204	0.0	2516	Enterococcus lactis strain CX 2-6_2 chromosome, complete genome
tig00000002_pilon_pilon	gi|2073829819|ref|NZ_CP079880.1|	NZ_CP079880	99.927	1366	218577	2559204	0.0	2516	Enterococcus lactis strain CX 2-6_2 chromosome, complete genome
tig00000002_pilon_pilon	gi|2073829819|ref|NZ_CP079880.1|	NZ_CP079880	99.854	1367	218577	2559204	0.0	2514	Enterococcus lactis strain CX 2-6_2 chromosome, complete genome
tig00000002_pilon_pilon	gi|2073829819|ref|NZ_CP079880.1|	NZ_CP079880	99.854	1366	218577	2559204	0.0	2512	Enterococcus lactis strain CX 2-6_2 chromosome, complete genome
tig00000002_pilon_pilon	gi|2073829819|ref|NZ_CP079880.1|	NZ_CP079880	99.854	1366	218577	2559204	0.0	2510	Enterococcus lactis strain CX 2-6_2 chromosome, complete genome
tig00000002_pilon_pilon	gi|2073829819|ref|NZ_CP079880.1|	NZ_CP079880	99.780	1366	218577	2559204	0.0	2507	Enterococcus lactis strain CX 2-6_2 chromosome, complete genome
tig00000002_pilon_pilon	gi|2073829819|ref|NZ_CP079880.1|	NZ_CP079880	99.780	1366	218577	2559204	0.0	2505	Enterococcus lactis strain CX 2-6_2 chromosome, complete genome
tig00000002_pilon_pilon	gi|2073829819|ref|NZ_CP079880.1|	NZ_CP079880	99.906	1066	218577	2559204	0.0	1964	Enterococcus lactis strain CX 2-6_2 chromosome, complete genome
tig00000002_pilon_pilon	gi|2073829819|ref|NZ_CP079880.1|	NZ_CP079880	99.812	1066	218577	2559204	0.0	1958	Enterococcus lactis strain CX 2-6_2 chromosome, complete genome
tig00000002_pilon_pilon	gi|2073829819|ref|NZ_CP079880.1|	NZ_CP079880	99.439	1069	218577	2559204	0.0	1941	Enterococcus lactis strain CX 2-6_2 chromosome, complete genome
tig00000002_pilon_pilon	gi|2073829819|ref|NZ_CP079880.1|	NZ_CP079880	99.531	1066	218577	2559204	0.0	1941	Enterococcus lactis strain CX 2-6_2 chromosome, complete genome
tig00000002_pilon_pilon	gi|2073829819|ref|NZ_CP079880.1|	NZ_CP079880	99.438	1068	218577	2559204	0.0	1940	Enterococcus lactis strain CX 2-6_2 chromosome, complete genome
tig00000002_pilon_pilon	gi|2073829819|ref|NZ_CP079880.1|	NZ_CP079880	99.531	1065	218577	2559204	0.0	1940	Enterococcus lactis strain CX 2-6_2 chromosome, complete genome
tig00000002_pilon_pilon	gi|2073829819|ref|NZ_CP079880.1|	NZ_CP079880	99.438	1067	218577	2559204	0.0	1938	Enterococcus lactis strain CX 2-6_2 chromosome, complete genome
tig00000002_pilon_pilon	gi|2073829819|ref|NZ_CP079880.1|	NZ_CP079880	99.345	1068	218577	2559204	0.0	1934	Enterococcus lactis strain CX 2-6_2 chromosome, complete genome
tig00000002_pilon_pilon	gi|2073829819|ref|NZ_CP079880.1|	NZ_CP079880	99.437	1065	218577	2559204	0.0	1934	Enterococcus lactis strain CX 2-6_2 chromosome, complete genome
tig00000002_pilon_pilon	gi|2073829819|ref|NZ_CP079880.1|	NZ_CP079880	99.345	1068	218577	2559204	0.0	1934	Enterococcus lactis strain CX 2-6_2 chromosome, complete genome
tig00000002_pilon_pilon	gi|2073829819|ref|NZ_CP079880.1|	NZ_CP079880	98.609	1078	218577	2559204	0.0	1905	Enterococcus lactis strain CX 2-6_2 chromosome, complete genome
tig00000002_pilon_pilon	gi|2073829819|ref|NZ_CP079880.1|	NZ_CP079880	99.519	1040	218577	2559204	0.0	1893	Enterococcus lactis strain CX 2-6_2 chromosome, complete genome
tig00000002_pilon_pilon	gi|2073829819|ref|NZ_CP079880.1|	NZ_CP079880	99.328	1041	218577	2559204	0.0	1884	Enterococcus lactis strain CX 2-6_2 chromosome, complete genome
tig00000002_pilon_pilon	gi|2073829819|ref|NZ_CP079880.1|	NZ_CP079880	99.327	1040	218577	2559204	0.0	1882	Enterococcus lactis strain CX 2-6_2 chromosome, complete genome
tig00000002_pilon_pilon	gi|2073829819|ref|NZ_CP079880.1|	NZ_CP079880	90.799	1076	218577	2559204	0.0	1435	Enterococcus lactis strain CX 2-6_2 chromosome, complete genome
tig00000002_pilon_pilon	gi|2073829819|ref|NZ_CP079880.1|	NZ_CP079880	74.913	3169	218577	2559204	0.0	1376	Enterococcus lactis strain CX 2-6_2 chromosome, complete genome
tig00000002_pilon_pilon	gi|2073829819|ref|NZ_CP079880.1|	NZ_CP079880	99.576	707	218577	2559204	0.0	1288	Enterococcus lactis strain CX 2-6_2 chromosome, complete genome
tig00000002_pilon_pilon	gi|2073829819|ref|NZ_CP079880.1|	NZ_CP079880	99.857	698	218577	2559204	0.0	1284	Enterococcus lactis strain CX 2-6_2 chromosome, complete genome
tig00000002_pilon_pilon	gi|2073829819|ref|NZ_CP079880.1|	NZ_CP079880	99.857	698	218577	2559204	0.0	1284	Enterococcus lactis strain CX 2-6_2 chromosome, complete genome
tig00000002_pilon_pilon	gi|2073829819|ref|NZ_CP079880.1|	NZ_CP079880	99.857	698	218577	2559204	0.0	1284	Enterococcus lactis strain CX 2-6_2 chromosome, complete genome
tig00000002_pilon_pilon	gi|2073829819|ref|NZ_CP079880.1|	NZ_CP079880	99.433	706	218577	2559204	0.0	1282	Enterococcus lactis strain CX 2-6_2 chromosome, complete genome
tig00000002_pilon_pilon	gi|2073829819|ref|NZ_CP079880.1|	NZ_CP079880	99.713	698	218577	2559204	0.0	1279	Enterococcus lactis strain CX 2-6_2 chromosome, complete genome
tig00000002_pilon_pilon	gi|2073829819|ref|NZ_CP079880.1|	NZ_CP079880	99.713	698	218577	2559204	0.0	1279	Enterococcus lactis strain CX 2-6_2 chromosome, complete genome
tig00000002_pilon_pilon	gi|2073829819|ref|NZ_CP079880.1|	NZ_CP079880	99.571	699	218577	2559204	0.0	1275	Enterococcus lactis strain CX 2-6_2 chromosome, complete genome
tig00000002_pilon_pilon	gi|2073829819|ref|NZ_CP079880.1|	NZ_CP079880	99.570	698	218577	2559204	0.0	1273	Enterococcus lactis strain CX 2-6_2 chromosome, complete genome
tig00000002_pilon_pilon	gi|2073829819|ref|NZ_CP079880.1|	NZ_CP079880	99.570	698	218577	2559204	0.0	1273	Enterococcus lactis strain CX 2-6_2 chromosome, complete genome
tig00000002_pilon_pilon	gi|2073829819|ref|NZ_CP079880.1|	NZ_CP079880	99.364	629	218577	2559204	0.0	1138	Enterococcus lactis strain CX 2-6_2 chromosome, complete genome
tig00000002_pilon_pilon	gi|2073829819|ref|NZ_CP079880.1|	NZ_CP079880	92.481	266	218577	2559204	3.15e-99	381	Enterococcus lactis strain CX 2-6_2 chromosome, complete genome
tig00000002_pilon_pilon	gi|2073829819|ref|NZ_CP079880.1|	NZ_CP079880	75.171	729	218577	2559204	5.39e-82	324	Enterococcus lactis strain CX 2-6_2 chromosome, complete genome
tig00000002_pilon_pilon	gi|2073829819|ref|NZ_CP079880.1|	NZ_CP079880	100.000	141	218577	2559204	4.28e-63	261	Enterococcus lactis strain CX 2-6_2 chromosome, complete genome
tig00000002_pilon_pilon	gi|1302523857|ref|NZ_CP018061.1|	NZ_CP018061	98.890	2883	218577	3357452	0.0	5132	Enterococcus mundtii strain DSM 4838 chromosome, complete genome
tig00000002_pilon_pilon	gi|1302523857|ref|NZ_CP018061.1|	NZ_CP018061	98.890	2883	218577	3357452	0.0	5132	Enterococcus mundtii strain DSM 4838 chromosome, complete genome
tig00000002_pilon_pilon	gi|1302523857|ref|NZ_CP018061.1|	NZ_CP018061	97.743	1462	218577	3357452	0.0	2492	Enterococcus mundtii strain DSM 4838 chromosome, complete genome
tig00000002_pilon_pilon	gi|1302523857|ref|NZ_CP018061.1|	NZ_CP018061	97.743	1462	218577	3357452	0.0	2492	Enterococcus mundtii strain DSM 4838 chromosome, complete genome
tig00000002_pilon_pilon	gi|1302523857|ref|NZ_CP018061.1|	NZ_CP018061	89.615	1897	218577	3357452	0.0	2410	Enterococcus mundtii strain DSM 4838 chromosome, complete genome
tig00000002_pilon_pilon	gi|1302523857|ref|NZ_CP018061.1|	NZ_CP018061	89.510	1897	218577	3357452	0.0	2399	Enterococcus mundtii strain DSM 4838 chromosome, complete genome
tig00000002_pilon_pilon	gi|1302523857|ref|NZ_CP018061.1|	NZ_CP018061	89.510	1897	218577	3357452	0.0	2399	Enterococcus mundtii strain DSM 4838 chromosome, complete genome
tig00000002_pilon_pilon	gi|1302523857|ref|NZ_CP018061.1|	NZ_CP018061	88.772	1897	218577	3357452	0.0	2322	Enterococcus mundtii strain DSM 4838 chromosome, complete genome
tig00000002_pilon_pilon	gi|1302523857|ref|NZ_CP018061.1|	NZ_CP018061	92.414	1516	218577	3357452	0.0	2163	Enterococcus mundtii strain DSM 4838 chromosome, complete genome
tig00000002_pilon_pilon	gi|1302523857|ref|NZ_CP018061.1|	NZ_CP018061	92.409	1515	218577	3357452	0.0	2161	Enterococcus mundtii strain DSM 4838 chromosome, complete genome
tig00000002_pilon_pilon	gi|1302523857|ref|NZ_CP018061.1|	NZ_CP018061	92.404	1514	218577	3357452	0.0	2159	Enterococcus mundtii strain DSM 4838 chromosome, complete genome
tig00000002_pilon_pilon	gi|1302523857|ref|NZ_CP018061.1|	NZ_CP018061	86.586	1901	218577	3357452	0.0	2084	Enterococcus mundtii strain DSM 4838 chromosome, complete genome
tig00000002_pilon_pilon	gi|1302523857|ref|NZ_CP018061.1|	NZ_CP018061	85.970	1903	218577	3357452	0.0	2023	Enterococcus mundtii strain DSM 4838 chromosome, complete genome
tig00000002_pilon_pilon	gi|1302523857|ref|NZ_CP018061.1|	NZ_CP018061	85.993	1899	218577	3357452	0.0	2021	Enterococcus mundtii strain DSM 4838 chromosome, complete genome
tig00000002_pilon_pilon	gi|1302523857|ref|NZ_CP018061.1|	NZ_CP018061	85.887	1899	218577	3357452	0.0	2010	Enterococcus mundtii strain DSM 4838 chromosome, complete genome
tig00000002_pilon_pilon	gi|1302523857|ref|NZ_CP018061.1|	NZ_CP018061	80.337	1541	218577	3357452	0.0	1153	Enterococcus mundtii strain DSM 4838 chromosome, complete genome
tig00000002_pilon_pilon	gi|1302523857|ref|NZ_CP018061.1|	NZ_CP018061	82.569	1308	218577	3357452	0.0	1131	Enterococcus mundtii strain DSM 4838 chromosome, complete genome
tig00000002_pilon_pilon	gi|1302523857|ref|NZ_CP018061.1|	NZ_CP018061	82.569	1308	218577	3357452	0.0	1131	Enterococcus mundtii strain DSM 4838 chromosome, complete genome
tig00000002_pilon_pilon	gi|1302523857|ref|NZ_CP018061.1|	NZ_CP018061	82.429	1309	218577	3357452	0.0	1122	Enterococcus mundtii strain DSM 4838 chromosome, complete genome
tig00000002_pilon_pilon	gi|1302523857|ref|NZ_CP018061.1|	NZ_CP018061	82.429	1309	218577	3357452	0.0	1122	Enterococcus mundtii strain DSM 4838 chromosome, complete genome
tig00000002_pilon_pilon	gi|1302523857|ref|NZ_CP018061.1|	NZ_CP018061	82.416	1308	218577	3357452	0.0	1120	Enterococcus mundtii strain DSM 4838 chromosome, complete genome
tig00000002_pilon_pilon	gi|1302523857|ref|NZ_CP018061.1|	NZ_CP018061	82.416	1308	218577	3357452	0.0	1120	Enterococcus mundtii strain DSM 4838 chromosome, complete genome
tig00000002_pilon_pilon	gi|1302523857|ref|NZ_CP018061.1|	NZ_CP018061	82.294	1299	218577	3357452	0.0	1103	Enterococcus mundtii strain DSM 4838 chromosome, complete genome
tig00000002_pilon_pilon	gi|1302523857|ref|NZ_CP018061.1|	NZ_CP018061	82.294	1299	218577	3357452	0.0	1103	Enterococcus mundtii strain DSM 4838 chromosome, complete genome
tig00000002_pilon_pilon	gi|1302523857|ref|NZ_CP018061.1|	NZ_CP018061	92.690	725	218577	3357452	0.0	1046	Enterococcus mundtii strain DSM 4838 chromosome, complete genome
tig00000002_pilon_pilon	gi|1302523857|ref|NZ_CP018061.1|	NZ_CP018061	88.211	246	218577	3357452	4.22e-73	294	Enterococcus mundtii strain DSM 4838 chromosome, complete genome
tig00000002_pilon_pilon	gi|1302523857|ref|NZ_CP018061.1|	NZ_CP018061	88.211	246	218577	3357452	4.22e-73	294	Enterococcus mundtii strain DSM 4838 chromosome, complete genome
tig00000002_pilon_pilon	gi|1302523857|ref|NZ_CP018061.1|	NZ_CP018061	86.387	191	218577	3357452	2.04e-46	206	Enterococcus mundtii strain DSM 4838 chromosome, complete genome
tig00000002_pilon_pilon	gi|1302523857|ref|NZ_CP018061.1|	NZ_CP018061	86.010	193	218577	3357452	7.32e-46	204	Enterococcus mundtii strain DSM 4838 chromosome, complete genome
tig00000002_pilon_pilon	gi|1302523857|ref|NZ_CP018061.1|	NZ_CP018061	86.486	185	218577	3357452	9.47e-45	200	Enterococcus mundtii strain DSM 4838 chromosome, complete genome
tig00000002_pilon_pilon	gi|1302523857|ref|NZ_CP018061.1|	NZ_CP018061	87.578	161	218577	3357452	9.54e-40	183	Enterococcus mundtii strain DSM 4838 chromosome, complete genome
tig00000002_pilon_pilon	gi|1302523857|ref|NZ_CP018061.1|	NZ_CP018061	85.380	171	218577	3357452	1.60e-37	176	Enterococcus mundtii strain DSM 4838 chromosome, complete genome
tig00000002_pilon_pilon	gi|1302523857|ref|NZ_CP018061.1|	NZ_CP018061	85.380	171	218577	3357452	1.60e-37	176	Enterococcus mundtii strain DSM 4838 chromosome, complete genome
tig00000002_pilon_pilon	gi|2180283487|ref|NZ_CP050816.1|	NZ_CP050816	94.524	3196	218577	3433237	0.0	4926	Enterococcus gallinarum strain EG81 chromosome, complete genome
tig00000002_pilon_pilon	gi|2180283487|ref|NZ_CP050816.1|	NZ_CP050816	98.462	2145	218577	3433237	0.0	3764	Enterococcus gallinarum strain EG81 chromosome, complete genome
tig00000002_pilon_pilon	gi|2180283487|ref|NZ_CP050816.1|	NZ_CP050816	77.894	3619	218577	3433237	0.0	2189	Enterococcus gallinarum strain EG81 chromosome, complete genome
tig00000002_pilon_pilon	gi|2180283487|ref|NZ_CP050816.1|	NZ_CP050816	88.151	1536	218577	3433237	0.0	1829	Enterococcus gallinarum strain EG81 chromosome, complete genome
tig00000002_pilon_pilon	gi|2180283487|ref|NZ_CP050816.1|	NZ_CP050816	99.387	816	218577	3433237	0.0	1480	Enterococcus gallinarum strain EG81 chromosome, complete genome
tig00000002_pilon_pilon	gi|2180283487|ref|NZ_CP050816.1|	NZ_CP050816	99.383	811	218577	3433237	0.0	1471	Enterococcus gallinarum strain EG81 chromosome, complete genome
tig00000002_pilon_pilon	gi|2180283487|ref|NZ_CP050816.1|	NZ_CP050816	98.894	814	218577	3433237	0.0	1452	Enterococcus gallinarum strain EG81 chromosome, complete genome
tig00000002_pilon_pilon	gi|2180283487|ref|NZ_CP050816.1|	NZ_CP050816	98.765	810	218577	3433237	0.0	1441	Enterococcus gallinarum strain EG81 chromosome, complete genome
tig00000002_pilon_pilon	gi|2180283487|ref|NZ_CP050816.1|	NZ_CP050816	98.517	809	218577	3433237	0.0	1428	Enterococcus gallinarum strain EG81 chromosome, complete genome
tig00000002_pilon_pilon	gi|2180283487|ref|NZ_CP050816.1|	NZ_CP050816	98.022	809	218577	3433237	0.0	1406	Enterococcus gallinarum strain EG81 chromosome, complete genome
tig00000002_pilon_pilon	gi|2180283487|ref|NZ_CP050816.1|	NZ_CP050816	92.653	735	218577	3433237	0.0	1057	Enterococcus gallinarum strain EG81 chromosome, complete genome
tig00000002_pilon_pilon	gi|2180283487|ref|NZ_CP050816.1|	NZ_CP050816	92.245	735	218577	3433237	0.0	1040	Enterococcus gallinarum strain EG81 chromosome, complete genome
tig00000002_pilon_pilon	gi|2180283487|ref|NZ_CP050816.1|	NZ_CP050816	91.429	735	218577	3433237	0.0	1007	Enterococcus gallinarum strain EG81 chromosome, complete genome
tig00000002_pilon_pilon	gi|2180283487|ref|NZ_CP050816.1|	NZ_CP050816	98.589	496	218577	3433237	0.0	874	Enterococcus gallinarum strain EG81 chromosome, complete genome
tig00000002_pilon_pilon	gi|2180283487|ref|NZ_CP050816.1|	NZ_CP050816	98.394	498	218577	3433237	0.0	872	Enterococcus gallinarum strain EG81 chromosome, complete genome
tig00000002_pilon_pilon	gi|2180283487|ref|NZ_CP050816.1|	NZ_CP050816	98.569	489	218577	3433237	0.0	861	Enterococcus gallinarum strain EG81 chromosome, complete genome
tig00000002_pilon_pilon	gi|2180283487|ref|NZ_CP050816.1|	NZ_CP050816	99.333	300	218577	3433237	3.80e-148	544	Enterococcus gallinarum strain EG81 chromosome, complete genome
tig00000002_pilon_pilon	gi|2180283487|ref|NZ_CP050816.1|	NZ_CP050816	98.007	301	218577	3433237	4.95e-142	523	Enterococcus gallinarum strain EG81 chromosome, complete genome
tig00000002_pilon_pilon	gi|2180283487|ref|NZ_CP050816.1|	NZ_CP050816	96.667	300	218577	3433237	8.34e-135	499	Enterococcus gallinarum strain EG81 chromosome, complete genome
tig00000002_pilon_pilon	gi|2180283487|ref|NZ_CP050816.1|	NZ_CP050816	92.424	264	218577	3433237	4.08e-98	377	Enterococcus gallinarum strain EG81 chromosome, complete genome
tig00000002_pilon_pilon	gi|2180283487|ref|NZ_CP050816.1|	NZ_CP050816	91.822	269	218577	3433237	1.47e-97	375	Enterococcus gallinarum strain EG81 chromosome, complete genome
tig00000002_pilon_pilon	gi|2180283487|ref|NZ_CP050816.1|	NZ_CP050816	92.045	264	218577	3433237	1.90e-96	372	Enterococcus gallinarum strain EG81 chromosome, complete genome
tig00000002_pilon_pilon	gi|2180283487|ref|NZ_CP050816.1|	NZ_CP050816	95.556	135	218577	3433237	9.40e-50	217	Enterococcus gallinarum strain EG81 chromosome, complete genome
tig00000002_pilon_pilon	gi|2180283487|ref|NZ_CP050816.1|	NZ_CP050816	99.107	112	218577	3433237	2.63e-45	202	Enterococcus gallinarum strain EG81 chromosome, complete genome
tig00000002_pilon_pilon	gi|2180283487|ref|NZ_CP050816.1|	NZ_CP050816	100.000	107	218577	3433237	3.41e-44	198	Enterococcus gallinarum strain EG81 chromosome, complete genome
tig00000002_pilon_pilon	gi|2180283487|ref|NZ_CP050816.1|	NZ_CP050816	100.000	107	218577	3433237	3.41e-44	198	Enterococcus gallinarum strain EG81 chromosome, complete genome
tig00000002_pilon_pilon	gi|987843927|ref|NZ_CP012480.1|	NZ_CP012480	92.126	3429	218577	2074179	0.0	4830	Streptococcus agalactiae strain NGBS128 chromosome, complete genome
tig00000002_pilon_pilon	gi|987843927|ref|NZ_CP012480.1|	NZ_CP012480	87.221	2019	218577	2074179	0.0	2292	Streptococcus agalactiae strain NGBS128 chromosome, complete genome
tig00000002_pilon_pilon	gi|1107016612|ref|NZ_JXLC01000022.1|	NZ_JXLC01000022	81.343	5944	218577	71291	0.0	4791	Enterococcus silesiacus strain DSM 22801 Scaffold22, whole genome shotgun sequence
tig00000002_pilon_pilon	gi|2005927458|ref|NZ_JAFLVR010000020.1|	NZ_JAFLVR010000020	80.041	6343	218577	320824	0.0	4650	Candidatus Enterococcus murrayae strain MJM16 scaffold3.20, whole genome shotgun sequence
tig00000002_pilon_pilon	gi|1239378748|ref|NZ_CP022930.1|	NZ_CP022930	98.786	2553	218577	2983334	0.0	4529	Enterococcus durans strain BDGP3 chromosome, complete genome
tig00000002_pilon_pilon	gi|1239378748|ref|NZ_CP022930.1|	NZ_CP022930	99.590	1462	218577	2983334	0.0	2667	Enterococcus durans strain BDGP3 chromosome, complete genome
tig00000002_pilon_pilon	gi|1239378748|ref|NZ_CP022930.1|	NZ_CP022930	98.204	1503	218577	2983334	0.0	2627	Enterococcus durans strain BDGP3 chromosome, complete genome
tig00000002_pilon_pilon	gi|1239378748|ref|NZ_CP022930.1|	NZ_CP022930	98.204	1503	218577	2983334	0.0	2627	Enterococcus durans strain BDGP3 chromosome, complete genome
tig00000002_pilon_pilon	gi|1239378748|ref|NZ_CP022930.1|	NZ_CP022930	97.832	1522	218577	2983334	0.0	2627	Enterococcus durans strain BDGP3 chromosome, complete genome
tig00000002_pilon_pilon	gi|1239378748|ref|NZ_CP022930.1|	NZ_CP022930	98.204	1503	218577	2983334	0.0	2627	Enterococcus durans strain BDGP3 chromosome, complete genome
tig00000002_pilon_pilon	gi|1239378748|ref|NZ_CP022930.1|	NZ_CP022930	98.204	1503	218577	2983334	0.0	2627	Enterococcus durans strain BDGP3 chromosome, complete genome
tig00000002_pilon_pilon	gi|1239378748|ref|NZ_CP022930.1|	NZ_CP022930	98.071	1503	218577	2983334	0.0	2615	Enterococcus durans strain BDGP3 chromosome, complete genome
tig00000002_pilon_pilon	gi|1239378748|ref|NZ_CP022930.1|	NZ_CP022930	97.141	1504	218577	2983334	0.0	2540	Enterococcus durans strain BDGP3 chromosome, complete genome
tig00000002_pilon_pilon	gi|1239378748|ref|NZ_CP022930.1|	NZ_CP022930	96.881	1507	218577	2983334	0.0	2518	Enterococcus durans strain BDGP3 chromosome, complete genome
tig00000002_pilon_pilon	gi|1239378748|ref|NZ_CP022930.1|	NZ_CP022930	99.708	1368	218577	2983334	0.0	2503	Enterococcus durans strain BDGP3 chromosome, complete genome
tig00000002_pilon_pilon	gi|1239378748|ref|NZ_CP022930.1|	NZ_CP022930	99.635	1368	218577	2983334	0.0	2497	Enterococcus durans strain BDGP3 chromosome, complete genome
tig00000002_pilon_pilon	gi|1239378748|ref|NZ_CP022930.1|	NZ_CP022930	99.634	1367	218577	2983334	0.0	2497	Enterococcus durans strain BDGP3 chromosome, complete genome
tig00000002_pilon_pilon	gi|1239378748|ref|NZ_CP022930.1|	NZ_CP022930	99.292	847	218577	2983334	0.0	1531	Enterococcus durans strain BDGP3 chromosome, complete genome
tig00000002_pilon_pilon	gi|1239378748|ref|NZ_CP022930.1|	NZ_CP022930	83.105	1314	218577	2983334	0.0	1186	Enterococcus durans strain BDGP3 chromosome, complete genome
tig00000002_pilon_pilon	gi|1239378748|ref|NZ_CP022930.1|	NZ_CP022930	83.104	1308	218577	2983334	0.0	1181	Enterococcus durans strain BDGP3 chromosome, complete genome
tig00000002_pilon_pilon	gi|1239378748|ref|NZ_CP022930.1|	NZ_CP022930	83.104	1308	218577	2983334	0.0	1181	Enterococcus durans strain BDGP3 chromosome, complete genome
tig00000002_pilon_pilon	gi|1239378748|ref|NZ_CP022930.1|	NZ_CP022930	83.091	1307	218577	2983334	0.0	1179	Enterococcus durans strain BDGP3 chromosome, complete genome
tig00000002_pilon_pilon	gi|1239378748|ref|NZ_CP022930.1|	NZ_CP022930	83.091	1307	218577	2983334	0.0	1179	Enterococcus durans strain BDGP3 chromosome, complete genome
tig00000002_pilon_pilon	gi|1239378748|ref|NZ_CP022930.1|	NZ_CP022930	83.091	1307	218577	2983334	0.0	1179	Enterococcus durans strain BDGP3 chromosome, complete genome
tig00000002_pilon_pilon	gi|1239378748|ref|NZ_CP022930.1|	NZ_CP022930	83.091	1307	218577	2983334	0.0	1179	Enterococcus durans strain BDGP3 chromosome, complete genome
tig00000002_pilon_pilon	gi|1239378748|ref|NZ_CP022930.1|	NZ_CP022930	82.927	1312	218577	2983334	0.0	1171	Enterococcus durans strain BDGP3 chromosome, complete genome
tig00000002_pilon_pilon	gi|1239378748|ref|NZ_CP022930.1|	NZ_CP022930	82.803	1320	218577	2983334	0.0	1170	Enterococcus durans strain BDGP3 chromosome, complete genome
tig00000002_pilon_pilon	gi|1239378748|ref|NZ_CP022930.1|	NZ_CP022930	82.951	1308	218577	2983334	0.0	1170	Enterococcus durans strain BDGP3 chromosome, complete genome
tig00000002_pilon_pilon	gi|1239378748|ref|NZ_CP022930.1|	NZ_CP022930	82.951	1308	218577	2983334	0.0	1170	Enterococcus durans strain BDGP3 chromosome, complete genome
tig00000002_pilon_pilon	gi|1239378748|ref|NZ_CP022930.1|	NZ_CP022930	82.938	1307	218577	2983334	0.0	1168	Enterococcus durans strain BDGP3 chromosome, complete genome
tig00000002_pilon_pilon	gi|1239378748|ref|NZ_CP022930.1|	NZ_CP022930	82.938	1307	218577	2983334	0.0	1168	Enterococcus durans strain BDGP3 chromosome, complete genome
tig00000002_pilon_pilon	gi|1239378748|ref|NZ_CP022930.1|	NZ_CP022930	82.938	1307	218577	2983334	0.0	1168	Enterococcus durans strain BDGP3 chromosome, complete genome
tig00000002_pilon_pilon	gi|1239378748|ref|NZ_CP022930.1|	NZ_CP022930	82.938	1307	218577	2983334	0.0	1168	Enterococcus durans strain BDGP3 chromosome, complete genome
tig00000002_pilon_pilon	gi|1239378748|ref|NZ_CP022930.1|	NZ_CP022930	82.938	1307	218577	2983334	0.0	1168	Enterococcus durans strain BDGP3 chromosome, complete genome
tig00000002_pilon_pilon	gi|1239378748|ref|NZ_CP022930.1|	NZ_CP022930	82.938	1307	218577	2983334	0.0	1168	Enterococcus durans strain BDGP3 chromosome, complete genome
tig00000002_pilon_pilon	gi|1239378748|ref|NZ_CP022930.1|	NZ_CP022930	82.938	1307	218577	2983334	0.0	1168	Enterococcus durans strain BDGP3 chromosome, complete genome
tig00000002_pilon_pilon	gi|1239378748|ref|NZ_CP022930.1|	NZ_CP022930	82.940	1313	218577	2983334	0.0	1168	Enterococcus durans strain BDGP3 chromosome, complete genome
tig00000002_pilon_pilon	gi|1239378748|ref|NZ_CP022930.1|	NZ_CP022930	82.938	1307	218577	2983334	0.0	1168	Enterococcus durans strain BDGP3 chromosome, complete genome
tig00000002_pilon_pilon	gi|1239378748|ref|NZ_CP022930.1|	NZ_CP022930	82.938	1307	218577	2983334	0.0	1168	Enterococcus durans strain BDGP3 chromosome, complete genome
tig00000002_pilon_pilon	gi|1239378748|ref|NZ_CP022930.1|	NZ_CP022930	82.938	1307	218577	2983334	0.0	1168	Enterococcus durans strain BDGP3 chromosome, complete genome
tig00000002_pilon_pilon	gi|1239378748|ref|NZ_CP022930.1|	NZ_CP022930	82.788	1313	218577	2983334	0.0	1157	Enterococcus durans strain BDGP3 chromosome, complete genome
tig00000002_pilon_pilon	gi|1239378748|ref|NZ_CP022930.1|	NZ_CP022930	82.788	1313	218577	2983334	0.0	1157	Enterococcus durans strain BDGP3 chromosome, complete genome
tig00000002_pilon_pilon	gi|1239378748|ref|NZ_CP022930.1|	NZ_CP022930	82.820	1298	218577	2983334	0.0	1151	Enterococcus durans strain BDGP3 chromosome, complete genome
tig00000002_pilon_pilon	gi|1239378748|ref|NZ_CP022930.1|	NZ_CP022930	82.820	1298	218577	2983334	0.0	1151	Enterococcus durans strain BDGP3 chromosome, complete genome
tig00000002_pilon_pilon	gi|1239378748|ref|NZ_CP022930.1|	NZ_CP022930	82.820	1298	218577	2983334	0.0	1151	Enterococcus durans strain BDGP3 chromosome, complete genome
tig00000002_pilon_pilon	gi|1239378748|ref|NZ_CP022930.1|	NZ_CP022930	82.820	1298	218577	2983334	0.0	1151	Enterococcus durans strain BDGP3 chromosome, complete genome
tig00000002_pilon_pilon	gi|1239378748|ref|NZ_CP022930.1|	NZ_CP022930	82.820	1298	218577	2983334	0.0	1151	Enterococcus durans strain BDGP3 chromosome, complete genome
tig00000002_pilon_pilon	gi|1239378748|ref|NZ_CP022930.1|	NZ_CP022930	82.820	1298	218577	2983334	0.0	1151	Enterococcus durans strain BDGP3 chromosome, complete genome
tig00000002_pilon_pilon	gi|1239378748|ref|NZ_CP022930.1|	NZ_CP022930	82.820	1298	218577	2983334	0.0	1151	Enterococcus durans strain BDGP3 chromosome, complete genome
tig00000002_pilon_pilon	gi|1239378748|ref|NZ_CP022930.1|	NZ_CP022930	82.669	1304	218577	2983334	0.0	1140	Enterococcus durans strain BDGP3 chromosome, complete genome
tig00000002_pilon_pilon	gi|1239378748|ref|NZ_CP022930.1|	NZ_CP022930	79.385	1528	218577	2983334	0.0	1059	Enterococcus durans strain BDGP3 chromosome, complete genome
tig00000002_pilon_pilon	gi|1239378748|ref|NZ_CP022930.1|	NZ_CP022930	79.396	1524	218577	2983334	0.0	1059	Enterococcus durans strain BDGP3 chromosome, complete genome
tig00000002_pilon_pilon	gi|1239378748|ref|NZ_CP022930.1|	NZ_CP022930	79.286	1540	218577	2983334	0.0	1057	Enterococcus durans strain BDGP3 chromosome, complete genome
tig00000002_pilon_pilon	gi|1239378748|ref|NZ_CP022930.1|	NZ_CP022930	79.245	1537	218577	2983334	0.0	1055	Enterococcus durans strain BDGP3 chromosome, complete genome
tig00000002_pilon_pilon	gi|1239378748|ref|NZ_CP022930.1|	NZ_CP022930	79.295	1531	218577	2983334	0.0	1053	Enterococcus durans strain BDGP3 chromosome, complete genome
tig00000002_pilon_pilon	gi|1239378748|ref|NZ_CP022930.1|	NZ_CP022930	79.232	1536	218577	2983334	0.0	1053	Enterococcus durans strain BDGP3 chromosome, complete genome
tig00000002_pilon_pilon	gi|1239378748|ref|NZ_CP022930.1|	NZ_CP022930	79.319	1528	218577	2983334	0.0	1053	Enterococcus durans strain BDGP3 chromosome, complete genome
tig00000002_pilon_pilon	gi|1239378748|ref|NZ_CP022930.1|	NZ_CP022930	79.279	1525	218577	2983334	0.0	1048	Enterococcus durans strain BDGP3 chromosome, complete genome
tig00000002_pilon_pilon	gi|1239378748|ref|NZ_CP022930.1|	NZ_CP022930	79.251	1523	218577	2983334	0.0	1046	Enterococcus durans strain BDGP3 chromosome, complete genome
tig00000002_pilon_pilon	gi|1239378748|ref|NZ_CP022930.1|	NZ_CP022930	79.153	1535	218577	2983334	0.0	1042	Enterococcus durans strain BDGP3 chromosome, complete genome
tig00000002_pilon_pilon	gi|1239378748|ref|NZ_CP022930.1|	NZ_CP022930	79.150	1530	218577	2983334	0.0	1040	Enterococcus durans strain BDGP3 chromosome, complete genome
tig00000002_pilon_pilon	gi|1239378748|ref|NZ_CP022930.1|	NZ_CP022930	79.148	1525	218577	2983334	0.0	1037	Enterococcus durans strain BDGP3 chromosome, complete genome
tig00000002_pilon_pilon	gi|1239378748|ref|NZ_CP022930.1|	NZ_CP022930	79.148	1525	218577	2983334	0.0	1037	Enterococcus durans strain BDGP3 chromosome, complete genome
tig00000002_pilon_pilon	gi|1239378748|ref|NZ_CP022930.1|	NZ_CP022930	79.109	1527	218577	2983334	0.0	1035	Enterococcus durans strain BDGP3 chromosome, complete genome
tig00000002_pilon_pilon	gi|1239378748|ref|NZ_CP022930.1|	NZ_CP022930	79.134	1524	218577	2983334	0.0	1035	Enterococcus durans strain BDGP3 chromosome, complete genome
tig00000002_pilon_pilon	gi|1239378748|ref|NZ_CP022930.1|	NZ_CP022930	99.375	480	218577	2983334	0.0	870	Enterococcus durans strain BDGP3 chromosome, complete genome
tig00000002_pilon_pilon	gi|1239378748|ref|NZ_CP022930.1|	NZ_CP022930	89.168	637	218577	2983334	0.0	791	Enterococcus durans strain BDGP3 chromosome, complete genome
tig00000002_pilon_pilon	gi|1239378748|ref|NZ_CP022930.1|	NZ_CP022930	88.730	630	218577	2983334	0.0	769	Enterococcus durans strain BDGP3 chromosome, complete genome
tig00000002_pilon_pilon	gi|1239378748|ref|NZ_CP022930.1|	NZ_CP022930	90.433	554	218577	2983334	0.0	721	Enterococcus durans strain BDGP3 chromosome, complete genome
tig00000002_pilon_pilon	gi|1239378748|ref|NZ_CP022930.1|	NZ_CP022930	85.153	687	218577	2983334	0.0	695	Enterococcus durans strain BDGP3 chromosome, complete genome
tig00000002_pilon_pilon	gi|1239378748|ref|NZ_CP022930.1|	NZ_CP022930	96.124	258	218577	2983334	6.68e-111	420	Enterococcus durans strain BDGP3 chromosome, complete genome
tig00000002_pilon_pilon	gi|1239378748|ref|NZ_CP022930.1|	NZ_CP022930	93.841	276	218577	2983334	8.64e-110	416	Enterococcus durans strain BDGP3 chromosome, complete genome
tig00000002_pilon_pilon	gi|1239378748|ref|NZ_CP022930.1|	NZ_CP022930	91.544	272	218577	2983334	5.27e-97	374	Enterococcus durans strain BDGP3 chromosome, complete genome
tig00000002_pilon_pilon	gi|1239378748|ref|NZ_CP022930.1|	NZ_CP022930	88.353	249	218577	2983334	9.08e-75	300	Enterococcus durans strain BDGP3 chromosome, complete genome
tig00000002_pilon_pilon	gi|1239378748|ref|NZ_CP022930.1|	NZ_CP022930	90.171	234	218577	2983334	9.08e-75	300	Enterococcus durans strain BDGP3 chromosome, complete genome
tig00000002_pilon_pilon	gi|1239378748|ref|NZ_CP022930.1|	NZ_CP022930	88.259	247	218577	2983334	1.17e-73	296	Enterococcus durans strain BDGP3 chromosome, complete genome
tig00000002_pilon_pilon	gi|1239378748|ref|NZ_CP022930.1|	NZ_CP022930	88.211	246	218577	2983334	4.22e-73	294	Enterococcus durans strain BDGP3 chromosome, complete genome
tig00000002_pilon_pilon	gi|1239378748|ref|NZ_CP022930.1|	NZ_CP022930	88.211	246	218577	2983334	4.22e-73	294	Enterococcus durans strain BDGP3 chromosome, complete genome
tig00000002_pilon_pilon	gi|1239378748|ref|NZ_CP022930.1|	NZ_CP022930	88.211	246	218577	2983334	4.22e-73	294	Enterococcus durans strain BDGP3 chromosome, complete genome
tig00000002_pilon_pilon	gi|1239378748|ref|NZ_CP022930.1|	NZ_CP022930	88.211	246	218577	2983334	4.22e-73	294	Enterococcus durans strain BDGP3 chromosome, complete genome
tig00000002_pilon_pilon	gi|1239378748|ref|NZ_CP022930.1|	NZ_CP022930	88.211	246	218577	2983334	4.22e-73	294	Enterococcus durans strain BDGP3 chromosome, complete genome
tig00000002_pilon_pilon	gi|1239378748|ref|NZ_CP022930.1|	NZ_CP022930	87.805	246	218577	2983334	1.96e-71	289	Enterococcus durans strain BDGP3 chromosome, complete genome
tig00000002_pilon_pilon	gi|1239378748|ref|NZ_CP022930.1|	NZ_CP022930	90.476	210	218577	2983334	1.53e-67	276	Enterococcus durans strain BDGP3 chromosome, complete genome
tig00000002_pilon_pilon	gi|1239378748|ref|NZ_CP022930.1|	NZ_CP022930	97.638	127	218577	2983334	2.61e-50	219	Enterococcus durans strain BDGP3 chromosome, complete genome
tig00000002_pilon_pilon	gi|1239378748|ref|NZ_CP022930.1|	NZ_CP022930	99.065	107	218577	2983334	1.58e-42	193	Enterococcus durans strain BDGP3 chromosome, complete genome
tig00000002_pilon_pilon	gi|1239378748|ref|NZ_CP022930.1|	NZ_CP022930	99.048	105	218577	2983334	2.05e-41	189	Enterococcus durans strain BDGP3 chromosome, complete genome
tig00000002_pilon_pilon	gi|1239378748|ref|NZ_CP022930.1|	NZ_CP022930	98.148	108	218577	2983334	7.37e-41	187	Enterococcus durans strain BDGP3 chromosome, complete genome
tig00000002_pilon_pilon	gi|1239378748|ref|NZ_CP022930.1|	NZ_CP022930	99.038	104	218577	2983334	7.37e-41	187	Enterococcus durans strain BDGP3 chromosome, complete genome
tig00000002_pilon_pilon	gi|1239378748|ref|NZ_CP022930.1|	NZ_CP022930	99.038	104	218577	2983334	7.37e-41	187	Enterococcus durans strain BDGP3 chromosome, complete genome
tig00000002_pilon_pilon	gi|1239378748|ref|NZ_CP022930.1|	NZ_CP022930	98.131	107	218577	2983334	7.37e-41	187	Enterococcus durans strain BDGP3 chromosome, complete genome
tig00000002_pilon_pilon	gi|1239378748|ref|NZ_CP022930.1|	NZ_CP022930	98.131	107	218577	2983334	7.37e-41	187	Enterococcus durans strain BDGP3 chromosome, complete genome
tig00000002_pilon_pilon	gi|1239378748|ref|NZ_CP022930.1|	NZ_CP022930	98.077	104	218577	2983334	3.43e-39	182	Enterococcus durans strain BDGP3 chromosome, complete genome
tig00000002_pilon_pilon	gi|1239378748|ref|NZ_CP022930.1|	NZ_CP022930	85.380	171	218577	2983334	1.60e-37	176	Enterococcus durans strain BDGP3 chromosome, complete genome
tig00000002_pilon_pilon	gi|1239378748|ref|NZ_CP022930.1|	NZ_CP022930	98.980	98	218577	2983334	1.60e-37	176	Enterococcus durans strain BDGP3 chromosome, complete genome
tig00000002_pilon_pilon	gi|1239378748|ref|NZ_CP022930.1|	NZ_CP022930	85.380	171	218577	2983334	1.60e-37	176	Enterococcus durans strain BDGP3 chromosome, complete genome
tig00000002_pilon_pilon	gi|1239378748|ref|NZ_CP022930.1|	NZ_CP022930	85.380	171	218577	2983334	1.60e-37	176	Enterococcus durans strain BDGP3 chromosome, complete genome
tig00000002_pilon_pilon	gi|1239378748|ref|NZ_CP022930.1|	NZ_CP022930	85.380	171	218577	2983334	1.60e-37	176	Enterococcus durans strain BDGP3 chromosome, complete genome
tig00000002_pilon_pilon	gi|1239378748|ref|NZ_CP022930.1|	NZ_CP022930	85.380	171	218577	2983334	1.60e-37	176	Enterococcus durans strain BDGP3 chromosome, complete genome
tig00000002_pilon_pilon	gi|1239378748|ref|NZ_CP022930.1|	NZ_CP022930	85.380	171	218577	2983334	1.60e-37	176	Enterococcus durans strain BDGP3 chromosome, complete genome
tig00000002_pilon_pilon	gi|1239378748|ref|NZ_CP022930.1|	NZ_CP022930	85.380	171	218577	2983334	1.60e-37	176	Enterococcus durans strain BDGP3 chromosome, complete genome
tig00000002_pilon_pilon	gi|1239378748|ref|NZ_CP022930.1|	NZ_CP022930	85.380	171	218577	2983334	1.60e-37	176	Enterococcus durans strain BDGP3 chromosome, complete genome
tig00000002_pilon_pilon	gi|1239378748|ref|NZ_CP022930.1|	NZ_CP022930	93.204	103	218577	2983334	9.67e-30	150	Enterococcus durans strain BDGP3 chromosome, complete genome
tig00000002_pilon_pilon	gi|1239378748|ref|NZ_CP022930.1|	NZ_CP022930	93.204	103	218577	2983334	9.67e-30	150	Enterococcus durans strain BDGP3 chromosome, complete genome
tig00000002_pilon_pilon	gi|1239378748|ref|NZ_CP022930.1|	NZ_CP022930	93.814	97	218577	2983334	4.50e-28	145	Enterococcus durans strain BDGP3 chromosome, complete genome
tig00000002_pilon_pilon	gi|1239378748|ref|NZ_CP022930.1|	NZ_CP022930	95.506	89	218577	2983334	1.62e-27	143	Enterococcus durans strain BDGP3 chromosome, complete genome
tig00000002_pilon_pilon	gi|2295961604|ref|NZ_CP096206.2|	NZ_CP096206	90.066	3493	218577	1949382	0.0	4518	Ignavigranum ruoffiae strain CPL 242382-20 chromosome, complete genome
tig00000002_pilon_pilon	gi|2295961604|ref|NZ_CP096206.2|	NZ_CP096206	90.035	2017	218577	1949382	0.0	2606	Ignavigranum ruoffiae strain CPL 242382-20 chromosome, complete genome
tig00000002_pilon_pilon	gi|2295961604|ref|NZ_CP096206.2|	NZ_CP096206	81.117	1361	218577	1949382	0.0	1074	Ignavigranum ruoffiae strain CPL 242382-20 chromosome, complete genome
tig00000002_pilon_pilon	gi|2295961604|ref|NZ_CP096206.2|	NZ_CP096206	88.786	758	218577	1949382	0.0	920	Ignavigranum ruoffiae strain CPL 242382-20 chromosome, complete genome
tig00000002_pilon_pilon	gi|2295961604|ref|NZ_CP096206.2|	NZ_CP096206	88.786	758	218577	1949382	0.0	920	Ignavigranum ruoffiae strain CPL 242382-20 chromosome, complete genome
tig00000002_pilon_pilon	gi|2295961604|ref|NZ_CP096206.2|	NZ_CP096206	88.786	758	218577	1949382	0.0	920	Ignavigranum ruoffiae strain CPL 242382-20 chromosome, complete genome
tig00000002_pilon_pilon	gi|2295961604|ref|NZ_CP096206.2|	NZ_CP096206	92.208	154	218577	1949382	9.40e-50	217	Ignavigranum ruoffiae strain CPL 242382-20 chromosome, complete genome
tig00000002_pilon_pilon	gi|653098265|ref|NZ_AUHK01000029.1|	NZ_AUHK01000029	90.451	3351	218577	15142	0.0	4414	Helcococcus sueciensis DSM 17243 G534DRAFT_scaffold00027.27_C, whole genome shotgun sequence
tig00000002_pilon_pilon	gi|653098265|ref|NZ_AUHK01000029.1|	NZ_AUHK01000029	81.805	2017	218577	15142	0.0	1672	Helcococcus sueciensis DSM 17243 G534DRAFT_scaffold00027.27_C, whole genome shotgun sequence
tig00000002_pilon_pilon	gi|2590477785|ref|NZ_JARFNM010000001.1|	NZ_JARFNM010000001	88.627	3517	218577	1582680	0.0	4255	Amygdalobacter nucleatus strain KA00274 1, whole genome shotgun sequence
tig00000002_pilon_pilon	gi|2590477785|ref|NZ_JARFNM010000001.1|	NZ_JARFNM010000001	90.458	2054	218577	1582680	0.0	2702	Amygdalobacter nucleatus strain KA00274 1, whole genome shotgun sequence
tig00000002_pilon_pilon	gi|2590477785|ref|NZ_JARFNM010000001.1|	NZ_JARFNM010000001	90.783	651	218577	1582680	0.0	867	Amygdalobacter nucleatus strain KA00274 1, whole genome shotgun sequence
tig00000002_pilon_pilon	gi|2590477785|ref|NZ_JARFNM010000001.1|	NZ_JARFNM010000001	90.526	285	218577	1582680	1.90e-96	372	Amygdalobacter nucleatus strain KA00274 1, whole genome shotgun sequence
tig00000002_pilon_pilon	gi|1806538187|ref|NZ_CP038996.1|	NZ_CP038996	99.825	2286	218577	2796178	0.0	4198	Enterococcus faecium strain SRR24 chromosome, complete genome
tig00000002_pilon_pilon	gi|1806538187|ref|NZ_CP038996.1|	NZ_CP038996	99.947	1899	218577	2796178	0.0	3502	Enterococcus faecium strain SRR24 chromosome, complete genome
tig00000002_pilon_pilon	gi|1806538187|ref|NZ_CP038996.1|	NZ_CP038996	99.947	1897	218577	2796178	0.0	3498	Enterococcus faecium strain SRR24 chromosome, complete genome
tig00000002_pilon_pilon	gi|1806538187|ref|NZ_CP038996.1|	NZ_CP038996	99.842	1903	218577	2796178	0.0	3498	Enterococcus faecium strain SRR24 chromosome, complete genome
tig00000002_pilon_pilon	gi|1806538187|ref|NZ_CP038996.1|	NZ_CP038996	99.947	1896	218577	2796178	0.0	3496	Enterococcus faecium strain SRR24 chromosome, complete genome
tig00000002_pilon_pilon	gi|1806538187|ref|NZ_CP038996.1|	NZ_CP038996	99.895	1896	218577	2796178	0.0	3491	Enterococcus faecium strain SRR24 chromosome, complete genome
tig00000002_pilon_pilon	gi|1806538187|ref|NZ_CP038996.1|	NZ_CP038996	99.833	1801	218577	2796178	0.0	3308	Enterococcus faecium strain SRR24 chromosome, complete genome
tig00000002_pilon_pilon	gi|1806538187|ref|NZ_CP038996.1|	NZ_CP038996	99.889	1796	218577	2796178	0.0	3306	Enterococcus faecium strain SRR24 chromosome, complete genome
tig00000002_pilon_pilon	gi|1806538187|ref|NZ_CP038996.1|	NZ_CP038996	99.889	1795	218577	2796178	0.0	3304	Enterococcus faecium strain SRR24 chromosome, complete genome
tig00000002_pilon_pilon	gi|1806538187|ref|NZ_CP038996.1|	NZ_CP038996	99.668	1807	218577	2796178	0.0	3304	Enterococcus faecium strain SRR24 chromosome, complete genome
tig00000002_pilon_pilon	gi|1806538187|ref|NZ_CP038996.1|	NZ_CP038996	99.723	1805	218577	2796178	0.0	3304	Enterococcus faecium strain SRR24 chromosome, complete genome
tig00000002_pilon_pilon	gi|1806538187|ref|NZ_CP038996.1|	NZ_CP038996	99.944	1792	218577	2796178	0.0	3304	Enterococcus faecium strain SRR24 chromosome, complete genome
tig00000002_pilon_pilon	gi|1806538187|ref|NZ_CP038996.1|	NZ_CP038996	99.833	1798	218577	2796178	0.0	3304	Enterococcus faecium strain SRR24 chromosome, complete genome
tig00000002_pilon_pilon	gi|1806538187|ref|NZ_CP038996.1|	NZ_CP038996	99.889	1794	218577	2796178	0.0	3302	Enterococcus faecium strain SRR24 chromosome, complete genome
tig00000002_pilon_pilon	gi|1806538187|ref|NZ_CP038996.1|	NZ_CP038996	99.944	1791	218577	2796178	0.0	3302	Enterococcus faecium strain SRR24 chromosome, complete genome
tig00000002_pilon_pilon	gi|1806538187|ref|NZ_CP038996.1|	NZ_CP038996	99.889	1794	218577	2796178	0.0	3302	Enterococcus faecium strain SRR24 chromosome, complete genome
tig00000002_pilon_pilon	gi|1806538187|ref|NZ_CP038996.1|	NZ_CP038996	99.944	1791	218577	2796178	0.0	3302	Enterococcus faecium strain SRR24 chromosome, complete genome
tig00000002_pilon_pilon	gi|1806538187|ref|NZ_CP038996.1|	NZ_CP038996	99.888	1793	218577	2796178	0.0	3301	Enterococcus faecium strain SRR24 chromosome, complete genome
tig00000002_pilon_pilon	gi|1806538187|ref|NZ_CP038996.1|	NZ_CP038996	99.944	1790	218577	2796178	0.0	3301	Enterococcus faecium strain SRR24 chromosome, complete genome
tig00000002_pilon_pilon	gi|1806538187|ref|NZ_CP038996.1|	NZ_CP038996	99.833	1795	218577	2796178	0.0	3299	Enterococcus faecium strain SRR24 chromosome, complete genome
tig00000002_pilon_pilon	gi|1806538187|ref|NZ_CP038996.1|	NZ_CP038996	99.833	1795	218577	2796178	0.0	3299	Enterococcus faecium strain SRR24 chromosome, complete genome
tig00000002_pilon_pilon	gi|1806538187|ref|NZ_CP038996.1|	NZ_CP038996	99.888	1791	218577	2796178	0.0	3297	Enterococcus faecium strain SRR24 chromosome, complete genome
tig00000002_pilon_pilon	gi|1806538187|ref|NZ_CP038996.1|	NZ_CP038996	94.431	2083	218577	2796178	0.0	3205	Enterococcus faecium strain SRR24 chromosome, complete genome
tig00000002_pilon_pilon	gi|1806538187|ref|NZ_CP038996.1|	NZ_CP038996	99.763	1687	218577	2796178	0.0	3092	Enterococcus faecium strain SRR24 chromosome, complete genome
tig00000002_pilon_pilon	gi|1806538187|ref|NZ_CP038996.1|	NZ_CP038996	99.763	1685	218577	2796178	0.0	3088	Enterococcus faecium strain SRR24 chromosome, complete genome
tig00000002_pilon_pilon	gi|1806538187|ref|NZ_CP038996.1|	NZ_CP038996	99.881	1678	218577	2796178	0.0	3088	Enterococcus faecium strain SRR24 chromosome, complete genome
tig00000002_pilon_pilon	gi|1806538187|ref|NZ_CP038996.1|	NZ_CP038996	95.581	1901	218577	2796178	0.0	3044	Enterococcus faecium strain SRR24 chromosome, complete genome
tig00000002_pilon_pilon	gi|1806538187|ref|NZ_CP038996.1|	NZ_CP038996	95.625	1897	218577	2796178	0.0	3042	Enterococcus faecium strain SRR24 chromosome, complete genome
tig00000002_pilon_pilon	gi|1806538187|ref|NZ_CP038996.1|	NZ_CP038996	95.574	1898	218577	2796178	0.0	3038	Enterococcus faecium strain SRR24 chromosome, complete genome
tig00000002_pilon_pilon	gi|1806538187|ref|NZ_CP038996.1|	NZ_CP038996	95.574	1898	218577	2796178	0.0	3038	Enterococcus faecium strain SRR24 chromosome, complete genome
tig00000002_pilon_pilon	gi|1806538187|ref|NZ_CP038996.1|	NZ_CP038996	95.390	1909	218577	2796178	0.0	3037	Enterococcus faecium strain SRR24 chromosome, complete genome
tig00000002_pilon_pilon	gi|1806538187|ref|NZ_CP038996.1|	NZ_CP038996	95.478	1902	218577	2796178	0.0	3035	Enterococcus faecium strain SRR24 chromosome, complete genome
tig00000002_pilon_pilon	gi|1806538187|ref|NZ_CP038996.1|	NZ_CP038996	95.435	1906	218577	2796178	0.0	3035	Enterococcus faecium strain SRR24 chromosome, complete genome
tig00000002_pilon_pilon	gi|1806538187|ref|NZ_CP038996.1|	NZ_CP038996	95.433	1905	218577	2796178	0.0	3033	Enterococcus faecium strain SRR24 chromosome, complete genome
tig00000002_pilon_pilon	gi|1806538187|ref|NZ_CP038996.1|	NZ_CP038996	95.474	1900	218577	2796178	0.0	3031	Enterococcus faecium strain SRR24 chromosome, complete genome
tig00000002_pilon_pilon	gi|1806538187|ref|NZ_CP038996.1|	NZ_CP038996	95.519	1897	218577	2796178	0.0	3031	Enterococcus faecium strain SRR24 chromosome, complete genome
tig00000002_pilon_pilon	gi|1806538187|ref|NZ_CP038996.1|	NZ_CP038996	95.423	1901	218577	2796178	0.0	3027	Enterococcus faecium strain SRR24 chromosome, complete genome
tig00000002_pilon_pilon	gi|1806538187|ref|NZ_CP038996.1|	NZ_CP038996	95.469	1898	218577	2796178	0.0	3027	Enterococcus faecium strain SRR24 chromosome, complete genome
tig00000002_pilon_pilon	gi|1806538187|ref|NZ_CP038996.1|	NZ_CP038996	95.469	1898	218577	2796178	0.0	3027	Enterococcus faecium strain SRR24 chromosome, complete genome
tig00000002_pilon_pilon	gi|1806538187|ref|NZ_CP038996.1|	NZ_CP038996	95.288	1910	218577	2796178	0.0	3025	Enterococcus faecium strain SRR24 chromosome, complete genome
tig00000002_pilon_pilon	gi|1806538187|ref|NZ_CP038996.1|	NZ_CP038996	95.378	1904	218577	2796178	0.0	3025	Enterococcus faecium strain SRR24 chromosome, complete genome
tig00000002_pilon_pilon	gi|1806538187|ref|NZ_CP038996.1|	NZ_CP038996	99.870	1537	218577	2796178	0.0	2828	Enterococcus faecium strain SRR24 chromosome, complete genome
tig00000002_pilon_pilon	gi|1806538187|ref|NZ_CP038996.1|	NZ_CP038996	99.869	1529	218577	2796178	0.0	2813	Enterococcus faecium strain SRR24 chromosome, complete genome
tig00000002_pilon_pilon	gi|1806538187|ref|NZ_CP038996.1|	NZ_CP038996	99.168	1562	218577	2796178	0.0	2808	Enterococcus faecium strain SRR24 chromosome, complete genome
tig00000002_pilon_pilon	gi|1806538187|ref|NZ_CP038996.1|	NZ_CP038996	99.804	1529	218577	2796178	0.0	2808	Enterococcus faecium strain SRR24 chromosome, complete genome
tig00000002_pilon_pilon	gi|1806538187|ref|NZ_CP038996.1|	NZ_CP038996	100.000	1519	218577	2796178	0.0	2806	Enterococcus faecium strain SRR24 chromosome, complete genome
tig00000002_pilon_pilon	gi|1806538187|ref|NZ_CP038996.1|	NZ_CP038996	100.000	1519	218577	2796178	0.0	2806	Enterococcus faecium strain SRR24 chromosome, complete genome
tig00000002_pilon_pilon	gi|1806538187|ref|NZ_CP038996.1|	NZ_CP038996	99.739	1530	218577	2796178	0.0	2802	Enterococcus faecium strain SRR24 chromosome, complete genome
tig00000002_pilon_pilon	gi|1806538187|ref|NZ_CP038996.1|	NZ_CP038996	99.674	1533	218577	2796178	0.0	2802	Enterococcus faecium strain SRR24 chromosome, complete genome
tig00000002_pilon_pilon	gi|1806538187|ref|NZ_CP038996.1|	NZ_CP038996	100.000	1515	218577	2796178	0.0	2798	Enterococcus faecium strain SRR24 chromosome, complete genome
tig00000002_pilon_pilon	gi|1806538187|ref|NZ_CP038996.1|	NZ_CP038996	100.000	1515	218577	2796178	0.0	2798	Enterococcus faecium strain SRR24 chromosome, complete genome
tig00000002_pilon_pilon	gi|1806538187|ref|NZ_CP038996.1|	NZ_CP038996	100.000	1515	218577	2796178	0.0	2798	Enterococcus faecium strain SRR24 chromosome, complete genome
tig00000002_pilon_pilon	gi|1806538187|ref|NZ_CP038996.1|	NZ_CP038996	99.738	1524	218577	2796178	0.0	2793	Enterococcus faecium strain SRR24 chromosome, complete genome
tig00000002_pilon_pilon	gi|1806538187|ref|NZ_CP038996.1|	NZ_CP038996	99.738	1525	218577	2796178	0.0	2793	Enterococcus faecium strain SRR24 chromosome, complete genome
tig00000002_pilon_pilon	gi|1806538187|ref|NZ_CP038996.1|	NZ_CP038996	99.803	1521	218577	2796178	0.0	2791	Enterococcus faecium strain SRR24 chromosome, complete genome
tig00000002_pilon_pilon	gi|1806538187|ref|NZ_CP038996.1|	NZ_CP038996	99.934	1514	218577	2796178	0.0	2791	Enterococcus faecium strain SRR24 chromosome, complete genome
tig00000002_pilon_pilon	gi|1806538187|ref|NZ_CP038996.1|	NZ_CP038996	99.868	1516	218577	2796178	0.0	2789	Enterococcus faecium strain SRR24 chromosome, complete genome
tig00000002_pilon_pilon	gi|1806538187|ref|NZ_CP038996.1|	NZ_CP038996	99.868	1514	218577	2796178	0.0	2785	Enterococcus faecium strain SRR24 chromosome, complete genome
tig00000002_pilon_pilon	gi|1806538187|ref|NZ_CP038996.1|	NZ_CP038996	99.868	1514	218577	2796178	0.0	2785	Enterococcus faecium strain SRR24 chromosome, complete genome
tig00000002_pilon_pilon	gi|1806538187|ref|NZ_CP038996.1|	NZ_CP038996	99.868	1514	218577	2796178	0.0	2785	Enterococcus faecium strain SRR24 chromosome, complete genome
tig00000002_pilon_pilon	gi|1806538187|ref|NZ_CP038996.1|	NZ_CP038996	99.868	1514	218577	2796178	0.0	2785	Enterococcus faecium strain SRR24 chromosome, complete genome
tig00000002_pilon_pilon	gi|1806538187|ref|NZ_CP038996.1|	NZ_CP038996	99.868	1514	218577	2796178	0.0	2785	Enterococcus faecium strain SRR24 chromosome, complete genome
tig00000002_pilon_pilon	gi|1806538187|ref|NZ_CP038996.1|	NZ_CP038996	99.868	1514	218577	2796178	0.0	2785	Enterococcus faecium strain SRR24 chromosome, complete genome
tig00000002_pilon_pilon	gi|1806538187|ref|NZ_CP038996.1|	NZ_CP038996	99.802	1517	218577	2796178	0.0	2785	Enterococcus faecium strain SRR24 chromosome, complete genome
tig00000002_pilon_pilon	gi|1806538187|ref|NZ_CP038996.1|	NZ_CP038996	99.542	1528	218577	2796178	0.0	2782	Enterococcus faecium strain SRR24 chromosome, complete genome
tig00000002_pilon_pilon	gi|1806538187|ref|NZ_CP038996.1|	NZ_CP038996	99.802	1515	218577	2796178	0.0	2782	Enterococcus faecium strain SRR24 chromosome, complete genome
tig00000002_pilon_pilon	gi|1806538187|ref|NZ_CP038996.1|	NZ_CP038996	99.802	1512	218577	2796178	0.0	2776	Enterococcus faecium strain SRR24 chromosome, complete genome
tig00000002_pilon_pilon	gi|1806538187|ref|NZ_CP038996.1|	NZ_CP038996	99.934	1505	218577	2796178	0.0	2774	Enterococcus faecium strain SRR24 chromosome, complete genome
tig00000002_pilon_pilon	gi|1806538187|ref|NZ_CP038996.1|	NZ_CP038996	99.933	1503	218577	2796178	0.0	2771	Enterococcus faecium strain SRR24 chromosome, complete genome
tig00000002_pilon_pilon	gi|1806538187|ref|NZ_CP038996.1|	NZ_CP038996	99.089	1536	218577	2796178	0.0	2756	Enterococcus faecium strain SRR24 chromosome, complete genome
tig00000002_pilon_pilon	gi|1806538187|ref|NZ_CP038996.1|	NZ_CP038996	99.023	1536	218577	2796178	0.0	2750	Enterococcus faecium strain SRR24 chromosome, complete genome
tig00000002_pilon_pilon	gi|1806538187|ref|NZ_CP038996.1|	NZ_CP038996	99.600	1500	218577	2796178	0.0	2737	Enterococcus faecium strain SRR24 chromosome, complete genome
tig00000002_pilon_pilon	gi|1806538187|ref|NZ_CP038996.1|	NZ_CP038996	99.932	1465	218577	2796178	0.0	2700	Enterococcus faecium strain SRR24 chromosome, complete genome
tig00000002_pilon_pilon	gi|1806538187|ref|NZ_CP038996.1|	NZ_CP038996	98.214	1512	218577	2796178	0.0	2643	Enterococcus faecium strain SRR24 chromosome, complete genome
tig00000002_pilon_pilon	gi|1806538187|ref|NZ_CP038996.1|	NZ_CP038996	99.650	1430	218577	2796178	0.0	2614	Enterococcus faecium strain SRR24 chromosome, complete genome
tig00000002_pilon_pilon	gi|1806538187|ref|NZ_CP038996.1|	NZ_CP038996	99.649	1426	218577	2796178	0.0	2604	Enterococcus faecium strain SRR24 chromosome, complete genome
tig00000002_pilon_pilon	gi|1806538187|ref|NZ_CP038996.1|	NZ_CP038996	99.713	1394	218577	2796178	0.0	2551	Enterococcus faecium strain SRR24 chromosome, complete genome
tig00000002_pilon_pilon	gi|1806538187|ref|NZ_CP038996.1|	NZ_CP038996	99.854	1372	218577	2796178	0.0	2521	Enterococcus faecium strain SRR24 chromosome, complete genome
tig00000002_pilon_pilon	gi|1806538187|ref|NZ_CP038996.1|	NZ_CP038996	99.927	1367	218577	2796178	0.0	2518	Enterococcus faecium strain SRR24 chromosome, complete genome
tig00000002_pilon_pilon	gi|1806538187|ref|NZ_CP038996.1|	NZ_CP038996	99.854	1367	218577	2796178	0.0	2514	Enterococcus faecium strain SRR24 chromosome, complete genome
tig00000002_pilon_pilon	gi|1806538187|ref|NZ_CP038996.1|	NZ_CP038996	99.854	1366	218577	2796178	0.0	2512	Enterococcus faecium strain SRR24 chromosome, complete genome
tig00000002_pilon_pilon	gi|1806538187|ref|NZ_CP038996.1|	NZ_CP038996	99.854	1367	218577	2796178	0.0	2512	Enterococcus faecium strain SRR24 chromosome, complete genome
tig00000002_pilon_pilon	gi|1806538187|ref|NZ_CP038996.1|	NZ_CP038996	99.854	1367	218577	2796178	0.0	2512	Enterococcus faecium strain SRR24 chromosome, complete genome
tig00000002_pilon_pilon	gi|1806538187|ref|NZ_CP038996.1|	NZ_CP038996	99.854	1366	218577	2796178	0.0	2510	Enterococcus faecium strain SRR24 chromosome, complete genome
tig00000002_pilon_pilon	gi|1806538187|ref|NZ_CP038996.1|	NZ_CP038996	99.780	1366	218577	2796178	0.0	2507	Enterococcus faecium strain SRR24 chromosome, complete genome
tig00000002_pilon_pilon	gi|1806538187|ref|NZ_CP038996.1|	NZ_CP038996	99.780	1366	218577	2796178	0.0	2505	Enterococcus faecium strain SRR24 chromosome, complete genome
tig00000002_pilon_pilon	gi|1806538187|ref|NZ_CP038996.1|	NZ_CP038996	99.635	1370	218577	2796178	0.0	2503	Enterococcus faecium strain SRR24 chromosome, complete genome
tig00000002_pilon_pilon	gi|1806538187|ref|NZ_CP038996.1|	NZ_CP038996	99.707	1367	218577	2796178	0.0	2503	Enterococcus faecium strain SRR24 chromosome, complete genome
tig00000002_pilon_pilon	gi|1806538187|ref|NZ_CP038996.1|	NZ_CP038996	99.707	1367	218577	2796178	0.0	2503	Enterococcus faecium strain SRR24 chromosome, complete genome
tig00000002_pilon_pilon	gi|1806538187|ref|NZ_CP038996.1|	NZ_CP038996	99.414	1366	218577	2796178	0.0	2479	Enterococcus faecium strain SRR24 chromosome, complete genome
tig00000002_pilon_pilon	gi|1806538187|ref|NZ_CP038996.1|	NZ_CP038996	99.201	1376	218577	2796178	0.0	2479	Enterococcus faecium strain SRR24 chromosome, complete genome
tig00000002_pilon_pilon	gi|1806538187|ref|NZ_CP038996.1|	NZ_CP038996	99.414	1366	218577	2796178	0.0	2479	Enterococcus faecium strain SRR24 chromosome, complete genome
tig00000002_pilon_pilon	gi|1806538187|ref|NZ_CP038996.1|	NZ_CP038996	99.705	1354	218577	2796178	0.0	2477	Enterococcus faecium strain SRR24 chromosome, complete genome
tig00000002_pilon_pilon	gi|1806538187|ref|NZ_CP038996.1|	NZ_CP038996	100.000	1341	218577	2796178	0.0	2477	Enterococcus faecium strain SRR24 chromosome, complete genome
tig00000002_pilon_pilon	gi|1806538187|ref|NZ_CP038996.1|	NZ_CP038996	100.000	1338	218577	2796178	0.0	2471	Enterococcus faecium strain SRR24 chromosome, complete genome
tig00000002_pilon_pilon	gi|1806538187|ref|NZ_CP038996.1|	NZ_CP038996	100.000	1338	218577	2796178	0.0	2471	Enterococcus faecium strain SRR24 chromosome, complete genome
tig00000002_pilon_pilon	gi|1806538187|ref|NZ_CP038996.1|	NZ_CP038996	100.000	1338	218577	2796178	0.0	2471	Enterococcus faecium strain SRR24 chromosome, complete genome
tig00000002_pilon_pilon	gi|1806538187|ref|NZ_CP038996.1|	NZ_CP038996	99.851	1341	218577	2796178	0.0	2466	Enterococcus faecium strain SRR24 chromosome, complete genome
tig00000002_pilon_pilon	gi|1806538187|ref|NZ_CP038996.1|	NZ_CP038996	99.338	1360	218577	2796178	0.0	2460	Enterococcus faecium strain SRR24 chromosome, complete genome
tig00000002_pilon_pilon	gi|1806538187|ref|NZ_CP038996.1|	NZ_CP038996	99.851	1338	218577	2796178	0.0	2460	Enterococcus faecium strain SRR24 chromosome, complete genome
tig00000002_pilon_pilon	gi|1806538187|ref|NZ_CP038996.1|	NZ_CP038996	99.851	1338	218577	2796178	0.0	2460	Enterococcus faecium strain SRR24 chromosome, complete genome
tig00000002_pilon_pilon	gi|1806538187|ref|NZ_CP038996.1|	NZ_CP038996	99.851	1338	218577	2796178	0.0	2460	Enterococcus faecium strain SRR24 chromosome, complete genome
tig00000002_pilon_pilon	gi|1806538187|ref|NZ_CP038996.1|	NZ_CP038996	99.776	1340	218577	2796178	0.0	2459	Enterococcus faecium strain SRR24 chromosome, complete genome
tig00000002_pilon_pilon	gi|1806538187|ref|NZ_CP038996.1|	NZ_CP038996	99.556	1350	218577	2796178	0.0	2459	Enterococcus faecium strain SRR24 chromosome, complete genome
tig00000002_pilon_pilon	gi|1806538187|ref|NZ_CP038996.1|	NZ_CP038996	99.776	1339	218577	2796178	0.0	2457	Enterococcus faecium strain SRR24 chromosome, complete genome
tig00000002_pilon_pilon	gi|1806538187|ref|NZ_CP038996.1|	NZ_CP038996	99.776	1338	218577	2796178	0.0	2455	Enterococcus faecium strain SRR24 chromosome, complete genome
tig00000002_pilon_pilon	gi|1806538187|ref|NZ_CP038996.1|	NZ_CP038996	99.776	1338	218577	2796178	0.0	2455	Enterococcus faecium strain SRR24 chromosome, complete genome
tig00000002_pilon_pilon	gi|1806538187|ref|NZ_CP038996.1|	NZ_CP038996	99.776	1338	218577	2796178	0.0	2455	Enterococcus faecium strain SRR24 chromosome, complete genome
tig00000002_pilon_pilon	gi|1806538187|ref|NZ_CP038996.1|	NZ_CP038996	100.000	1325	218577	2796178	0.0	2447	Enterococcus faecium strain SRR24 chromosome, complete genome
tig00000002_pilon_pilon	gi|1806538187|ref|NZ_CP038996.1|	NZ_CP038996	99.626	1338	218577	2796178	0.0	2444	Enterococcus faecium strain SRR24 chromosome, complete genome
tig00000002_pilon_pilon	gi|1806538187|ref|NZ_CP038996.1|	NZ_CP038996	99.552	1338	218577	2796178	0.0	2438	Enterococcus faecium strain SRR24 chromosome, complete genome
tig00000002_pilon_pilon	gi|1806538187|ref|NZ_CP038996.1|	NZ_CP038996	99.697	1320	218577	2796178	0.0	2414	Enterococcus faecium strain SRR24 chromosome, complete genome
tig00000002_pilon_pilon	gi|1806538187|ref|NZ_CP038996.1|	NZ_CP038996	99.697	1320	218577	2796178	0.0	2414	Enterococcus faecium strain SRR24 chromosome, complete genome
tig00000002_pilon_pilon	gi|1806538187|ref|NZ_CP038996.1|	NZ_CP038996	99.697	1320	218577	2796178	0.0	2414	Enterococcus faecium strain SRR24 chromosome, complete genome
tig00000002_pilon_pilon	gi|1806538187|ref|NZ_CP038996.1|	NZ_CP038996	99.697	1320	218577	2796178	0.0	2414	Enterococcus faecium strain SRR24 chromosome, complete genome
tig00000002_pilon_pilon	gi|1806538187|ref|NZ_CP038996.1|	NZ_CP038996	99.697	1320	218577	2796178	0.0	2414	Enterococcus faecium strain SRR24 chromosome, complete genome
tig00000002_pilon_pilon	gi|1806538187|ref|NZ_CP038996.1|	NZ_CP038996	99.470	1320	218577	2796178	0.0	2398	Enterococcus faecium strain SRR24 chromosome, complete genome
tig00000002_pilon_pilon	gi|1806538187|ref|NZ_CP038996.1|	NZ_CP038996	94.747	1523	218577	2796178	0.0	2370	Enterococcus faecium strain SRR24 chromosome, complete genome
tig00000002_pilon_pilon	gi|1806538187|ref|NZ_CP038996.1|	NZ_CP038996	94.685	1524	218577	2796178	0.0	2364	Enterococcus faecium strain SRR24 chromosome, complete genome
tig00000002_pilon_pilon	gi|1806538187|ref|NZ_CP038996.1|	NZ_CP038996	94.678	1522	218577	2796178	0.0	2362	Enterococcus faecium strain SRR24 chromosome, complete genome
tig00000002_pilon_pilon	gi|1806538187|ref|NZ_CP038996.1|	NZ_CP038996	94.623	1525	218577	2796178	0.0	2361	Enterococcus faecium strain SRR24 chromosome, complete genome
tig00000002_pilon_pilon	gi|1806538187|ref|NZ_CP038996.1|	NZ_CP038996	94.513	1531	218577	2796178	0.0	2361	Enterococcus faecium strain SRR24 chromosome, complete genome
tig00000002_pilon_pilon	gi|1806538187|ref|NZ_CP038996.1|	NZ_CP038996	94.565	1527	218577	2796178	0.0	2361	Enterococcus faecium strain SRR24 chromosome, complete genome
tig00000002_pilon_pilon	gi|1806538187|ref|NZ_CP038996.1|	NZ_CP038996	94.616	1523	218577	2796178	0.0	2359	Enterococcus faecium strain SRR24 chromosome, complete genome
tig00000002_pilon_pilon	gi|1806538187|ref|NZ_CP038996.1|	NZ_CP038996	94.619	1524	218577	2796178	0.0	2359	Enterococcus faecium strain SRR24 chromosome, complete genome
tig00000002_pilon_pilon	gi|1806538187|ref|NZ_CP038996.1|	NZ_CP038996	94.726	1517	218577	2796178	0.0	2359	Enterococcus faecium strain SRR24 chromosome, complete genome
tig00000002_pilon_pilon	gi|1806538187|ref|NZ_CP038996.1|	NZ_CP038996	94.612	1522	218577	2796178	0.0	2357	Enterococcus faecium strain SRR24 chromosome, complete genome
tig00000002_pilon_pilon	gi|1806538187|ref|NZ_CP038996.1|	NZ_CP038996	94.668	1519	218577	2796178	0.0	2357	Enterococcus faecium strain SRR24 chromosome, complete genome
tig00000002_pilon_pilon	gi|1806538187|ref|NZ_CP038996.1|	NZ_CP038996	94.723	1516	218577	2796178	0.0	2357	Enterococcus faecium strain SRR24 chromosome, complete genome
tig00000002_pilon_pilon	gi|1806538187|ref|NZ_CP038996.1|	NZ_CP038996	94.723	1516	218577	2796178	0.0	2357	Enterococcus faecium strain SRR24 chromosome, complete genome
tig00000002_pilon_pilon	gi|1806538187|ref|NZ_CP038996.1|	NZ_CP038996	94.719	1515	218577	2796178	0.0	2355	Enterococcus faecium strain SRR24 chromosome, complete genome
tig00000002_pilon_pilon	gi|1806538187|ref|NZ_CP038996.1|	NZ_CP038996	94.719	1515	218577	2796178	0.0	2355	Enterococcus faecium strain SRR24 chromosome, complete genome
tig00000002_pilon_pilon	gi|1806538187|ref|NZ_CP038996.1|	NZ_CP038996	94.719	1515	218577	2796178	0.0	2355	Enterococcus faecium strain SRR24 chromosome, complete genome
tig00000002_pilon_pilon	gi|1806538187|ref|NZ_CP038996.1|	NZ_CP038996	94.664	1518	218577	2796178	0.0	2355	Enterococcus faecium strain SRR24 chromosome, complete genome
tig00000002_pilon_pilon	gi|1806538187|ref|NZ_CP038996.1|	NZ_CP038996	94.719	1515	218577	2796178	0.0	2355	Enterococcus faecium strain SRR24 chromosome, complete genome
tig00000002_pilon_pilon	gi|1806538187|ref|NZ_CP038996.1|	NZ_CP038996	94.719	1515	218577	2796178	0.0	2355	Enterococcus faecium strain SRR24 chromosome, complete genome
tig00000002_pilon_pilon	gi|1806538187|ref|NZ_CP038996.1|	NZ_CP038996	94.719	1515	218577	2796178	0.0	2355	Enterococcus faecium strain SRR24 chromosome, complete genome
tig00000002_pilon_pilon	gi|1806538187|ref|NZ_CP038996.1|	NZ_CP038996	94.719	1515	218577	2796178	0.0	2355	Enterococcus faecium strain SRR24 chromosome, complete genome
tig00000002_pilon_pilon	gi|1806538187|ref|NZ_CP038996.1|	NZ_CP038996	94.668	1519	218577	2796178	0.0	2355	Enterococcus faecium strain SRR24 chromosome, complete genome
tig00000002_pilon_pilon	gi|1806538187|ref|NZ_CP038996.1|	NZ_CP038996	94.609	1521	218577	2796178	0.0	2355	Enterococcus faecium strain SRR24 chromosome, complete genome
tig00000002_pilon_pilon	gi|1806538187|ref|NZ_CP038996.1|	NZ_CP038996	94.716	1514	218577	2796178	0.0	2353	Enterococcus faecium strain SRR24 chromosome, complete genome
tig00000002_pilon_pilon	gi|1806538187|ref|NZ_CP038996.1|	NZ_CP038996	94.716	1514	218577	2796178	0.0	2353	Enterococcus faecium strain SRR24 chromosome, complete genome
tig00000002_pilon_pilon	gi|1806538187|ref|NZ_CP038996.1|	NZ_CP038996	94.716	1514	218577	2796178	0.0	2353	Enterococcus faecium strain SRR24 chromosome, complete genome
tig00000002_pilon_pilon	gi|1806538187|ref|NZ_CP038996.1|	NZ_CP038996	94.716	1514	218577	2796178	0.0	2353	Enterococcus faecium strain SRR24 chromosome, complete genome
tig00000002_pilon_pilon	gi|1806538187|ref|NZ_CP038996.1|	NZ_CP038996	94.716	1514	218577	2796178	0.0	2353	Enterococcus faecium strain SRR24 chromosome, complete genome
tig00000002_pilon_pilon	gi|1806538187|ref|NZ_CP038996.1|	NZ_CP038996	94.716	1514	218577	2796178	0.0	2353	Enterococcus faecium strain SRR24 chromosome, complete genome
tig00000002_pilon_pilon	gi|1806538187|ref|NZ_CP038996.1|	NZ_CP038996	94.716	1514	218577	2796178	0.0	2353	Enterococcus faecium strain SRR24 chromosome, complete genome
tig00000002_pilon_pilon	gi|1806538187|ref|NZ_CP038996.1|	NZ_CP038996	94.716	1514	218577	2796178	0.0	2353	Enterococcus faecium strain SRR24 chromosome, complete genome
tig00000002_pilon_pilon	gi|1806538187|ref|NZ_CP038996.1|	NZ_CP038996	94.716	1514	218577	2796178	0.0	2353	Enterococcus faecium strain SRR24 chromosome, complete genome
tig00000002_pilon_pilon	gi|1806538187|ref|NZ_CP038996.1|	NZ_CP038996	94.716	1514	218577	2796178	0.0	2353	Enterococcus faecium strain SRR24 chromosome, complete genome
tig00000002_pilon_pilon	gi|1806538187|ref|NZ_CP038996.1|	NZ_CP038996	94.716	1514	218577	2796178	0.0	2353	Enterococcus faecium strain SRR24 chromosome, complete genome
tig00000002_pilon_pilon	gi|1806538187|ref|NZ_CP038996.1|	NZ_CP038996	94.716	1514	218577	2796178	0.0	2353	Enterococcus faecium strain SRR24 chromosome, complete genome
tig00000002_pilon_pilon	gi|1806538187|ref|NZ_CP038996.1|	NZ_CP038996	94.716	1514	218577	2796178	0.0	2353	Enterococcus faecium strain SRR24 chromosome, complete genome
tig00000002_pilon_pilon	gi|1806538187|ref|NZ_CP038996.1|	NZ_CP038996	90.530	1679	218577	2796178	0.0	2193	Enterococcus faecium strain SRR24 chromosome, complete genome
tig00000002_pilon_pilon	gi|1806538187|ref|NZ_CP038996.1|	NZ_CP038996	99.724	1087	218577	2796178	0.0	1989	Enterococcus faecium strain SRR24 chromosome, complete genome
tig00000002_pilon_pilon	gi|1806538187|ref|NZ_CP038996.1|	NZ_CP038996	99.630	1082	218577	2796178	0.0	1973	Enterococcus faecium strain SRR24 chromosome, complete genome
tig00000002_pilon_pilon	gi|1806538187|ref|NZ_CP038996.1|	NZ_CP038996	99.814	1073	218577	2796178	0.0	1971	Enterococcus faecium strain SRR24 chromosome, complete genome
tig00000002_pilon_pilon	gi|1806538187|ref|NZ_CP038996.1|	NZ_CP038996	99.721	1076	218577	2796178	0.0	1971	Enterococcus faecium strain SRR24 chromosome, complete genome
tig00000002_pilon_pilon	gi|1806538187|ref|NZ_CP038996.1|	NZ_CP038996	100.000	1066	218577	2796178	0.0	1969	Enterococcus faecium strain SRR24 chromosome, complete genome
tig00000002_pilon_pilon	gi|1806538187|ref|NZ_CP038996.1|	NZ_CP038996	99.721	1076	218577	2796178	0.0	1969	Enterococcus faecium strain SRR24 chromosome, complete genome
tig00000002_pilon_pilon	gi|1806538187|ref|NZ_CP038996.1|	NZ_CP038996	99.906	1068	218577	2796178	0.0	1967	Enterococcus faecium strain SRR24 chromosome, complete genome
tig00000002_pilon_pilon	gi|1806538187|ref|NZ_CP038996.1|	NZ_CP038996	99.537	1081	218577	2796178	0.0	1967	Enterococcus faecium strain SRR24 chromosome, complete genome
tig00000002_pilon_pilon	gi|1806538187|ref|NZ_CP038996.1|	NZ_CP038996	99.721	1075	218577	2796178	0.0	1967	Enterococcus faecium strain SRR24 chromosome, complete genome
tig00000002_pilon_pilon	gi|1806538187|ref|NZ_CP038996.1|	NZ_CP038996	99.721	1075	218577	2796178	0.0	1967	Enterococcus faecium strain SRR24 chromosome, complete genome
tig00000002_pilon_pilon	gi|1806538187|ref|NZ_CP038996.1|	NZ_CP038996	99.628	1075	218577	2796178	0.0	1964	Enterococcus faecium strain SRR24 chromosome, complete genome
tig00000002_pilon_pilon	gi|1806538187|ref|NZ_CP038996.1|	NZ_CP038996	99.264	1087	218577	2796178	0.0	1960	Enterococcus faecium strain SRR24 chromosome, complete genome
tig00000002_pilon_pilon	gi|1806538187|ref|NZ_CP038996.1|	NZ_CP038996	99.443	1078	218577	2796178	0.0	1956	Enterococcus faecium strain SRR24 chromosome, complete genome
tig00000002_pilon_pilon	gi|1806538187|ref|NZ_CP038996.1|	NZ_CP038996	99.535	1075	218577	2796178	0.0	1956	Enterococcus faecium strain SRR24 chromosome, complete genome
tig00000002_pilon_pilon	gi|1806538187|ref|NZ_CP038996.1|	NZ_CP038996	99.442	1076	218577	2796178	0.0	1954	Enterococcus faecium strain SRR24 chromosome, complete genome
tig00000002_pilon_pilon	gi|1806538187|ref|NZ_CP038996.1|	NZ_CP038996	99.534	1074	218577	2796178	0.0	1954	Enterococcus faecium strain SRR24 chromosome, complete genome
tig00000002_pilon_pilon	gi|1806538187|ref|NZ_CP038996.1|	NZ_CP038996	98.726	1099	218577	2796178	0.0	1951	Enterococcus faecium strain SRR24 chromosome, complete genome
tig00000002_pilon_pilon	gi|1806538187|ref|NZ_CP038996.1|	NZ_CP038996	99.349	1076	218577	2796178	0.0	1949	Enterococcus faecium strain SRR24 chromosome, complete genome
tig00000002_pilon_pilon	gi|1806538187|ref|NZ_CP038996.1|	NZ_CP038996	99.441	1073	218577	2796178	0.0	1949	Enterococcus faecium strain SRR24 chromosome, complete genome
tig00000002_pilon_pilon	gi|1806538187|ref|NZ_CP038996.1|	NZ_CP038996	99.718	1064	218577	2796178	0.0	1949	Enterococcus faecium strain SRR24 chromosome, complete genome
tig00000002_pilon_pilon	gi|1806538187|ref|NZ_CP038996.1|	NZ_CP038996	99.350	1077	218577	2796178	0.0	1949	Enterococcus faecium strain SRR24 chromosome, complete genome
tig00000002_pilon_pilon	gi|1806538187|ref|NZ_CP038996.1|	NZ_CP038996	99.718	1064	218577	2796178	0.0	1949	Enterococcus faecium strain SRR24 chromosome, complete genome
tig00000002_pilon_pilon	gi|1806538187|ref|NZ_CP038996.1|	NZ_CP038996	99.718	1064	218577	2796178	0.0	1949	Enterococcus faecium strain SRR24 chromosome, complete genome
tig00000002_pilon_pilon	gi|1806538187|ref|NZ_CP038996.1|	NZ_CP038996	99.349	1075	218577	2796178	0.0	1947	Enterococcus faecium strain SRR24 chromosome, complete genome
tig00000002_pilon_pilon	gi|1806538187|ref|NZ_CP038996.1|	NZ_CP038996	99.349	1076	218577	2796178	0.0	1947	Enterococcus faecium strain SRR24 chromosome, complete genome
tig00000002_pilon_pilon	gi|1806538187|ref|NZ_CP038996.1|	NZ_CP038996	99.349	1075	218577	2796178	0.0	1947	Enterococcus faecium strain SRR24 chromosome, complete genome
tig00000002_pilon_pilon	gi|1806538187|ref|NZ_CP038996.1|	NZ_CP038996	99.624	1065	218577	2796178	0.0	1945	Enterococcus faecium strain SRR24 chromosome, complete genome
tig00000002_pilon_pilon	gi|1806538187|ref|NZ_CP038996.1|	NZ_CP038996	99.257	1076	218577	2796178	0.0	1943	Enterococcus faecium strain SRR24 chromosome, complete genome
tig00000002_pilon_pilon	gi|1806538187|ref|NZ_CP038996.1|	NZ_CP038996	99.531	1066	218577	2796178	0.0	1941	Enterococcus faecium strain SRR24 chromosome, complete genome
tig00000002_pilon_pilon	gi|1806538187|ref|NZ_CP038996.1|	NZ_CP038996	99.531	1066	218577	2796178	0.0	1941	Enterococcus faecium strain SRR24 chromosome, complete genome
tig00000002_pilon_pilon	gi|1806538187|ref|NZ_CP038996.1|	NZ_CP038996	99.531	1066	218577	2796178	0.0	1941	Enterococcus faecium strain SRR24 chromosome, complete genome
tig00000002_pilon_pilon	gi|1806538187|ref|NZ_CP038996.1|	NZ_CP038996	99.438	1068	218577	2796178	0.0	1940	Enterococcus faecium strain SRR24 chromosome, complete genome
tig00000002_pilon_pilon	gi|1806538187|ref|NZ_CP038996.1|	NZ_CP038996	99.334	1051	218577	2796178	0.0	1901	Enterococcus faecium strain SRR24 chromosome, complete genome
tig00000002_pilon_pilon	gi|1806538187|ref|NZ_CP038996.1|	NZ_CP038996	98.965	1063	218577	2796178	0.0	1897	Enterococcus faecium strain SRR24 chromosome, complete genome
tig00000002_pilon_pilon	gi|1806538187|ref|NZ_CP038996.1|	NZ_CP038996	97.987	894	218577	2796178	0.0	1548	Enterococcus faecium strain SRR24 chromosome, complete genome
tig00000002_pilon_pilon	gi|1806538187|ref|NZ_CP038996.1|	NZ_CP038996	99.392	822	218577	2796178	0.0	1489	Enterococcus faecium strain SRR24 chromosome, complete genome
tig00000002_pilon_pilon	gi|1806538187|ref|NZ_CP038996.1|	NZ_CP038996	99.753	809	218577	2796178	0.0	1483	Enterococcus faecium strain SRR24 chromosome, complete genome
tig00000002_pilon_pilon	gi|1806538187|ref|NZ_CP038996.1|	NZ_CP038996	99.387	816	218577	2796178	0.0	1480	Enterococcus faecium strain SRR24 chromosome, complete genome
tig00000002_pilon_pilon	gi|1806538187|ref|NZ_CP038996.1|	NZ_CP038996	99.629	809	218577	2796178	0.0	1478	Enterococcus faecium strain SRR24 chromosome, complete genome
tig00000002_pilon_pilon	gi|1806538187|ref|NZ_CP038996.1|	NZ_CP038996	99.383	811	218577	2796178	0.0	1471	Enterococcus faecium strain SRR24 chromosome, complete genome
tig00000002_pilon_pilon	gi|1806538187|ref|NZ_CP038996.1|	NZ_CP038996	99.383	810	218577	2796178	0.0	1469	Enterococcus faecium strain SRR24 chromosome, complete genome
tig00000002_pilon_pilon	gi|1806538187|ref|NZ_CP038996.1|	NZ_CP038996	99.258	809	218577	2796178	0.0	1461	Enterococcus faecium strain SRR24 chromosome, complete genome
tig00000002_pilon_pilon	gi|1806538187|ref|NZ_CP038996.1|	NZ_CP038996	99.258	809	218577	2796178	0.0	1461	Enterococcus faecium strain SRR24 chromosome, complete genome
tig00000002_pilon_pilon	gi|1806538187|ref|NZ_CP038996.1|	NZ_CP038996	90.826	1090	218577	2796178	0.0	1456	Enterococcus faecium strain SRR24 chromosome, complete genome
tig00000002_pilon_pilon	gi|1806538187|ref|NZ_CP038996.1|	NZ_CP038996	91.063	1063	218577	2796178	0.0	1435	Enterococcus faecium strain SRR24 chromosome, complete genome
tig00000002_pilon_pilon	gi|1806538187|ref|NZ_CP038996.1|	NZ_CP038996	99.725	726	218577	2796178	0.0	1330	Enterococcus faecium strain SRR24 chromosome, complete genome
tig00000002_pilon_pilon	gi|1806538187|ref|NZ_CP038996.1|	NZ_CP038996	99.725	726	218577	2796178	0.0	1330	Enterococcus faecium strain SRR24 chromosome, complete genome
tig00000002_pilon_pilon	gi|1806538187|ref|NZ_CP038996.1|	NZ_CP038996	99.725	726	218577	2796178	0.0	1330	Enterococcus faecium strain SRR24 chromosome, complete genome
tig00000002_pilon_pilon	gi|1806538187|ref|NZ_CP038996.1|	NZ_CP038996	99.725	726	218577	2796178	0.0	1330	Enterococcus faecium strain SRR24 chromosome, complete genome
tig00000002_pilon_pilon	gi|1806538187|ref|NZ_CP038996.1|	NZ_CP038996	99.725	726	218577	2796178	0.0	1330	Enterococcus faecium strain SRR24 chromosome, complete genome
tig00000002_pilon_pilon	gi|1806538187|ref|NZ_CP038996.1|	NZ_CP038996	99.725	726	218577	2796178	0.0	1330	Enterococcus faecium strain SRR24 chromosome, complete genome
tig00000002_pilon_pilon	gi|1806538187|ref|NZ_CP038996.1|	NZ_CP038996	99.587	726	218577	2796178	0.0	1325	Enterococcus faecium strain SRR24 chromosome, complete genome
tig00000002_pilon_pilon	gi|1806538187|ref|NZ_CP038996.1|	NZ_CP038996	99.858	704	218577	2796178	0.0	1295	Enterococcus faecium strain SRR24 chromosome, complete genome
tig00000002_pilon_pilon	gi|1806538187|ref|NZ_CP038996.1|	NZ_CP038996	99.717	706	218577	2796178	0.0	1293	Enterococcus faecium strain SRR24 chromosome, complete genome
tig00000002_pilon_pilon	gi|1806538187|ref|NZ_CP038996.1|	NZ_CP038996	99.716	704	218577	2796178	0.0	1290	Enterococcus faecium strain SRR24 chromosome, complete genome
tig00000002_pilon_pilon	gi|1806538187|ref|NZ_CP038996.1|	NZ_CP038996	99.716	704	218577	2796178	0.0	1290	Enterococcus faecium strain SRR24 chromosome, complete genome
tig00000002_pilon_pilon	gi|1806538187|ref|NZ_CP038996.1|	NZ_CP038996	99.575	706	218577	2796178	0.0	1288	Enterococcus faecium strain SRR24 chromosome, complete genome
tig00000002_pilon_pilon	gi|1806538187|ref|NZ_CP038996.1|	NZ_CP038996	94.904	726	218577	2796178	0.0	1136	Enterococcus faecium strain SRR24 chromosome, complete genome
tig00000002_pilon_pilon	gi|1806538187|ref|NZ_CP038996.1|	NZ_CP038996	94.904	726	218577	2796178	0.0	1136	Enterococcus faecium strain SRR24 chromosome, complete genome
tig00000002_pilon_pilon	gi|1806538187|ref|NZ_CP038996.1|	NZ_CP038996	94.904	726	218577	2796178	0.0	1136	Enterococcus faecium strain SRR24 chromosome, complete genome
tig00000002_pilon_pilon	gi|1806538187|ref|NZ_CP038996.1|	NZ_CP038996	94.904	726	218577	2796178	0.0	1136	Enterococcus faecium strain SRR24 chromosome, complete genome
tig00000002_pilon_pilon	gi|1806538187|ref|NZ_CP038996.1|	NZ_CP038996	94.904	726	218577	2796178	0.0	1136	Enterococcus faecium strain SRR24 chromosome, complete genome
tig00000002_pilon_pilon	gi|1806538187|ref|NZ_CP038996.1|	NZ_CP038996	94.904	726	218577	2796178	0.0	1136	Enterococcus faecium strain SRR24 chromosome, complete genome
tig00000002_pilon_pilon	gi|1806538187|ref|NZ_CP038996.1|	NZ_CP038996	94.904	726	218577	2796178	0.0	1136	Enterococcus faecium strain SRR24 chromosome, complete genome
tig00000002_pilon_pilon	gi|1806538187|ref|NZ_CP038996.1|	NZ_CP038996	94.904	726	218577	2796178	0.0	1136	Enterococcus faecium strain SRR24 chromosome, complete genome
tig00000002_pilon_pilon	gi|1806538187|ref|NZ_CP038996.1|	NZ_CP038996	94.904	726	218577	2796178	0.0	1136	Enterococcus faecium strain SRR24 chromosome, complete genome
tig00000002_pilon_pilon	gi|1806538187|ref|NZ_CP038996.1|	NZ_CP038996	94.904	726	218577	2796178	0.0	1136	Enterococcus faecium strain SRR24 chromosome, complete genome
tig00000002_pilon_pilon	gi|1806538187|ref|NZ_CP038996.1|	NZ_CP038996	94.904	726	218577	2796178	0.0	1136	Enterococcus faecium strain SRR24 chromosome, complete genome
tig00000002_pilon_pilon	gi|1806538187|ref|NZ_CP038996.1|	NZ_CP038996	94.904	726	218577	2796178	0.0	1136	Enterococcus faecium strain SRR24 chromosome, complete genome
tig00000002_pilon_pilon	gi|1806538187|ref|NZ_CP038996.1|	NZ_CP038996	81.559	1334	218577	2796178	0.0	1086	Enterococcus faecium strain SRR24 chromosome, complete genome
tig00000002_pilon_pilon	gi|1806538187|ref|NZ_CP038996.1|	NZ_CP038996	81.545	1333	218577	2796178	0.0	1085	Enterococcus faecium strain SRR24 chromosome, complete genome
tig00000002_pilon_pilon	gi|1806538187|ref|NZ_CP038996.1|	NZ_CP038996	81.532	1332	218577	2796178	0.0	1083	Enterococcus faecium strain SRR24 chromosome, complete genome
tig00000002_pilon_pilon	gi|1806538187|ref|NZ_CP038996.1|	NZ_CP038996	81.532	1332	218577	2796178	0.0	1083	Enterococcus faecium strain SRR24 chromosome, complete genome
tig00000002_pilon_pilon	gi|1806538187|ref|NZ_CP038996.1|	NZ_CP038996	91.509	742	218577	2796178	0.0	1020	Enterococcus faecium strain SRR24 chromosome, complete genome
tig00000002_pilon_pilon	gi|1806538187|ref|NZ_CP038996.1|	NZ_CP038996	91.588	737	218577	2796178	0.0	1016	Enterococcus faecium strain SRR24 chromosome, complete genome
tig00000002_pilon_pilon	gi|1806538187|ref|NZ_CP038996.1|	NZ_CP038996	91.429	735	218577	2796178	0.0	1007	Enterococcus faecium strain SRR24 chromosome, complete genome
tig00000002_pilon_pilon	gi|1806538187|ref|NZ_CP038996.1|	NZ_CP038996	91.429	735	218577	2796178	0.0	1007	Enterococcus faecium strain SRR24 chromosome, complete genome
tig00000002_pilon_pilon	gi|1806538187|ref|NZ_CP038996.1|	NZ_CP038996	100.000	504	218577	2796178	0.0	931	Enterococcus faecium strain SRR24 chromosome, complete genome
tig00000002_pilon_pilon	gi|1806538187|ref|NZ_CP038996.1|	NZ_CP038996	100.000	504	218577	2796178	0.0	931	Enterococcus faecium strain SRR24 chromosome, complete genome
tig00000002_pilon_pilon	gi|1806538187|ref|NZ_CP038996.1|	NZ_CP038996	88.786	758	218577	2796178	0.0	920	Enterococcus faecium strain SRR24 chromosome, complete genome
tig00000002_pilon_pilon	gi|1806538187|ref|NZ_CP038996.1|	NZ_CP038996	91.486	646	218577	2796178	0.0	885	Enterococcus faecium strain SRR24 chromosome, complete genome
tig00000002_pilon_pilon	gi|1806538187|ref|NZ_CP038996.1|	NZ_CP038996	98.586	495	218577	2796178	0.0	872	Enterococcus faecium strain SRR24 chromosome, complete genome
tig00000002_pilon_pilon	gi|1806538187|ref|NZ_CP038996.1|	NZ_CP038996	98.978	489	218577	2796178	0.0	872	Enterococcus faecium strain SRR24 chromosome, complete genome
tig00000002_pilon_pilon	gi|1806538187|ref|NZ_CP038996.1|	NZ_CP038996	98.182	495	218577	2796178	0.0	861	Enterococcus faecium strain SRR24 chromosome, complete genome
tig00000002_pilon_pilon	gi|1806538187|ref|NZ_CP038996.1|	NZ_CP038996	98.182	495	218577	2796178	0.0	861	Enterococcus faecium strain SRR24 chromosome, complete genome
tig00000002_pilon_pilon	gi|1806538187|ref|NZ_CP038996.1|	NZ_CP038996	84.314	816	218577	2796178	0.0	793	Enterococcus faecium strain SRR24 chromosome, complete genome
tig00000002_pilon_pilon	gi|1806538187|ref|NZ_CP038996.1|	NZ_CP038996	99.768	431	218577	2796178	0.0	791	Enterococcus faecium strain SRR24 chromosome, complete genome
tig00000002_pilon_pilon	gi|1806538187|ref|NZ_CP038996.1|	NZ_CP038996	99.537	432	218577	2796178	0.0	787	Enterococcus faecium strain SRR24 chromosome, complete genome
tig00000002_pilon_pilon	gi|1806538187|ref|NZ_CP038996.1|	NZ_CP038996	84.191	816	218577	2796178	0.0	787	Enterococcus faecium strain SRR24 chromosome, complete genome
tig00000002_pilon_pilon	gi|1806538187|ref|NZ_CP038996.1|	NZ_CP038996	84.191	816	218577	2796178	0.0	787	Enterococcus faecium strain SRR24 chromosome, complete genome
tig00000002_pilon_pilon	gi|1806538187|ref|NZ_CP038996.1|	NZ_CP038996	80.000	1065	218577	2796178	0.0	773	Enterococcus faecium strain SRR24 chromosome, complete genome
tig00000002_pilon_pilon	gi|1806538187|ref|NZ_CP038996.1|	NZ_CP038996	79.833	1081	218577	2796178	0.0	771	Enterococcus faecium strain SRR24 chromosome, complete genome
tig00000002_pilon_pilon	gi|1806538187|ref|NZ_CP038996.1|	NZ_CP038996	98.621	435	218577	2796178	0.0	767	Enterococcus faecium strain SRR24 chromosome, complete genome
tig00000002_pilon_pilon	gi|1806538187|ref|NZ_CP038996.1|	NZ_CP038996	98.601	429	218577	2796178	0.0	758	Enterococcus faecium strain SRR24 chromosome, complete genome
tig00000002_pilon_pilon	gi|1806538187|ref|NZ_CP038996.1|	NZ_CP038996	90.239	543	218577	2796178	0.0	708	Enterococcus faecium strain SRR24 chromosome, complete genome
tig00000002_pilon_pilon	gi|1806538187|ref|NZ_CP038996.1|	NZ_CP038996	89.954	438	218577	2796178	3.77e-153	560	Enterococcus faecium strain SRR24 chromosome, complete genome
tig00000002_pilon_pilon	gi|1806538187|ref|NZ_CP038996.1|	NZ_CP038996	100.000	300	218577	2796178	1.75e-151	555	Enterococcus faecium strain SRR24 chromosome, complete genome
tig00000002_pilon_pilon	gi|1806538187|ref|NZ_CP038996.1|	NZ_CP038996	100.000	300	218577	2796178	1.75e-151	555	Enterococcus faecium strain SRR24 chromosome, complete genome
tig00000002_pilon_pilon	gi|1806538187|ref|NZ_CP038996.1|	NZ_CP038996	99.000	300	218577	2796178	1.77e-146	538	Enterococcus faecium strain SRR24 chromosome, complete genome
tig00000002_pilon_pilon	gi|1806538187|ref|NZ_CP038996.1|	NZ_CP038996	99.000	300	218577	2796178	1.77e-146	538	Enterococcus faecium strain SRR24 chromosome, complete genome
tig00000002_pilon_pilon	gi|1806538187|ref|NZ_CP038996.1|	NZ_CP038996	98.288	292	218577	2796178	1.07e-138	512	Enterococcus faecium strain SRR24 chromosome, complete genome
tig00000002_pilon_pilon	gi|1806538187|ref|NZ_CP038996.1|	NZ_CP038996	100.000	264	218577	2796178	1.80e-131	488	Enterococcus faecium strain SRR24 chromosome, complete genome
tig00000002_pilon_pilon	gi|1806538187|ref|NZ_CP038996.1|	NZ_CP038996	99.605	253	218577	2796178	3.93e-123	460	Enterococcus faecium strain SRR24 chromosome, complete genome
tig00000002_pilon_pilon	gi|1806538187|ref|NZ_CP038996.1|	NZ_CP038996	77.763	769	218577	2796178	5.09e-122	457	Enterococcus faecium strain SRR24 chromosome, complete genome
tig00000002_pilon_pilon	gi|1806538187|ref|NZ_CP038996.1|	NZ_CP038996	100.000	246	218577	2796178	1.83e-121	455	Enterococcus faecium strain SRR24 chromosome, complete genome
tig00000002_pilon_pilon	gi|1806538187|ref|NZ_CP038996.1|	NZ_CP038996	100.000	246	218577	2796178	1.83e-121	455	Enterococcus faecium strain SRR24 chromosome, complete genome
tig00000002_pilon_pilon	gi|1806538187|ref|NZ_CP038996.1|	NZ_CP038996	100.000	246	218577	2796178	1.83e-121	455	Enterococcus faecium strain SRR24 chromosome, complete genome
tig00000002_pilon_pilon	gi|1806538187|ref|NZ_CP038996.1|	NZ_CP038996	100.000	246	218577	2796178	1.83e-121	455	Enterococcus faecium strain SRR24 chromosome, complete genome
tig00000002_pilon_pilon	gi|1806538187|ref|NZ_CP038996.1|	NZ_CP038996	100.000	246	218577	2796178	1.83e-121	455	Enterococcus faecium strain SRR24 chromosome, complete genome
tig00000002_pilon_pilon	gi|1806538187|ref|NZ_CP038996.1|	NZ_CP038996	77.633	769	218577	2796178	8.52e-120	449	Enterococcus faecium strain SRR24 chromosome, complete genome
tig00000002_pilon_pilon	gi|1806538187|ref|NZ_CP038996.1|	NZ_CP038996	95.668	277	218577	2796178	1.43e-117	442	Enterococcus faecium strain SRR24 chromosome, complete genome
tig00000002_pilon_pilon	gi|1806538187|ref|NZ_CP038996.1|	NZ_CP038996	83.206	393	218577	2796178	1.49e-87	342	Enterococcus faecium strain SRR24 chromosome, complete genome
tig00000002_pilon_pilon	gi|1806538187|ref|NZ_CP038996.1|	NZ_CP038996	82.282	412	218577	2796178	6.92e-86	337	Enterococcus faecium strain SRR24 chromosome, complete genome
tig00000002_pilon_pilon	gi|1806538187|ref|NZ_CP038996.1|	NZ_CP038996	82.952	393	218577	2796178	6.92e-86	337	Enterococcus faecium strain SRR24 chromosome, complete genome
tig00000002_pilon_pilon	gi|1806538187|ref|NZ_CP038996.1|	NZ_CP038996	82.697	393	218577	2796178	3.22e-84	331	Enterococcus faecium strain SRR24 chromosome, complete genome
tig00000002_pilon_pilon	gi|1806538187|ref|NZ_CP038996.1|	NZ_CP038996	75.171	729	218577	2796178	5.39e-82	324	Enterococcus faecium strain SRR24 chromosome, complete genome
tig00000002_pilon_pilon	gi|1806538187|ref|NZ_CP038996.1|	NZ_CP038996	96.226	159	218577	2796178	4.28e-63	261	Enterococcus faecium strain SRR24 chromosome, complete genome
tig00000002_pilon_pilon	gi|1806538187|ref|NZ_CP038996.1|	NZ_CP038996	85.200	250	218577	2796178	3.33e-59	248	Enterococcus faecium strain SRR24 chromosome, complete genome
tig00000002_pilon_pilon	gi|1806538187|ref|NZ_CP038996.1|	NZ_CP038996	92.763	152	218577	2796178	7.27e-51	220	Enterococcus faecium strain SRR24 chromosome, complete genome
tig00000002_pilon_pilon	gi|1806538187|ref|NZ_CP038996.1|	NZ_CP038996	93.243	148	218577	2796178	2.61e-50	219	Enterococcus faecium strain SRR24 chromosome, complete genome
tig00000002_pilon_pilon	gi|1806538187|ref|NZ_CP038996.1|	NZ_CP038996	93.197	147	218577	2796178	9.40e-50	217	Enterococcus faecium strain SRR24 chromosome, complete genome
tig00000002_pilon_pilon	gi|1806538187|ref|NZ_CP038996.1|	NZ_CP038996	96.032	126	218577	2796178	7.32e-46	204	Enterococcus faecium strain SRR24 chromosome, complete genome
tig00000002_pilon_pilon	gi|1806538187|ref|NZ_CP038996.1|	NZ_CP038996	100.000	107	218577	2796178	3.41e-44	198	Enterococcus faecium strain SRR24 chromosome, complete genome
tig00000002_pilon_pilon	gi|1806538187|ref|NZ_CP038996.1|	NZ_CP038996	100.000	107	218577	2796178	3.41e-44	198	Enterococcus faecium strain SRR24 chromosome, complete genome
tig00000002_pilon_pilon	gi|1806538187|ref|NZ_CP038996.1|	NZ_CP038996	100.000	107	218577	2796178	3.41e-44	198	Enterococcus faecium strain SRR24 chromosome, complete genome
tig00000002_pilon_pilon	gi|1806538187|ref|NZ_CP038996.1|	NZ_CP038996	100.000	107	218577	2796178	3.41e-44	198	Enterococcus faecium strain SRR24 chromosome, complete genome
tig00000002_pilon_pilon	gi|1806538187|ref|NZ_CP038996.1|	NZ_CP038996	100.000	107	218577	2796178	3.41e-44	198	Enterococcus faecium strain SRR24 chromosome, complete genome
tig00000002_pilon_pilon	gi|1806538187|ref|NZ_CP038996.1|	NZ_CP038996	99.065	107	218577	2796178	1.58e-42	193	Enterococcus faecium strain SRR24 chromosome, complete genome
tig00000002_pilon_pilon	gi|1806538187|ref|NZ_CP038996.1|	NZ_CP038996	99.074	108	218577	2796178	1.58e-42	193	Enterococcus faecium strain SRR24 chromosome, complete genome
tig00000002_pilon_pilon	gi|1806538187|ref|NZ_CP038996.1|	NZ_CP038996	100.000	104	218577	2796178	1.58e-42	193	Enterococcus faecium strain SRR24 chromosome, complete genome
tig00000002_pilon_pilon	gi|1806538187|ref|NZ_CP038996.1|	NZ_CP038996	97.297	111	218577	2796178	2.05e-41	189	Enterococcus faecium strain SRR24 chromosome, complete genome
tig00000002_pilon_pilon	gi|1806538187|ref|NZ_CP038996.1|	NZ_CP038996	99.038	104	218577	2796178	7.37e-41	187	Enterococcus faecium strain SRR24 chromosome, complete genome
tig00000002_pilon_pilon	gi|1806538187|ref|NZ_CP038996.1|	NZ_CP038996	80.000	225	218577	2796178	1.24e-33	163	Enterococcus faecium strain SRR24 chromosome, complete genome
tig00000002_pilon_pilon	gi|1806538187|ref|NZ_CP038996.1|	NZ_CP038996	96.000	100	218577	2796178	1.24e-33	163	Enterococcus faecium strain SRR24 chromosome, complete genome
tig00000002_pilon_pilon	gi|1806538187|ref|NZ_CP038996.1|	NZ_CP038996	98.851	87	218577	2796178	2.08e-31	156	Enterococcus faecium strain SRR24 chromosome, complete genome
tig00000002_pilon_pilon	gi|1806538187|ref|NZ_CP038996.1|	NZ_CP038996	87.050	139	218577	2796178	2.08e-31	156	Enterococcus faecium strain SRR24 chromosome, complete genome
tig00000002_pilon_pilon	gi|1806538187|ref|NZ_CP038996.1|	NZ_CP038996	79.111	225	218577	2796178	2.69e-30	152	Enterococcus faecium strain SRR24 chromosome, complete genome
tig00000002_pilon_pilon	gi|1806538187|ref|NZ_CP038996.1|	NZ_CP038996	100.000	66	218577	2796178	2.11e-21	122	Enterococcus faecium strain SRR24 chromosome, complete genome
tig00000002_pilon_pilon	gi|1806538187|ref|NZ_CP038996.1|	NZ_CP038996	100.000	50	218577	2796178	1.65e-12	93.5	Enterococcus faecium strain SRR24 chromosome, complete genome
tig00000002_pilon_pilon	gi|1806538187|ref|NZ_CP038996.1|	NZ_CP038996	96.296	54	218577	2796178	7.69e-11	87.9	Enterococcus faecium strain SRR24 chromosome, complete genome
tig00000002_pilon_pilon	gi|1509893560|ref|NZ_UWOP01000001.1|	NZ_UWOP01000001	99.956	2274	218577	2402824	0.0	4193	Enterococcus mediterraneensis strain Marseille-P4358, whole genome shotgun sequence
tig00000002_pilon_pilon	gi|1509893560|ref|NZ_UWOP01000001.1|	NZ_UWOP01000001	99.341	1366	218577	2402824	0.0	2473	Enterococcus mediterraneensis strain Marseille-P4358, whole genome shotgun sequence
tig00000002_pilon_pilon	gi|1509893560|ref|NZ_UWOP01000001.1|	NZ_UWOP01000001	99.195	1366	218577	2402824	0.0	2462	Enterococcus mediterraneensis strain Marseille-P4358, whole genome shotgun sequence
tig00000002_pilon_pilon	gi|1509893560|ref|NZ_UWOP01000001.1|	NZ_UWOP01000001	83.193	1541	218577	2402824	0.0	1399	Enterococcus mediterraneensis strain Marseille-P4358, whole genome shotgun sequence
tig00000002_pilon_pilon	gi|1509893560|ref|NZ_UWOP01000001.1|	NZ_UWOP01000001	87.473	471	218577	2402824	4.91e-147	540	Enterococcus mediterraneensis strain Marseille-P4358, whole genome shotgun sequence
tig00000002_pilon_pilon	gi|1509893560|ref|NZ_UWOP01000001.1|	NZ_UWOP01000001	100.000	82	218577	2402824	2.69e-30	152	Enterococcus mediterraneensis strain Marseille-P4358, whole genome shotgun sequence
tig00000002_pilon_pilon	gi|3125066156|ref|NZ_JBSMVT010000018.1|	NZ_JBSMVT010000018	99.814	2147	218577	65864	0.0	3943	Enterococcus olivae strain SS1956 SS1956_S18_L001-SPAdes_18, whole genome shotgun sequence
tig00000002_pilon_pilon	gi|1625997782|ref|NZ_CP039457.1|	NZ_CP039457	82.233	4559	218577	2149841	0.0	3892	Streptococcus pasteurianus strain WUSP067 chromosome, complete genome
tig00000002_pilon_pilon	gi|1625997782|ref|NZ_CP039457.1|	NZ_CP039457	99.921	1261	218577	2149841	0.0	2322	Streptococcus pasteurianus strain WUSP067 chromosome, complete genome
tig00000002_pilon_pilon	gi|1625997782|ref|NZ_CP039457.1|	NZ_CP039457	99.753	811	218577	2149841	0.0	1487	Streptococcus pasteurianus strain WUSP067 chromosome, complete genome
tig00000002_pilon_pilon	gi|1625997782|ref|NZ_CP039457.1|	NZ_CP039457	99.507	811	218577	2149841	0.0	1476	Streptococcus pasteurianus strain WUSP067 chromosome, complete genome
tig00000002_pilon_pilon	gi|1625997782|ref|NZ_CP039457.1|	NZ_CP039457	91.622	740	218577	2149841	0.0	1022	Streptococcus pasteurianus strain WUSP067 chromosome, complete genome
tig00000002_pilon_pilon	gi|1625997782|ref|NZ_CP039457.1|	NZ_CP039457	98.586	495	218577	2149841	0.0	872	Streptococcus pasteurianus strain WUSP067 chromosome, complete genome
tig00000002_pilon_pilon	gi|1625997782|ref|NZ_CP039457.1|	NZ_CP039457	100.000	300	218577	2149841	1.75e-151	555	Streptococcus pasteurianus strain WUSP067 chromosome, complete genome
tig00000002_pilon_pilon	gi|1625997782|ref|NZ_CP039457.1|	NZ_CP039457	100.000	107	218577	2149841	3.41e-44	198	Streptococcus pasteurianus strain WUSP067 chromosome, complete genome
tig00000002_pilon_pilon	gi|1806538188|ref|NZ_CP038997.1|	NZ_CP038997	99.947	1896	218577	123020	0.0	3496	Enterococcus faecium strain SRR24 plasmid pSRR24
tig00000002_pilon_pilon	gi|1806538188|ref|NZ_CP038997.1|	NZ_CP038997	99.947	1896	218577	123020	0.0	3496	Enterococcus faecium strain SRR24 plasmid pSRR24
tig00000002_pilon_pilon	gi|1806538188|ref|NZ_CP038997.1|	NZ_CP038997	99.895	1897	218577	123020	0.0	3493	Enterococcus faecium strain SRR24 plasmid pSRR24
tig00000002_pilon_pilon	gi|1806538188|ref|NZ_CP038997.1|	NZ_CP038997	99.895	1897	218577	123020	0.0	3493	Enterococcus faecium strain SRR24 plasmid pSRR24
tig00000002_pilon_pilon	gi|1806538188|ref|NZ_CP038997.1|	NZ_CP038997	99.895	1896	218577	123020	0.0	3491	Enterococcus faecium strain SRR24 plasmid pSRR24
tig00000002_pilon_pilon	gi|1806538188|ref|NZ_CP038997.1|	NZ_CP038997	95.629	1899	218577	123020	0.0	3046	Enterococcus faecium strain SRR24 plasmid pSRR24
tig00000002_pilon_pilon	gi|1806538188|ref|NZ_CP038997.1|	NZ_CP038997	95.629	1899	218577	123020	0.0	3046	Enterococcus faecium strain SRR24 plasmid pSRR24
tig00000002_pilon_pilon	gi|1806538188|ref|NZ_CP038997.1|	NZ_CP038997	95.627	1898	218577	123020	0.0	3044	Enterococcus faecium strain SRR24 plasmid pSRR24
tig00000002_pilon_pilon	gi|1806538188|ref|NZ_CP038997.1|	NZ_CP038997	95.574	1898	218577	123020	0.0	3038	Enterococcus faecium strain SRR24 plasmid pSRR24
tig00000002_pilon_pilon	gi|1806538188|ref|NZ_CP038997.1|	NZ_CP038997	95.572	1897	218577	123020	0.0	3037	Enterococcus faecium strain SRR24 plasmid pSRR24
tig00000002_pilon_pilon	gi|1806538188|ref|NZ_CP038997.1|	NZ_CP038997	95.524	1899	218577	123020	0.0	3035	Enterococcus faecium strain SRR24 plasmid pSRR24
tig00000002_pilon_pilon	gi|1806538188|ref|NZ_CP038997.1|	NZ_CP038997	95.524	1899	218577	123020	0.0	3035	Enterococcus faecium strain SRR24 plasmid pSRR24
tig00000002_pilon_pilon	gi|1806538188|ref|NZ_CP038997.1|	NZ_CP038997	95.478	1902	218577	123020	0.0	3035	Enterococcus faecium strain SRR24 plasmid pSRR24
tig00000002_pilon_pilon	gi|1806538188|ref|NZ_CP038997.1|	NZ_CP038997	95.478	1902	218577	123020	0.0	3033	Enterococcus faecium strain SRR24 plasmid pSRR24
tig00000002_pilon_pilon	gi|1806538188|ref|NZ_CP038997.1|	NZ_CP038997	95.522	1898	218577	123020	0.0	3033	Enterococcus faecium strain SRR24 plasmid pSRR24
tig00000002_pilon_pilon	gi|1806538188|ref|NZ_CP038997.1|	NZ_CP038997	95.522	1898	218577	123020	0.0	3033	Enterococcus faecium strain SRR24 plasmid pSRR24
tig00000002_pilon_pilon	gi|1806538188|ref|NZ_CP038997.1|	NZ_CP038997	95.383	1906	218577	123020	0.0	3029	Enterococcus faecium strain SRR24 plasmid pSRR24
tig00000002_pilon_pilon	gi|1806538188|ref|NZ_CP038997.1|	NZ_CP038997	95.469	1898	218577	123020	0.0	3027	Enterococcus faecium strain SRR24 plasmid pSRR24
tig00000002_pilon_pilon	gi|1806538188|ref|NZ_CP038997.1|	NZ_CP038997	95.467	1897	218577	123020	0.0	3025	Enterococcus faecium strain SRR24 plasmid pSRR24
tig00000002_pilon_pilon	gi|1806538188|ref|NZ_CP038997.1|	NZ_CP038997	95.467	1897	218577	123020	0.0	3025	Enterococcus faecium strain SRR24 plasmid pSRR24
tig00000002_pilon_pilon	gi|1806538188|ref|NZ_CP038997.1|	NZ_CP038997	99.925	1329	218577	123020	0.0	2447	Enterococcus faecium strain SRR24 plasmid pSRR24
tig00000002_pilon_pilon	gi|1806538188|ref|NZ_CP038997.1|	NZ_CP038997	100.000	1324	218577	123020	0.0	2446	Enterococcus faecium strain SRR24 plasmid pSRR24
tig00000002_pilon_pilon	gi|1806538188|ref|NZ_CP038997.1|	NZ_CP038997	99.156	1066	218577	123020	0.0	1917	Enterococcus faecium strain SRR24 plasmid pSRR24
tig00000002_pilon_pilon	gi|1806538188|ref|NZ_CP038997.1|	NZ_CP038997	99.753	809	218577	123020	0.0	1483	Enterococcus faecium strain SRR24 plasmid pSRR24
tig00000002_pilon_pilon	gi|1806538188|ref|NZ_CP038997.1|	NZ_CP038997	99.506	810	218577	123020	0.0	1474	Enterococcus faecium strain SRR24 plasmid pSRR24
tig00000002_pilon_pilon	gi|1806538188|ref|NZ_CP038997.1|	NZ_CP038997	99.506	810	218577	123020	0.0	1474	Enterococcus faecium strain SRR24 plasmid pSRR24
tig00000002_pilon_pilon	gi|1806538188|ref|NZ_CP038997.1|	NZ_CP038997	99.506	809	218577	123020	0.0	1472	Enterococcus faecium strain SRR24 plasmid pSRR24
tig00000002_pilon_pilon	gi|1806538188|ref|NZ_CP038997.1|	NZ_CP038997	98.779	819	218577	123020	0.0	1458	Enterococcus faecium strain SRR24 plasmid pSRR24
tig00000002_pilon_pilon	gi|1806538188|ref|NZ_CP038997.1|	NZ_CP038997	99.011	809	218577	123020	0.0	1450	Enterococcus faecium strain SRR24 plasmid pSRR24
tig00000002_pilon_pilon	gi|1806538188|ref|NZ_CP038997.1|	NZ_CP038997	81.545	1333	218577	123020	0.0	1085	Enterococcus faecium strain SRR24 plasmid pSRR24
tig00000002_pilon_pilon	gi|1806538188|ref|NZ_CP038997.1|	NZ_CP038997	91.701	735	218577	123020	0.0	1018	Enterococcus faecium strain SRR24 plasmid pSRR24
tig00000002_pilon_pilon	gi|1806538188|ref|NZ_CP038997.1|	NZ_CP038997	90.885	746	218577	123020	0.0	1000	Enterococcus faecium strain SRR24 plasmid pSRR24
tig00000002_pilon_pilon	gi|1806538188|ref|NZ_CP038997.1|	NZ_CP038997	91.156	735	218577	123020	0.0	996	Enterococcus faecium strain SRR24 plasmid pSRR24
tig00000002_pilon_pilon	gi|1806538188|ref|NZ_CP038997.1|	NZ_CP038997	98.978	489	218577	123020	0.0	872	Enterococcus faecium strain SRR24 plasmid pSRR24
tig00000002_pilon_pilon	gi|1806538188|ref|NZ_CP038997.1|	NZ_CP038997	97.778	495	218577	123020	0.0	850	Enterococcus faecium strain SRR24 plasmid pSRR24
tig00000002_pilon_pilon	gi|1806538188|ref|NZ_CP038997.1|	NZ_CP038997	97.778	495	218577	123020	0.0	850	Enterococcus faecium strain SRR24 plasmid pSRR24
tig00000002_pilon_pilon	gi|1806538188|ref|NZ_CP038997.1|	NZ_CP038997	100.000	300	218577	123020	1.75e-151	555	Enterococcus faecium strain SRR24 plasmid pSRR24
tig00000002_pilon_pilon	gi|1806538188|ref|NZ_CP038997.1|	NZ_CP038997	100.000	300	218577	123020	1.75e-151	555	Enterococcus faecium strain SRR24 plasmid pSRR24
tig00000002_pilon_pilon	gi|1806538188|ref|NZ_CP038997.1|	NZ_CP038997	100.000	300	218577	123020	1.75e-151	555	Enterococcus faecium strain SRR24 plasmid pSRR24
tig00000002_pilon_pilon	gi|1806538188|ref|NZ_CP038997.1|	NZ_CP038997	100.000	107	218577	123020	3.41e-44	198	Enterococcus faecium strain SRR24 plasmid pSRR24
tig00000002_pilon_pilon	gi|1806538188|ref|NZ_CP038997.1|	NZ_CP038997	99.065	107	218577	123020	1.58e-42	193	Enterococcus faecium strain SRR24 plasmid pSRR24
tig00000002_pilon_pilon	gi|1806538188|ref|NZ_CP038997.1|	NZ_CP038997	98.198	111	218577	123020	1.58e-42	193	Enterococcus faecium strain SRR24 plasmid pSRR24
tig00000002_pilon_pilon	gi|2733334239|ref|NZ_BAAAUA010000077.1|	NZ_BAAAUA010000077	99.895	1897	218577	2326	0.0	3493	Kitasatospora cinereorecta strain JCM 8799 sequence077, whole genome shotgun sequence
tig00000002_pilon_pilon	gi|2733334239|ref|NZ_BAAAUA010000077.1|	NZ_BAAAUA010000077	95.632	1900	218577	2326	0.0	3048	Kitasatospora cinereorecta strain JCM 8799 sequence077, whole genome shotgun sequence
tig00000002_pilon_pilon	gi|2733334239|ref|NZ_BAAAUA010000077.1|	NZ_BAAAUA010000077	95.529	1901	218577	2326	0.0	3038	Kitasatospora cinereorecta strain JCM 8799 sequence077, whole genome shotgun sequence
tig00000002_pilon_pilon	gi|2733334239|ref|NZ_BAAAUA010000077.1|	NZ_BAAAUA010000077	95.529	1901	218577	2326	0.0	3038	Kitasatospora cinereorecta strain JCM 8799 sequence077, whole genome shotgun sequence
tig00000002_pilon_pilon	gi|3158826297|ref|NZ_BAAHAB010000019.1|	NZ_BAAHAB010000019	99.842	1896	218577	2090	0.0	3485	Nocardioides ultimimeridianus strain JCM 31981 sequence19, whole genome shotgun sequence
tig00000002_pilon_pilon	gi|3158826297|ref|NZ_BAAHAB010000019.1|	NZ_BAAHAB010000019	95.481	1903	218577	2090	0.0	3037	Nocardioides ultimimeridianus strain JCM 31981 sequence19, whole genome shotgun sequence
tig00000002_pilon_pilon	gi|3158826297|ref|NZ_BAAHAB010000019.1|	NZ_BAAHAB010000019	95.423	1901	218577	2090	0.0	3027	Nocardioides ultimimeridianus strain JCM 31981 sequence19, whole genome shotgun sequence
tig00000002_pilon_pilon	gi|3158826297|ref|NZ_BAAHAB010000019.1|	NZ_BAAHAB010000019	95.467	1897	218577	2090	0.0	3025	Nocardioides ultimimeridianus strain JCM 31981 sequence19, whole genome shotgun sequence
tig00000002_pilon_pilon	gi|1822891370|ref|NZ_CP049889.1|	NZ_CP049889	99.821	1679	218577	2298199	0.0	3085	Jeotgalibaca porci strain CCUG 69148 chromosome, complete genome
tig00000002_pilon_pilon	gi|1822891370|ref|NZ_CP049889.1|	NZ_CP049889	88.168	262	218577	2298199	4.19e-78	311	Jeotgalibaca porci strain CCUG 69148 chromosome, complete genome
tig00000002_pilon_pilon	gi|1822891370|ref|NZ_CP049889.1|	NZ_CP049889	88.168	262	218577	2298199	4.19e-78	311	Jeotgalibaca porci strain CCUG 69148 chromosome, complete genome
tig00000002_pilon_pilon	gi|1822891370|ref|NZ_CP049889.1|	NZ_CP049889	88.372	258	218577	2298199	4.19e-78	311	Jeotgalibaca porci strain CCUG 69148 chromosome, complete genome
tig00000002_pilon_pilon	gi|1822891370|ref|NZ_CP049889.1|	NZ_CP049889	88.000	250	218577	2298199	1.17e-73	296	Jeotgalibaca porci strain CCUG 69148 chromosome, complete genome
tig00000002_pilon_pilon	gi|1822891370|ref|NZ_CP049889.1|	NZ_CP049889	74.432	704	218577	2298199	5.46e-72	291	Jeotgalibaca porci strain CCUG 69148 chromosome, complete genome
tig00000002_pilon_pilon	gi|1822891370|ref|NZ_CP049889.1|	NZ_CP049889	86.590	261	218577	2298199	1.96e-71	289	Jeotgalibaca porci strain CCUG 69148 chromosome, complete genome
tig00000002_pilon_pilon	gi|1822891370|ref|NZ_CP049889.1|	NZ_CP049889	74.290	704	218577	2298199	2.54e-70	285	Jeotgalibaca porci strain CCUG 69148 chromosome, complete genome
tig00000002_pilon_pilon	gi|1822891370|ref|NZ_CP049889.1|	NZ_CP049889	74.148	704	218577	2298199	1.18e-68	279	Jeotgalibaca porci strain CCUG 69148 chromosome, complete genome
tig00000002_pilon_pilon	gi|1822891370|ref|NZ_CP049889.1|	NZ_CP049889	85.380	171	218577	2298199	1.60e-37	176	Jeotgalibaca porci strain CCUG 69148 chromosome, complete genome
tig00000002_pilon_pilon	gi|2452672610|ref|NZ_CP118957.1|	NZ_CP118957	99.821	1679	218577	2622437	0.0	3085	Enterococcus saccharolyticus subsp. saccharolyticus strain DSM 20726 chromosome, complete genome
tig00000002_pilon_pilon	gi|2452672610|ref|NZ_CP118957.1|	NZ_CP118957	87.348	1897	218577	2622437	0.0	2165	Enterococcus saccharolyticus subsp. saccharolyticus strain DSM 20726 chromosome, complete genome
tig00000002_pilon_pilon	gi|2452672610|ref|NZ_CP118957.1|	NZ_CP118957	87.149	1852	218577	2622437	0.0	2089	Enterococcus saccharolyticus subsp. saccharolyticus strain DSM 20726 chromosome, complete genome
tig00000002_pilon_pilon	gi|2452672610|ref|NZ_CP118957.1|	NZ_CP118957	86.639	1901	218577	2622437	0.0	2089	Enterococcus saccharolyticus subsp. saccharolyticus strain DSM 20726 chromosome, complete genome
tig00000002_pilon_pilon	gi|2452672610|ref|NZ_CP118957.1|	NZ_CP118957	86.478	1908	218577	2622437	0.0	2080	Enterococcus saccharolyticus subsp. saccharolyticus strain DSM 20726 chromosome, complete genome
tig00000002_pilon_pilon	gi|2452672610|ref|NZ_CP118957.1|	NZ_CP118957	86.533	1901	218577	2622437	0.0	2078	Enterococcus saccharolyticus subsp. saccharolyticus strain DSM 20726 chromosome, complete genome
tig00000002_pilon_pilon	gi|2452672610|ref|NZ_CP118957.1|	NZ_CP118957	86.415	1855	218577	2622437	0.0	2013	Enterococcus saccharolyticus subsp. saccharolyticus strain DSM 20726 chromosome, complete genome
tig00000002_pilon_pilon	gi|2452672610|ref|NZ_CP118957.1|	NZ_CP118957	86.307	1855	218577	2622437	0.0	2002	Enterococcus saccharolyticus subsp. saccharolyticus strain DSM 20726 chromosome, complete genome
tig00000002_pilon_pilon	gi|2452672610|ref|NZ_CP118957.1|	NZ_CP118957	86.307	1855	218577	2622437	0.0	2002	Enterococcus saccharolyticus subsp. saccharolyticus strain DSM 20726 chromosome, complete genome
tig00000002_pilon_pilon	gi|2452672610|ref|NZ_CP118957.1|	NZ_CP118957	80.359	1558	218577	2622437	0.0	1162	Enterococcus saccharolyticus subsp. saccharolyticus strain DSM 20726 chromosome, complete genome
tig00000002_pilon_pilon	gi|2452672610|ref|NZ_CP118957.1|	NZ_CP118957	82.207	1332	218577	2622437	0.0	1138	Enterococcus saccharolyticus subsp. saccharolyticus strain DSM 20726 chromosome, complete genome
tig00000002_pilon_pilon	gi|2452672610|ref|NZ_CP118957.1|	NZ_CP118957	82.180	1330	218577	2622437	0.0	1134	Enterococcus saccharolyticus subsp. saccharolyticus strain DSM 20726 chromosome, complete genome
tig00000002_pilon_pilon	gi|2452672610|ref|NZ_CP118957.1|	NZ_CP118957	75.036	1390	218577	2622437	1.72e-166	604	Enterococcus saccharolyticus subsp. saccharolyticus strain DSM 20726 chromosome, complete genome
tig00000002_pilon_pilon	gi|2452672610|ref|NZ_CP118957.1|	NZ_CP118957	74.964	1382	218577	2622437	7.99e-165	599	Enterococcus saccharolyticus subsp. saccharolyticus strain DSM 20726 chromosome, complete genome
tig00000002_pilon_pilon	gi|2452672610|ref|NZ_CP118957.1|	NZ_CP118957	74.874	1385	218577	2622437	3.72e-163	593	Enterococcus saccharolyticus subsp. saccharolyticus strain DSM 20726 chromosome, complete genome
tig00000002_pilon_pilon	gi|2452672610|ref|NZ_CP118957.1|	NZ_CP118957	74.928	1384	218577	2622437	1.34e-162	592	Enterococcus saccharolyticus subsp. saccharolyticus strain DSM 20726 chromosome, complete genome
tig00000002_pilon_pilon	gi|2452672610|ref|NZ_CP118957.1|	NZ_CP118957	74.820	1386	218577	2622437	4.81e-162	590	Enterococcus saccharolyticus subsp. saccharolyticus strain DSM 20726 chromosome, complete genome
tig00000002_pilon_pilon	gi|2452672610|ref|NZ_CP118957.1|	NZ_CP118957	75.824	1092	218577	2622437	6.35e-146	536	Enterococcus saccharolyticus subsp. saccharolyticus strain DSM 20726 chromosome, complete genome
tig00000002_pilon_pilon	gi|2452672610|ref|NZ_CP118957.1|	NZ_CP118957	95.273	275	218577	2622437	2.38e-115	435	Enterococcus saccharolyticus subsp. saccharolyticus strain DSM 20726 chromosome, complete genome
tig00000002_pilon_pilon	gi|2452672610|ref|NZ_CP118957.1|	NZ_CP118957	95.273	275	218577	2622437	2.38e-115	435	Enterococcus saccharolyticus subsp. saccharolyticus strain DSM 20726 chromosome, complete genome
tig00000002_pilon_pilon	gi|2452672610|ref|NZ_CP118957.1|	NZ_CP118957	95.273	275	218577	2622437	2.38e-115	435	Enterococcus saccharolyticus subsp. saccharolyticus strain DSM 20726 chromosome, complete genome
tig00000002_pilon_pilon	gi|2452672610|ref|NZ_CP118957.1|	NZ_CP118957	73.115	1313	218577	2622437	3.99e-113	427	Enterococcus saccharolyticus subsp. saccharolyticus strain DSM 20726 chromosome, complete genome
tig00000002_pilon_pilon	gi|2452672610|ref|NZ_CP118957.1|	NZ_CP118957	73.115	1313	218577	2622437	3.99e-113	427	Enterococcus saccharolyticus subsp. saccharolyticus strain DSM 20726 chromosome, complete genome
tig00000002_pilon_pilon	gi|2452672610|ref|NZ_CP118957.1|	NZ_CP118957	94.796	269	218577	2622437	2.40e-110	418	Enterococcus saccharolyticus subsp. saccharolyticus strain DSM 20726 chromosome, complete genome
tig00000002_pilon_pilon	gi|2452672610|ref|NZ_CP118957.1|	NZ_CP118957	96.296	243	218577	2622437	8.70e-105	399	Enterococcus saccharolyticus subsp. saccharolyticus strain DSM 20726 chromosome, complete genome
tig00000002_pilon_pilon	gi|2452672610|ref|NZ_CP118957.1|	NZ_CP118957	72.143	1400	218577	2622437	2.45e-95	368	Enterococcus saccharolyticus subsp. saccharolyticus strain DSM 20726 chromosome, complete genome
tig00000002_pilon_pilon	gi|2452672610|ref|NZ_CP118957.1|	NZ_CP118957	72.031	1398	218577	2622437	4.11e-93	361	Enterococcus saccharolyticus subsp. saccharolyticus strain DSM 20726 chromosome, complete genome
tig00000002_pilon_pilon	gi|2452672610|ref|NZ_CP118957.1|	NZ_CP118957	71.888	1398	218577	2622437	2.47e-90	351	Enterococcus saccharolyticus subsp. saccharolyticus strain DSM 20726 chromosome, complete genome
tig00000002_pilon_pilon	gi|2452672610|ref|NZ_CP118957.1|	NZ_CP118957	71.877	1401	218577	2622437	1.15e-88	346	Enterococcus saccharolyticus subsp. saccharolyticus strain DSM 20726 chromosome, complete genome
tig00000002_pilon_pilon	gi|2452672610|ref|NZ_CP118957.1|	NZ_CP118957	78.500	400	218577	2622437	3.33e-59	248	Enterococcus saccharolyticus subsp. saccharolyticus strain DSM 20726 chromosome, complete genome
tig00000002_pilon_pilon	gi|2452672610|ref|NZ_CP118957.1|	NZ_CP118957	78.626	393	218577	2622437	1.20e-58	246	Enterococcus saccharolyticus subsp. saccharolyticus strain DSM 20726 chromosome, complete genome
tig00000002_pilon_pilon	gi|2452672610|ref|NZ_CP118957.1|	NZ_CP118957	78.316	392	218577	2622437	2.01e-56	239	Enterococcus saccharolyticus subsp. saccharolyticus strain DSM 20726 chromosome, complete genome
tig00000002_pilon_pilon	gi|2452672610|ref|NZ_CP118957.1|	NZ_CP118957	76.688	459	218577	2622437	7.22e-56	237	Enterococcus saccharolyticus subsp. saccharolyticus strain DSM 20726 chromosome, complete genome
tig00000002_pilon_pilon	gi|2452672610|ref|NZ_CP118957.1|	NZ_CP118957	76.131	398	218577	2622437	1.58e-42	193	Enterococcus saccharolyticus subsp. saccharolyticus strain DSM 20726 chromosome, complete genome
tig00000002_pilon_pilon	gi|2452672610|ref|NZ_CP118957.1|	NZ_CP118957	75.959	391	218577	2622437	2.65e-40	185	Enterococcus saccharolyticus subsp. saccharolyticus strain DSM 20726 chromosome, complete genome
tig00000002_pilon_pilon	gi|2452672610|ref|NZ_CP118957.1|	NZ_CP118957	76.923	312	218577	2622437	1.60e-37	176	Enterococcus saccharolyticus subsp. saccharolyticus strain DSM 20726 chromosome, complete genome
tig00000002_pilon_pilon	gi|1543048805|ref|NZ_NGJT01000052.1|	NZ_NGJT01000052	99.762	1679	218577	1679	0.0	3079	Vagococcus bubulae strain SS1994 52, whole genome shotgun sequence
tig00000002_pilon_pilon	gi|1912843439|ref|NZ_JACSQB010000090.1|	NZ_JACSQB010000090	99.643	1680	218577	3224	0.0	3070	Clostridium faecium strain N37 c_000000000126, whole genome shotgun sequence
tig00000002_pilon_pilon	gi|1912843439|ref|NZ_JACSQB010000090.1|	NZ_JACSQB010000090	99.155	1302	218577	3224	0.0	2342	Clostridium faecium strain N37 c_000000000126, whole genome shotgun sequence
tig00000002_pilon_pilon	gi|1912843439|ref|NZ_JACSQB010000090.1|	NZ_JACSQB010000090	98.929	1307	218577	3224	0.0	2335	Clostridium faecium strain N37 c_000000000126, whole genome shotgun sequence
tig00000002_pilon_pilon	gi|1912843439|ref|NZ_JACSQB010000090.1|	NZ_JACSQB010000090	99.002	1302	218577	3224	0.0	2331	Clostridium faecium strain N37 c_000000000126, whole genome shotgun sequence
tig00000002_pilon_pilon	gi|1912843439|ref|NZ_JACSQB010000090.1|	NZ_JACSQB010000090	98.840	1293	218577	3224	0.0	2303	Clostridium faecium strain N37 c_000000000126, whole genome shotgun sequence
tig00000002_pilon_pilon	gi|1912843439|ref|NZ_JACSQB010000090.1|	NZ_JACSQB010000090	99.593	246	218577	3224	8.52e-120	449	Clostridium faecium strain N37 c_000000000126, whole genome shotgun sequence
tig00000002_pilon_pilon	gi|737055715|ref|NZ_JQNF01000012.1|	NZ_JQNF01000012	98.929	1680	218577	13081	0.0	3003	Carnobacterium jeotgali MS3 BP18DRAFT_scf7180000000059_quiver.9_C, whole genome shotgun sequence
tig00000002_pilon_pilon	gi|737055536|ref|NZ_JQNF01000009.1|	NZ_JQNF01000009	98.929	1680	218577	11767	0.0	3003	Carnobacterium jeotgali MS3 BP18DRAFT_deg7180000000043.6_C, whole genome shotgun sequence
tig00000002_pilon_pilon	gi|737055529|ref|NZ_JQNF01000008.1|	NZ_JQNF01000008	98.929	1680	218577	12148	0.0	3003	Carnobacterium jeotgali MS3 BP18DRAFT_deg7180000000045.5_C, whole genome shotgun sequence
